incident_number,event_date,temp_mean_d0,temp_min_d0,temp_max_d0,temp_mean_7d,temp_min_7d,temp_max_7d,temp_mean_30d,temp_min_30d,temp_max_30d,freeze_thaw_30d,precip_7d,precip_30d,snow_on_ground_d0,temp_station_id,temp_station_km,precip_station_id,precip_station_km,snow_station_id,snow_station_km
INC2011-160,2011-10-02,10.5,5.1,15.8,14.07142857142857,5.7,23.0,17.033333333333335,5.7,35.1,0.0,49.800000000000004,232.19999999999993,0.0,4716.0,9.7,4716.0,9.7,4716.0,9.7
INC2017-179,2017-11-04,7.1,2.9,11.2,6.014285714285714,1.2,15.5,12.436666666666666,0.4,27.9,0.0,41.0,120.39999999999999,0.0,52838.0,9.8,52838.0,9.8,4715.0,13.4
INC2013-056,2013-04-04,4.6,-2.3,11.5,3.985714285714286,-3.8,15.5,1.5666666666666669,-8.1,16.6,23.0,0.6,23.6,0.0,4716.0,9.7,4716.0,9.7,4716.0,9.7
INC2013-062,2013-04-09,7.2,3.7,10.6,4.771428571428571,-3.8,19.8,2.5700000000000003,-8.1,19.8,21.0,3.4,26.799999999999997,0.0,4716.0,9.7,4716.0,9.7,4716.0,9.7
INC2016-032,2016-04-04,-1.3,-5.5,3.0,5.957142857142857,-5.6,16.5,5.993333333333331,-5.6,19.8,14.0,24.6,142.4,1.0,52838.0,10.9,52838.0,10.9,52838.0,10.9
INC2015-045,2015-04-23,-0.1,-2.1,1.9,9.485714285714284,0.6,20.0,5.670000000000001,-9.7,22.7,10.0,29.7,80.2,0.0,32473.0,40.2,32473.0,40.2,4715.0,48.5
INC2015-139,2015-12-01,5.3,1.0,9.6,3.6999999999999997,-4.3,14.0,7.324137931034483,-7.7,23.9,10.0,20.900000000000002,61.300000000000004,0.0,48373.0,32.0,48373.0,32.0,44323.0,32.1
INC2010-114,2010-10-15,9.3,3.5,15.0,10.6,-0.5,23.0,12.789285714285715,-0.5,24.0,1.0,27.400000000000002,114.99999999999999,0.0,48748.0,22.2,4711.0,16.2,4711.0,16.2
INC2021-094,2021-07-05,23.0,15.8,30.1,21.214285714285715,11.0,32.1,20.25666666666667,5.4,32.1,0.0,30.6,100.19999999999999,,49908.0,37.8,49908.0,37.8,,
INC2020-084,2020-08-12,20.4,11.5,29.2,20.283333333333335,12.8,31.0,22.193103448275856,12.8,31.5,0.0,0.0,50.400000000000006,,49908.0,37.8,49908.0,37.8,,
INC2022-113,2022-07-20,27.3,22.6,31.9,21.67142857142857,11.1,34.2,20.760714285714283,8.5,34.2,0.0,6.3999999999999995,29.599999999999998,0.0,48373.0,7.3,48373.0,7.3,27647.0,59.7
INC2012-149,2012-10-29,5.5,4.7,6.2,13.27142857142857,4.1,24.4,11.289655172413795,-0.7,24.4,3.0,13.399999999999999,43.699999999999996,0.0,48373.0,7.4,48373.0,7.4,44063.0,28.4
INC2015-116,2015-10-14,9.2,5.2,13.2,14.299999999999999,4.0,23.7,15.826666666666666,4.0,28.3,0.0,5.3,24.900000000000002,0.0,48373.0,7.4,48373.0,7.4,27647.0,59.8
INC2018-024,2018-03-28,1.8,-0.4,3.9,0.3857142857142858,-8.3,10.1,-0.2566666666666667,-9.7,16.6,23.0,9.4,22.5,3.0,48373.0,7.4,48373.0,7.4,44323.0,8.0
INC2012-125,2012-09-18,13.2,7.5,18.8,17.7,8.5,28.0,19.537931034482757,8.5,33.8,0.0,17.6,51.7,0.0,48373.0,7.4,48373.0,7.4,44063.0,28.4
INC2009-024,2009-03-13,-4.4,-9.6,0.9,2.8285714285714283,-9.3,19.8,-1.9366666666666672,-15.6,19.8,13.0,55.0,122.5,0.0,44004.0,8.4,44004.0,8.4,44063.0,31.8
INC2011-157,2011-10-11,17.5,8.8,26.2,15.783333333333331,7.0,26.4,14.846428571428573,6.8,27.5,0.0,0.0,76.4,0.0,48373.0,8.3,48373.0,8.3,44063.0,31.7
INC2009-078,2009-08-09,26.7,19.6,33.8,19.657142857142862,12.5,30.0,19.796666666666667,9.8,30.0,0.0,33.5,91.0,0.0,44004.0,8.3,44004.0,8.3,44063.0,31.7
INC2022-084,2022-05-24,14.0,8.4,19.6,12.885714285714284,7.3,21.8,12.213333333333333,-1.3,27.8,2.0,21.3,70.6,0.0,9005.0,22.9,44283.0,24.4,4671.0,22.2
INC2016-077,2016-07-11,,,,23.742857142857144,16.0,31.0,21.153333333333325,9.0,31.0,0.0,4.4,24.2,0.0,4671.0,21.3,4671.0,21.3,4635.0,15.3
INC2012-098,2012-07-31,26.0,22.0,30.0,23.657142857142855,15.5,32.0,24.414814814814807,15.5,33.0,0.0,32.0,38.8,0.0,4671.0,21.3,4671.0,21.3,4712.0,17.1
INC2016-079,2016-07-19,19.0,11.6,26.4,22.199999999999996,10.1,32.7,21.263333333333332,8.5,32.7,0.0,12.4,23.4,0.0,49908.0,12.1,49908.0,12.1,44123.0,32.1
INC2010-129,2010-11-18,5.5,3.5,7.5,7.4142857142857155,2.0,13.0,8.203333333333335,-1.0,24.5,1.0,27.400000000000002,58.6,0.0,6907.0,5.3,6907.0,5.3,6907.0,5.3
INC2009-010,2009-02-06,-2.8,-13.0,7.5,-6.55,-22.0,3.0,-7.151724137931035,-22.0,5.0,7.0,14.4,62.0,16.0,6907.0,5.3,6907.0,5.3,6907.0,5.3
INC2009-002,2009-01-14,-14.0,-17.5,-10.5,-4.385714285714286,-11.5,2.0,-2.3285714285714283,-14.5,17.5,12.0,13.200000000000001,126.6,8.0,6907.0,5.3,6907.0,5.3,6907.0,5.3
INC2012-023,2012-02-06,2.3,-2.9,7.5,0.2714285714285713,-10.0,10.1,-2.0533333333333332,-21.4,10.1,18.0,4.0,70.30000000000001,0.0,10999.0,13.7,4789.0,13.7,4789.0,13.7
INC2010-045,2010-04-01,13.5,3.8,23.1,2.7714285714285714,-6.1,15.2,3.3533333333333335,-7.7,17.0,19.0,11.4,103.19999999999999,0.0,4932.0,6.9,4932.0,6.9,4932.0,6.9
INC2023-102,2023-07-05,25.9,20.1,31.6,21.157142857142855,10.2,31.1,18.92,7.5,31.1,0.0,17.9,77.8,,53000.0,8.2,7790.0,13.8,,
INC2011-070,2011-05-03,6.2,4.9,7.4,9.557142857142859,-0.5,21.1,6.886666666666668,-2.6,25.4,10.0,22.0,113.69999999999999,0.0,27529.0,4.8,27529.0,4.8,4932.0,10.6
INC2024-077,2024-10-25,4.5,-2.0,11.0,12.328571428571427,-2.0,25.0,12.386666666666665,-3.0,25.0,3.0,0.0,17.9,0.0,4816.0,11.4,4816.0,11.4,4816.0,11.4
INC2025-078,2025-10-07,17.6,12.8,22.5,17.32857142857143,5.2,30.5,17.636666666666667,5.2,30.5,0.0,0.0,35.099999999999994,,27529.0,15.3,27529.0,15.3,,
INC2020-122,2020-10-30,0.2,-4.7,5.1,7.8,1.1,26.3,10.120000000000001,-0.1,26.3,1.0,12.6,93.69999999999999,0.0,27529.0,15.3,27529.0,15.3,49908.0,21.5
INC2018-149,2018-10-17,6.0,2.0,10.0,10.928571428571429,0.4,27.7,14.57,0.4,31.9,0.0,1.9,70.50000000000001,,27529.0,15.3,27529.0,15.3,,
INC2021-167,2021-11-10,7.6,1.2,13.9,7.014285714285713,-2.1,20.1,10.44333333333333,-2.1,25.6,4.0,2.9,96.6,0.0,27529.0,6.0,27529.0,6.0,45667.0,24.3
INC2017-066,2017-05-18,23.9,17.9,29.9,11.033333333333333,4.0,21.8,9.100000000000001,-0.2,21.8,1.0,0.0,189.60000000000002,,27529.0,16.0,27529.0,16.0,,
INC2020-094,2020-08-23,25.3,20.6,30.1,22.05,14.8,31.1,22.732142857142858,14.8,31.8,0.0,20.1,98.9,0.0,7868.0,6.6,27529.0,7.5,45667.0,22.7
INC2025-036,2025-05-30,19.0,13.9,24.2,12.614285714285714,8.3,19.3,11.0448275862069,3.8,27.1,0.0,5.3999999999999995,65.6,0.0,7868.0,6.7,27529.0,7.5,44123.0,30.2
INC2024-078,2024-10-26,8.9,4.8,13.0,15.12857142857143,6.3,25.2,14.534482758620687,4.9,25.2,0.0,0.4,41.6,0.0,7868.0,6.7,27529.0,7.5,44123.0,30.2
INC2024-017,2024-03-07,4.8,1.3,8.2,4.5,-7.5,18.6,1.59,-11.9,18.6,17.0,2.0,25.800000000000004,0.0,27529.0,18.2,27529.0,18.2,55299.0,22.6
INC2009-034,2009-04-20,5.8,4.0,7.5,7.7,-5.1,24.0,4.5600000000000005,-7.3,24.0,18.0,0.6,64.0,0.0,27529.0,18.2,27529.0,18.2,4932.0,25.3
INC2012-003,2012-01-04,-5.4,-11.4,0.6,-0.9714285714285715,-14.3,8.9,1.616666666666667,-14.3,13.7,10.0,14.999999999999998,66.5,0.0,7868.0,8.5,27529.0,11.2,45667.0,19.1
INC2016-117,2016-09-27,16.9,12.5,21.3,18.571428571428577,10.7,27.6,20.923333333333332,10.7,33.0,0.0,23.1,49.7,0.0,7868.0,10.1,45667.0,14.9,45667.0,14.9
INC2018-045,2018-05-14,17.0,11.0,23.0,9.642857142857142,5.6,19.7,8.103448275862071,-2.6,25.1,4.0,4.0,150.99999999999997,0.0,7868.0,10.1,45667.0,14.9,45667.0,14.9
INC2016-074,2016-05-27,21.5,13.1,29.8,18.085714285714285,10.5,28.9,11.559999999999999,3.0,28.9,0.0,1.7,37.2,0.0,7868.0,9.5,27529.0,13.9,45667.0,16.4
INC2016-076,2016-05-27,21.5,13.1,29.8,18.085714285714285,10.5,28.9,11.559999999999999,3.0,28.9,0.0,1.7,37.2,0.0,7868.0,9.5,27529.0,13.9,45667.0,16.4
INC2016-008,2016-01-13,-7.6,-8.8,-6.3,-0.6166666666666667,-8.8,10.0,1.6730769230769231,-13.8,16.2,10.0,32.4,69.5,4.0,7868.0,11.6,45667.0,13.4,45667.0,13.4
INC2014-080,2014-05-31,16.0,12.7,19.3,17.385714285714286,9.3,28.6,12.756666666666668,3.9,28.6,0.0,1.0,61.5,0.0,7868.0,11.6,45667.0,13.4,45667.0,13.4
INC2017-143,2016-04-20,6.8,5.3,8.3,8.0,0.2,25.2,4.3068965517241375,-6.2,25.2,11.0,0.0,80.0,0.0,7868.0,11.4,45667.0,13.6,45667.0,13.6
INC2012-161,2012-11-21,4.2,-3.6,12.0,2.2857142857142856,-5.9,10.7,4.406666666666665,-7.2,23.9,14.0,0.0,98.9,0.0,48569.0,7.6,48569.0,7.6,4816.0,6.7
INC2010-034,2010-03-16,8.5,1.5,15.5,5.3428571428571425,-1.0,13.4,1.4833333333333336,-7.0,14.4,16.0,66.10000000000001,90.1,0.0,45667.0,12.1,45667.0,12.1,45667.0,12.1
INC2016-072,2012-09-04,22.5,21.0,24.0,22.242857142857144,13.0,34.0,21.753333333333327,11.0,34.0,0.0,0.0,59.099999999999994,0.0,45667.0,12.3,45667.0,12.3,45667.0,12.3
INC2016-071,2013-07-01,20.3,16.5,24.0,23.157142857142855,15.5,32.5,19.45357142857143,7.0,33.0,0.0,22.599999999999998,69.0,0.0,45667.0,6.3,45667.0,6.3,45667.0,6.3
INC2010-009,2010-01-21,-3.6,-8.0,0.9,-1.3857142857142857,-16.5,5.5,-4.466666666666667,-16.5,5.5,11.0,0.0,32.400000000000006,0.0,45667.0,4.7,45667.0,4.7,45667.0,4.7
INC2017-151,2017-09-20,21.8,18.0,25.5,21.228571428571428,11.0,28.5,18.266666666666666,8.0,31.0,0.0,0.0,37.2,0.0,45667.0,6.1,45667.0,6.1,45667.0,6.1
INC2018-163,2018-10-24,5.0,3.5,6.5,7.028571428571428,-1.0,18.0,12.466666666666669,-1.0,28.5,1.0,3.4000000000000004,87.60000000000001,0.0,45667.0,5.4,45667.0,5.4,45667.0,5.4
INC2016-073,2014-12-01,1.2,0.3,2.0,3.3285714285714283,-7.5,18.5,2.5100000000000007,-10.5,18.5,11.0,0.2,45.8,0.0,45667.0,7.3,45667.0,7.3,45667.0,7.3
INC2012-175,2012-12-19,3.3,-0.5,7.0,3.5714285714285716,-4.0,8.0,3.435714285714286,-6.0,16.2,14.0,11.4,53.699999999999996,0.0,45667.0,9.0,45667.0,9.0,45667.0,9.0
INC2009-112,2009-09-30,9.3,6.0,12.5,16.685714285714287,11.0,27.5,17.553333333333335,6.5,27.5,0.0,24.9,27.9,0.0,45667.0,12.1,45667.0,12.1,4923.0,9.5
INC2024-050,2024-07-16,24.1,19.5,28.7,23.08571428571429,16.6,29.5,22.396666666666665,10.7,34.5,0.0,84.9,179.09999999999997,0.0,51459.0,4.6,51459.0,4.6,26953.0,18.4
INC2026-045,2026-06-13,23.0,16.2,29.7,22.057142857142857,14.7,31.2,18.029999999999998,5.2,31.2,0.0,12.3,60.599999999999994,0.0,51459.0,16.6,51459.0,16.6,4923.0,4.4
INC2011-012,2011-01-29,-7.5,-10.2,-4.7,-7.671428571428571,-20.7,-0.5,-6.03,-21.2,12.0,5.0,3.2,42.20000000000001,7.0,5097.0,2.1,5097.0,2.1,5097.0,2.1
INC2014-123,2014-09-29,18.5,13.0,24.0,16.157142857142855,7.0,25.2,17.113333333333333,4.6,31.5,0.0,0.0,105.8,0.0,51459.0,2.3,51459.0,2.3,26953.0,14.7
INC2012-054,2012-04-19,14.1,4.0,24.1,9.757142857142856,-2.4,26.7,8.103333333333332,-5.1,26.7,9.0,2.6,8.2,0.0,5097.0,2.2,5097.0,2.2,5097.0,2.2
INC2016-037,2016-04-18,16.3,7.1,25.5,6.285714285714286,-3.6,21.2,2.2199999999999998,-9.0,21.2,22.0,3.0,80.0,0.0,51459.0,6.7,51459.0,6.7,26953.0,13.6
INC2016-026,2016-02-22,-2.3,-5.2,0.6,-1.6428571428571428,-14.9,12.5,-2.44,-26.3,16.0,14.0,8.200000000000001,22.599999999999998,4.0,51459.0,7.1,51459.0,7.1,51459.0,7.1
INC2015-143,2015-12-09,7.5,3.8,11.1,3.228571428571428,-2.6,7.8,4.499999999999999,-6.8,16.1,11.0,0.0,30.8,0.0,51459.0,7.5,51459.0,7.5,26953.0,13.9
INC2019-104,2019-09-26,18.3,14.5,22.0,19.814285714285713,9.0,31.0,18.146666666666665,8.0,31.0,0.0,3.8,54.400000000000006,0.0,26953.0,1.8,26953.0,1.8,26953.0,1.8
INC2017-138,2015-01-30,-11.8,-13.0,-10.5,-6.671428571428572,-15.0,1.5,-7.446666666666668,-21.5,6.0,7.0,8.4,36.0,7.0,26953.0,1.8,26953.0,1.8,26953.0,1.8
INC2017-139,2015-05-13,10.0,5.5,14.5,18.02857142857143,5.0,30.0,12.01666666666667,-2.5,30.0,3.0,17.0,59.400000000000006,0.0,26953.0,1.8,26953.0,1.8,26953.0,1.8
INC2011-129,2011-08-16,23.3,17.5,29.0,20.714285714285715,11.0,28.0,23.626666666666658,11.0,36.5,0.0,39.2,120.4,0.0,26953.0,1.8,26953.0,1.8,26953.0,1.8
INC2018-046,2018-05-18,12.5,8.0,17.0,13.700000000000001,4.5,25.0,11.640000000000002,-4.0,28.0,5.0,16.8,66.0,0.0,26953.0,8.0,26953.0,8.0,26953.0,8.0
INC2020-054,2020-06-04,23.4,15.8,30.9,16.642857142857146,6.6,26.3,12.79,-4.1,31.8,6.0,22.4,58.199999999999996,0.0,54239.0,9.3,31688.0,12.1,26953.0,8.0
INC2025-037,2025-05-13,18.5,12.5,24.5,13.27142857142857,2.0,27.0,11.32666666666667,-4.0,27.5,2.0,0.0,36.0,0.0,26953.0,8.0,26953.0,8.0,26953.0,8.0
INC2017-046,2017-03-25,2.5,0.0,5.0,1.4428571428571428,-10.5,14.5,-0.7533333333333334,-15.0,17.5,14.0,14.6,72.39999999999999,0.0,26953.0,18.3,26953.0,18.3,26953.0,18.3
INC2017-144,2017-08-13,19.7,13.4,26.0,20.500000000000004,12.2,28.8,21.20689655172414,12.2,30.8,0.0,3.3000000000000003,116.49999999999999,0.0,53678.0,0.9,53678.0,0.9,26953.0,11.9
INC2014-040,2014-03-12,-4.0,-8.5,0.5,-3.2,-17.5,11.5,-7.1833333333333345,-23.0,11.5,7.0,0.8,35.00000000000001,16.0,26953.0,13.6,26953.0,13.6,26953.0,13.6
INC2013-003,2013-01-07,-4.3,-8.0,-0.5,-3.5714285714285716,-12.0,3.0,-1.5366666666666666,-12.0,7.0,15.0,6.2,55.50000000000001,8.0,5016.0,10.4,5016.0,10.4,5016.0,10.4
INC2012-135,2012-09-28,12.0,5.0,19.0,13.428571428571427,3.0,28.5,17.056666666666665,3.0,31.0,0.0,12.399999999999999,149.99999999999997,0.0,5016.0,10.4,5016.0,10.4,5016.0,10.4
INC2011-174,2011-11-12,8.3,2.5,14.0,7.414285714285714,-4.0,17.5,8.040000000000001,-4.0,19.5,7.0,6.4,74.4,0.0,26953.0,13.6,26953.0,13.6,5016.0,10.4
INC2014-101,2014-07-31,18.8,12.0,25.5,19.342857142857145,10.5,29.0,20.116666666666664,8.5,30.0,0.0,85.8,140.4,0.0,26953.0,13.6,26953.0,13.6,26953.0,13.6
INC2022-076,2022-05-05,9.7,2.8,16.6,7.428571428571429,-3.4,15.5,6.346666666666667,-3.7,18.9,13.0,22.4,80.99999999999999,0.0,54958.0,9.6,54958.0,9.6,26953.0,13.6
INC2025-107,2025-12-27,-8.6,-11.5,-5.7,-3.6142857142857148,-11.6,2.2,-5.0566666666666675,-16.6,7.2,13.0,17.0,58.699999999999996,11.0,54958.0,9.6,54958.0,9.6,54958.0,9.6
INC2008-057,2008-06-06,25.0,16.0,34.0,16.0,6.5,27.0,12.963333333333335,1.5,27.5,0.0,26.599999999999998,56.40000000000001,0.0,5016.0,10.4,5016.0,10.4,5016.0,10.4
INC2009-100,2009-09-13,19.0,14.0,24.0,19.085714285714285,11.5,26.5,20.106896551724137,7.5,32.0,0.0,0.0,76.0,0.0,5016.0,10.4,5016.0,10.4,5016.0,10.4
INC2011-155,2011-10-01,,,,17.842857142857145,11.0,26.0,17.56,5.0,30.5,0.0,20.8,96.50000000000001,0.0,5016.0,10.4,5016.0,10.4,5016.0,10.4
INC2010-079,2010-07-24,24.5,21.0,28.0,23.6,16.0,31.0,22.813333333333325,9.0,34.0,0.0,66.4,113.80000000000001,0.0,5016.0,10.4,5016.0,10.4,5016.0,10.4
INC2016-038,2016-04-23,7.8,2.0,13.5,12.014285714285714,0.5,24.5,4.4125,-12.0,24.5,11.0,3.2,56.400000000000006,0.0,26953.0,13.7,26953.0,13.7,26953.0,13.7
INC2017-085,2017-06-02,11.5,3.8,19.2,15.314285714285715,6.2,23.5,11.870000000000001,-1.3,27.8,1.0,25.200000000000003,131.2,0.0,48649.0,12.9,48649.0,12.9,4996.0,17.6
INC2022-110,2022-07-05,19.7,17.1,22.3,,,,18.125000000000004,6.5,31.4,0.0,,53.49999999999999,0.0,48649.0,3.2,48649.0,3.2,4996.0,6.7
INC2024-033,2024-05-26,14.9,8.2,21.5,18.285714285714285,9.3,27.9,14.310000000000002,-3.9,27.9,1.0,7.7,48.7,0.0,48649.0,4.3,48649.0,4.3,31010.0,33.5
INC2015-002,2015-01-09,-6.0,-9.0,-3.0,-7.128571428571429,-20.5,5.5,-1.5266666666666666,-20.5,10.0,9.0,26.0,64.4,3.0,4996.0,15.9,4996.0,15.9,4996.0,15.9
INC2017-141,2015-10-25,11.8,9.5,14.0,8.128571428571428,-3.0,17.0,11.846666666666668,-3.0,21.0,4.0,23.1,90.49999999999999,0.0,4996.0,15.9,4996.0,15.9,4996.0,15.9
INC2017-086,2017-06-02,13.0,6.0,20.0,15.099999999999998,6.0,21.5,11.966666666666669,-1.0,25.0,1.0,21.800000000000004,139.10000000000002,0.0,4996.0,15.9,4996.0,15.9,4996.0,15.9
INC2017-087,2017-06-02,13.0,6.0,20.0,15.099999999999998,6.0,21.5,11.966666666666669,-1.0,25.0,1.0,21.800000000000004,139.10000000000002,0.0,4996.0,15.9,4996.0,15.9,4996.0,15.9
INC2012-071,2012-06-08,19.0,9.5,28.5,14.585714285714285,9.4,24.4,15.843333333333335,2.5,28.0,0.0,32.0,113.2,0.0,4996.0,20.2,4996.0,20.2,4996.0,20.2
INC2023-104,2023-07-12,18.1,12.0,24.1,21.77142857142857,12.3,30.1,20.103333333333335,8.7,30.1,0.0,0.6000000000000001,138.79999999999995,0.0,48649.0,22.1,48649.0,22.1,4996.0,20.2
INC2011-008,2011-01-18,-1.7,-6.0,2.6,-10.642857142857142,-25.2,-1.2,-6.006666666666667,-25.2,9.8,4.0,4.8,17.3,11.0,48649.0,6.6,48649.0,6.6,4996.0,10.0
INC2009-080,2009-08-11,22.3,16.0,28.5,19.8,10.5,28.5,18.79615384615385,9.0,28.5,0.0,30.9,81.0,0.0,4996.0,10.1,4996.0,10.1,4996.0,10.1
INC2021-087,2021-06-17,15.0,6.6,23.3,18.842857142857145,8.4,26.0,17.75,2.3,31.8,0.0,6.4,21.799999999999997,0.0,48649.0,27.7,44205.0,23.4,44205.0,23.4
INC2017-088,2017-06-02,12.2,5.7,18.7,14.0,8.0,20.7,10.88,0.4,21.7,0.0,77.0,199.9,0.0,7870.0,27.4,44205.0,23.0,44205.0,23.0
INC2016-085,2016-08-02,21.6,15.7,27.4,22.566666666666666,14.8,30.5,22.065384615384612,8.9,35.0,0.0,32.8,55.3,0.0,48649.0,12.9,48649.0,12.9,31048.0,19.1
INC2010-092,2010-08-24,19.4,15.7,23.0,19.285714285714285,13.7,25.1,20.52,10.3,27.7,0.0,22.1,62.800000000000004,0.0,7870.0,6.6,7870.0,6.6,4905.0,4.3
INC2019-078,2019-05-12,7.8,5.7,9.8,9.299999999999999,2.8,15.9,7.182758620689655,-1.4,15.9,3.0,21.1,148.1,0.0,7870.0,8.4,48952.0,27.4,44205.0,31.0
INC2012-006,2012-01-10,2.8,0.3,5.2,-2.471428571428571,-16.2,8.5,-0.7733333333333333,-16.2,9.5,17.0,0.2,51.2,0.0,7870.0,16.9,7870.0,16.9,4905.0,16.3
INC2010-048,2010-05-04,13.7,7.3,20.0,11.385714285714286,1.1,21.6,9.193103448275862,1.1,21.6,0.0,7.800000000000001,47.300000000000004,0.0,7870.0,16.8,7870.0,16.8,4905.0,16.2
INC2009-055,2009-06-29,20.3,15.5,25.0,20.914285714285715,12.0,32.5,16.641379310344828,2.5,32.5,0.0,16.2,54.2,0.0,6911.0,22.1,6911.0,22.1,6911.0,22.1
INC2017-160,2017-09-25,24.1,16.7,31.4,21.542857142857144,12.5,30.3,17.233333333333334,4.9,30.3,0.0,0.0,41.0,0.0,5126.0,5.0,5126.0,5.0,5126.0,5.0
INC2017-148,2017-09-07,16.0,11.5,20.5,16.74285714285714,6.5,26.0,19.513793103448272,6.5,28.5,0.0,41.8,68.8,0.0,4859.0,17.1,4859.0,17.1,4859.0,17.1
INC2017-089,2017-06-16,20.5,15.5,25.5,,,,16.08888888888889,4.5,30.0,0.0,,85.80000000000001,0.0,4898.0,22.5,4898.0,22.5,4898.0,22.5
INC2010-006,2010-01-16,0.8,-1.5,3.0,-5.3428571428571425,-20.0,4.5,-6.593333333333333,-20.0,4.5,8.0,0.0,54.400000000000006,6.0,4838.0,21.0,4838.0,21.0,4859.0,15.6
INC2017-098,2017-07-10,21.3,16.5,26.0,19.87142857142857,10.5,28.5,19.42068965517241,8.5,30.5,0.0,8.399999999999999,119.99999999999999,0.0,4898.0,18.8,4898.0,18.8,4898.0,18.8
INC2016-001,2016-01-01,-1.0,-2.0,0.0,-2.3000000000000003,-11.0,8.5,3.1900000000000004,-11.0,15.0,9.0,26.6,85.60000000000001,5.0,4898.0,13.9,4898.0,13.9,4898.0,13.9
INC2017-096,2017-07-08,19.5,15.5,23.5,,,,19.810714285714283,9.0,31.0,0.0,,122.80000000000001,0.0,4308.0,19.2,4308.0,19.2,4308.0,19.2
INC2013-016,2013-02-01,-4.3,-9.0,0.5,-5.742857142857143,-17.3,14.0,-5.679999999999999,-20.9,14.0,13.0,9.8,45.199999999999996,22.0,6923.0,13.7,6308.0,38.3,6923.0,13.7
INC2017-099,2017-07-11,22.0,17.2,26.7,19.514285714285712,10.2,26.7,19.09333333333333,8.3,30.9,0.0,10.0,104.9,0.0,47567.0,10.2,47567.0,10.2,4236.0,11.3
INC2018-033,2018-04-25,11.2,9.0,13.3,5.671428571428572,-2.9,19.2,2.086666666666667,-9.2,19.2,23.0,1.7,113.70000000000002,1.0,47567.0,9.4,47567.0,9.4,47567.0,9.4
INC2017-158,2016-08-25,24.5,20.0,29.0,21.099999999999998,10.0,30.5,22.51428571428571,10.0,33.0,0.0,17.2,39.0,0.0,4236.0,6.3,4236.0,6.3,4236.0,6.3
INC2018-100,2018-08-23,17.5,11.0,24.0,20.514285714285712,14.0,26.5,22.106666666666662,13.0,31.0,0.0,17.6,70.6,0.0,4236.0,6.4,4236.0,6.4,4236.0,6.4
INC2011-114,2011-08-04,16.3,13.5,19.1,18.028571428571432,13.1,26.8,18.236666666666668,10.6,27.3,0.0,77.6,145.9,0.0,47187.0,5.3,47187.0,5.3,27742.0,10.9
INC2010-157,2010-12-15,5.2,0.1,10.2,2.185714285714286,-6.3,12.2,3.4466666666666668,-6.3,12.8,14.0,39.300000000000004,144.40000000000003,0.0,47187.0,5.3,47187.0,5.3,27742.0,9.4
INC2014-068,2014-05-05,6.1,4.1,8.0,6.314285714285714,-0.3,17.9,5.633333333333334,-3.4,17.9,8.0,19.400000000000002,142.9,0.0,47187.0,5.4,47187.0,5.4,27742.0,9.2
INC2016-027,2016-03-03,,,,,-6.6,,-1.2111111111111115,-15.5,12.3,16.0,,121.60000000000001,0.0,47187.0,8.0,47187.0,8.0,47187.0,8.0
INC2016-023,2016-02-12,-7.3,-10.4,-4.2,-2.1571428571428575,-7.6,6.5,-2.3965517241379315,-12.0,10.7,12.0,53.9,125.6,8.0,47187.0,8.1,47187.0,8.1,47187.0,8.1
INC2016-128,2016-10-31,8.4,6.4,10.3,,1.2,,11.611538461538458,1.2,23.7,0.0,,204.70000000000002,0.0,47187.0,7.8,47187.0,7.8,27742.0,10.0
INC2015-092,2015-04-22,,,,9.471428571428572,-1.0,19.5,3.9866666666666664,-15.0,24.0,12.0,39.6,87.0,0.0,4236.0,9.9,4236.0,9.9,4236.0,9.9
INC2013-011,2013-01-25,-16.3,-19.5,-13.0,-11.299999999999999,-27.0,7.0,-5.9333333333333345,-27.0,12.0,12.0,3.8000000000000003,64.99999999999999,0.0,4236.0,10.1,4236.0,10.1,4236.0,10.1
INC2010-025,2010-02-20,0.5,-1.0,2.0,-3.085714285714286,-14.0,1.5,-5.773333333333334,-23.0,11.5,5.0,3.5,51.9,0.0,4236.0,10.1,4236.0,10.1,4236.0,10.1
INC2013-066,2013-04-25,8.4,4.6,12.2,5.828571428571428,-1.5,13.5,3.8551724137931034,-4.2,14.6,15.0,15.3,63.6,0.0,47187.0,8.5,47187.0,8.5,27742.0,10.0
INC2016-147,2016-12-17,-3.9,-14.1,6.4,-5.5,-15.9,5.8,1.2800000000000002,-15.9,12.3,13.0,36.699999999999996,150.50000000000003,3.0,47187.0,8.7,47187.0,8.7,47187.0,8.7
INC2020-011,2020-02-02,-1.5,-4.2,1.2,-1.5142857142857142,-9.6,6.3,-2.5733333333333333,-15.7,9.8,13.0,31.8,98.79999999999998,0.0,43406.0,3.2,27742.0,8.7,43403.0,6.3
INC2015-013,2015-01-31,-5.0,-10.0,0.0,-3.642857142857143,-11.0,9.5,-5.135714285714286,-19.0,9.5,12.0,74.5,173.20000000000002,13.0,27742.0,8.2,27742.0,8.2,27742.0,8.2
INC2021-148,2021-09-30,11.0,5.9,16.0,13.650000000000004,5.4,22.9,16.258620689655167,4.6,26.0,0.0,16.2,72.6,0.0,27534.0,25.6,27534.0,25.6,4236.0,33.1
INC2012-049,2012-03-29,1.4,-2.0,4.7,7.028571428571429,-7.2,24.5,3.2933333333333334,-22.2,26.3,12.0,2.0999999999999996,45.5,1.0,27534.0,29.3,27534.0,29.3,27534.0,29.3
INC2015-100,2015-08-25,18.0,13.2,22.8,21.657142857142855,12.1,31.3,21.046666666666667,9.4,32.3,0.0,33.0,116.1,0.0,27534.0,29.0,27534.0,29.0,4236.0,43.7
INC2018-054,2018-05-29,21.0,13.1,28.9,18.566666666666666,4.6,29.4,12.123076923076923,-6.2,29.4,8.0,9.399999999999999,53.8,0.0,48368.0,4.8,48368.0,4.8,4432.0,37.6
INC2017-090,2009-11-23,0.3,-2.5,3.0,4.885714285714286,-5.5,12.0,5.9733333333333345,-5.5,20.5,11.0,17.8,45.5,0.0,4255.0,20.9,4255.0,20.9,4255.0,20.9
INC2017-140,2015-07-20,23.3,18.5,28.0,21.014285714285712,9.0,31.0,19.846666666666668,8.0,31.0,0.0,27.0,85.80000000000001,0.0,4255.0,20.8,4255.0,20.8,4255.0,20.8
INC2017-157,2016-02-27,,,,-4.571428571428571,-15.0,5.0,-5.948275862068965,-28.0,12.0,8.0,51.6,111.89999999999999,4.0,4255.0,20.8,4255.0,20.8,4255.0,20.8
INC2016-053,2016-05-25,21.5,15.0,28.0,16.571428571428573,5.0,30.0,11.106666666666666,-3.0,30.0,6.0,1.0,27.0,0.0,4255.0,2.5,4255.0,2.5,4255.0,2.5
INC2018-162,2018-11-06,8.2,4.8,11.6,3.8000000000000003,-2.8,9.1,5.613793103448275,-5.0,26.0,10.0,39.4,82.39999999999999,0.0,5397.0,45.0,5502.0,18.5,5502.0,18.5
INC2020-133,2020-11-24,-4.5,-8.0,-1.0,0.08571428571428566,-8.1,13.2,3.266666666666667,-9.3,22.9,20.0,15.3,69.0,1.0,5397.0,45.0,5502.0,18.5,5502.0,18.5
INC2022-181,2022-10-05,11.9,4.6,19.2,9.142857142857142,1.8,16.2,13.71,1.8,26.8,0.0,3.9,122.50000000000001,0.0,10815.0,31.3,10815.0,31.3,5401.0,36.7
INC2015-034,2015-03-31,-1.5,-5.0,2.0,-1.7285714285714284,-12.0,6.0,-3.4433333333333334,-19.5,12.0,14.0,6.8,23.3,20.0,4255.0,3.1,4255.0,3.1,4255.0,3.1
INC2023-179,2023-10-03,19.9,13.9,25.9,14.828571428571427,6.1,22.2,16.813333333333333,6.1,29.9,0.0,0.0,76.6,0.0,10815.0,29.3,10815.0,29.3,5401.0,37.5
INC2022-085,2022-05-24,11.7,6.2,17.1,14.314285714285713,5.2,30.7,12.914285714285715,-1.4,30.7,3.0,43.199999999999996,102.00000000000001,,10815.0,20.2,10815.0,20.2,,
INC2021-091,2017-11-16,3.5,0.0,7.0,-2.757142857142857,-10.5,6.5,7.05,-10.5,24.0,10.0,4.4,130.0,0.0,5538.0,4.8,5538.0,4.8,5538.0,4.8
INC2025-007,2025-01-30,-13.5,-19.0,-8.0,-7.971428571428571,-18.5,1.5,-7.403333333333336,-18.5,5.0,4.0,15.0,45.8,16.0,4255.0,8.9,4255.0,8.9,4255.0,8.9
INC2020-070,2020-07-07,23.1,15.5,30.6,21.557142857142857,11.1,31.3,17.741379310344822,0.6,31.3,0.0,0.0,97.30000000000001,0.0,44183.0,7.6,44183.0,7.6,44303.0,38.7
INC2023-180,2023-10-04,22.4,16.4,28.4,15.842857142857143,6.1,25.9,16.753333333333334,6.1,29.9,0.0,0.0,76.6,0.0,10815.0,17.3,10815.0,17.3,5358.0,27.3
INC2024-096,2024-12-28,-5.0,-8.0,-2.0,-10.385714285714286,-19.0,-5.0,-4.173333333333333,-19.0,9.0,10.0,18.0,79.6,15.0,4255.0,11.5,4255.0,11.5,4255.0,11.5
INC2025-027,2025-04-25,12.1,7.4,16.9,9.066666666666668,-0.4,19.0,4.117241379310345,-8.4,19.0,15.0,28.4,119.4,,10815.0,17.0,10815.0,17.0,,
INC2025-028,2025-04-25,12.1,7.4,16.9,9.066666666666668,-0.4,19.0,4.117241379310345,-8.4,19.0,15.0,28.4,119.4,,10815.0,16.7,10815.0,16.7,,
INC2011-153,2011-09-26,16.8,11.1,22.4,13.700000000000001,6.3,20.8,13.93666666666667,3.5,23.4,0.0,13.700000000000001,63.50000000000001,0.0,27746.0,30.1,27746.0,30.1,7558.0,84.0
INC2010-103,2010-09-22,15.6,13.4,17.7,12.485714285714286,5.6,18.7,15.5,5.6,29.0,0.0,41.0,76.3,,27746.0,30.1,27746.0,30.1,,
INC2013-094,2013-06-14,10.1,7.4,12.7,12.72857142857143,8.1,19.3,11.04666666666667,2.7,22.4,0.0,111.9,206.1,0.0,27746.0,29.2,27746.0,29.2,49868.0,70.4
INC2010-091,2010-08-23,20.0,16.0,24.0,19.142857142857142,9.0,29.0,20.866666666666667,8.0,31.0,0.0,37.7,88.2,0.0,5448.0,16.7,5448.0,16.7,5448.0,16.7
INC2013-095,2013-06-14,10.1,7.4,12.7,12.72857142857143,8.1,19.3,11.04666666666667,2.7,22.4,0.0,111.9,206.1,0.0,27746.0,26.6,27746.0,26.6,49868.0,65.4
INC2009-113,2009-10-05,,,,10.283333333333333,1.0,17.5,13.250000000000002,1.0,23.5,0.0,18.8,77.00000000000001,0.0,4376.0,10.8,4376.0,10.8,4376.0,10.8
INC2016-034,2016-04-05,-5.0,-6.0,-4.0,4.428571428571429,-11.0,15.0,-0.8466666666666669,-18.0,15.0,18.0,0.0,0.0,0.0,6329.0,46.8,6329.0,46.8,53538.0,47.1
INC2015-020,2015-02-24,-18.5,-22.7,-14.3,-6.357142857142857,-17.1,6.6,-7.8,-20.1,11.2,10.0,23.6,188.89999999999995,27.0,41575.0,49.0,41575.0,49.0,53538.0,47.1
INC2012-079,2012-06-27,16.0,12.0,20.0,14.642857142857142,4.0,26.0,11.633333333333333,2.5,26.0,0.0,34.0,69.60000000000001,,6329.0,46.6,6329.0,46.6,,
INC2018-065,2018-06-20,15.8,5.9,25.7,12.200000000000001,3.6,27.0,9.293103448275861,-4.4,29.9,9.0,44.2,124.99999999999999,,53538.0,46.4,53538.0,46.4,,
INC2012-166,2012-11-26,-1.3,-3.4,0.9,4.814285714285715,-2.4,12.6,7.037931034482758,-2.9,20.1,8.0,1.8,89.7,,41575.0,48.4,41575.0,48.4,,
INC2015-105,2015-09-09,17.0,13.0,21.0,18.214285714285715,8.0,29.0,20.386666666666667,8.0,31.0,0.0,0.0,0.0,,6329.0,45.8,6329.0,45.8,,
INC2013-004,2013-01-08,-6.5,-15.6,2.7,-9.085714285714285,-15.2,-1.8,-1.7433333333333332,-15.2,15.7,15.0,4.4,111.20000000000002,5.0,41575.0,48.3,41575.0,48.3,41575.0,48.3
INC2013-170,2013-12-11,-11.0,-10.0,-12.0,0.2571428571428572,-7.0,5.0,1.5533333333333335,-15.0,16.0,10.0,0.0,9.4,,6329.0,43.8,6329.0,43.8,,
INC2008-121,2008-12-03,5.0,4.0,6.0,6.128571428571429,0.0,12.0,6.7321428571428585,-5.5,15.0,5.0,42.4,155.20000000000002,0.0,6336.0,37.2,6336.0,37.2,6336.0,37.2
INC2010-019,2010-02-10,-3.1,-6.5,0.4,-6.914285714285714,-16.3,6.7,-5.166666666666667,-17.8,9.3,11.0,0.7,34.2,2.0,27746.0,15.6,27746.0,15.6,27746.0,15.6
INC2018-047,2018-05-17,9.3,6.6,12.0,7.385714285714286,-2.1,15.5,7.5600000000000005,-2.1,19.0,4.0,6.8,121.39999999999999,0.0,27746.0,15.2,27746.0,15.2,49868.0,42.6
INC2017-054,2017-04-19,1.5,-1.0,4.0,6.057142857142857,-0.6,13.9,2.7199999999999998,-12.9,13.9,16.0,3.0,36.300000000000004,1.0,27746.0,15.4,27746.0,15.4,50310.0,42.4
INC2017-080,2017-06-19,11.6,10.3,12.8,13.328571428571427,5.1,27.7,11.423333333333336,3.9,27.7,0.0,36.7,117.50000000000001,0.0,27746.0,15.4,27746.0,15.4,49868.0,42.5
INC2012-121,2012-09-10,17.0,12.5,21.5,16.499999999999996,10.3,21.5,17.496666666666666,9.9,27.2,0.0,116.69999999999999,137.6,0.0,27746.0,15.3,27746.0,15.3,49868.0,42.6
INC2011-141,2011-09-08,14.9,11.8,17.9,14.4,8.0,20.1,14.943333333333335,7.8,23.4,0.0,0.0,90.60000000000001,,27746.0,15.7,27746.0,15.7,,
INC2008-091,2008-09-15,18.0,13.1,22.8,13.914285714285713,6.0,21.8,16.14,6.0,25.8,0.0,2.8,161.49999999999997,,27746.0,21.0,27746.0,21.0,,
INC2015-001,2015-01-08,-15.1,-22.4,-7.7,-6.742857142857143,-18.0,7.8,0.12758620689655176,-18.0,12.5,13.0,14.8,202.4,0.0,27746.0,23.8,27746.0,23.8,27746.0,23.8
INC2021-084,2013-05-14,6.3,0.0,12.5,15.428571428571429,1.5,28.0,12.043333333333333,-4.0,28.0,6.0,19.8,48.1,0.0,5538.0,17.8,5358.0,13.1,5538.0,17.8
INC2016-141,2016-12-05,-7.2,-11.5,-2.9,0.2857142857142857,-8.3,6.4,3.130000000000001,-8.3,15.2,18.0,50.599999999999994,104.30000000000001,0.0,50310.0,13.4,50310.0,13.4,50310.0,13.4
INC2008-058,2008-06-09,17.2,9.8,24.5,11.814285714285713,6.6,17.2,10.563333333333334,2.1,21.1,0.0,12.200000000000001,76.6,,27746.0,26.2,27746.0,26.2,,
INC2013-063,2013-04-15,5.1,0.0,10.1,3.6285714285714286,-2.8,12.5,0.7766666666666666,-13.5,12.5,19.0,13.8,62.5,0.0,49868.0,33.6,49868.0,33.6,50310.0,13.5
INC2017-111,2017-07-25,17.6,11.9,23.2,20.742857142857144,13.2,29.5,19.413333333333334,9.1,29.5,0.0,79.6,306.20000000000005,0.0,49568.0,14.2,49568.0,14.2,4333.0,21.7
INC2012-107,2012-08-20,19.4,12.1,26.7,19.285714285714285,12.3,26.8,18.436666666666667,7.3,29.1,0.0,8.7,59.3,0.0,50310.0,19.0,50310.0,19.0,49868.0,30.1
INC2012-056,2012-05-03,7.6,-1.2,16.3,4.471428571428572,-2.8,13.4,5.536666666666666,-4.8,19.1,18.0,2.4,130.9,0.0,6250.0,18.9,6250.0,18.9,49868.0,30.1
INC2012-123,2012-09-17,10.6,2.1,19.1,14.285714285714288,3.2,21.9,16.375862068965517,3.2,28.4,0.0,30.4,64.3,0.0,50310.0,18.9,50310.0,18.9,49868.0,30.1
INC2012-168,2012-12-07,-2.1,-9.6,5.5,-0.016666666666666607,-13.2,10.9,1.0000000000000002,-13.2,14.6,20.0,31.599999999999998,69.39999999999999,0.0,50310.0,18.9,50310.0,18.9,49868.0,30.1
INC2014-042,2014-03-12,-2.0,-7.5,3.5,-9.085714285714285,-25.3,6.3,-8.98,-28.4,6.3,13.0,3.8,147.20000000000002,24.0,50310.0,18.0,50310.0,18.0,50310.0,18.0
INC2016-087,2016-08-06,16.4,13.6,19.1,18.214285714285715,8.8,26.7,18.11,8.5,30.8,0.0,0.0,50.7,0.0,50310.0,17.9,50310.0,17.9,49868.0,28.8
INC2011-186,2011-12-27,-3.9,-13.4,5.6,-4.5,-17.9,9.1,0.0700000000000001,-17.9,15.5,21.0,39.50000000000001,154.4,6.0,6250.0,18.0,6250.0,18.0,6250.0,18.0
INC2013-073,2013-05-06,8.2,1.6,14.8,7.571428571428571,-3.1,18.6,4.553571428571428,-7.5,18.6,22.0,0.0,62.3,0.0,50310.0,10.6,50310.0,10.6,49868.0,29.7
INC2013-077,2013-05-15,9.5,5.1,13.9,12.133333333333333,3.5,21.0,7.268965517241377,-5.8,21.0,16.0,27.400000000000002,78.39999999999999,0.0,50310.0,10.6,50310.0,10.6,49868.0,29.7
INC2012-060,2012-05-09,8.8,5.6,12.0,7.328571428571428,-2.4,16.4,6.746666666666667,-4.5,19.1,16.0,1.4,120.20000000000002,0.0,6250.0,17.3,6250.0,17.3,49868.0,28.0
INC2014-154,2014-12-23,0.0,-1.5,1.5,-1.9285714285714286,-5.5,2.8,-0.9066666666666663,-16.8,14.4,17.0,40.2,260.5,2.0,50310.0,17.4,50310.0,17.4,50310.0,17.4
INC2009-129,2009-11-22,0.7,-5.4,6.7,5.8,-6.4,14.9,4.366666666666666,-7.4,16.1,23.0,41.4,168.5,0.0,6250.0,9.6,6250.0,9.6,6160.0,59.0
INC2010-084,2010-07-31,15.6,7.9,23.2,17.61428571428571,10.8,25.8,18.216666666666665,3.5,29.0,0.0,22.5,77.00000000000001,0.0,6250.0,9.6,6250.0,9.6,6160.0,59.0
INC2009-067,2009-07-11,13.7,6.1,21.2,14.171428571428573,4.3,24.2,16.06,4.3,26.7,0.0,15.799999999999999,179.0,0.0,6250.0,9.6,6250.0,9.6,6160.0,59.0
INC2013-089,2013-06-10,16.4,9.3,23.5,13.914285714285713,3.7,22.2,12.343333333333334,1.1,33.8,0.0,44.300000000000004,197.4,0.0,43383.0,18.3,43383.0,18.3,6194.0,76.2
INC2012-162,2012-11-21,2.8,-3.5,9.0,,,6.5,4.953846153846154,-6.5,21.5,12.0,0.0,15.0,0.0,5239.0,12.6,5503.0,6.8,5503.0,6.8
INC2014-136,2014-11-10,3.4,-3.3,10.1,3.042857142857143,-5.1,13.3,7.290000000000001,-5.1,20.2,12.0,26.4,178.8,0.0,50310.0,14.6,50310.0,14.6,49868.0,26.5
INC2014-015,2014-01-16,2.3,1.0,3.5,-1.1857142857142853,-22.8,10.2,-7.793333333333333,-27.1,10.2,8.0,86.8,208.1,0.0,50310.0,14.5,50310.0,14.5,50310.0,14.5
INC2013-152,2013-10-29,-0.2,-7.0,6.7,4.666666666666667,-4.0,11.5,8.886206896551723,-4.0,22.1,9.0,6.300000000000001,62.60000000000001,0.0,50310.0,14.5,50310.0,14.5,49868.0,26.5
INC2013-155,2013-11-16,3.2,-3.2,9.6,0.1142857142857142,-8.1,11.5,4.096551724137931,-8.1,16.2,17.0,16.3,78.4,0.0,50310.0,14.5,50310.0,14.5,49868.0,26.5
INC2014-055,2014-04-10,0.9,-4.1,5.8,2.8285714285714287,-5.1,10.7,-2.47,-19.8,10.7,21.0,39.0,192.9,2.0,50310.0,14.5,50310.0,14.5,50310.0,14.5
INC2012-019,2012-01-26,-5.0,-7.3,-2.7,-7.485714285714286,-25.5,8.5,-5.28,-25.5,10.8,16.0,31.700000000000003,83.9,0.0,6250.0,11.9,6250.0,11.9,6250.0,11.9
INC2012-045,2012-03-13,1.5,-1.2,4.1,-2.228571428571429,-16.7,12.8,-4.116666666666666,-22.2,12.8,20.0,8.399999999999999,89.80000000000001,0.0,6250.0,11.9,6250.0,11.9,49868.0,26.8
INC2013-124,2013-08-17,15.6,7.4,23.7,17.25714285714286,7.8,24.7,17.376666666666665,6.6,29.2,0.0,0.0,201.3,0.0,50310.0,11.9,50310.0,11.9,49868.0,26.8
INC2012-051,2012-04-13,3.8,-2.5,10.0,4.0,-3.1,14.7,2.81,-8.6,25.4,26.0,14.7,37.199999999999996,0.0,6250.0,11.9,6250.0,11.9,49868.0,26.6
INC2011-099,2011-06-15,10.7,5.1,16.2,13.385714285714286,4.8,22.4,12.709999999999999,4.1,25.9,0.0,33.8,111.30000000000001,0.0,6250.0,10.4,6250.0,10.4,7558.0,69.6
INC2010-131,2010-11-20,-2.1,-7.0,2.8,4.8,-5.4,17.5,5.696666666666666,-7.0,17.5,11.0,30.200000000000003,248.6,1.0,6250.0,10.4,6250.0,10.4,6250.0,10.4
INC2012-099,2012-08-03,17.7,15.6,19.8,18.071428571428573,10.0,26.9,18.183333333333334,6.7,27.3,0.0,15.9,62.699999999999996,0.0,50310.0,16.3,50310.0,16.3,49868.0,25.7
INC2013-088,2013-06-10,14.6,9.4,19.7,,,,10.896153846153847,-0.7,27.2,1.0,,157.2,0.0,50310.0,10.2,50310.0,10.2,49868.0,26.7
INC2017-018,2017-01-30,-4.7,-10.1,0.7,-0.9428571428571428,-9.2,5.0,-4.463333333333334,-25.6,8.3,17.0,39.1,127.39999999999999,0.0,50310.0,9.7,50310.0,9.7,50310.0,9.7
INC2016-088,2016-08-06,16.4,13.6,19.1,18.214285714285715,8.8,26.7,18.11,8.5,30.8,0.0,0.0,50.7,0.0,50310.0,9.8,50310.0,9.8,49868.0,26.6
INC2011-032,2011-02-23,-7.5,-10.0,-4.9,-4.371428571428572,-15.4,5.0,-7.3933333333333335,-28.1,5.0,16.0,10.9,83.39999999999999,16.0,44363.0,9.8,44363.0,9.8,44363.0,9.8
INC2011-056,2011-04-03,-1.3,-6.3,3.7,0.19999999999999996,-7.6,11.3,-0.7,-18.6,12.8,21.0,14.9,62.49999999999999,0.0,44363.0,9.8,44363.0,9.8,6393.0,42.5
INC2011-058,2011-04-05,7.2,1.4,12.9,0.6142857142857142,-8.1,11.3,-0.13000000000000006,-12.6,12.8,22.0,15.4,62.800000000000004,0.0,44363.0,9.8,44363.0,9.8,6393.0,42.5
INC2014-095,2014-07-03,17.8,15.5,20.0,23.3,12.5,30.0,19.413793103448278,8.0,30.0,0.0,4.0,147.60000000000002,0.0,6901.0,14.9,6901.0,14.9,6901.0,14.9
INC2009-123,2009-10-31,11.4,7.9,14.9,4.585714285714286,-5.7,16.1,5.750000000000002,-5.7,16.3,18.0,117.2,245.9,0.0,6250.0,12.0,6250.0,12.0,6160.0,53.2
INC2010-059,2010-06-18,18.8,7.4,30.2,14.657142857142857,4.2,24.7,12.746666666666668,0.6,24.7,0.0,20.8,117.80000000000001,0.0,6250.0,12.0,6250.0,12.0,6160.0,53.2
INC2011-089,2011-06-06,12.7,9.1,16.3,13.685714285714285,5.0,25.9,11.21,3.9,25.9,0.0,2.4,118.2,0.0,6250.0,12.0,6250.0,12.0,7558.0,65.5
INC2021-205,2021-12-02,1.0,-3.0,5.0,-3.542857142857143,-10.1,3.4,1.47,-12.2,15.1,16.0,,46.3,1.0,10843.0,10.7,5389.0,8.5,5389.0,8.5
INC2009-042,2009-05-07,12.0,11.0,13.0,12.4,0.0,22.0,8.743333333333334,-5.0,32.0,11.0,22.0,43.0,0.0,5389.0,8.4,5389.0,8.4,5389.0,8.4
INC2008-097,2008-10-06,6.0,-1.0,13.0,7.3,-1.0,16.0,12.086666666666666,-1.0,25.5,1.0,6.4,113.2,0.0,45348.0,2.6,45348.0,2.6,45348.0,2.6
INC2026-085,2026-09-05,17.7,13.5,21.9,18.842857142857145,9.9,26.0,19.673333333333332,9.9,29.2,0.0,6.9,90.6,,10873.0,16.7,10873.0,16.7,,
INC2021-083,2021-06-14,20.3,17.0,23.6,21.91428571428571,10.7,32.6,18.876666666666672,2.2,32.6,0.0,13.2,29.4,0.0,10873.0,16.7,5217.0,6.6,5217.0,6.6
INC2009-137,2009-12-11,-7.5,-10.0,-5.0,-2.2285714285714286,-11.0,4.5,2.18,-11.0,15.0,15.0,22.0,91.19999999999999,20.0,5217.0,6.6,5217.0,6.6,5217.0,6.6
INC2014-060,2014-04-19,3.5,-3.0,10.0,3.2857142857142856,-8.0,20.0,0.9966666666666666,-15.0,20.0,12.0,0.0,0.0,0.0,6329.0,35.7,6329.0,35.7,6393.0,41.7
INC2011-109,2011-07-19,21.0,15.0,27.0,16.0,7.0,29.0,15.857142857142858,5.0,30.0,0.0,54.8,81.2,0.0,6329.0,35.7,6329.0,35.7,6329.0,35.7
INC2011-178,2011-12-01,-4.3,-9.5,1.0,3.257142857142857,-6.0,12.5,3.23,-9.0,17.0,18.0,60.8,111.39999999999999,15.0,45348.0,3.7,45348.0,3.7,45348.0,3.7
INC2021-116,2021-08-11,26.6,22.3,30.9,23.22857142857143,13.7,30.8,21.0,11.1,30.8,0.0,,74.0,0.0,10873.0,17.5,5217.0,8.1,5217.0,8.1
INC2016-065,2016-06-29,20.0,17.0,23.0,20.957142857142856,8.5,33.0,18.920689655172417,6.0,33.0,0.0,,62.199999999999996,0.0,5217.0,11.1,5248.0,10.4,5248.0,10.4
INC2021-103,2021-07-15,24.6,19.6,29.6,20.157142857142855,11.7,27.5,20.060000000000002,9.3,31.0,0.0,25.9,97.7,0.0,10873.0,8.9,10873.0,8.9,5248.0,10.0
INC2020-004,2019-05-16,12.3,7.8,16.7,9.928571428571429,3.4,18.0,8.683333333333334,-1.2,23.4,2.0,48.599999999999994,135.7,,10873.0,14.3,10873.0,14.3,,
INC2017-134,2017-08-24,15.9,11.5,20.3,20.542857142857144,13.5,27.7,19.896551724137932,9.7,29.7,0.0,25.0,63.6,0.0,10873.0,10.3,5248.0,5.5,5248.0,5.5
INC2020-107,2020-10-13,10.1,8.6,11.5,9.442857142857141,0.2,23.5,11.943333333333328,0.2,27.7,0.0,6.800000000000001,54.8,0.0,10873.0,10.2,10873.0,10.2,5248.0,5.1
INC2011-115,2011-08-02,16.1,12.9,19.2,18.485714285714284,10.4,27.6,19.793333333333333,8.1,31.9,0.0,43.199999999999996,125.60000000000001,0.0,43383.0,32.8,43383.0,32.8,6194.0,55.5
INC2012-127,2012-09-21,11.2,7.6,14.7,13.12857142857143,2.5,24.4,16.063333333333336,2.5,28.4,0.0,14.799999999999999,127.8,0.0,43383.0,34.2,43383.0,34.2,6194.0,54.9
INC2014-121,2014-09-22,15.8,7.8,23.8,10.757142857142856,-2.0,23.8,15.496666666666666,-2.0,29.8,2.0,2.4,98.2,0.0,43383.0,34.2,43383.0,34.2,6194.0,54.9
INC2021-092,2017-11-16,5.0,0.7,9.3,-1.3000000000000003,-9.1,8.0,7.88,-9.1,23.5,7.0,1.5,94.5,0.0,5406.0,8.9,5406.0,8.9,5406.0,8.9
INC2021-009,2021-01-19,-11.3,-16.5,-6.2,-1.5999999999999999,-14.1,2.6,-2.723333333333333,-14.1,13.4,15.0,,38.0,52.0,10873.0,9.5,5248.0,5.2,5248.0,5.2
INC2011-136,2011-08-24,,,,17.65,5.5,28.5,19.93793103448275,5.5,31.0,0.0,40.4,127.2,0.0,45348.0,18.2,44303.0,16.7,44303.0,16.7
INC2025-063,2025-08-26,16.7,13.2,20.2,20.042857142857144,9.2,29.1,21.240000000000002,7.4,34.8,0.0,,19.0,0.0,10873.0,10.3,5248.0,6.2,5248.0,6.2
INC2014-038,2014-02-25,-11.8,-14.5,-9.0,,-8.5,6.0,-8.753846153846155,-25.5,6.0,4.0,18.5,62.29999999999999,37.0,5484.0,7.4,5484.0,7.4,5484.0,7.4
INC2009-057,2009-07-01,20.0,16.0,24.0,21.114285714285717,15.0,31.0,17.270000000000003,5.0,31.0,0.0,50.89999999999999,95.9,0.0,5484.0,7.4,5484.0,7.4,5484.0,7.4
INC2014-079,2014-05-30,16.5,9.0,24.0,15.128571428571428,5.0,26.0,13.340740740740742,-1.5,32.0,1.0,19.8,144.2,0.0,5252.0,7.5,5252.0,7.5,5252.0,7.5
INC2025-086,2025-10-19,14.5,6.5,22.4,9.4,-2.5,19.2,12.566666666666666,-3.6,29.7,4.0,0.0,45.5,0.0,49608.0,18.2,5594.0,11.2,5594.0,11.2
INC2017-076,2017-06-10,17.1,9.2,25.0,16.07142857142857,7.8,27.7,15.59666666666667,5.6,30.3,0.0,49.900000000000006,94.9,,30165.0,17.6,30165.0,17.6,,
INC2025-093,2025-11-06,1.8,-2.7,6.3,5.985714285714286,1.7,12.9,9.183333333333334,0.5,22.8,0.0,82.69999999999999,148.90000000000003,0.0,51157.0,15.0,51157.0,15.0,10761.0,18.3
INC2017-133,2017-08-24,17.2,13.4,20.9,21.542857142857144,15.5,27.9,21.233333333333334,13.4,30.4,0.0,33.4,101.1,0.0,10761.0,14.9,10761.0,14.9,5441.0,14.9
INC2020-106,2020-10-08,6.5,3.5,9.5,12.2,6.9,18.5,14.110344827586209,5.0,27.0,0.0,26.6,79.6,,10761.0,14.3,5441.0,13.6,,
INC2010-029,2010-02-26,1.8,0.0,3.5,-1.557142857142857,-8.0,2.5,-6.329166666666668,-22.0,2.5,7.0,,42.1,32.0,5313.0,7.6,5313.0,7.6,5313.0,7.6
INC2010-073,2010-07-14,25.3,20.5,30.0,25.985714285714288,18.0,35.0,21.92333333333333,9.5,35.0,0.0,53.0,138.1,0.0,5441.0,9.0,5441.0,9.0,5441.0,9.0
INC2013-101,2013-06-30,20.0,15.5,24.5,20.2,13.5,29.5,17.927586206896557,6.5,30.5,0.0,37.7,132.6,0.0,5441.0,8.8,5441.0,8.8,5441.0,8.8
INC2013-202,2013-03-20,-3.0,-7.0,1.0,,-16.0,,-1.325,-16.0,8.5,13.0,21.0,71.5,23.0,5441.0,8.8,5441.0,8.8,5441.0,8.8
INC2013-203,2012-09-04,20.8,16.0,25.5,19.857142857142858,10.0,27.0,20.95172413793103,10.0,30.0,0.0,1.2,131.49999999999994,0.0,5441.0,8.8,5441.0,8.8,5441.0,8.8
INC2017-149,2017-09-20,20.5,16.0,25.0,19.485714285714284,12.0,26.5,16.89,5.4,27.0,0.0,0.4,50.0,0.0,5441.0,8.8,5441.0,8.8,5441.0,8.8
INC2017-150,2017-09-20,20.5,16.0,25.0,19.485714285714284,12.0,26.5,16.89,5.4,27.0,0.0,0.4,50.0,0.0,5441.0,8.8,5441.0,8.8,5441.0,8.8
INC2017-120,2015-02-02,-19.7,-22.7,-16.7,-13.085714285714285,-22.3,-0.8,-11.125,-26.7,3.3,3.0,8.4,46.1,34.0,10761.0,15.0,5441.0,8.1,5441.0,8.1
INC2017-121,2015-02-17,-20.5,-27.5,-13.5,-16.314285714285713,-26.0,-5.5,-14.465384615384618,-28.5,3.5,4.0,6.1,33.1,46.0,5441.0,8.1,5441.0,8.1,5441.0,8.1
INC2017-122,2015-02-09,-13.3,-15.7,-10.9,-14.242857142857144,-23.9,-3.6,-11.976666666666665,-23.9,3.2,2.0,11.8,30.400000000000002,42.0,10761.0,15.0,5441.0,8.1,5441.0,8.1
INC2017-123,2015-01-27,-12.3,-15.2,-9.4,-10.37142857142857,-19.6,-0.1,-9.810714285714285,-26.7,9.0,4.0,0.0,40.099999999999994,28.0,10761.0,15.0,5441.0,8.1,5441.0,8.1
INC2017-124,2015-02-23,-15.3,-20.6,-9.9,-14.057142857142859,-23.1,-3.4,-13.44,-23.9,-0.4,0.0,10.2,36.5,51.0,10761.0,15.0,5441.0,8.1,5441.0,8.1
INC2017-125,2015-02-06,-16.7,-23.9,-9.4,-13.942857142857141,-22.7,-2.1,-11.710344827586205,-26.7,3.2,2.0,9.0,27.800000000000004,41.0,10761.0,15.0,5441.0,8.1,5441.0,8.1
INC2017-126,2015-02-14,-16.9,-20.2,-13.5,-13.971428571428572,-23.4,-5.7,-12.2,-23.9,3.2,2.0,9.899999999999999,34.7,49.0,10761.0,15.0,5441.0,8.1,5441.0,8.1
INC2017-127,2016-10-23,6.3,2.0,10.5,10.757142857142858,4.0,21.5,11.693333333333333,-1.0,23.5,1.0,104.1,134.6,0.0,5441.0,8.1,5441.0,8.1,5441.0,8.1
INC2017-128,2016-11-09,5.5,2.5,8.5,6.0,-4.5,16.0,7.030000000000002,-4.5,21.5,7.0,9.8,147.3,0.0,5441.0,8.1,5441.0,8.1,5441.0,8.1
INC2017-129,2016-11-08,7.3,-1.5,16.0,5.571428571428571,-4.5,16.0,7.130000000000002,-4.5,21.5,6.0,11.200000000000001,147.3,0.0,5441.0,8.1,5441.0,8.1,5441.0,8.1
INC2017-135,2016-11-15,6.0,0.5,11.5,5.842857142857143,-3.5,16.0,6.3900000000000015,-4.5,21.5,8.0,0.0,139.10000000000002,0.0,5441.0,8.1,5441.0,8.1,5441.0,8.1
INC2018-050,2018-05-29,,,,,,,,,,,,53.8,0.0,,,5248.0,19.2,5248.0,19.2
INC2016-135,2016-11-21,-4.7,-5.9,-3.4,5.228571428571429,-5.3,17.7,4.055172413793103,-8.8,17.7,20.0,0.6000000000000001,9.399999999999999,0.0,44183.0,62.5,44303.0,30.7,44303.0,30.7
INC2021-067,2021-05-10,9.6,1.6,17.6,8.928571428571429,0.7,16.6,8.683333333333334,-3.6,22.7,4.0,,,,49608.0,13.1,,,,
INC2021-127,2021-09-02,13.5,7.6,19.4,18.900000000000002,10.1,32.3,21.76071428571428,8.5,33.3,0.0,32.5,40.7,0.0,49608.0,22.2,5441.0,20.0,5441.0,20.0
INC2010-150,2010-12-06,-8.8,-10.0,-7.5,-2.242857142857143,-11.5,10.0,0.5400000000000003,-11.5,15.5,19.0,79.60000000000001,227.00000000000003,14.0,4441.0,36.1,44303.0,32.3,44303.0,32.3
INC2011-075,2011-05-12,13.0,6.0,20.0,10.971428571428572,4.0,19.5,8.317857142857145,-5.0,23.0,4.0,4.6000000000000005,121.3,0.0,5313.0,8.7,5313.0,8.7,5313.0,8.7
INC2026-072,2020-02-29,-11.5,-14.5,-8.5,-2.157142857142857,-15.6,7.6,-8.283333333333333,-30.5,7.6,12.0,4.4,51.5,38.0,5237.0,12.2,5441.0,3.9,5237.0,12.2
INC2021-163,2021-08-23,25.2,20.6,29.8,23.571428571428577,9.7,33.2,21.526666666666664,8.8,33.2,0.0,0.0,29.9,0.0,5237.0,12.2,5441.0,3.9,5441.0,3.9
INC2026-074,2026-08-21,16.9,9.4,24.4,18.62857142857143,10.6,26.6,20.933333333333334,10.6,30.6,0.0,9.5,97.89999999999999,,5237.0,12.2,5237.0,12.2,,
INC2016-054,2016-05-27,21.6,13.0,30.2,16.414285714285715,2.6,29.7,10.353333333333333,-5.0,29.7,8.0,1.6,35.4,0.0,49068.0,17.0,49068.0,17.0,6900.0,18.7
INC2011-100,2011-06-22,16.2,10.1,22.3,15.385714285714284,5.1,26.6,14.453333333333335,3.0,28.7,0.0,10.1,71.1,0.0,48568.0,8.2,48568.0,8.2,7558.0,13.0
INC2012-133,2012-09-28,,-1.4,,11.685714285714285,0.2,24.7,14.646666666666667,0.2,27.9,0.0,7.5,102.3,0.0,48568.0,8.2,48568.0,8.2,7558.0,13.0
INC2012-154,2012-11-08,5.2,0.3,10.1,4.328571428571428,-8.6,16.1,7.273333333333334,-8.6,18.5,13.0,3.8,168.8,2.0,48568.0,8.2,48568.0,8.2,7558.0,13.0
INC2013-103,2013-07-02,16.0,14.4,17.5,17.857142857142858,8.7,31.6,15.866666666666667,2.3,31.6,0.0,33.3,97.19999999999999,,48568.0,5.5,48568.0,5.5,,
INC2016-028,2016-03-23,-2.1,-8.2,4.1,-3.6714285714285717,-15.6,7.6,-2.913333333333333,-17.8,13.1,20.0,23.6,83.30000000000001,5.0,48568.0,3.4,48568.0,3.4,30309.0,6.8
INC2011-101,2011-06-22,16.2,10.1,22.3,15.385714285714284,5.1,26.6,14.453333333333335,3.0,28.7,0.0,10.1,71.1,0.0,48568.0,1.5,48568.0,1.5,7558.0,11.0
INC2011-017,2011-01-28,-9.5,-16.8,-2.1,-14.016666666666666,-24.6,-1.8,-7.328571428571429,-24.6,7.6,9.0,10.9,29.200000000000003,15.0,48568.0,2.0,48568.0,2.0,30309.0,5.9
INC2010-147,2010-12-01,,,,,,,1.379166666666667,-10.7,16.4,14.0,,100.49999999999999,9.0,48568.0,2.0,48568.0,2.0,30309.0,5.9
INC2012-100,2012-08-07,20.4,12.8,27.9,20.87142857142857,12.2,31.6,20.478571428571424,7.6,32.3,0.0,19.900000000000002,40.599999999999994,0.0,48568.0,2.1,48568.0,2.1,7558.0,11.3
INC2011-027,2011-02-18,,,,-10.700000000000001,-24.2,0.4,-11.25185185185185,-24.6,1.7,5.0,6.1,47.1,32.0,48568.0,2.1,48568.0,2.1,30309.0,5.8
INC2012-029,2012-02-15,-6.5,-16.7,3.7,-11.214285714285714,-27.1,5.5,-8.913333333333332,-27.1,9.2,10.0,7.3999999999999995,36.2,12.0,48568.0,2.8,48568.0,2.8,30309.0,5.9
INC2013-078,2013-05-15,9.3,4.3,14.3,13.157142857142857,4.7,23.4,8.455172413793104,-5.4,23.4,12.0,19.0,55.800000000000004,0.0,42083.0,18.3,42083.0,18.3,6219.0,54.4
INC2021-069,2021-05-13,12.8,4.5,21.0,9.799999999999999,-0.2,18.2,8.683333333333334,-2.7,21.7,6.0,2.1,71.9,0.0,5237.0,12.5,5237.0,12.5,5564.0,15.0
INC2026-024,2026-03-12,-1.3,-4.2,1.7,1.9,-10.1,14.7,-6.03,-24.5,14.7,10.0,31.8,47.599999999999994,7.0,5237.0,15.3,5237.0,15.3,5237.0,15.3
INC2019-051,2019-05-13,8.1,5.3,10.9,6.928571428571429,-1.2,14.6,4.73103448275862,-5.5,18.8,14.0,26.900000000000002,101.5,0.0,52318.0,47.7,52318.0,47.7,44303.0,56.6
INC2013-111,2013-07-12,20.5,13.9,27.0,22.114285714285717,12.1,31.2,18.362068965517242,8.3,31.2,0.0,7.4,80.8,0.0,30309.0,5.4,30309.0,5.4,6194.0,19.9
INC2011-143,2011-09-09,16.6,9.6,23.5,17.171428571428574,9.2,26.1,18.293333333333337,7.9,28.0,0.0,5.1,136.59999999999997,0.0,30309.0,8.0,30309.0,8.0,7558.0,16.7
INC2014-024,2014-02-07,-12.8,-19.8,-5.8,-6.571428571428571,-17.9,2.7,-7.016666666666668,-24.4,10.1,11.0,14.500000000000002,80.39999999999999,14.0,30309.0,5.5,30309.0,5.5,30309.0,5.5
INC2018-037,2018-04-27,12.8,7.5,18.1,6.542857142857143,-4.5,17.4,2.796666666666667,-8.0,17.4,19.0,17.1,86.3,,42083.0,26.4,42083.0,26.4,,
INC2012-074,2012-06-06,8.9,7.5,10.2,10.971428571428573,3.3,20.9,11.966666666666667,-1.4,24.0,1.0,20.8,51.0,0.0,42083.0,26.4,42083.0,26.4,6447.0,40.9
INC2012-075,2012-06-15,14.4,9.4,19.4,13.828571428571427,4.9,22.5,12.550000000000002,1.9,24.0,0.0,19.099999999999998,57.900000000000006,0.0,42083.0,26.4,42083.0,26.4,6447.0,40.9
INC2017-009,2017-01-25,1.4,0.3,2.5,-4.3,-12.8,0.8,-4.75,-24.8,10.2,13.0,14.4,81.30000000000001,3.0,42083.0,26.4,42083.0,26.4,42083.0,26.4
INC2022-078,2022-05-10,16.2,6.8,25.5,11.085714285714285,1.6,22.7,7.810000000000001,-3.0,22.7,9.0,1.7,69.89999999999999,0.0,5237.0,21.2,5237.0,21.2,5532.0,21.5
INC2011-142,2011-09-09,17.8,11.8,23.8,17.3,8.2,26.0,18.193333333333335,8.2,27.5,0.0,4.0,128.8,0.0,7558.0,28.4,7558.0,28.4,7558.0,28.4
INC2009-128,2009-11-16,7.9,3.2,12.6,6.028571428571429,-5.3,16.0,4.5600000000000005,-5.3,18.9,21.0,19.700000000000003,124.79999999999998,0.0,42083.0,29.5,42083.0,29.5,6207.0,36.5
INC2012-156,2012-11-14,0.5,-1.1,2.1,3.216666666666667,-7.1,14.4,7.096153846153845,-7.1,16.8,5.0,69.5,191.79999999999998,0.0,45090.0,40.6,45090.0,40.6,6206.0,36.6
INC2012-116,2012-08-28,17.9,11.4,24.4,20.3,9.2,32.0,21.21333333333333,9.2,32.0,0.0,1.4,30.4,0.0,50309.0,8.0,50309.0,8.0,6206.0,1.6
INC2013-079,2013-05-15,9.8,3.5,16.0,14.185714285714285,4.0,27.0,9.303333333333335,-6.0,27.0,11.0,20.0,37.2,0.0,6219.0,33.2,6276.0,13.6,6219.0,33.2
INC2013-080,2013-05-15,9.8,3.5,16.0,14.185714285714285,4.0,27.0,9.303333333333335,-6.0,27.0,11.0,20.0,37.2,0.0,6219.0,33.2,6276.0,13.6,6219.0,33.2
INC2014-003,2014-01-08,-12.0,-15.1,-8.8,-13.01428571428571,-28.1,9.6,-10.44,-28.1,9.6,2.0,12.4,168.8,65.0,50309.0,2.7,50309.0,2.7,50309.0,2.7
INC2013-169,2013-12-09,-9.2,-12.9,-5.5,-0.5428571428571428,-11.4,8.1,-0.37000000000000005,-12.6,16.6,19.0,55.199999999999996,89.6,0.0,50309.0,2.7,50309.0,2.7,50309.0,2.7
INC2021-015,2021-02-02,-0.9,-5.0,3.2,-5.6,-15.8,0.4,-4.88,-16.0,4.1,7.0,3.0,40.9,12.0,54282.0,2.7,50309.0,2.7,50309.0,2.7
INC2016-067,2016-07-02,18.8,14.0,23.6,20.47142857142857,9.5,29.8,15.686666666666666,1.4,29.8,0.0,29.2,84.6,0.0,50309.0,2.8,50309.0,2.8,6219.0,38.5
INC2016-078,2016-07-15,23.1,16.0,30.1,16.857142857142858,9.6,28.9,17.446666666666665,4.4,29.8,0.0,11.200000000000001,84.39999999999999,0.0,50309.0,2.8,50309.0,2.8,6219.0,38.5
INC2011-018,2011-02-01,-14.9,-19.7,-10.1,-10.942857142857141,-21.5,-1.2,-7.973333333333333,-24.6,1.4,8.0,32.5,166.70000000000002,80.0,6207.0,2.8,6207.0,2.8,6207.0,2.8
INC2015-112,2015-09-22,11.9,4.5,19.3,18.17142857142857,4.8,29.4,18.76,4.8,32.0,0.0,2.6,69.79999999999998,0.0,50309.0,2.7,50309.0,2.7,6219.0,38.5
INC2020-059,2020-06-14,12.8,3.5,22.0,15.814285714285713,4.0,27.0,16.886666666666667,0.5,36.5,0.0,13.0,44.0,0.0,6900.0,45.6,47527.0,36.4,4243.0,27.2
INC2016-125,2016-10-24,6.5,3.0,10.0,11.428571428571429,1.0,20.0,9.85,-4.0,23.0,3.0,18.4,91.8,0.0,6219.0,38.9,6219.0,38.9,6219.0,38.9
INC2015-050,2014-05-08,8.5,-1.0,18.0,7.214285714285714,-2.0,17.0,5.006666666666666,-9.0,17.0,14.0,39.6,131.6,0.0,6219.0,39.0,6219.0,39.0,6219.0,39.0
INC2014-134,2014-11-03,2.2,-3.3,7.6,4.042857142857143,-3.9,11.3,7.779310344827586,-3.9,26.1,11.0,,60.5,0.0,47527.0,70.5,47527.0,70.5,4243.0,62.4
INC2023-186,2023-10-26,12.5,10.4,14.6,7.128571428571427,-5.1,14.2,9.660714285714288,-5.1,26.7,4.0,28.4,33.0,0.0,52318.0,10.3,52318.0,10.3,53618.0,72.2
INC2022-077,2022-05-09,13.5,3.4,23.5,9.371428571428572,-3.0,21.7,6.382758620689654,-5.2,21.7,16.0,6.8,53.00000000000001,,51698.0,6.9,51698.0,6.9,,
INC2024-068,2024-10-04,14.0,6.7,21.3,14.957142857142856,6.8,21.8,16.43,4.6,28.1,0.0,2.2,43.6,,51698.0,4.1,51698.0,4.1,,
INC2024-028,2024-04-25,-0.9,-8.8,7.0,2.3428571428571425,-9.8,10.4,3.632142857142857,-9.8,22.7,17.0,30.999999999999996,120.69999999999999,0.0,52318.0,4.2,52318.0,4.2,53618.0,66.3
INC2026-017,2026-02-12,-14.2,-21.3,-7.1,-16.357142857142858,-35.2,-4.6,-16.533333333333335,-37.0,0.2,1.0,2.8000000000000003,14.2,54.0,52318.0,4.4,52318.0,4.4,54604.0,5.4
INC2024-062,2024-08-24,19.1,13.4,24.8,15.142857142857142,6.5,24.2,18.536666666666665,6.5,30.3,0.0,20.5,48.5,0.0,52318.0,4.4,52318.0,4.4,53618.0,66.3
INC2018-018,2018-02-19,-3.4,-6.8,0.1,-9.057142857142859,-24.6,1.6,-11.999999999999996,-31.2,4.6,4.0,1.1,24.399999999999995,23.0,52318.0,4.4,52318.0,4.4,54604.0,5.3
INC2011-026,2011-02-11,-13.0,-18.5,-7.4,-11.714285714285714,-22.5,-2.0,-15.103333333333333,-33.1,-2.0,0.0,7.199999999999999,45.0,62.0,4201.0,4.4,4201.0,4.4,4201.0,4.4
INC2010-110,2010-09-30,12.1,7.5,16.7,10.742857142857144,6.0,21.6,12.893333333333334,2.5,29.5,0.0,79.40000000000002,194.79999999999998,0.0,4201.0,4.3,4201.0,4.3,4201.0,4.3
INC2010-116,2010-10-21,0.8,-1.9,3.4,5.857142857142857,-0.5,12.4,8.463333333333335,-1.1,21.6,3.0,11.8,112.8,0.0,4201.0,8.8,4201.0,8.8,4201.0,8.8
INC2018-096,2018-08-21,18.7,16.4,21.1,19.12857142857143,10.6,28.6,20.24074074074074,10.6,31.5,0.0,6.7,62.2,0.0,54604.0,28.8,54604.0,28.8,45547.0,53.7
INC2016-102,2016-08-29,17.4,12.0,22.7,18.87142857142857,7.1,25.3,19.82333333333333,7.1,31.8,0.0,18.5,105.3,0.0,52318.0,39.7,52318.0,39.7,45547.0,63.5
INC2021-072,2021-05-17,14.8,4.8,24.8,11.657142857142857,2.9,23.8,8.023333333333333,-3.0,23.8,7.0,8.5,58.3,,51457.0,10.8,26892.0,12.1,,
INC2025-081,2025-10-09,6.7,0.6,12.8,15.97142857142857,4.0,29.8,15.0448275862069,2.6,29.8,0.0,17.7,26.200000000000003,0.0,5977.0,56.1,5977.0,56.1,53618.0,79.3
INC2011-004,2011-01-12,-11.0,-13.2,-8.8,-9.485714285714284,-17.3,-3.4,-7.206666666666668,-17.3,8.0,3.0,5.8,37.8,36.0,5977.0,56.1,5977.0,56.1,5977.0,56.1
INC2020-125,2020-11-13,3.4,-0.7,7.5,11.714285714285714,-0.6,22.6,5.223333333333333,-8.2,22.6,11.0,4.8,87.2,0.0,5977.0,57.5,5977.0,57.5,54604.0,63.7
INC2009-109,2009-09-26,10.3,3.2,17.4,13.642857142857142,2.8,24.8,14.866666666666667,2.8,25.9,0.0,2.4000000000000004,25.2,0.0,5977.0,57.8,5977.0,57.8,4201.0,66.7
INC2022-046,2022-03-09,-3.3,-8.8,2.2,-7.085714285714286,-19.5,7.1,-10.516666666666667,-30.9,7.1,8.0,25.500000000000004,76.2,51.0,5977.0,59.0,5977.0,59.0,5977.0,59.0
INC2018-095,2018-08-21,18.5,13.5,23.4,17.5,5.1,31.6,19.164285714285718,5.1,31.6,0.0,0.0,75.7,,47687.0,61.8,47687.0,61.8,,
INC2022-044,2022-03-05,-14.7,-25.4,-3.9,-15.485714285714284,-29.7,-3.1,-17.063333333333336,-40.8,3.3,3.0,0.0,16.9,52.0,49489.0,59.2,49489.0,59.2,47687.0,59.2
INC2026-062,2026-07-16,14.3,6.7,21.9,18.04285714285714,6.2,28.6,17.029999999999998,4.1,32.8,0.0,9.9,69.2,,43323.0,6.8,43323.0,6.8,,
INC2012-092,2012-07-16,19.6,13.7,25.5,18.085714285714285,3.5,32.5,17.21333333333333,3.5,32.5,0.0,2.0,148.39999999999998,0.0,43323.0,6.7,43323.0,6.7,6256.0,43.5
INC2019-049,2019-05-01,2.8,-2.6,8.2,3.657142857142857,-2.2,13.5,1.8666666666666667,-11.0,18.0,21.0,18.099999999999998,89.8,9.0,43323.0,6.7,43323.0,6.7,43323.0,6.7
INC2019-046,2019-04-26,6.0,-1.5,13.5,4.328571428571429,-4.7,16.4,0.95,-21.7,18.0,22.0,32.8,95.60000000000001,12.0,43323.0,6.7,43323.0,6.7,43323.0,6.7
INC2022-152,2022-08-30,25.4,20.0,30.8,15.857142857142861,2.7,27.7,17.42,2.7,30.3,0.0,3.8000000000000003,75.2,0.0,43323.0,6.5,43323.0,6.5,6109.0,85.8
INC2021-128,2021-09-06,19.1,13.2,25.0,13.22857142857143,1.3,26.6,17.9,1.3,33.9,0.0,13.5,40.699999999999996,0.0,43323.0,6.5,43323.0,6.5,6109.0,85.8
INC2020-118,2020-10-30,-4.6,-10.3,1.1,0.6857142857142858,-7.8,12.5,5.1571428571428575,-7.8,21.7,16.0,20.1,200.79999999999998,0.0,43323.0,6.5,43323.0,6.5,6109.0,85.9
INC2021-112,2021-07-28,12.1,3.8,20.5,16.271428571428572,5.4,28.4,16.73448275862069,1.4,29.9,0.0,19.8,83.4,0.0,43323.0,6.5,6109.0,85.9,6109.0,85.9
INC2019-029,2019-02-28,-21.5,-34.1,-9.0,-14.97142857142857,-29.0,-2.1,-14.717241379310348,-34.2,3.1,2.0,25.2,132.79999999999998,110.0,43323.0,6.5,43323.0,6.5,43323.0,6.5
INC2015-030,2015-03-19,-11.7,-18.2,-5.2,-10.528571428571428,-25.5,3.4,-13.426666666666668,-35.6,7.5,4.0,10.9,29.5,51.0,43323.0,6.5,43323.0,6.5,43323.0,6.5
INC2021-044,2021-03-15,-17.0,-21.6,-12.4,-4.216666666666667,-22.5,9.5,-10.658620689655175,-31.1,9.5,7.0,4.2,46.99999999999999,44.0,43323.0,6.4,43323.0,6.4,43323.0,6.4
INC2021-001,2021-01-03,-8.9,-13.2,-4.6,-7.942857142857143,-18.5,2.3,-4.939285714285714,-22.6,12.8,10.0,14.399999999999999,71.5,15.0,43323.0,6.4,43323.0,6.4,43323.0,6.4
INC2021-090,2021-06-26,18.7,16.5,20.9,15.97142857142857,1.7,27.6,13.470000000000002,-4.1,33.5,6.0,18.999999999999996,75.40000000000002,0.0,43323.0,6.4,6109.0,85.8,6109.0,85.8
INC2021-042,2021-03-09,-12.1,-22.5,-1.6,-14.100000000000001,-26.8,-2.8,-13.103448275862071,-31.1,4.6,5.0,1.3,46.900000000000006,61.0,43323.0,6.3,43323.0,6.3,43323.0,6.3
INC2024-076,2024-10-25,3.1,-4.5,10.8,8.700000000000001,-5.5,21.7,8.496428571428572,-5.5,21.7,12.0,0.0,127.8,0.0,43323.0,6.2,43323.0,6.2,6109.0,86.0
INC2022-079,2017-12-21,-15.7,-19.8,-11.5,-14.657142857142858,-23.6,-1.6,-7.129999999999999,-24.3,8.0,12.0,3.3,65.60000000000001,26.0,43323.0,6.2,43323.0,6.2,43323.0,6.2
INC2022-194,2022-10-30,6.8,-3.4,17.1,9.528571428571427,-5.3,21.1,8.326666666666668,-6.4,23.9,18.0,31.200000000000003,126.6,0.0,43323.0,6.2,43323.0,6.2,6109.0,86.0
INC2024-075,2024-10-25,3.1,-4.5,10.8,8.700000000000001,-5.5,21.7,8.496428571428572,-5.5,21.7,12.0,0.0,127.8,0.0,43323.0,5.9,43323.0,5.9,6109.0,86.4
INC2022-193,2022-10-28,2.8,-3.7,9.4,10.471428571428573,-1.6,21.1,8.636666666666667,-6.4,23.9,17.0,31.200000000000003,128.3,0.0,43323.0,5.8,43323.0,5.8,6109.0,86.6
INC2021-043,2021-03-15,-17.0,-21.6,-12.4,-4.216666666666667,-22.5,9.5,-10.658620689655175,-31.1,9.5,7.0,4.2,46.99999999999999,44.0,43323.0,5.8,43323.0,5.8,43323.0,5.8
INC2008-034,2008-03-31,0.6,-2.3,3.5,-9.914285714285713,-26.2,2.6,-9.886666666666667,-28.2,3.1,8.0,2.0,27.5,45.0,30246.0,28.9,30246.0,28.9,27535.0,80.2
INC2012-032,2012-02-09,-4.4,-10.5,1.7,-8.928571428571429,-22.8,1.9,-11.599999999999998,-32.9,2.9,5.0,0.5,18.4,27.0,49489.0,28.9,49489.0,28.9,27535.0,80.2
INC2022-128,2022-07-28,16.1,11.6,20.6,19.742857142857144,11.6,27.7,18.089285714285715,5.7,31.5,0.0,44.3,91.0,,49489.0,28.7,49489.0,28.7,,
INC2011-102,2011-06-23,13.8,6.0,21.5,12.471428571428572,4.0,17.5,13.059999999999999,1.0,24.0,0.0,63.99999999999999,115.79999999999998,0.0,6119.0,19.6,6119.0,19.6,6119.0,19.6
INC2020-082,2020-08-08,19.4,11.2,27.6,16.8,8.7,28.2,19.31,8.7,32.2,0.0,10.0,85.9,,49489.0,8.7,49489.0,8.7,,
INC2026-011,2025-05-20,6.1,-3.3,15.4,13.35714285714286,-1.8,29.8,7.59,-5.8,29.8,15.0,3.8000000000000003,57.20000000000001,,49489.0,28.6,49489.0,28.6,,
INC2019-067,2019-06-03,7.5,2.1,12.9,9.928571428571429,1.0,20.6,8.659999999999998,-3.3,20.8,5.0,5.7,81.0,3.0,49489.0,29.1,49489.0,29.1,5988.0,91.6
INC2026-012,2024-05-15,9.1,1.1,17.0,10.914285714285715,2.2,21.9,6.9700000000000015,-12.0,21.9,12.0,1.0999999999999999,60.60000000000001,,49489.0,29.5,49489.0,29.5,,
INC2026-044,2026-06-05,20.0,14.3,25.7,16.171428571428574,4.9,29.6,10.979999999999999,-3.1,29.6,8.0,0.0,36.3,,49489.0,36.5,49489.0,36.5,,
INC2026-009,2024-01-15,-12.4,-17.9,-7.0,-13.342857142857143,-21.6,-5.9,-7.326666666666666,-21.6,5.7,5.0,0.1,14.2,7.0,47687.0,42.4,49489.0,42.4,47687.0,42.4
INC2025-059,2025-08-19,15.0,6.5,23.4,16.82857142857143,2.8,29.2,18.549999999999997,2.8,31.8,0.0,1.2,42.5,,49489.0,18.0,49489.0,18.0,,
INC2026-010,2024-05-09,10.5,5.7,15.2,11.685714285714285,3.6,21.4,5.48,-12.5,21.4,13.0,13.9,121.4,,10849.0,43.7,10849.0,43.7,,
INC2009-095,2009-09-12,17.8,9.3,26.2,16.171428571428574,5.8,25.8,16.08,1.6,29.8,0.0,0.5,51.5,,30246.0,25.8,30246.0,25.8,,
INC2018-136,2018-10-05,-0.1,-2.4,2.1,5.985714285714285,-2.1,18.5,11.169999999999998,-2.1,28.3,3.0,33.8,124.20000000000002,4.0,27535.0,25.6,27535.0,25.6,27535.0,25.6
INC2018-134,2018-09-27,9.1,3.3,14.9,10.12857142857143,0.7,23.1,13.656666666666665,0.7,28.3,0.0,27.999999999999996,142.4,,27535.0,21.7,27535.0,21.7,,
INC2025-060,2025-08-19,13.9,5.1,22.7,15.085714285714285,0.2,27.9,16.743333333333332,0.2,31.8,0.0,4.6,78.9,,55367.0,14.8,55367.0,14.8,,
INC2018-001,2018-01-08,-6.0,-7.7,-4.2,-23.814285714285717,-35.6,-7.7,-21.096666666666668,-35.6,1.7,1.0,0.0,3.4,29.0,27535.0,21.1,27535.0,21.1,27535.0,21.1
INC2026-006,2020-08-11,21.8,16.7,26.8,19.028571428571432,11.0,30.2,19.236666666666665,7.9,30.2,0.0,8.6,104.19999999999999,0.0,10849.0,24.9,5988.0,53.1,5988.0,53.1
INC2016-035,2016-04-08,-9.4,-15.0,-3.7,-10.571428571428571,-28.8,0.1,-4.766666666666667,-28.8,13.0,17.0,22.8,71.6,22.0,27535.0,16.1,27535.0,16.1,27535.0,16.1
INC2012-063,2012-05-13,12.6,2.9,22.2,9.957142857142857,-0.7,21.4,5.09,-8.6,21.4,18.0,3.1,50.199999999999996,0.0,27535.0,38.8,27535.0,38.8,48908.0,47.2
INC2019-097,2019-08-30,12.5,10.0,15.0,15.914285714285713,5.3,24.4,17.15,5.3,28.3,0.0,15.399999999999999,41.2,,27535.0,41.6,47547.0,77.9,,
INC2022-032,2022-02-15,2.3,-1.0,5.5,1.7285714285714284,-5.0,8.5,0.6633333333333334,-9.5,8.5,20.0,3.6,94.60000000000001,35.0,951.0,87.7,951.0,87.7,951.0,87.7
INC2021-165,2021-11-08,8.5,5.1,11.9,5.1571428571428575,-1.0,12.1,8.553333333333335,-1.0,17.8,2.0,0.0,51.4,0.0,4061.0,22.2,54378.0,22.1,54378.0,22.1
INC2023-183,2023-10-15,7.9,6.1,9.7,8.471428571428572,4.1,12.4,13.576666666666666,4.1,22.2,0.0,1.8,45.800000000000004,0.0,4061.0,22.3,54378.0,22.2,54378.0,22.2
INC2018-053,2018-05-24,10.3,6.0,14.5,8.4,2.9,17.4,6.716666666666666,-1.3,19.6,5.0,2.6,12.0,0.0,4061.0,27.4,54378.0,29.4,54378.0,29.4
INC2017-104,2017-07-21,18.2,14.6,21.8,17.599999999999998,11.8,25.7,16.026666666666667,9.9,25.7,0.0,6.2,94.00000000000001,0.0,4061.0,34.3,54378.0,36.9,54378.0,36.9
INC2011-177,2011-12-01,-10.7,-16.2,-5.2,-2.8000000000000003,-18.1,8.2,-1.5066666666666668,-18.7,13.7,19.0,11.3,20.4,6.0,46507.0,4.4,46507.0,4.4,46507.0,4.4
INC2010-047,2010-05-04,9.0,2.4,15.6,9.042857142857144,-4.4,24.4,5.34,-10.2,24.4,21.0,7.7,32.800000000000004,0.0,4180.0,50.9,47547.0,51.8,4180.0,50.9
INC2018-025,2013-11-27,-13.3,-17.6,-9.0,-8.77142857142857,-22.0,5.3,-2.9892857142857148,-22.0,7.9,16.0,4.8,34.5,3.0,46507.0,51.5,46507.0,51.5,3932.0,13.6
INC2025-014,2025-02-27,-1.9,-4.9,1.1,-4.3,-21.6,6.2,-12.70333333333333,-33.5,6.2,6.0,4.4,44.0,39.0,30682.0,53.5,54378.0,50.2,54378.0,50.2
INC2020-048,2020-05-19,10.1,-0.5,20.6,7.3999999999999995,-5.6,22.7,3.0500000000000003,-13.5,22.7,22.0,4.5,6.1000000000000005,0.0,27674.0,50.9,27674.0,50.9,54378.0,57.4
INC2020-030,2020-03-09,-13.8,-16.5,-11.1,-5.485714285714286,-18.6,6.7,-10.563333333333333,-30.3,8.1,8.0,2.2,13.2,17.0,27674.0,41.7,27674.0,41.7,27674.0,41.7
INC2022-089,2022-05-27,10.6,7.7,13.4,10.428571428571429,1.8,21.4,10.642857142857144,-11.2,32.1,9.0,46.5,80.9,,50460.0,48.4,50460.0,48.4,,
INC2016-121,2016-10-13,3.7,0.8,6.6,8.042857142857143,-0.1,17.8,11.79310344827586,-0.1,22.7,1.0,36.2,79.1,0.0,27674.0,32.3,27674.0,32.3,54378.0,74.4
INC2022-215,2022-11-28,-6.5,-8.7,-4.2,-2.771428571428572,-14.3,8.2,-0.47999999999999987,-17.4,18.4,11.0,9.1,162.49999999999997,10.0,50460.0,49.0,50460.0,49.0,47547.0,50.3
INC2011-055,2011-04-01,0.5,-8.3,9.3,-7.885714285714286,-23.9,7.2,-9.18,-29.5,8.2,9.0,0.0,52.6,47.0,4180.0,49.0,48908.0,28.0,48908.0,28.0
INC2009-021,2009-03-09,-6.8,-16.5,2.9,-10.657142857142857,-35.6,5.8,-12.383333333333331,-36.5,5.8,4.0,13.0,77.00000000000001,90.0,4180.0,49.0,4180.0,49.0,4180.0,49.0
INC2016-046,2016-05-12,9.8,3.7,15.9,10.442857142857141,-1.8,30.6,6.4607142857142845,-12.6,30.6,22.0,0.7,9.6,0.0,4057.0,39.0,4057.0,39.0,54378.0,69.6
INC2024-035,2024-06-11,9.2,2.8,15.5,12.485714285714286,5.0,20.0,11.303333333333333,-0.4,24.2,1.0,32.9,86.39999999999999,0.0,27674.0,26.3,27674.0,26.3,54378.0,81.5
INC2020-066,2020-06-24,14.7,5.9,23.4,17.633333333333333,5.7,31.3,14.506896551724138,-1.0,31.5,2.0,1.7999999999999998,46.699999999999996,0.0,4057.0,51.7,4057.0,51.7,54378.0,63.9
INC2010-074,2010-07-10,18.9,10.7,27.1,22.914285714285715,14.5,32.0,16.95333333333333,2.6,32.0,0.0,53.3,91.60000000000001,0.0,4180.0,50.5,47547.0,51.8,4180.0,50.5
INC2018-132,2018-09-25,13.8,4.4,23.2,14.942857142857145,5.5,24.6,16.673333333333336,4.6,30.5,0.0,2.6999999999999997,5.199999999999999,0.0,1041.0,41.0,1041.0,41.0,1056.0,64.0
INC2008-052,2008-05-18,7.6,-2.0,17.2,10.4,-4.3,25.0,6.203333333333332,-7.3,25.0,18.0,36.5,69.0,0.0,26963.0,13.5,26963.0,13.5,6889.0,66.7
INC2021-122,2021-08-26,17.7,10.9,24.6,15.985714285714286,6.4,25.9,21.229999999999997,6.4,36.9,0.0,5.800000000000001,29.9,0.0,6838.0,24.5,6838.0,24.5,1111.0,26.7
INC2026-028,2026-04-13,3.2,0.5,6.0,1.2857142857142858,-7.8,9.0,-2.6533333333333338,-24.4,9.0,18.0,7.7,12.6,3.0,48068.0,13.3,48068.0,13.3,48068.0,13.3
INC2016-069,2016-06-29,17.7,13.0,22.3,17.557142857142853,9.6,27.4,16.336666666666666,5.7,31.6,0.0,9.8,46.199999999999996,0.0,50308.0,10.2,50308.0,10.2,870.0,14.6
INC2022-139,2022-08-18,25.8,17.7,33.8,21.114285714285717,12.2,33.1,21.276666666666667,11.1,35.4,0.0,0.0,7.1,0.0,50308.0,10.6,50308.0,10.6,870.0,14.4
INC2022-062,2022-03-29,-0.8,-8.0,6.4,4.528571428571429,-6.8,20.2,-2.556666666666667,-31.5,20.2,20.0,0.0,14.2,2.0,10821.0,7.1,10821.0,7.1,3186.0,39.7
INC2016-126,2016-10-24,5.5,-2.0,12.9,4.757142857142857,-1.4,15.7,7.4433333333333325,-6.6,23.1,10.0,0.4,39.10000000000001,0.0,49728.0,36.3,49728.0,36.3,2981.0,48.5
INC2020-024,2020-02-23,-5.4,-14.3,3.5,-14.157142857142857,-31.3,7.6,-12.833333333333332,-35.0,7.6,3.0,1.7000000000000002,13.799999999999999,54.0,4057.0,3.4,4057.0,3.4,4057.0,3.4
INC2015-126,2015-11-05,1.9,0.1,3.7,5.157142857142857,-0.2,11.3,6.9206896551724135,-6.3,27.3,10.0,7.6,29.099999999999998,0.0,3605.0,1.7,3605.0,1.7,3605.0,1.7
INC2022-026,2022-02-09,-7.1,-14.0,-0.1,-18.442857142857143,-33.4,2.9,-15.933333333333334,-33.4,2.9,3.0,6.0,20.099999999999998,23.0,3605.0,1.5,3605.0,1.5,3605.0,1.5
INC2011-016,2011-02-01,-37.8,-44.8,-30.8,-12.028571428571428,-41.4,3.5,-13.046666666666665,-41.4,3.5,4.0,7.1000000000000005,28.999999999999996,92.0,10821.0,18.3,10821.0,18.3,3195.0,40.0
INC2013-167,2013-12-05,-28.6,-34.0,-23.1,,,,-6.775000000000001,-29.7,11.2,14.0,,41.300000000000004,20.0,10821.0,18.3,10821.0,18.3,3186.0,59.9
INC2026-032,2026-04-23,13.3,2.9,23.6,3.642857142857143,-7.8,27.0,0.9233333333333335,-11.7,27.0,18.0,3.0,13.8,1.0,3605.0,1.4,3605.0,1.4,3605.0,1.4
INC2022-073,2022-04-24,-0.5,-3.3,2.2,-1.4714285714285715,-15.5,6.7,-1.586666666666667,-15.7,10.5,14.0,52.8,81.80000000000001,4.0,3605.0,1.4,3605.0,1.4,3605.0,1.4
INC2022-125,2022-07-30,21.3,12.9,29.7,18.114285714285717,10.9,26.1,20.29,7.8,33.6,0.0,21.3,121.69999999999999,0.0,3605.0,1.4,3605.0,1.4,6889.0,31.2
INC2019-068,2019-06-03,20.7,9.0,32.4,14.828571428571426,0.0,33.2,10.653333333333334,-5.6,33.2,6.0,0.2,30.9,,3605.0,1.4,3605.0,1.4,,
INC2024-057,2024-08-07,,,,17.52857142857143,4.9,29.2,18.07,4.9,31.7,0.0,2.2,63.4,,4057.0,3.0,4057.0,3.0,,
INC2009-037,2009-05-01,2.2,-1.1,5.4,3.957142857142857,-4.7,13.3,1.8666666666666667,-12.4,16.9,25.0,55.7,81.39999999999999,1.0,4057.0,2.9,4057.0,2.9,10220.0,87.3
INC2009-121,2009-10-28,2.9,-0.8,6.5,0.24285714285714288,-7.0,7.5,2.4000000000000004,-7.0,14.8,19.0,3.8,20.8,6.0,4057.0,3.0,4057.0,3.0,4057.0,3.0
INC2020-057,2020-06-12,11.8,11.0,12.5,13.799999999999999,8.5,21.0,13.613333333333335,6.5,27.0,0.0,51.199999999999996,140.0,0.0,810.0,12.3,810.0,12.3,870.0,6.1
INC2020-077,2020-07-28,20.3,15.5,25.0,19.842857142857138,11.5,32.0,17.35666666666667,9.5,32.0,0.0,1.0,84.0,0.0,810.0,12.3,810.0,12.3,870.0,6.1
INC2023-187,2023-10-27,5.0,1.0,9.0,9.014285714285714,1.0,16.0,12.706666666666669,1.0,25.0,0.0,4.2,122.8,0.0,810.0,11.7,810.0,11.7,870.0,6.6
INC2022-069,2022-04-12,3.0,1.0,5.0,8.0,0.5,20.0,7.690000000000002,0.5,20.0,0.0,12.0,190.79999999999998,0.0,810.0,11.5,810.0,11.5,810.0,11.5
INC2024-016,2024-02-26,3.0,-0.5,6.5,7.285714285714286,3.0,11.5,6.753333333333336,0.0,17.0,0.0,43.8,176.20000000000002,0.0,810.0,11.4,810.0,11.4,870.0,6.9
INC2022-091,2022-06-01,18.4,11.6,25.2,13.914285714285713,7.6,23.7,11.56,3.7,23.7,0.0,29.799999999999997,106.80000000000001,0.0,50368.0,11.7,50368.0,11.7,870.0,5.2
INC2024-015,2024-02-26,3.0,-0.5,6.5,7.285714285714286,3.0,11.5,6.753333333333336,0.0,17.0,0.0,43.8,176.20000000000002,0.0,810.0,9.7,810.0,9.7,870.0,7.6
INC2024-012,2024-02-20,7.3,5.0,9.5,5.628571428571429,0.5,11.5,6.3100000000000005,0.0,17.0,0.0,3.0,215.4,0.0,810.0,9.7,810.0,9.7,870.0,7.6
INC2021-152,2021-10-13,6.3,4.0,8.5,9.1,3.0,14.0,12.453333333333335,3.0,24.0,0.0,37.199999999999996,234.39999999999998,0.0,810.0,9.4,810.0,9.4,870.0,7.6
INC2023-094,2023-06-23,20.0,14.0,26.0,13.057142857142855,7.5,25.0,15.616666666666667,7.5,30.0,0.0,26.2,39.4,0.0,810.0,9.4,810.0,9.4,870.0,7.6
INC2023-036,2023-03-06,4.8,0.5,9.0,1.8714285714285717,-3.0,8.5,2.92,-9.5,10.5,8.0,9.0,160.2,0.0,810.0,9.4,810.0,9.4,870.0,7.6
INC2012-016,2012-01-24,2.8,0.0,5.5,-3.9,-14.0,5.5,1.8366666666666664,-14.0,10.5,6.0,53.50000000000001,235.49999999999997,0.0,810.0,9.4,810.0,9.4,870.0,7.6
INC2011-168,2011-11-03,1.0,-3.0,5.0,2.9,-4.5,11.5,6.363333333333334,-4.5,15.0,12.0,9.799999999999999,45.8,0.0,1130.0,26.4,1130.0,26.4,1130.0,26.4
INC2023-190,2023-11-01,5.9,-0.1,11.8,4.985714285714286,-2.6,13.1,11.389999999999999,-2.6,25.9,5.0,,97.19999999999999,0.0,50368.0,4.2,50368.0,4.2,51978.0,5.8
INC2023-197,2023-11-23,5.2,1.1,9.3,4.785714285714286,-1.5,10.6,6.453333333333333,-2.6,14.8,10.0,19.5,171.0,0.0,50368.0,4.2,51978.0,5.8,51978.0,5.8
INC2023-106,2023-07-14,22.0,15.0,29.0,18.77142857142857,13.0,26.0,17.716666666666665,7.5,30.0,0.0,0.0,26.6,0.0,810.0,7.3,810.0,7.3,810.0,7.3
INC2023-011,2023-01-22,3.0,0.7,5.3,3.857142857142857,-1.3,8.7,3.9099999999999993,-10.0,10.9,8.0,43.8,297.40000000000003,0.0,50368.0,3.4,810.0,19.2,870.0,6.8
INC2023-150,2023-09-04,14.5,12.0,17.0,18.814285714285713,13.5,29.0,20.843333333333323,12.0,34.0,0.0,29.799999999999997,31.799999999999997,0.0,810.0,7.6,810.0,7.6,810.0,7.6
INC2022-213,2022-11-29,-2.8,-5.0,-0.7,4.171428571428572,-3.7,9.0,3.7700000000000005,-4.9,13.9,17.0,64.0,194.39999999999998,0.0,50368.0,3.7,810.0,19.1,870.0,6.7
INC2009-133,2009-10-17,5.3,0.6,10.0,-0.41428571428571426,-7.0,3.6,8.57,-7.0,29.6,9.0,6.1000000000000005,22.599999999999998,0.0,29593.0,14.4,6889.0,3.2,6889.0,3.2
INC2023-053,2023-03-28,11.6,5.7,17.4,6.5857142857142845,-1.4,16.9,5.536666666666667,-6.6,18.0,8.0,17.9,74.7,0.0,54238.0,9.1,50308.0,9.1,43723.0,10.9
INC2011-061,2011-04-13,5.1,-7.0,17.2,2.442857142857143,-11.9,14.2,-4.123333333333333,-26.5,14.2,19.0,0.0,36.4,6.0,4180.0,60.1,48908.0,60.5,48908.0,60.5
INC2023-035,2023-03-03,3.6,1.4,5.8,-0.15714285714285722,-7.9,8.8,3.266666666666666,-7.9,11.1,12.0,26.299999999999997,103.50000000000001,0.0,54238.0,10.1,50308.0,10.1,50308.0,10.1
INC2017-165,2017-10-11,7.0,5.0,9.0,11.271428571428572,6.5,19.5,14.450000000000001,6.5,27.5,0.0,29.6,81.80000000000001,0.0,810.0,20.0,810.0,20.0,870.0,8.1
INC2018-127,2018-09-24,7.4,4.1,10.6,7.571428571428571,1.3,18.6,14.1,1.3,29.6,0.0,19.3,59.7,0.0,29593.0,16.2,6889.0,4.8,6889.0,4.8
INC2022-021,2022-02-05,-22.6,-33.1,-12.1,-18.714285714285715,-36.5,-3.2,-20.55666666666667,-36.5,-3.2,0.0,2.9,27.6,45.0,4057.0,25.2,4057.0,25.2,4057.0,25.2
INC2023-153,2023-09-08,18.3,11.5,25.0,19.02857142857143,10.9,30.5,21.20333333333333,10.9,35.8,0.0,6.6,24.800000000000004,0.0,51978.0,4.1,51978.0,4.1,51978.0,4.1
INC2023-126,2023-08-04,21.3,12.9,29.6,19.61428571428571,10.6,29.8,20.563333333333336,10.1,34.0,0.0,0.0,20.599999999999998,0.0,50368.0,7.0,50368.0,7.0,51978.0,4.3
INC2026-063,2026-07-16,20.8,17.0,24.5,20.099999999999998,11.0,31.5,19.68333333333333,10.5,34.5,0.0,4.0,22.6,0.0,51978.0,4.3,51978.0,4.3,51978.0,4.3
INC2023-136,2023-08-12,21.2,13.8,28.7,20.74285714285714,11.5,28.4,20.576666666666668,10.1,34.0,0.0,1.2,21.799999999999997,0.0,50368.0,7.0,50368.0,7.0,51978.0,4.3
INC2023-163,2023-09-18,17.0,14.0,20.0,18.95714285714286,10.8,30.0,19.726666666666667,10.8,33.7,0.0,2.0,26.4,0.0,51978.0,4.5,51978.0,4.5,51978.0,4.5
INC2023-131,2023-08-09,20.4,16.5,24.2,21.214285714285715,11.3,29.8,20.53666666666667,10.1,34.0,0.0,0.0,20.599999999999998,0.0,50368.0,7.0,50368.0,7.0,51978.0,4.2
INC2022-167,2022-09-19,12.3,6.9,17.7,14.4,2.1,25.3,18.09642857142857,0.3,34.9,0.0,4.0,14.899999999999999,0.0,8804.0,2.3,8804.0,2.3,46867.0,80.6
INC2021-144,2021-09-24,16.3,9.5,23.0,15.014285714285714,8.0,24.0,16.482758620689655,5.5,28.0,0.0,92.00000000000001,133.0,0.0,43723.0,0.7,43723.0,0.7,43723.0,0.7
INC2023-141,2023-08-17,25.4,17.8,32.9,24.37142857142857,13.6,35.8,21.933333333333334,11.4,35.8,0.0,0.2,20.4,0.0,51978.0,7.2,51978.0,7.2,870.0,5.6
INC2023-113,2023-07-21,,,,,,,19.59259259259259,9.5,31.5,0.0,,0.0,0.0,43723.0,0.5,43723.0,0.5,747.0,11.6
INC2023-003,2023-01-12,8.3,6.5,10.0,7.528571428571429,1.5,12.0,2.3666666666666667,-12.0,13.5,8.0,29.799999999999997,232.79999999999998,0.0,43723.0,0.8,43723.0,0.8,43723.0,0.8
INC2023-143,2023-08-19,21.2,12.6,29.8,25.057142857142857,15.4,35.8,21.99655172413793,11.4,35.8,0.0,0.0,20.4,0.0,51978.0,8.1,51978.0,8.1,51978.0,8.1
INC2024-005,2024-01-29,13.0,7.5,18.5,5.757142857142857,1.9,11.4,2.313333333333333,-16.7,11.4,3.0,94.8,220.29999999999998,0.0,51978.0,8.1,51978.0,8.1,51978.0,8.1
INC2023-052,2023-03-23,7.8,3.1,12.5,9.042857142857143,-1.3,18.5,4.04,-8.8,18.5,17.0,9.8,82.2,0.0,50368.0,8.2,810.0,19.4,870.0,9.1
INC2023-181,2023-10-10,12.1,10.5,13.6,16.614285714285714,9.9,25.5,16.213333333333335,6.0,30.0,0.0,5.1,65.6,0.0,51978.0,10.0,51978.0,10.0,51978.0,10.0
INC2022-182,2022-10-12,,,,,,,17.482142857142858,7.5,28.0,0.0,,2.6,0.0,43723.0,5.7,43723.0,5.7,43723.0,5.7
INC2023-091,2023-06-16,16.5,14.0,19.0,16.45714285714286,10.0,27.5,16.47931034482759,6.5,30.0,0.0,24.399999999999995,29.199999999999996,0.0,43723.0,3.9,43723.0,3.9,43723.0,3.9
INC2023-048,2023-03-17,7.7,-0.8,16.1,5.828571428571428,-1.0,13.7,3.9068965517241385,-6.4,13.7,11.0,34.1,135.6,0.0,6830.0,6.1,6830.0,6.1,776.0,10.0
INC2023-045,2023-03-15,5.9,1.0,10.8,5.800000000000001,-0.1,12.6,3.827586206896552,-6.4,12.6,11.0,34.0,139.5,0.0,6830.0,6.3,6830.0,6.3,776.0,9.8
INC2023-061,2023-04-19,8.4,4.6,12.1,7.057142857142857,-0.3,14.3,7.426666666666667,-0.3,17.9,2.0,37.4,152.0,0.0,6830.0,6.0,6830.0,6.0,43723.0,6.9
INC2023-072,2023-05-03,17.7,11.4,24.0,14.571428571428571,6.7,25.8,9.496666666666666,-0.3,25.8,1.0,2.6,136.6,0.0,6830.0,4.7,6830.0,4.7,43723.0,8.2
INC2023-008,2023-01-18,6.5,4.6,8.4,7.057142857142857,-0.6,13.1,3.7700000000000005,-12.4,13.1,4.0,83.5,328.29999999999995,0.0,6830.0,5.4,6830.0,5.4,43723.0,7.4
INC2023-012,2023-01-22,4.1,2.7,5.4,5.042857142857143,-0.8,8.9,5.516666666666667,-8.0,13.1,5.0,55.7,329.99999999999994,0.0,6830.0,5.3,6830.0,5.3,43723.0,7.5
INC2009-155,2009-10-07,6.0,3.2,8.8,6.528571428571429,1.4,16.1,14.523333333333333,-1.1,29.6,1.0,15.200000000000001,86.19999999999999,0.0,29593.0,10.3,6889.0,5.6,6889.0,5.6
INC2023-083,2023-05-30,14.4,9.8,19.1,17.02857142857143,10.0,28.4,16.996666666666666,5.9,33.2,0.0,0.0,19.1,0.0,6830.0,3.6,6830.0,3.6,747.0,7.9
INC2019-079,2019-07-04,17.9,15.4,20.5,17.5,10.3,26.9,17.083333333333332,7.6,31.9,0.0,32.8,38.2,0.0,6830.0,3.8,6830.0,3.8,747.0,8.1
INC2023-059,2023-04-13,7.5,2.7,12.3,8.071428571428571,-0.3,13.2,7.473333333333333,-1.0,18.5,4.0,54.6,117.1,0.0,6830.0,4.6,6830.0,4.6,43723.0,8.2
INC2023-098,2023-07-05,24.2,16.2,32.3,20.785714285714285,12.7,31.5,17.900000000000002,9.1,32.0,0.0,0.0,29.0,0.0,6830.0,3.8,6830.0,3.8,747.0,8.9
INC2009-130,2009-10-07,6.0,3.2,8.8,6.528571428571429,1.4,16.1,14.523333333333333,-1.1,29.6,1.0,13.4,120.00000000000001,2.0,29593.0,2.0,29593.0,2.0,29593.0,2.0
INC2024-023,2024-04-03,8.0,4.3,11.6,9.385714285714286,2.6,17.7,8.486666666666668,-2.2,23.3,4.0,15.0,74.30000000000001,0.0,706.0,5.4,706.0,5.4,51978.0,19.8
INC2023-049,2023-03-20,9.4,7.5,11.4,7.3428571428571425,-1.0,18.5,4.496551724137931,-6.4,18.5,11.0,14.5,115.6,0.0,6830.0,4.4,6830.0,4.4,834.0,13.5
INC2023-152,2023-09-08,15.7,7.6,23.8,17.47142857142857,8.4,28.8,19.00333333333333,7.7,33.2,0.0,1.3,19.1,0.0,55462.0,3.7,6830.0,4.3,747.0,10.1
INC2023-155,2023-09-09,18.2,8.2,28.2,16.871428571428574,7.6,28.8,18.9,7.6,33.2,0.0,1.3,12.8,0.0,55462.0,3.7,6830.0,4.4,747.0,10.2
INC2025-005,2025-01-23,0.6,-2.7,3.9,2.371428571428571,-3.7,8.1,4.406666666666666,-3.7,10.9,9.0,7.0,87.3,0.0,706.0,5.1,706.0,5.1,706.0,5.1
INC2025-106,2025-12-24,5.5,3.9,7.1,5.114285714285714,0.8,10.2,6.846666666666667,0.0,15.6,0.0,82.3,381.4,0.0,706.0,5.0,706.0,5.0,706.0,5.0
INC2021-215,2021-12-14,2.9,-0.5,6.3,3.8,0.2,9.4,5.533333333333333,-1.3,14.2,4.0,60.400000000000006,598.8000000000001,0.0,706.0,5.2,707.0,5.2,707.0,5.2
INC2021-089,2021-06-26,30.0,20.7,39.2,21.514285714285716,11.0,35.0,17.203333333333333,5.4,35.0,0.0,0.0,43.4,0.0,706.0,4.8,707.0,4.8,707.0,4.8
INC2023-050,2023-03-20,9.4,7.5,11.4,7.3428571428571425,-1.0,18.5,4.496551724137931,-6.4,18.5,11.0,14.5,115.6,0.0,6830.0,7.6,6830.0,7.6,834.0,9.9
INC2024-081,2024-10-30,8.2,6.6,9.7,9.200000000000001,0.7,15.4,11.123333333333333,0.7,23.4,0.0,54.3,321.8,0.0,55462.0,5.6,6830.0,7.0,834.0,10.3
INC2021-098,2021-07-09,21.5,16.5,26.5,20.185714285714287,14.5,27.0,19.99,8.5,38.5,0.0,0.0,38.6,0.0,834.0,8.6,834.0,8.6,834.0,8.6
INC2020-083,2020-08-07,17.0,13.5,20.5,20.11428571428571,12.0,28.7,19.719999999999995,10.3,33.0,0.0,10.0,28.5,0.0,706.0,5.6,707.0,5.6,707.0,5.6
INC2021-133,2021-09-09,21.5,16.0,27.0,17.942857142857143,11.0,24.5,18.0,8.5,33.0,0.0,24.2,42.1,0.0,834.0,7.3,834.0,7.3,834.0,7.3
INC2021-182,2021-11-19,4.3,2.5,6.0,6.599999999999999,-0.5,12.0,8.060714285714287,-0.5,18.5,1.0,206.6,465.0,0.0,834.0,7.8,834.0,7.8,834.0,7.8
INC2022-118,2022-07-23,19.0,13.0,25.0,19.02857142857143,11.0,29.0,19.713333333333328,10.5,34.0,0.0,5.5,41.5,0.0,707.0,5.8,707.0,5.8,707.0,5.8
INC2023-031,2023-02-28,2.0,0.0,4.0,0.14285714285714288,-8.0,8.0,3.1535714285714285,-8.0,10.0,10.0,43.6,184.79999999999998,29.0,834.0,5.0,834.0,5.0,834.0,5.0
INC2023-007,2023-01-18,6.0,4.5,7.5,8.12857142857143,2.0,14.0,4.544827586206897,-12.5,14.0,0.0,112.8,346.6,0.0,834.0,4.9,834.0,4.9,834.0,4.9
INC2018-141,2018-10-06,1.2,-1.5,3.9,2.8000000000000003,-4.3,16.1,8.772413793103448,-4.3,26.4,7.0,22.900000000000002,51.7,4.0,29886.0,21.7,29886.0,21.7,29886.0,21.7
INC2009-136,2009-12-06,-11.3,-17.3,-5.3,-5.485714285714287,-17.0,7.9,-0.1666666666666666,-17.0,9.8,20.0,0.6,13.200000000000001,0.0,1174.0,41.7,1174.0,41.7,1209.0,38.5
INC2012-152,2012-10-31,6.8,4.6,9.0,2.642857142857143,-4.6,10.7,5.296666666666667,-6.2,23.6,20.0,11.399999999999999,50.6,0.0,1174.0,41.7,1174.0,41.7,1174.0,41.7
INC2022-131,2022-08-07,21.5,14.0,29.0,20.77142857142857,12.0,33.0,20.58275862068965,12.0,33.5,0.0,11.6,13.4,0.0,834.0,4.4,834.0,4.4,834.0,4.4
INC2022-127,2022-08-03,18.8,15.0,22.5,25.12857142857143,16.0,33.0,20.434482758620685,12.0,33.5,0.0,0.0,13.600000000000001,0.0,834.0,4.2,834.0,4.2,834.0,4.2
INC2025-054,2025-08-05,18.3,11.4,25.2,17.87142857142857,7.4,27.4,17.683333333333334,7.2,29.6,0.0,0.0,65.9,,27674.0,16.6,27674.0,16.6,,
INC2022-140,2022-08-18,23.0,11.0,35.0,21.099999999999998,6.0,34.0,21.200000000000003,5.0,35.0,0.0,0.0,7.9,0.0,1180.0,25.1,1180.0,25.1,1180.0,25.1
INC2009-148,2009-03-10,-3.0,-7.0,1.0,1.25,-3.0,7.0,2.6999999999999997,-5.0,9.0,6.0,4.5,56.5,0.0,834.0,3.8,834.0,3.8,731.0,1.6
INC2011-185,2011-12-20,-5.3,-10.0,-0.6,-8.87142857142857,-26.2,1.3,-9.103333333333332,-27.6,10.4,5.0,8.899999999999999,26.7,17.0,4057.0,61.4,4057.0,61.4,4057.0,61.4
INC2021-041,2021-03-08,6.8,1.5,12.0,7.033333333333334,1.0,12.5,3.5172413793103448,-6.0,12.5,9.0,30.4,138.5,0.0,834.0,3.7,834.0,3.7,834.0,3.7
INC2019-074,2019-06-18,17.8,13.5,22.0,18.62857142857143,10.5,30.0,16.156666666666666,7.0,30.0,0.0,0.0,40.8,0.0,731.0,1.3,731.0,1.3,731.0,1.3
INC2018-063,2018-06-19,21.0,16.0,26.0,17.614285714285714,8.5,30.0,14.783333333333331,7.0,30.0,0.0,18.6,45.79999999999999,0.0,731.0,1.5,731.0,1.5,731.0,1.5
INC2020-051,2020-05-27,14.5,7.5,21.5,12.828571428571427,7.5,19.5,13.030000000000003,4.0,26.5,0.0,21.1,108.80000000000001,0.0,834.0,3.9,834.0,3.9,834.0,3.9
INC2022-013,2022-01-28,3.0,-1.0,7.0,2.3285714285714287,-2.5,7.5,2.283333333333333,-11.0,12.5,12.0,0.0,283.90000000000003,0.0,834.0,3.9,834.0,3.9,731.0,1.5
INC2022-096,2022-06-08,15.8,12.5,19.0,15.585714285714285,8.0,23.5,12.362962962962964,3.5,30.0,0.0,37.2,119.1,0.0,834.0,3.9,834.0,3.9,834.0,3.9
INC2023-055,2023-04-05,5.8,1.5,10.0,6.457142857142856,-0.5,15.5,6.896428571428572,-1.5,18.0,3.0,23.8,70.5,0.0,834.0,3.9,834.0,3.9,834.0,3.9
INC2021-153,2021-10-13,6.8,4.5,9.0,8.414285714285715,3.5,13.0,12.446666666666667,3.5,24.0,0.0,50.599999999999994,258.1,0.0,834.0,3.9,834.0,3.9,731.0,1.5
INC2020-091,2020-08-31,14.3,9.5,19.0,17.02857142857143,9.5,24.5,18.276666666666664,7.5,34.5,0.0,0.8,62.5,0.0,834.0,3.9,834.0,3.9,834.0,3.9
INC2020-124,2020-11-10,2.8,1.0,4.5,7.5857142857142845,-1.0,14.5,8.365517241379312,-2.0,14.5,3.0,75.8,192.7,0.0,834.0,3.9,834.0,3.9,834.0,3.9
INC2020-138,2020-12-15,5.8,4.5,7.0,4.742857142857143,0.0,9.5,5.946666666666668,0.0,13.5,0.0,67.39999999999999,287.2,0.0,834.0,3.9,834.0,3.9,834.0,3.9
INC2021-079,2021-06-02,22.8,17.5,28.0,15.685714285714285,7.5,27.5,13.675,2.0,27.5,0.0,20.0,43.9,0.0,731.0,1.5,731.0,1.5,731.0,1.5
INC2022-039,2022-02-25,2.0,-3.0,7.0,2.2142857142857144,-6.5,9.0,3.7933333333333334,-6.5,14.0,9.0,23.599999999999998,109.00000000000001,0.0,834.0,3.9,834.0,3.9,834.0,3.9
INC2023-015,2023-01-27,5.3,4.5,6.0,4.457142857142857,0.5,7.5,6.006666666666669,0.0,14.0,0.0,35.4,250.2,0.0,834.0,3.9,834.0,3.9,834.0,3.9
INC2023-021,2023-02-03,6.5,4.5,8.5,1.957142857142857,-5.5,8.0,5.406666666666666,-5.5,14.0,3.0,4.4,205.3,0.0,834.0,3.9,834.0,3.9,834.0,3.9
INC2023-194,2023-11-11,,,,,,,10.121428571428572,-1.0,21.0,2.0,,271.8,0.0,834.0,3.9,834.0,3.9,834.0,3.9
INC2019-026,2019-02-21,,,,,,,2.2074074074074073,-8.0,10.0,8.0,,217.9,2.0,834.0,3.9,834.0,3.9,731.0,1.5
INC2019-034,2019-03-18,10.4,5.3,15.5,7.257142857142857,2.9,13.0,4.44,-1.3,13.0,10.0,16.7,50.8,3.0,888.0,14.1,888.0,14.1,731.0,1.5
INC2019-036,2019-03-20,11.4,5.4,17.4,8.714285714285714,3.7,16.9,4.85,-1.3,16.9,10.0,2.7,50.800000000000004,3.0,888.0,14.1,888.0,14.1,731.0,1.5
INC2020-105,2020-10-07,16.0,11.5,20.5,16.857142857142858,11.0,24.5,17.066666666666666,8.0,29.0,0.0,0.0,146.8,0.0,834.0,3.9,834.0,3.9,834.0,3.9
INC2022-168,2022-09-20,18.8,13.5,24.0,15.87142857142857,9.5,22.0,18.929999999999996,8.5,30.5,0.0,12.0,16.0,0.0,834.0,3.9,834.0,3.9,834.0,3.9
INC2022-179,2022-10-04,16.8,12.5,21.0,17.728571428571428,11.0,26.0,17.28666666666667,8.5,28.5,0.0,0.6,19.200000000000003,0.0,834.0,3.9,834.0,3.9,834.0,3.9
INC2016-096,2016-08-24,19.6,13.3,25.8,19.342857142857138,12.1,29.8,19.333333333333332,12.1,29.8,0.0,0.0,4.3,0.0,888.0,14.1,888.0,14.1,834.0,3.9
INC2009-040,2009-05-06,8.3,5.5,11.0,11.2,6.0,20.0,9.579310344827586,1.0,20.0,0.0,32.0,64.3,0.0,834.0,3.9,834.0,3.9,731.0,1.5
INC2021-012,2021-02-01,5.5,4.0,7.0,4.2,0.5,8.0,5.1000000000000005,-3.0,11.5,2.0,32.2,264.8,0.0,834.0,4.1,834.0,4.1,834.0,4.1
INC2018-159,2018-08-18,20.5,12.4,28.6,21.34285714285715,9.2,36.5,21.744827586206892,7.0,40.5,0.0,0.0,0.4,0.0,50818.0,39.7,50818.0,39.7,1186.0,29.1
INC2018-090,2018-08-18,20.5,12.4,28.6,21.34285714285715,9.2,36.5,21.744827586206892,7.0,40.5,0.0,0.0,0.4,0.0,50818.0,39.7,50818.0,39.7,1186.0,29.1
INC2022-102,2022-06-09,14.3,12.5,16.0,17.114285714285714,7.0,27.0,13.882142857142856,4.0,27.0,0.0,40.7,140.3,0.0,707.0,7.6,707.0,7.6,707.0,7.6
INC2021-080,2021-06-06,13.8,5.5,22.0,17.07142857142857,1.5,32.5,11.596153846153848,-4.0,32.5,3.0,9.4,43.8,0.0,1180.0,37.3,1180.0,37.3,1186.0,26.7
INC2018-091,2018-08-20,14.3,8.0,20.5,17.857142857142858,4.5,31.5,19.35,4.5,38.0,0.0,0.0,45.2,0.0,1180.0,24.4,1180.0,24.4,1180.0,24.4
INC2013-175,2013-12-15,3.5,2.0,5.0,-9.37142857142857,-28.0,3.8,-8.750000000000002,-33.0,3.8,9.0,,212.0,0.0,1207.0,56.0,1180.0,24.1,1180.0,24.1
INC2017-015,2017-01-31,-9.3,-12.0,-6.5,-6.057142857142856,-20.0,3.0,-13.344444444444445,-37.5,5.0,4.0,5.0,10.0,0.0,2981.0,34.2,2981.0,34.2,2981.0,34.2
INC2018-137,2018-09-29,3.4,-5.1,11.9,4.4,-5.8,16.0,10.460000000000003,-5.8,31.7,5.0,2.1,34.7,0.0,49728.0,25.7,49728.0,25.7,2981.0,37.3
INC2021-151,2021-10-09,9.2,5.4,13.0,9.242857142857142,-3.9,24.5,12.053333333333333,-3.9,26.9,8.0,0.0,5.9,5.0,26850.0,22.9,26850.0,22.9,50028.0,23.6
INC2008-062,2008-06-23,15.3,8.5,22.0,16.285714285714285,6.3,29.2,13.413333333333334,3.1,29.2,0.0,5.4,45.199999999999996,0.0,1174.0,36.0,1174.0,36.0,1174.0,36.0
INC2025-013,2025-02-24,8.9,6.7,11.1,7.428571428571429,4.0,11.8,2.7500000000000004,-5.9,11.8,11.0,72.60000000000001,139.99999999999997,0.0,55438.0,11.0,888.0,11.8,834.0,5.7
INC2011-183,2011-12-13,-5.8,-6.6,-5.0,-7.014285714285713,-19.2,5.7,-6.100000000000002,-22.5,10.5,14.0,0.0,11.0,2.0,2896.0,25.3,2896.0,25.3,2896.0,25.3
INC2025-062,2025-08-25,19.0,8.0,30.0,,,,19.650000000000002,10.0,31.0,0.0,,131.8,0.0,834.0,5.5,834.0,5.5,834.0,5.5
INC2015-059,2015-05-20,17.2,12.8,21.6,16.1,11.3,22.5,13.410000000000002,4.6,22.7,0.0,0.8,63.199999999999996,0.0,888.0,12.3,750.0,6.3,731.0,2.5
INC2020-052,2020-05-29,19.0,12.0,26.0,14.314285714285715,7.5,26.0,13.453333333333337,4.0,26.5,0.0,15.3,104.0,0.0,834.0,5.2,834.0,5.2,834.0,5.2
INC2022-002,2022-01-13,9.8,7.0,12.5,3.3428571428571425,-5.0,10.0,-0.6206896551724141,-16.0,10.0,11.0,167.6,353.0,0.0,834.0,5.2,834.0,5.2,731.0,2.5
INC2022-092,2022-06-02,18.8,14.0,23.5,,,,10.937037037037037,3.5,30.0,0.0,,127.3,0.0,834.0,5.2,834.0,5.2,731.0,2.5
INC2025-010,2025-02-03,-2.5,-4.4,-0.5,3.185714285714286,-0.7,8.1,4.033333333333333,-0.7,9.6,5.0,52.400000000000006,76.8,0.0,55438.0,11.6,888.0,12.4,834.0,5.2
INC2020-072,2020-07-12,16.0,11.0,21.0,16.071428571428573,10.0,22.0,15.446666666666669,4.5,25.0,0.0,37.4,174.9,0.0,834.0,5.2,834.0,5.2,834.0,5.2
INC2021-065,2021-05-10,13.8,7.5,20.0,10.883333333333333,2.0,20.0,12.004000000000001,1.0,23.0,0.0,15.6,35.0,0.0,731.0,2.5,731.0,2.5,731.0,2.5
INC2021-164,2021-11-09,6.3,4.5,8.0,8.17142857142857,3.5,13.5,8.90357142857143,1.5,18.5,0.0,117.80000000000001,344.5,0.0,834.0,5.2,834.0,5.2,731.0,2.5
INC2023-040,2023-03-09,6.8,1.0,12.5,4.171428571428572,-2.0,10.5,3.232142857142857,-8.0,10.5,10.0,10.8,133.9,0.0,834.0,5.2,834.0,5.2,834.0,5.2
INC2019-118,2019-10-25,11.0,8.0,14.0,4.828571428571428,-3.5,13.0,4.951851851851853,-10.5,18.0,16.0,16.2,97.6,0.0,1180.0,23.6,1180.0,23.6,1180.0,23.6
INC2011-053,2011-03-31,-2.5,-11.3,6.4,-9.857142857142858,-22.2,7.2,-7.946666666666668,-23.5,7.2,13.0,,46.2,68.0,27674.0,23.7,27674.0,23.7,27674.0,23.7
INC2015-060,2015-05-18,3.1,-1.2,7.3,6.614285714285714,-2.5,18.1,4.89,-9.5,19.5,17.0,26.300000000000004,61.0,0.0,27674.0,23.7,27674.0,23.7,53519.0,99.6
INC2012-031,2012-02-15,-1.3,-5.8,3.3,-10.742857142857144,-25.9,2.5,-10.633333333333333,-31.2,4.0,10.0,0.0,43.8,37.0,27674.0,23.8,27674.0,23.8,27674.0,23.8
INC2012-073,2012-06-13,11.6,5.7,17.5,16.571428571428573,5.7,27.7,12.26,-0.3,27.7,1.0,11.5,150.79999999999998,,27674.0,23.7,27674.0,23.7,,
INC2022-033,2022-02-16,7.0,4.0,10.0,,2.0,13.0,4.562962962962962,-4.0,13.0,10.0,4.5,101.7,0.0,707.0,10.1,707.0,10.1,707.0,10.1
INC2023-065,2023-04-25,10.9,6.3,15.6,8.042857142857143,2.0,13.9,7.586666666666667,-1.5,17.7,1.0,41.5,135.0,0.0,706.0,9.9,707.0,9.9,707.0,9.9
INC2008-021,2008-03-01,,,,-15.516666666666666,-37.0,4.0,-15.607142857142858,-37.0,4.0,1.0,1.0,45.8,85.0,4140.0,10.1,4140.0,10.1,4140.0,10.1
INC2016-140,2016-11-28,-2.3,-6.9,2.4,2.042857142857143,-8.2,8.6,4.2,-15.4,18.7,10.0,0.0,18.599999999999998,0.0,50028.0,20.9,50028.0,20.9,50028.0,20.9
INC2016-063,2016-06-29,15.6,6.9,24.3,14.271428571428572,5.8,25.3,13.123333333333331,1.3,30.2,0.0,9.5,24.9,,50028.0,20.9,50028.0,20.9,,
INC2011-085,2011-05-11,10.0,-0.5,20.5,8.1,-2.0,18.5,3.753333333333333,-14.0,18.5,15.0,14.0,84.5,0.0,2366.0,21.7,2366.0,21.7,2366.0,21.7
INC2016-082,2016-07-25,18.1,10.9,25.3,17.057142857142857,7.5,26.8,15.516666666666664,5.6,27.9,0.0,5.2,49.7,,50028.0,21.7,50028.0,21.7,,
INC2017-097,2017-07-11,14.1,9.2,19.0,19.442857142857143,5.6,32.6,15.529999999999998,0.7,32.6,0.0,0.0,23.499999999999996,,50028.0,21.7,50028.0,21.7,,
INC2021-049,2021-03-29,3.9,-1.0,8.7,6.999999999999999,0.3,12.8,6.319999999999999,-1.4,16.2,5.0,104.6,159.4,0.0,49588.0,11.8,49588.0,11.8,707.0,12.0
INC2022-153,2022-08-31,24.6,18.0,31.1,22.414285714285718,12.5,35.0,22.200000000000003,12.3,36.4,0.0,2.5,9.8,0.0,49588.0,11.0,49588.0,11.0,707.0,12.7
INC2009-153,2009-01-03,-19.7,-23.6,-15.8,-18.02857142857143,-27.3,-9.8,-18.83,-30.4,-3.0,0.0,1.7,14.4,15.0,29886.0,19.4,29886.0,19.4,29886.0,19.4
INC2008-072,2008-07-09,17.9,9.4,26.4,18.657142857142862,7.2,31.7,16.50333333333333,4.0,31.7,0.0,11.6,58.00000000000001,0.0,2896.0,50.5,2896.0,50.5,2896.0,50.5
INC2018-171,2018-11-29,-7.5,-10.0,-5.0,-10.757142857142856,-24.0,2.0,-8.789285714285715,-24.0,5.0,5.0,10.8,22.4,0.0,3463.0,9.7,3463.0,9.7,3463.0,9.7
INC2017-093,2017-07-04,21.3,13.0,29.5,,,,15.162500000000001,2.0,29.5,0.0,,65.6,0.0,2981.0,12.8,2981.0,12.8,2981.0,12.8
INC2020-028,2020-03-04,-0.8,-6.5,5.0,-4.914285714285714,-21.0,7.0,-9.996666666666668,-30.5,7.0,9.0,2.0,4.0,0.0,2981.0,12.9,2981.0,12.9,2981.0,12.9
INC2015-114,2015-09-30,13.0,4.0,22.0,13.342857142857142,-3.5,28.0,13.956666666666669,-3.5,33.5,2.0,2.5,101.0,0.0,2981.0,12.9,2981.0,12.9,2981.0,12.9
INC2015-115,2015-10-08,11.5,6.5,16.5,9.285714285714286,-1.0,21.0,11.93666666666667,-3.5,28.0,3.0,9.0,21.0,0.0,2981.0,12.9,2981.0,12.9,2981.0,12.9
INC2018-067,2018-06-25,11.6,3.6,19.6,15.228571428571428,5.5,26.8,14.13,2.8,26.8,0.0,1.6,58.0,,27674.0,27.0,27674.0,27.0,,
INC2021-131,2021-09-07,20.7,12.8,28.5,16.783333333333335,6.5,24.6,19.2,6.5,37.9,0.0,7.9,27.7,0.0,49588.0,7.6,49588.0,7.6,707.0,16.3
INC2024-045,2024-07-04,,,,14.085714285714287,4.1,21.3,12.249999999999998,-0.7,25.4,1.0,20.9,45.900000000000006,1.0,50028.0,14.5,50028.0,14.5,27218.0,19.7
INC2022-028,2022-02-09,6.3,4.3,8.3,3.4857142857142853,-2.4,9.4,2.8392857142857144,-2.5,10.3,9.0,40.800000000000004,170.29999999999995,0.0,49588.0,7.1,49588.0,7.1,707.0,17.8
INC2021-194,2021-11-16,4.5,1.5,7.5,7.433333333333333,3.5,14.1,8.3,2.4,15.3,0.0,,236.30000000000004,0.0,49588.0,3.8,49588.0,3.8,707.0,20.2
INC2023-174,2023-10-02,,,,,,,13.08,2.5,27.0,0.0,,53.8,0.0,1180.0,20.3,1180.0,20.3,1186.0,46.2
INC2013-158,2013-11-22,-14.4,-20.0,-8.8,-4.314285714285714,-19.5,9.8,-1.2133333333333334,-19.5,13.2,19.0,4.2,11.299999999999999,4.0,29886.0,20.0,29886.0,20.0,29886.0,20.0
INC2022-211,2022-11-25,,,,3.414285714285714,-2.7,8.6,4.232142857142857,-4.6,15.6,9.0,19.599999999999998,173.79999999999998,0.0,49588.0,3.0,49588.0,3.0,707.0,21.0
INC2024-069,2024-10-09,12.8,9.4,16.2,12.885714285714286,5.9,19.8,14.936666666666667,5.9,26.5,0.0,27.400000000000002,113.69999999999999,0.0,50517.0,4.7,50517.0,4.7,951.0,18.3
INC2025-001,2025-01-03,2.8,0.8,4.7,3.7,0.3,9.0,4.8310344827586205,0.3,11.7,0.0,34.099999999999994,239.20000000000002,0.0,50517.0,4.9,50517.0,4.9,50517.0,4.9
INC2018-030,2018-04-17,8.4,5.3,11.4,8.433333333333332,3.6,15.8,7.500000000000001,0.1,15.8,0.0,74.1,190.0,1.0,50517.0,5.0,50517.0,5.0,951.0,18.1
INC2021-171,2021-11-15,9.3,6.4,12.2,7.157142857142857,2.4,14.3,8.48,2.4,15.2,0.0,250.3,462.5,0.0,50517.0,10.1,50517.0,10.1,951.0,15.0
INC2021-200,2021-11-29,10.7,8.9,12.5,5.957142857142857,-0.6,13.4,6.263333333333334,-0.6,14.3,1.0,208.5,628.2,0.0,50517.0,9.7,50517.0,9.7,951.0,15.4
INC2009-139,2009-12-12,-0.5,-2.1,1.2,-3.6285714285714286,-9.6,4.5,2.672413793103449,-9.6,10.8,4.0,0.0,342.0,0.0,8152.0,9.9,8152.0,9.9,794.0,15.8
INC2012-150,2012-10-25,13.6,9.3,17.8,6.8,-1.6,16.1,5.741379310344827,-5.1,20.4,13.0,1.4,20.699999999999996,0.0,30435.0,2.5,30435.0,2.5,4157.0,3.5
INC2012-002,2012-01-03,-20.1,-27.8,-12.4,-16.82857142857143,-35.8,1.9,-12.176666666666668,-35.8,2.1,6.0,,39.300000000000004,41.0,30435.0,2.5,30435.0,2.5,30435.0,2.5
INC2020-112,2020-10-17,-4.3,-10.4,1.7,5.042857142857144,-7.5,20.1,9.976666666666667,-7.5,30.1,9.0,10.3,13.3,0.0,48128.0,24.2,48128.0,24.2,3609.0,22.8
INC2021-204,2021-11-30,11.3,9.4,13.3,7.085714285714287,3.9,13.4,6.39,-0.6,14.3,1.0,235.79999999999998,656.9,0.0,50517.0,13.4,50517.0,13.4,951.0,16.6
INC2023-170,2023-09-28,11.0,6.0,16.0,10.571428571428571,3.0,18.0,13.615384615384615,2.5,34.0,0.0,26.900000000000002,42.8,0.0,1180.0,18.5,1180.0,18.5,1180.0,18.5
INC2024-052,2024-07-24,20.0,7.0,33.0,23.32857142857143,10.0,37.0,20.272,4.5,37.0,0.0,0.0,13.0,0.0,1180.0,18.0,1180.0,18.0,1180.0,18.0
INC2010-101,2010-09-19,9.5,5.5,13.5,9.457142857142857,-2.5,19.5,14.040000000000001,-2.5,33.5,1.0,6.0,89.5,0.0,2981.0,21.3,2981.0,21.3,2981.0,21.3
INC2026-036,2024-11-12,0.5,-4.5,5.5,1.8857142857142857,-10.5,15.5,4.644444444444445,-10.5,26.5,19.0,0.0,6.4,0.0,2981.0,21.4,2981.0,21.4,2981.0,21.4
INC2025-101,2025-12-11,,,,8.27142857142857,4.0,14.7,6.62,-0.1,14.7,1.0,278.5,404.1,0.0,50517.0,14.4,50517.0,14.4,50517.0,14.4
INC2026-071,2026-08-13,18.0,11.7,24.4,16.342857142857145,5.2,26.9,20.030000000000005,5.2,36.1,0.0,0.9,5.7,,10666.0,31.7,10666.0,31.7,,
INC2026-019,2026-02-16,-0.6,-7.1,5.8,-0.07142857142857147,-6.9,8.5,-8.939285714285715,-35.3,10.5,12.0,0.0,2.3,7.0,10666.0,31.7,10666.0,31.7,10666.0,31.7
INC2026-080,2026-09-10,15.0,9.7,20.3,10.37142857142857,2.7,19.8,13.389655172413793,0.5,30.0,0.0,52.4,107.99999999999999,0.0,10890.0,33.9,10890.0,33.9,1186.0,46.6
INC2021-220,2021-12-17,-3.2,-5.2,-1.1,1.9000000000000001,-1.8,7.8,4.36551724137931,-1.8,13.4,6.0,91.7,533.3,2.0,50517.0,14.7,50517.0,14.7,50517.0,14.7
INC2021-141,2021-09-18,13.4,10.2,16.7,14.542857142857143,7.0,21.0,17.17142857142857,6.8,28.5,0.0,55.400000000000006,78.6,0.0,50517.0,15.4,49588.0,16.0,951.0,19.3
INC2016-107,2016-09-03,20.2,15.6,24.7,15.842857142857143,6.9,23.6,16.837931034482757,4.2,27.9,0.0,4.800000000000001,73.10000000000001,,51138.0,75.5,51138.0,75.5,,
INC2022-109,2022-07-02,18.0,12.3,23.7,20.583333333333332,11.0,32.9,16.673076923076927,8.8,32.9,0.0,0.7999999999999999,102.7,0.0,50517.0,17.8,50517.0,17.8,951.0,19.6
INC2021-175,2021-11-16,4.5,1.4,7.7,7.757142857142857,3.5,14.3,8.393333333333334,2.4,15.2,0.0,349.5,560.0,1.0,50517.0,17.8,50517.0,17.8,951.0,19.6
INC2022-143,2022-08-15,20.0,6.0,34.0,22.316666666666663,8.0,34.5,21.07407407407407,5.0,35.0,0.0,0.8,17.3,0.0,1180.0,21.8,1180.0,21.8,1180.0,21.8
INC2020-056,2020-06-06,13.1,9.1,17.1,16.414285714285715,3.3,28.0,12.88,-7.0,28.3,5.0,0.2,15.3,0.0,49728.0,36.9,49728.0,36.9,2981.0,89.3
INC2014-044,2014-03-15,-7.0,-13.0,-1.0,-1.2142857142857142,-14.5,6.0,-13.473333333333333,-37.0,6.0,8.0,0.2,10.899999999999999,0.0,6867.0,8.3,6867.0,8.3,6867.0,8.3
INC2022-018,2022-02-03,-0.1,-1.3,1.2,2.0571428571428574,-2.4,6.5,1.0233333333333332,-11.6,10.6,11.0,51.199999999999996,197.2,3.0,50517.0,19.2,50517.0,19.2,50517.0,19.2
INC2023-171,2023-09-28,11.0,6.0,16.0,10.571428571428571,3.0,18.0,13.615384615384615,2.5,34.0,0.0,26.900000000000002,42.8,0.0,1180.0,21.6,1180.0,21.6,1180.0,21.6
INC2023-016,2023-01-30,-3.9,-6.5,-1.4,3.5428571428571423,-4.7,8.0,3.831034482758621,-4.7,8.1,5.0,30.5,81.69999999999999,3.0,50517.0,20.2,50517.0,20.2,951.0,22.0
INC2024-071,2024-10-21,9.4,6.8,12.0,11.185714285714287,6.4,18.0,13.023333333333333,5.9,26.5,0.0,130.4,254.70000000000005,0.0,50517.0,20.8,50517.0,20.8,951.0,23.1
INC2021-207,2021-11-16,4.5,1.4,7.7,7.757142857142857,3.5,14.3,8.393333333333334,2.4,15.2,0.0,349.5,560.0,1.0,50517.0,20.8,50517.0,20.8,951.0,23.1
INC2012-114,2012-08-24,19.1,14.1,24.0,16.01666666666667,4.9,27.3,18.220689655172414,4.9,28.8,0.0,0.8,91.69999999999999,0.0,48869.0,68.2,48869.0,68.2,3969.0,71.1
INC2012-097,2012-07-31,22.0,15.2,28.8,20.37142857142857,12.5,28.8,21.714285714285715,12.5,33.5,0.0,47.5,127.19999999999997,0.0,48869.0,68.3,48869.0,68.3,3969.0,71.1
INC2016-095,2016-08-24,17.8,7.5,28.0,17.74285714285714,6.0,31.0,17.063333333333336,6.0,31.0,0.0,0.0,23.200000000000003,0.0,951.0,24.4,951.0,24.4,951.0,24.4
INC2011-044,2011-03-16,1.1,-3.5,5.7,-2.3428571428571425,-11.9,8.6,-9.526923076923078,-27.8,8.6,8.0,1.3,2.1999999999999997,44.0,48869.0,66.1,48869.0,66.1,3969.0,70.5
INC2011-045,2011-03-18,-8.5,-10.0,-6.9,-1.1714285714285715,-11.9,8.6,-9.14074074074074,-27.8,8.6,9.0,2.3,3.1999999999999997,43.0,48869.0,66.1,48869.0,66.1,3969.0,70.5
INC2026-070,2026-08-06,18.8,8.5,29.0,15.942857142857141,5.5,27.5,17.173333333333336,5.5,34.5,0.0,7.2,14.0,0.0,951.0,26.7,951.0,26.7,951.0,26.7
INC2018-175,2018-12-03,-8.3,-13.7,-3.0,-8.528571428571428,-22.6,-2.3,-7.416666666666668,-22.6,5.1,7.0,1.9,8.599999999999998,2.0,10185.0,40.2,10185.0,40.2,10185.0,40.2
INC2026-060,2026-07-15,19.8,10.0,29.5,15.7,5.5,27.5,15.743333333333336,5.5,31.0,0.0,4.6,9.0,0.0,951.0,28.8,951.0,28.8,951.0,28.8
INC2025-002,2025-01-17,-11.1,-24.2,2.1,-15.114285714285714,-32.5,2.8,-14.753333333333332,-36.0,2.8,6.0,3.3000000000000003,10.0,34.0,48128.0,16.0,48128.0,16.0,48128.0,16.0
INC2022-112,2022-07-15,,,,16.066666666666666,4.6,29.5,13.22962962962963,-1.1,29.5,2.0,1.2,44.0,0.0,10890.0,13.3,10890.0,13.3,1180.0,34.5
INC2024-048,2024-07-11,18.3,10.5,26.0,20.542857142857144,8.0,33.0,14.706666666666669,3.0,33.0,0.0,0.0,44.599999999999994,0.0,951.0,30.7,951.0,30.7,951.0,30.7
INC2015-053,2015-05-08,1.7,-0.5,3.8,13.114285714285712,-1.0,26.1,8.873333333333333,-10.6,26.1,14.0,18.0,29.299999999999997,0.0,48128.0,16.0,48128.0,16.0,3535.0,21.8
INC2015-023,2015-03-03,-15.7,-22.6,-8.7,-15.742857142857142,-27.8,-1.4,-18.28333333333334,-34.7,-0.7,0.0,0.2,12.499999999999998,16.0,48128.0,15.9,48128.0,15.9,48128.0,15.9
INC2018-077,2018-07-22,17.5,9.5,25.5,18.17142857142857,7.5,29.5,19.839999999999996,7.5,31.0,0.0,2.4,98.4,0.0,3463.0,28.8,3463.0,28.8,3463.0,28.8
INC2022-203,2022-11-16,4.1,1.6,6.5,1.542857142857143,-4.4,8.2,6.189285714285716,-4.5,16.5,6.0,0.0,220.10000000000002,7.0,50517.0,28.2,50517.0,28.2,951.0,30.0
INC2012-118,2012-09-06,15.1,10.7,19.5,18.15714285714286,6.6,30.6,18.833333333333332,5.5,36.7,0.0,0.2,13.899999999999997,0.0,48128.0,17.8,48128.0,17.8,3535.0,23.7
INC2009-105,2009-09-22,13.5,4.0,23.0,20.771428571428572,11.0,32.0,19.589999999999993,7.0,32.5,0.0,3.6,48.400000000000006,0.0,3481.0,17.4,3481.0,17.4,3481.0,17.4
INC2011-180,2011-12-07,-8.0,-11.5,-4.5,,,,-4.482142857142857,-26.0,13.5,17.0,,20.0,1.0,3481.0,17.4,3481.0,17.4,3481.0,17.4
INC2022-035,2021-11-16,1.5,-0.5,3.5,3.485714285714286,-0.5,8.5,4.486666666666667,-5.0,13.5,9.0,242.0,372.0,1.0,951.0,32.1,951.0,32.1,951.0,32.1
INC2017-067,2017-05-17,,5.1,,12.171428571428573,-1.0,26.8,8.766666666666667,-9.7,31.1,12.0,6.2,22.400000000000002,0.0,10805.0,20.3,10805.0,20.3,3173.0,59.3
INC2017-008,2017-01-20,1.2,-0.8,3.1,-5.485714285714285,-25.0,6.5,-12.319999999999997,-30.4,6.5,4.0,0.0,3.7,2.0,10805.0,20.0,10805.0,20.0,10805.0,20.0
INC2010-143,2010-11-29,-12.0,-17.0,-7.0,-13.171428571428569,-27.5,2.0,-2.6592592592592585,-27.5,22.5,13.0,9.5,21.5,39.0,3195.0,61.5,3195.0,61.5,7485.0,46.5
INC2021-209,2021-11-16,1.5,-0.5,3.5,3.485714285714286,-0.5,8.5,4.486666666666667,-5.0,13.5,9.0,242.0,372.0,1.0,951.0,33.7,951.0,33.7,951.0,33.7
INC2024-085,2024-11-06,3.0,-2.0,8.0,3.7142857142857144,-0.5,7.5,6.613333333333335,-2.0,20.0,5.0,34.800000000000004,190.99999999999997,0.0,951.0,33.9,951.0,33.9,951.0,33.9
INC2021-109,2021-07-21,23.5,20.3,26.6,22.342857142857145,14.3,33.0,20.189999999999998,4.0,33.4,0.0,0.6,14.499999999999998,0.0,48128.0,31.9,48128.0,31.9,3463.0,35.5
INC2023-101,2023-07-06,23.4,16.4,30.5,21.685714285714287,11.5,33.4,18.57,9.0,33.4,0.0,0.2,30.799999999999997,0.0,50517.0,30.9,50517.0,30.9,951.0,33.1
INC2011-087,2011-06-04,13.6,10.6,16.5,14.257142857142856,7.8,26.4,13.25,2.3,26.5,0.0,14.599999999999998,49.60000000000001,0.0,28051.0,35.3,28051.0,35.3,3641.0,40.1
INC2009-032,2009-04-08,-4.3,-6.6,-2.0,-2.8428571428571425,-9.7,4.4,-6.193333333333334,-24.3,13.1,14.0,21.0,58.8,32.0,4157.0,54.0,4157.0,54.0,4157.0,54.0
INC2015-010,2015-01-25,-24.0,-30.8,-17.1,-15.183333333333335,-34.8,0.0,-19.28965517241379,-34.8,0.0,0.0,4.2,44.5,70.0,52604.0,54.0,52604.0,54.0,52604.0,54.0
INC2014-061,2014-04-24,1.3,-6.0,8.5,0.5142857142857143,-10.6,14.2,-3.9966666666666675,-24.6,14.2,23.0,14.0,76.0,10.0,4157.0,53.5,4157.0,53.5,4157.0,53.5
INC2012-065,2012-05-16,6.0,2.0,9.9,11.428571428571429,-3.0,25.4,4.713333333333333,-12.2,25.4,20.0,12.2,85.00000000000001,0.0,4157.0,54.1,4157.0,54.1,4157.0,54.1
INC2011-029,2011-02-19,-14.9,-18.2,-11.6,-6.2714285714285705,-24.4,8.3,-14.966666666666669,-35.3,8.3,4.0,16.3,27.299999999999997,38.0,27674.0,55.6,43104.0,26.8,43104.0,26.8
INC2021-193,2021-11-20,0.0,-2.5,2.5,1.8000000000000003,-3.5,8.5,3.493333333333333,-5.0,12.5,12.0,203.0,385.40000000000003,10.0,951.0,37.3,951.0,37.3,951.0,37.3
INC2022-144,2022-08-23,21.4,14.3,28.5,24.328571428571426,13.7,36.3,22.78333333333334,11.7,37.9,0.0,0.2,8.699999999999998,0.0,50517.0,36.4,50517.0,36.4,951.0,36.9
INC2021-185,2021-11-16,1.5,-0.5,3.5,3.485714285714286,-0.5,8.5,4.486666666666667,-5.0,13.5,9.0,242.0,372.0,1.0,951.0,38.6,951.0,38.6,951.0,38.6
INC2025-029,2025-05-03,8.0,6.0,10.0,10.271428571428572,2.5,23.0,8.117857142857144,-2.5,23.0,5.0,4.4,51.8,0.0,951.0,39.3,951.0,39.3,951.0,39.3
INC2011-071,2011-05-03,5.5,-4.7,15.6,3.65,-3.2,16.0,1.493103448275862,-13.7,16.0,26.0,,58.599999999999994,0.0,27674.0,58.2,27674.0,58.2,4003.0,76.5
INC2022-195,2022-11-04,2.0,-3.5,7.5,3.5571428571428574,-4.5,8.0,8.646666666666668,-4.5,24.5,2.0,49.8,105.99999999999999,0.0,951.0,39.9,951.0,39.9,951.0,39.9
INC2021-202,2021-11-30,-5.0,-8.9,-1.1,-7.714285714285714,-20.0,2.0,-2.4166666666666665,-20.0,14.1,11.0,1.5,22.999999999999996,20.0,48869.0,33.9,48869.0,33.9,54605.0,65.7
INC2013-099,2013-06-26,13.0,8.5,17.5,12.457142857142857,7.5,23.0,11.800000000000002,3.0,25.5,0.0,55.00000000000001,78.80000000000001,0.0,951.0,41.0,951.0,41.0,951.0,41.0
INC2023-145,2023-08-23,13.5,8.9,18.0,14.899999999999997,0.8,31.4,15.680000000000003,0.8,32.0,0.0,21.6,38.4,,10890.0,10.1,10890.0,10.1,,
INC2016-138,2016-11-22,0.5,-0.3,1.2,0.057142857142857065,-9.4,10.7,4.89,-9.4,20.8,14.0,0.0,24.900000000000002,0.0,26857.0,13.6,26857.0,13.6,3664.0,26.2
INC2009-068,2009-07-20,15.6,5.2,25.9,15.742857142857144,4.8,29.4,13.943333333333332,-1.1,29.4,1.0,73.10000000000001,109.20000000000002,0.0,10890.0,2.6,2377.0,28.5,2231.0,21.3
INC2013-114,2013-07-23,20.5,15.3,25.7,19.557142857142853,6.8,29.4,18.57586206896552,6.8,35.3,0.0,15.4,42.8,0.0,2265.0,22.3,2265.0,22.3,46867.0,23.0
INC2020-100,2020-09-30,9.0,1.3,16.8,10.171428571428573,-2.2,23.1,11.733333333333336,-5.6,29.3,7.0,29.999999999999996,37.4,0.0,10890.0,7.6,6842.0,24.7,50028.0,34.5
INC2022-155,2022-09-03,20.0,11.5,28.5,20.042857142857144,8.6,35.3,21.193103448275867,4.2,36.8,0.0,3.6,52.6,0.0,52958.0,40.5,1056.0,40.5,1056.0,40.5
INC2022-146,2022-08-20,18.1,8.4,27.8,16.785714285714285,3.6,29.6,17.07,1.7,31.5,0.0,0.0,6.6000000000000005,0.0,10890.0,10.9,10890.0,10.9,1180.0,36.0
INC2020-095,2020-09-15,14.8,10.0,19.5,9.857142857142858,-2.5,22.0,14.882142857142858,-2.5,30.5,2.0,0.0,46.5,0.0,3746.0,21.9,3746.0,21.9,3746.0,21.9
INC2024-058,2024-08-20,15.2,7.2,23.3,15.442857142857141,4.4,28.9,16.013333333333335,2.9,30.5,0.0,18.2,49.6,0.0,10890.0,11.4,10890.0,11.4,1180.0,35.7
INC2022-178,2022-10-01,11.1,3.3,19.0,12.185714285714285,-1.0,28.2,11.673333333333334,-5.5,31.0,8.0,,13.5,0.0,10890.0,11.5,6842.0,21.0,1180.0,35.6
INC2026-047,2026-06-17,14.0,8.6,19.5,14.742857142857142,4.0,28.0,12.79,-3.2,31.0,5.0,26.6,79.4,,7633.0,47.0,7633.0,47.0,,
INC2008-103,2008-11-03,9.3,-0.6,19.1,3.7142857142857144,-3.8,16.1,6.510344827586207,-3.8,18.5,14.0,0.0,70.2,0.0,10186.0,58.5,3667.0,35.4,3667.0,35.4
INC2011-167,2011-10-31,1.1,-1.6,3.8,1.0571428571428572,-4.2,5.3,7.09,-4.2,26.3,10.0,8.4,51.99999999999999,1.0,7633.0,37.3,7633.0,37.3,7633.0,37.3
INC2008-114,2008-11-28,-6.1,-8.3,-3.9,-4.6571428571428575,-16.9,3.2,-1.06,-16.9,19.0,10.0,,22.8,5.0,28051.0,41.7,3641.0,31.3,3641.0,31.3
INC2023-108,2023-07-16,14.1,8.5,19.7,14.828571428571427,3.6,25.5,17.06,2.3,32.4,0.0,22.7,57.800000000000004,,54858.0,49.1,54240.0,44.9,,
INC2010-130,2010-11-19,-7.0,-13.6,-0.4,-3.7142857142857144,-20.3,3.8,0.47999999999999976,-20.3,13.9,20.0,12.2,56.7,8.0,4003.0,49.1,4003.0,49.1,4003.0,49.1
INC2008-095,2008-09-25,,,,,,,14.474074074074075,3.0,31.0,0.0,25.999999999999996,63.6,0.0,47307.0,72.5,3667.0,60.5,3755.0,21.9
INC2013-031,2013-02-18,-13.3,-15.0,-11.5,-11.814285714285715,-33.5,1.5,-17.89333333333333,-40.5,1.5,2.0,9.0,27.0,38.0,3746.0,14.3,3746.0,14.3,3746.0,14.3
INC2013-041,2013-03-07,-12.8,-23.5,-2.0,-9.228571428571428,-25.5,-0.5,-11.643333333333334,-33.5,6.5,5.0,5.0,15.0,38.0,3746.0,14.3,3746.0,14.3,3746.0,14.3
INC2009-103,2009-09-18,17.3,11.5,23.0,18.41428571428571,9.0,27.0,17.674074074074074,3.0,28.0,0.0,1.0,50.50000000000001,0.0,3746.0,14.3,3755.0,21.8,3746.0,14.3
INC2009-054,2009-06-28,14.0,12.0,16.0,19.485714285714284,8.0,28.5,14.016666666666667,-2.0,28.5,1.0,56.400000000000006,99.10000000000001,0.0,3746.0,14.3,3746.0,14.3,3746.0,14.3
INC2021-178,2021-11-17,-2.2,-4.8,0.3,2.4,-3.5,8.3,3.5033333333333334,-6.7,16.5,21.0,64.69999999999999,104.89999999999999,0.0,6834.0,43.7,6834.0,43.7,6834.0,43.7
INC2012-109,2012-08-21,15.2,6.4,23.9,13.414285714285715,5.7,24.6,16.470000000000002,5.6,27.4,0.0,12.0,49.4,0.0,4003.0,24.7,4003.0,24.7,4003.0,24.7
INC2018-115,2018-09-10,16.5,8.0,25.0,15.257142857142856,2.0,27.0,17.069999999999997,2.0,38.0,0.0,9.2,28.9,0.0,47367.0,29.6,47367.0,29.6,47367.0,29.6
INC2016-024,2016-02-13,-16.5,-26.0,-7.0,-10.071428571428571,-25.0,7.0,-9.120000000000001,-30.0,7.0,6.0,7.0,13.0,9.0,47367.0,24.9,47367.0,24.9,47367.0,24.9
INC2010-155,2010-12-13,-25.2,-29.9,-20.5,-18.12857142857143,-29.4,-2.0,-10.256666666666668,-29.4,3.1,4.0,0.8,68.5,32.0,4003.0,35.6,4003.0,35.6,4003.0,35.6
INC2026-038,2026-05-20,12.3,2.6,22.0,9.571428571428571,0.1,19.4,11.306666666666667,-6.9,28.7,7.0,14.7,14.7,0.0,6834.0,45.1,6834.0,45.1,1056.0,45.1
INC2014-006,2014-01-11,-7.1,-9.5,-4.7,-20.814285714285713,-31.7,-3.9,-20.60666666666667,-32.0,-0.8,0.0,0.2,30.499999999999996,45.0,28051.0,22.2,28051.0,22.2,3641.0,25.4
INC2009-096,2009-09-12,18.7,16.0,21.4,20.828571428571426,12.2,29.5,19.280000000000005,10.2,29.9,0.0,,39.6,0.0,28051.0,21.7,28051.0,21.7,3641.0,25.3
INC2013-112,2013-07-17,21.5,17.1,25.9,22.37142857142857,15.1,29.9,22.160000000000004,12.1,31.8,0.0,6.0,57.300000000000004,0.0,28051.0,21.6,28051.0,21.6,3641.0,25.2
INC2016-105,2016-09-01,18.1,10.7,25.4,18.257142857142856,11.7,29.1,20.310000000000002,10.8,30.6,0.0,3.2,47.8,,28051.0,21.6,28051.0,21.6,,
INC2015-144,2015-12-11,-3.7,-4.8,-2.5,0.5,-5.4,6.4,-1.4300000000000002,-13.3,12.8,16.0,0.8,13.9,1.0,28051.0,21.6,28051.0,21.6,50897.0,23.1
INC2018-007,2018-01-15,-24.6,-27.5,-21.7,-15.771428571428572,-26.2,0.9,-17.317857142857143,-31.2,1.5,3.0,1.8,4.0,6.0,28051.0,21.6,28051.0,21.6,50897.0,23.1
INC2023-088,2023-06-09,21.6,16.3,26.8,24.842857142857138,15.9,33.1,20.51666666666667,3.6,33.1,0.0,16.5,42.3,0.0,28051.0,21.6,28051.0,21.6,3678.0,46.4
INC2022-017,2022-01-31,-0.8,-7.5,5.9,-3.742857142857143,-11.7,5.4,-3.2379310344827577,-24.6,11.3,16.0,2.2,28.8,32.0,49408.0,45.7,1056.0,46.0,1056.0,46.0
INC2011-063,2011-04-14,-2.9,-9.1,3.4,5.233333333333333,-6.6,17.2,-1.5620689655172417,-19.4,17.2,14.0,19.6,35.3,0.0,48869.0,16.1,48869.0,16.1,3969.0,65.5
INC2023-135,2023-08-12,21.3,12.9,29.6,20.328571428571426,7.1,34.1,19.430000000000003,3.8,35.7,0.0,18.4,24.2,0.0,49408.0,45.8,49408.0,45.8,1056.0,46.4
INC2012-144,2012-10-09,2.0,-1.5,5.5,2.8000000000000003,-5.0,21.5,8.2,-7.0,27.0,16.0,41.8,56.199999999999996,1.0,3746.0,13.1,3746.0,13.1,3746.0,13.1
INC2010-106,2010-09-30,8.9,6.0,11.7,8.0,-2.4,17.5,9.306666666666667,-2.4,27.1,2.0,55.60000000000001,164.1,0.0,4003.0,11.1,4003.0,11.1,4003.0,11.1
INC2019-006,2019-01-11,-14.5,-18.0,-11.0,-9.142857142857142,-25.0,5.0,-9.2,-31.0,6.0,7.0,18.0,43.0,26.0,47367.0,11.9,47367.0,11.9,47367.0,11.9
INC2021-196,2021-11-23,0.4,-4.2,5.1,-0.8428571428571429,-12.5,10.3,2.9433333333333334,-12.5,14.3,18.0,4.8,110.8,2.0,49408.0,45.0,1056.0,46.8,1056.0,46.8
INC2021-188,2021-11-21,5.8,1.4,10.3,-0.7000000000000001,-12.5,10.6,3.2566666666666664,-12.5,14.9,17.0,47.6,111.39999999999998,0.0,49408.0,44.5,1056.0,47.0,1056.0,47.0
INC2021-176,2021-11-16,-1.7,-7.2,3.8,4.8,-3.6,14.3,4.9799999999999995,-8.7,17.8,15.0,68.4,109.5,0.0,49408.0,44.5,1056.0,47.0,1056.0,47.0
INC2021-184,2021-11-16,-1.7,-7.2,3.8,4.8,-3.6,14.3,4.9799999999999995,-8.7,17.8,15.0,68.4,109.5,0.0,49408.0,44.3,1056.0,47.0,1056.0,47.0
INC2025-072,2025-09-16,21.8,18.2,25.4,20.214285714285715,10.9,27.4,17.73103448275862,3.8,31.2,0.0,2.5,56.2,0.0,28051.0,16.5,28051.0,16.5,3678.0,42.1
INC2021-050,2020-08-19,11.3,2.8,19.8,17.2,5.8,30.6,18.182758620689654,5.8,31.7,0.0,5.0,76.4,,7633.0,6.7,7633.0,6.7,,
INC2019-025,2019-02-19,-19.4,-29.7,-9.1,-18.383333333333336,-30.4,-7.8,-21.949999999999996,-41.8,-7.8,0.0,3.8000000000000003,48.50000000000001,74.0,7633.0,6.7,7633.0,6.7,7633.0,6.7
INC2011-173,2011-11-21,-12.4,-21.5,-3.2,-5.185714285714286,-20.7,6.0,0.14333333333333306,-20.7,12.2,16.0,0.2,21.000000000000004,9.0,7633.0,6.6,7633.0,6.6,7633.0,6.6
INC2018-111,2018-09-02,13.8,5.0,22.5,15.014285714285714,0.5,31.5,18.661538461538463,0.5,39.0,0.0,13.6,14.2,0.0,3460.0,20.8,3460.0,20.8,3460.0,20.8
INC2023-071,2023-05-01,11.5,7.9,15.1,11.633333333333333,-1.5,29.4,5.935714285714286,-9.6,29.4,18.0,1.8,7.1000000000000005,0.0,49408.0,43.6,1056.0,47.2,1022.0,43.0
INC2015-109,2015-09-16,13.8,8.0,19.5,12.799999999999999,2.5,28.0,15.921428571428573,2.5,31.5,0.0,0.4,51.800000000000004,0.0,3460.0,20.3,3460.0,20.3,3460.0,20.3
INC2016-146,2016-12-14,-24.3,-27.3,-21.2,-12.814285714285713,-26.5,-0.4,-5.362068965517241,-26.5,9.2,7.0,9.6,76.90000000000002,23.0,7633.0,1.9,7633.0,1.9,7633.0,1.9
INC2022-082,2022-05-14,6.8,2.5,11.0,11.27142857142857,3.0,21.0,2.5375,-15.5,21.0,10.0,65.0,121.8,0.0,3460.0,20.0,3460.0,20.0,3460.0,20.0
INC2023-112,2023-07-20,20.0,11.5,28.5,16.414285714285715,5.5,26.5,18.180000000000003,2.5,32.5,0.0,8.0,15.4,0.0,3460.0,20.0,3460.0,20.0,3460.0,20.0
INC2015-118,2015-10-15,5.8,2.0,9.5,,,,10.83703703703704,-2.0,27.0,3.0,,18.4,0.0,3460.0,20.0,3460.0,20.0,3460.0,20.0
INC2015-038,2015-04-14,9.8,-2.0,21.5,5.728571428571429,-4.5,22.0,1.3633333333333333,-13.0,22.0,17.0,2.4,32.4,0.0,3460.0,19.9,3460.0,19.9,3460.0,19.9
INC2008-001,2008-01-02,-14.8,-27.0,-2.5,-11.914285714285715,-26.5,-5.0,-12.22,-30.0,17.5,4.0,1.0,11.0,12.0,2900.0,48.4,2900.0,48.4,3460.0,19.9
INC2013-181,2013-02-23,-13.8,-20.5,-7.0,-14.0,-30.5,1.5,-14.25,-34.0,1.5,2.0,5.199999999999999,27.4,38.0,3460.0,19.8,3460.0,19.8,3460.0,19.8
INC2013-182,2013-02-19,-25.3,-30.5,-20.0,-8.528571428571428,-17.0,1.5,-15.103333333333333,-34.0,1.5,2.0,4.0,23.4,36.0,3460.0,19.8,3460.0,19.8,3460.0,19.8
INC2013-183,2013-02-15,-11.8,-16.5,-7.0,-8.185714285714285,-16.5,1.0,-15.77,-34.0,1.0,2.0,3.4,28.200000000000003,37.0,3460.0,19.8,3460.0,19.8,3460.0,19.8
INC2013-184,2013-01-19,-20.8,-23.0,-18.5,-16.414285714285715,-27.5,2.5,-14.326923076923077,-30.0,2.5,3.0,7.2,19.0,32.0,3460.0,19.8,3460.0,19.8,3460.0,19.8
INC2013-185,2013-01-09,-8.3,-13.0,-3.5,-7.571428571428571,-15.5,0.5,-13.803846153846155,-30.0,0.5,1.0,1.0,16.2,20.0,3460.0,19.8,3460.0,19.8,3460.0,19.8
INC2013-186,2013-01-04,-6.8,-11.0,-2.5,-14.314285714285713,-38.0,0.0,-14.58148148148148,-38.0,3.0,1.0,0.0,26.0,21.0,47367.0,24.1,47367.0,24.1,3460.0,19.8
INC2013-187,2012-12-31,-24.8,-38.0,-11.5,,,,-14.184615384615386,-31.0,3.0,1.0,,26.0,22.0,47367.0,24.1,47367.0,24.1,3460.0,19.8
INC2013-188,2012-12-22,,,,,,,-11.616666666666667,-24.0,2.5,1.0,,21.999999999999996,28.0,3460.0,19.8,3460.0,19.8,3460.0,19.8
INC2013-189,2012-12-17,-10.8,-12.0,-9.5,-13.842857142857142,-24.0,-3.5,-10.096153846153847,-24.0,4.5,3.0,4.0,14.6,18.0,3460.0,19.8,3460.0,19.8,3460.0,19.8
INC2013-190,2012-11-12,-12.3,-17.5,-7.0,-3.5142857142857147,-11.5,6.5,0.4866666666666671,-11.5,20.5,13.0,39.0,70.19999999999999,30.0,3460.0,19.8,3460.0,19.8,3460.0,19.8
INC2013-191,2012-11-03,-3.8,-6.0,-1.5,-2.1714285714285713,-10.5,5.5,1.9592592592592595,-10.5,20.5,17.0,10.799999999999999,28.4,7.0,3460.0,19.8,3460.0,19.8,3460.0,19.8
INC2013-192,2012-10-10,1.5,-3.0,6.0,,,,11.241666666666669,-9.5,30.5,7.0,,0.4,0.0,3460.0,19.8,3460.0,19.8,3460.0,19.8
INC2013-193,2012-10-07,,,,7.733333333333333,-9.5,21.5,12.023076923076925,-9.5,30.5,6.0,0.0,0.2,0.0,3460.0,19.8,3460.0,19.8,3460.0,19.8
INC2013-194,2012-09-27,14.8,5.0,24.5,,,,15.192592592592591,-4.5,36.5,4.0,,1.0,0.0,3460.0,19.8,3460.0,19.8,3460.0,19.8
INC2013-195,2012-08-22,19.0,11.0,27.0,17.228571428571428,5.5,31.5,18.349999999999998,5.5,33.0,0.0,0.8,21.200000000000003,0.0,3460.0,19.8,3460.0,19.8,3460.0,19.8
INC2013-196,2012-06-15,17.5,10.0,25.0,14.742857142857144,4.0,24.5,13.67666666666667,1.0,29.0,0.0,25.200000000000003,106.00000000000001,0.0,3460.0,19.8,3460.0,19.8,3460.0,19.8
INC2013-119,2013-08-03,14.5,7.0,22.0,14.933333333333332,3.5,23.5,18.020689655172415,3.5,29.5,0.0,14.8,41.6,0.0,3460.0,19.8,3460.0,19.8,3460.0,19.8
INC2013-126,2013-08-28,23.8,14.5,33.0,21.24285714285714,5.5,33.5,17.790000000000003,5.5,33.5,0.0,0.0,43.4,0.0,3460.0,19.8,3460.0,19.8,3460.0,19.8
INC2013-197,2012-05-08,10.0,3.5,16.5,8.657142857142857,2.5,18.5,5.717241379310345,-10.5,25.0,10.0,53.8,107.79999999999997,0.0,3460.0,19.8,3460.0,19.8,3460.0,19.8
INC2013-198,2012-04-26,1.5,-6.5,9.5,8.0,-5.0,25.0,5.417241379310345,-10.5,25.0,15.0,4.6000000000000005,50.0,0.0,3460.0,19.8,3460.0,19.8,3460.0,19.8
INC2013-199,2012-02-10,-20.8,-25.5,-16.0,-5.442857142857143,-17.5,7.5,-10.417857142857144,-28.5,7.5,9.0,0.0,6.4,2.0,3460.0,19.8,3460.0,19.8,3460.0,19.8
INC2013-200,2011-11-19,-18.8,-21.5,-16.0,-6.085714285714286,-20.5,4.0,0.08620689655172414,-20.5,16.5,19.0,8.8,27.8,9.0,3460.0,19.8,3460.0,19.8,3460.0,19.8
INC2013-201,2011-09-17,11.3,9.0,13.5,12.285714285714286,-2.0,31.5,17.225925925925928,-2.0,34.0,2.0,0.2,12.6,0.0,3460.0,19.8,3460.0,19.8,3460.0,19.8
INC2013-177,2013-08-22,16.0,5.5,26.5,20.657142857142855,9.0,32.5,16.517241379310345,3.5,32.5,0.0,0.4,44.800000000000004,0.0,3460.0,19.8,3460.0,19.8,3460.0,19.8
INC2013-178,2013-07-14,16.5,10.5,22.5,20.285714285714285,10.5,29.5,19.575,7.5,30.0,0.0,12.2,168.00000000000003,0.0,3460.0,19.8,3460.0,19.8,3460.0,19.8
INC2013-179,2013-04-12,-1.5,-5.5,2.5,-6.042857142857143,-17.5,1.5,-10.386666666666668,-26.0,5.0,5.0,10.2,22.6,40.0,3460.0,19.8,3460.0,19.8,3460.0,19.8
INC2013-180,2013-03-28,-11.3,-19.5,-3.0,-13.099999999999998,-24.5,-3.0,-12.260000000000002,-26.5,-1.0,0.0,0.6,45.4,56.0,3460.0,19.8,3460.0,19.8,3460.0,19.8
INC2008-043,2008-05-01,9.3,4.5,14.0,,,,4.267857142857143,-12.5,26.5,20.0,,14.799999999999997,0.0,3460.0,19.8,3460.0,19.8,3460.0,19.8
INC2008-004,2008-01-23,-21.0,-26.0,-16.0,-19.74285714285714,-31.0,-6.5,-12.57666666666667,-31.0,3.5,3.0,0.0,2.0,11.0,2900.0,48.5,2900.0,48.5,3460.0,19.7
INC2008-120,2008-12-08,-16.2,-19.3,-13.1,-11.742857142857142,-21.3,1.4,-6.6933333333333325,-21.3,3.2,8.0,4.3,8.9,4.0,28051.0,16.6,43187.0,7.6,43187.0,7.6
INC2016-051,2016-05-23,21.1,13.2,29.0,10.028571428571427,-5.3,24.9,5.889285714285714,-8.6,25.5,20.0,0.2,17.9,,7633.0,54.5,7633.0,54.5,,
INC2008-128,2008-02-04,-7.9,-13.5,-2.2,-12.1,-30.3,2.7,-14.036666666666667,-35.7,4.4,5.0,22.7,45.3,75.0,7633.0,54.5,7633.0,54.5,7633.0,54.5
INC2020-116,2020-10-28,-3.2,-7.1,0.6,-2.8428571428571425,-10.6,2.6,2.506666666666667,-10.6,16.3,20.0,3.8,83.10000000000001,0.0,7633.0,76.1,7633.0,76.1,7633.0,76.1
INC2025-035,2025-05-28,15.1,4.0,26.2,8.483333333333334,0.0,21.0,7.386206896551724,-11.3,29.2,14.0,3.5999999999999996,34.099999999999994,,54858.0,39.2,54858.0,39.2,,
INC2013-123,2013-08-17,22.1,13.1,31.0,20.8,9.9,34.4,18.416666666666668,4.1,34.4,0.0,0.8,21.6,0.0,10889.0,29.5,10889.0,29.5,2315.0,2.3
INC2012-021,2012-02-02,-4.2,-8.6,0.3,-3.3000000000000003,-11.5,5.9,-8.610714285714286,-32.8,6.5,10.0,0.0,2.2,0.0,7485.0,43.1,7485.0,43.1,3168.0,77.9
INC2008-020,2008-03-02,-9.6,-15.6,-3.5,-12.171428571428573,-25.3,2.3,-16.49666666666667,-37.3,2.3,1.0,2.0,12.0,46.0,29368.0,4.9,29368.0,4.9,3966.0,70.3
INC2013-005,2013-01-14,-17.8,-20.2,-15.4,-8.342857142857143,-24.5,5.9,-12.566666666666668,-25.4,5.9,2.0,15.100000000000001,31.800000000000004,32.0,48869.0,4.9,48869.0,4.9,3966.0,70.3
INC2015-031,2015-03-30,1.5,-5.1,8.0,-3.4857142857142853,-17.5,5.6,-5.446666666666668,-28.3,12.3,15.0,10.4,11.2,10.0,48869.0,4.9,48869.0,4.9,51138.0,70.8
INC2015-036,2015-04-07,-1.6,-9.5,6.4,,-17.0,10.7,-2.5535714285714284,-18.7,12.3,19.0,,13.9,1.0,48869.0,4.9,48869.0,4.9,51138.0,70.8
INC2015-055,2015-05-11,2.7,0.4,4.9,8.499999999999998,-1.4,21.9,7.086206896551725,-8.1,21.9,9.0,9.9,26.1,0.0,48869.0,4.9,48869.0,4.9,51138.0,70.8
INC2014-148,2014-12-04,-12.2,-20.1,-4.2,-18.057142857142857,-28.4,-7.9,-10.456666666666667,-28.4,4.1,6.0,5.9,19.299999999999997,11.0,47307.0,8.2,47307.0,8.2,47307.0,8.2
INC2014-155,2014-12-23,-0.1,-0.6,0.5,-8.233333333333333,-16.9,0.8,-10.458620689655174,-28.4,0.8,3.0,1.4,16.9,17.0,47307.0,8.2,47307.0,8.2,47307.0,8.2
INC2010-118,2010-10-26,9.3,7.2,11.3,5.6571428571428575,-0.8,12.0,9.99655172413793,-0.8,24.1,1.0,7.2,9.8,0.0,47307.0,8.2,47307.0,8.2,3960.0,8.9
INC2008-078,2008-07-29,15.8,13.0,18.5,18.04285714285714,9.2,27.4,16.650000000000002,4.5,28.5,0.0,4.199999999999999,124.80000000000001,0.0,4003.0,77.1,4003.0,77.1,4003.0,77.1
INC2013-168,2013-12-05,,-13.8,,-10.414285714285715,-17.4,-5.5,-7.170000000000001,-23.2,6.2,8.0,2.7,23.300000000000004,30.0,48869.0,4.2,48869.0,4.2,51138.0,70.3
INC2018-176,2018-12-04,-9.5,-13.0,-6.0,-9.242857142857144,-23.0,-3.5,-8.546666666666669,-23.0,3.5,4.0,11.0,31.4,12.0,3460.0,19.1,3460.0,19.1,3460.0,19.1
INC2020-089,2020-08-24,20.2,15.2,25.2,15.114285714285712,3.0,26.8,17.52142857142857,3.0,31.8,0.0,2.0,45.099999999999994,,54858.0,80.6,54858.0,80.6,,
INC2025-042,2025-06-15,13.9,2.7,25.1,10.616666666666667,-1.8,22.3,10.278571428571428,-3.0,28.3,6.0,2.8,12.2,,54858.0,28.9,54858.0,28.9,,
INC2022-205,2022-11-19,-14.2,-18.0,-10.3,-7.885714285714285,-12.6,-4.4,1.8733333333333326,-12.6,19.4,12.0,0.1,30.700000000000003,4.0,54858.0,12.4,54858.0,12.4,54858.0,12.4
INC2013-038,2013-03-04,-16.8,-28.1,-5.4,-12.528571428571428,-31.6,2.8,-16.796666666666667,-37.7,2.8,2.0,0.0,27.499999999999996,41.0,4003.0,12.4,4003.0,12.4,4003.0,12.4
INC2014-091,2014-06-20,16.9,11.5,22.2,12.971428571428572,1.6,23.7,13.696666666666667,1.6,27.8,0.0,15.0,151.99999999999997,0.0,4003.0,12.4,4003.0,12.4,4003.0,12.4
INC2014-089,2014-06-18,16.2,10.1,22.2,12.871428571428572,1.6,26.1,13.463333333333335,1.6,27.8,0.0,28.799999999999997,161.39999999999998,0.0,4003.0,12.4,4003.0,12.4,4003.0,12.4
INC2023-167,2023-09-22,11.7,-1.3,24.8,13.014285714285716,-1.3,31.1,15.560000000000002,-1.3,34.3,1.0,1.2000000000000002,17.599999999999994,0.0,49408.0,35.8,49408.0,35.8,27122.0,46.9
INC2008-037,2008-04-16,7.6,3.0,12.2,3.3714285714285714,-5.2,15.7,-1.6399999999999997,-16.7,15.7,24.0,0.0,18.099999999999998,0.0,3960.0,13.1,3960.0,13.1,3960.0,13.1
INC2018-041,2018-05-03,11.3,5.4,17.1,7.200000000000001,-0.7,23.5,0.014814814814814663,-19.4,23.5,12.0,2.0,2.2,0.0,51137.0,7.5,51137.0,7.5,30455.0,42.0
INC2023-081,2023-05-25,16.6,7.8,25.3,12.528571428571428,2.3,22.0,11.162068965517243,-2.8,27.0,4.0,2.3,29.7,0.0,51137.0,8.6,51137.0,8.6,3966.0,42.1
INC2013-154,2013-11-02,1.3,-2.5,5.0,-0.38333333333333347,-10.0,5.0,5.28888888888889,-10.0,20.0,11.0,0.3,11.900000000000002,0.0,3966.0,20.6,3966.0,20.6,3966.0,20.6
INC2018-061,2018-06-15,,,,18.3,10.2,26.8,15.972413793103449,2.8,28.6,0.0,4.0,89.00000000000001,0.0,30455.0,19.9,30455.0,19.9,3966.0,20.7
INC2012-028,2012-02-12,-12.5,-20.5,-4.5,-12.342857142857142,-28.0,1.0,-12.000000000000002,-35.0,1.0,2.0,0.1,20.8,0.0,3966.0,20.7,3966.0,20.7,3966.0,20.7
INC2012-027,2012-02-12,-12.5,-20.5,-4.5,-12.342857142857142,-28.0,1.0,-12.000000000000002,-35.0,1.0,2.0,0.1,20.8,0.0,3966.0,20.7,3966.0,20.7,3966.0,20.7
INC2018-027,2018-04-12,-5.1,-8.1,-2.1,-8.0,-19.6,3.0,-7.16,-21.9,4.4,12.0,4.9,12.4,7.0,49909.0,7.4,49909.0,7.4,49909.0,7.4
INC2024-067,2024-09-20,14.9,11.6,18.2,20.833333333333332,14.7,27.2,18.866666666666667,5.2,31.4,0.0,63.1,94.6,0.0,30455.0,28.3,30455.0,28.3,3966.0,28.6
INC2009-154,2009-08-07,16.4,14.1,18.6,14.442857142857141,5.5,22.8,15.893333333333336,3.1,27.4,0.0,9.399999999999999,82.19999999999999,0.0,3471.0,6.8,3471.0,6.8,3471.0,6.8
INC2021-201,2021-11-29,3.8,0.0,7.5,-0.014285714285714235,-7.0,6.0,0.5241379310344828,-10.0,9.0,22.0,20.400000000000002,118.39999999999999,2.0,27122.0,23.1,27122.0,23.1,27122.0,23.1
INC2008-086,2008-08-28,15.0,10.5,19.5,17.085714285714285,6.0,28.5,18.872413793103448,6.0,30.5,0.0,7.999999999999999,20.3,0.0,3966.0,34.3,3966.0,34.3,3966.0,34.3
INC2021-174,2021-11-16,-1.7,-7.2,3.8,4.8,-3.6,14.3,4.9799999999999995,-8.7,17.8,15.0,78.8,132.60000000000002,0.0,49408.0,28.9,27122.0,46.9,27122.0,46.9
INC2021-190,2021-11-21,5.8,1.4,10.3,-0.7000000000000001,-12.5,10.6,3.2566666666666664,-12.5,14.9,17.0,56.2,136.2,5.0,49408.0,27.8,27122.0,49.1,27122.0,49.1
INC2021-191,2021-11-16,-1.7,-7.2,3.8,4.8,-3.6,14.3,4.9799999999999995,-8.7,17.8,15.0,78.8,132.60000000000002,0.0,49408.0,26.5,27122.0,47.6,27122.0,47.6
INC2021-198,2021-11-16,-1.7,-7.2,3.8,4.8,-3.6,14.3,4.9799999999999995,-8.7,17.8,15.0,78.8,132.60000000000002,0.0,49408.0,26.0,27122.0,48.0,27122.0,48.0
INC2021-183,2021-11-18,-2.2,-5.4,1.0,2.9285714285714284,-9.3,14.3,4.1866666666666665,-9.3,15.3,17.0,65.8,132.60000000000002,0.0,49408.0,25.3,27122.0,48.7,27122.0,48.7
INC2021-172,2021-11-16,-1.7,-7.2,3.8,4.8,-3.6,14.3,4.9799999999999995,-8.7,17.8,15.0,78.8,132.60000000000002,0.0,49408.0,25.2,27122.0,48.7,27122.0,48.7
INC2009-019,2009-03-04,-2.0,-6.2,2.2,-18.04285714285714,-32.4,-2.5,-13.76333333333333,-32.4,2.5,3.0,1.0,54.0,30.0,10884.0,17.1,10884.0,17.1,45987.0,17.3
INC2014-076,2014-05-27,19.4,10.9,27.8,14.914285714285713,0.9,33.1,8.849999999999998,-2.8,33.1,6.0,26.0,53.9,0.0,10884.0,17.1,10884.0,17.1,45987.0,17.3
INC2011-175,2011-11-24,6.3,0.2,12.3,-7.885714285714285,-18.8,9.1,-0.4266666666666667,-18.8,14.4,15.0,4.1,15.6,2.0,10884.0,17.1,10884.0,17.1,3519.0,17.8
INC2008-060,2008-06-12,13.2,8.3,18.1,13.2,5.9,22.9,11.84,-0.6,24.2,1.0,78.39999999999999,112.4,0.0,10884.0,17.1,10884.0,17.1,45987.0,17.3
INC2008-098,2008-10-16,5.2,-1.0,11.4,5.657142857142857,0.6,15.2,10.046666666666669,-1.3,26.0,2.0,26.0,61.7,0.0,10884.0,17.1,10884.0,17.1,45987.0,17.3
INC2021-221,2021-12-17,-14.7,-20.4,-9.0,-4.314285714285714,-17.1,6.9,-0.17666666666666675,-17.1,15.0,14.0,16.0,69.19999999999999,20.0,49408.0,23.9,27122.0,50.4,27122.0,50.4
INC2021-189,2021-11-21,5.8,1.4,10.3,-0.7000000000000001,-12.5,10.6,3.2566666666666664,-12.5,14.9,17.0,56.2,136.2,5.0,49408.0,23.9,27122.0,50.4,27122.0,50.4
INC2021-179,2021-11-17,-4.4,-9.3,0.6,3.8571428571428577,-7.2,14.3,4.609999999999999,-8.7,15.8,16.0,65.8,132.60000000000002,0.0,49408.0,23.9,27122.0,50.4,27122.0,50.4
INC2019-047,2019-04-28,-3.6,-7.7,0.5,7.700000000000001,-4.6,21.4,6.533333333333332,-9.4,21.9,20.0,24.8,25.9,17.0,10667.0,38.0,10667.0,38.0,10667.0,38.0
INC2017-183,2017-11-08,-3.3,-6.0,-0.5,-5.757142857142857,-16.5,10.0,3.9533333333333327,-16.5,20.5,8.0,9.799999999999999,62.0,0.0,1022.0,18.7,1022.0,18.7,1022.0,18.7
INC2017-185,2017-11-19,6.3,3.0,9.5,4.128571428571429,-4.0,9.0,2.073333333333333,-16.5,20.5,11.0,3.6,28.6,0.0,1022.0,18.7,1022.0,18.7,1022.0,18.7
INC2017-190,2017-11-25,8.3,5.0,11.5,5.271428571428571,-2.0,12.5,1.3399999999999999,-16.5,13.0,12.0,24.599999999999998,42.60000000000001,0.0,1022.0,18.7,1022.0,18.7,1022.0,18.7
INC2017-191,2017-11-27,2.3,-2.0,6.5,5.885714285714286,-2.0,12.5,1.5233333333333334,-16.5,13.0,11.0,34.2,52.60000000000001,0.0,1022.0,18.7,1022.0,18.7,1022.0,18.7
INC2011-048,2011-03-24,-12.8,-19.3,-6.3,-4.142857142857143,-17.6,1.6,-11.709999999999999,-30.5,5.8,8.0,12.4,23.0,14.0,10666.0,32.3,3050.0,38.3,10666.0,32.3
INC2020-026,2020-03-01,-3.2,-9.0,2.5,0.5000000000000001,-8.8,11.9,-2.422222222222222,-17.9,11.9,17.0,1.6,7.699999999999999,1.0,27200.0,28.9,27200.0,28.9,2224.0,35.2
INC2023-116,2023-07-23,23.6,18.2,29.0,18.842857142857145,9.2,31.4,17.253333333333334,5.2,31.4,0.0,2.8000000000000003,44.900000000000006,,27200.0,28.9,27200.0,28.9,,
INC2010-107,2010-09-30,13.0,2.8,23.1,15.233333333333333,1.7,28.7,11.73103448275862,-5.3,28.7,3.0,1.3,29.9,0.0,10667.0,26.6,10667.0,26.6,3085.0,42.6
INC2012-124,2012-09-17,10.3,-2.0,22.5,13.214285714285717,1.6,31.2,16.582758620689656,1.6,35.3,0.0,0.0,3.0,0.0,10667.0,26.6,10667.0,26.6,3085.0,42.6
INC2010-141,2010-11-26,0.9,-4.0,5.7,-20.37142857142857,-30.1,-2.3,-3.1933333333333334,-30.1,22.6,15.0,9.7,19.299999999999997,12.0,10667.0,26.6,10667.0,26.6,10667.0,26.6
INC2012-158,2012-11-17,3.9,-1.1,8.9,-6.757142857142857,-25.2,6.5,-0.8966666666666667,-25.2,20.7,21.0,1.7,18.099999999999998,1.0,10667.0,26.6,10667.0,26.6,10667.0,26.6
INC2021-212,2021-12-09,-6.0,-11.7,-0.3,-1.957142857142857,-13.3,9.9,2.0933333333333333,-13.3,15.0,15.0,4.7,151.6,0.0,49408.0,16.8,44927.0,53.5,44927.0,53.5
INC2024-044,2024-07-04,14.4,10.1,18.8,13.22857142857143,6.5,20.2,12.162068965517237,0.0,24.1,0.0,64.0,101.30000000000001,1.0,27200.0,27.7,27200.0,27.7,27218.0,53.5
INC2021-139,2021-09-16,7.9,1.8,14.1,12.642857142857142,2.9,26.1,13.313333333333333,2.7,26.1,0.0,5.700000000000001,84.0,,27200.0,27.1,27200.0,27.1,,
INC2016-041,2016-05-03,14.0,6.5,21.5,9.014285714285714,-2.0,20.5,5.186666666666667,-10.5,22.0,16.0,0.0,38.0,0.0,2933.0,46.9,2933.0,46.9,2933.0,46.9
INC2010-127,2010-11-11,-1.3,-3.0,0.4,3.9,-5.2,17.8,4.323333333333333,-7.7,21.4,19.0,0.0,30.400000000000002,4.0,27741.0,12.2,27741.0,12.2,3471.0,43.6
INC2012-138,2012-10-02,12.5,4.3,20.7,11.928571428571429,-5.4,29.4,11.886666666666667,-6.9,30.2,8.0,0.0,5.1,0.0,27741.0,14.4,27741.0,14.4,3471.0,37.7
INC2018-166,2018-11-23,-2.5,-5.7,0.6,-11.685714285714285,-25.3,0.8,-4.682758620689656,-25.3,14.0,10.0,1.5,20.1,6.0,27741.0,23.6,27741.0,23.6,27741.0,23.6
INC2010-052,2010-05-03,4.5,-0.2,9.2,8.200000000000001,-1.9,18.7,7.603333333333334,-5.8,24.3,18.0,31.2,45.2,0.0,3471.0,25.4,3471.0,25.4,3471.0,25.4
INC2009-107,2009-09-23,16.7,5.7,27.6,17.62857142857143,2.6,30.8,17.59333333333333,2.6,30.8,0.0,1.8,80.60000000000001,0.0,3471.0,25.5,3471.0,25.5,3471.0,25.5
INC2010-104,2010-09-22,6.8,0.5,13.0,6.671428571428571,-1.0,20.5,11.342307692307694,-1.0,34.0,1.0,18.2,41.400000000000006,0.0,2174.0,26.9,2174.0,26.9,2174.0,26.9
INC2013-030,2013-02-19,-4.3,-7.8,-0.8,-0.6571428571428571,-10.6,10.8,-4.686666666666667,-23.5,10.8,21.0,0.8999999999999999,4.6,3.0,30347.0,3.5,30347.0,3.5,10667.0,91.8
INC2017-037,2017-03-07,-13.5,-14.9,-12.1,-10.542857142857143,-25.9,3.7,-9.653333333333332,-30.9,4.1,11.0,19.4,31.4,58.0,50821.0,18.4,3457.0,13.5,3457.0,13.5
INC2017-177,2017-11-02,-5.8,-7.9,-3.6,-1.5999999999999999,-13.8,18.2,5.199999999999999,-13.8,27.7,20.0,6.2,7.1000000000000005,5.0,54518.0,31.0,54518.0,31.0,54518.0,31.0
INC2023-022,2023-02-03,-2.7,-6.3,0.9,-4.6,-16.9,9.5,-0.9299999999999999,-16.9,10.0,21.0,6.8,21.8,44.0,49408.0,4.0,27122.0,55.4,27122.0,55.4
INC2012-137,2012-10-02,11.4,2.5,20.2,11.414285714285713,-5.2,29.5,11.606666666666667,-6.7,30.9,8.0,0.0,0.7,0.0,3471.0,18.7,3457.0,13.4,3457.0,13.4
INC2012-040,2012-02-27,-17.5,-24.5,-10.4,-7.085714285714287,-18.4,7.8,-8.316666666666665,-26.8,7.8,9.0,1.4,4.4,10.0,3471.0,18.7,3457.0,13.4,3457.0,13.4
INC2019-098,2019-09-01,15.7,9.3,22.1,14.885714285714284,3.2,23.6,16.226666666666667,2.9,30.8,0.0,29.1,97.7,0.0,50821.0,18.7,3457.0,13.4,3457.0,13.4
INC2012-131,2012-09-26,7.5,-4.4,19.4,7.485714285714286,-6.7,19.9,13.139999999999999,-6.7,36.9,7.0,0.1,3.1,0.0,3471.0,18.7,3457.0,13.4,3457.0,13.4
INC2011-125,2011-08-09,17.2,10.0,24.4,19.085714285714285,9.6,29.6,19.733333333333338,9.6,33.1,0.0,0.30000000000000004,58.2,0.0,3471.0,18.7,3457.0,13.4,3457.0,13.4
INC2017-103,2017-07-20,16.7,6.2,27.2,17.414285714285715,6.7,29.9,16.823333333333334,1.7,30.0,0.0,0.6,21.400000000000002,0.0,50821.0,18.7,3457.0,14.3,3457.0,14.3
INC2015-037,2015-04-09,3.9,-2.3,10.1,-2.842857142857143,-11.3,8.3,0.02666666666666666,-11.4,15.0,21.0,5.700000000000001,31.5,0.0,50821.0,18.8,3457.0,13.3,3457.0,13.3
INC2008-027,2008-03-14,-7.1,-11.2,-3.0,-7.685714285714285,-30.3,5.7,-13.776666666666669,-35.1,5.7,6.0,1.5000000000000002,10.6,28.0,3471.0,18.9,3457.0,13.5,3457.0,13.5
INC2012-064,2012-05-14,16.7,9.9,23.5,11.328571428571427,-2.6,25.6,9.589655172413794,-6.2,30.8,5.0,2.1,56.7,0.0,30347.0,6.7,30347.0,6.7,2339.0,62.1
INC2023-013,2023-01-23,-0.7,-5.8,4.5,-0.5428571428571428,-8.4,7.3,-0.9466666666666669,-15.3,10.1,19.0,2.0,48.6,0.0,49408.0,4.6,27122.0,55.4,1022.0,6.0
INC2023-107,2023-07-14,21.3,9.8,32.7,20.62857142857143,8.8,34.2,17.57241379310345,4.1,34.2,0.0,0.0,32.4,0.0,49408.0,4.9,49408.0,4.9,27122.0,55.4
INC2024-095,2024-12-16,-8.0,-8.5,-7.5,-15.557142857142855,-33.0,-2.5,-11.61111111111111,-33.0,5.0,7.0,6.0,43.0,25.0,3460.0,42.4,3460.0,42.4,3460.0,42.4
INC2022-074,2022-04-26,6.2,0.2,12.3,6.257142857142857,-7.7,20.0,4.883333333333334,-8.3,22.3,20.0,1.4,17.1,0.0,49408.0,25.2,1216.0,55.1,1216.0,55.1
INC2015-056,2015-05-11,6.6,-1.5,14.6,9.285714285714286,-2.7,25.2,9.23103448275862,-5.1,26.8,9.0,0.0,2.7,,30347.0,17.6,30347.0,17.6,,
INC2019-081,2019-07-14,22.8,14.6,31.0,20.8,10.1,32.0,17.633333333333333,4.1,32.0,0.0,0.4,52.699999999999996,0.0,30347.0,35.5,30347.0,35.5,2315.0,80.4
INC2021-017,2021-02-03,-12.6,-16.9,-8.4,-6.2,-17.5,12.5,-2.7586206896551726,-19.9,12.5,18.0,0.4,2.2,5.0,30347.0,28.3,30347.0,28.3,2180.0,71.3
INC2019-103,2019-09-20,16.0,13.5,18.5,17.4,7.0,30.0,14.620000000000001,1.5,30.0,0.0,7.8,133.8,0.0,2933.0,30.8,2933.0,30.8,2933.0,30.8
INC2025-052,2025-07-24,16.3,9.0,23.5,16.385714285714286,7.0,24.0,17.813333333333333,7.0,33.0,0.0,12.8,58.599999999999994,0.0,2933.0,30.7,2933.0,30.7,2933.0,30.7
INC2013-018,2013-02-02,-15.9,-23.6,-8.2,-17.785714285714285,-33.7,-5.0,-15.356666666666667,-33.7,2.3,4.0,5.0,15.0,40.0,2933.0,31.5,2933.0,31.5,2933.0,31.5
INC2012-062,2012-05-13,15.8,8.0,23.5,9.828571428571427,1.3,22.6,6.643333333333335,-7.4,26.3,6.0,7.6,104.2,0.0,2933.0,31.5,2933.0,31.5,2933.0,31.5
INC2025-051,2025-07-23,20.5,11.8,29.2,18.657142857142855,7.2,30.4,18.463333333333335,4.7,33.3,0.0,6.8,16.4,0.0,49408.0,13.8,49408.0,13.8,1022.0,14.8
INC2017-083,2017-05-06,8.9,4.2,13.5,9.871428571428572,-2.3,28.2,7.573333333333332,-5.0,28.2,11.0,10.9,41.9,0.0,49408.0,14.0,1022.0,15.0,1022.0,15.0
INC2008-070,2008-07-16,15.8,11.0,20.5,17.157142857142855,7.0,26.0,18.260714285714286,7.0,32.5,0.0,16.0,48.0,0.0,3017.0,29.5,3017.0,29.5,3017.0,29.5
INC2024-059,2024-08-21,23.3,16.0,30.5,20.557142857142853,8.0,30.5,19.95862068965517,3.0,35.0,0.0,35.6,44.6,0.0,3460.0,37.0,3460.0,37.0,3460.0,37.0
INC2008-018,2008-02-25,-8.3,-12.0,-4.5,-15.516666666666666,-29.0,0.0,-17.817241379310346,-35.0,3.5,2.0,0.0,16.0,0.0,3017.0,29.5,3017.0,29.5,3017.0,29.5
INC2021-129,2021-09-07,17.0,4.4,29.6,13.785714285714288,1.1,26.4,16.576666666666668,1.1,36.7,0.0,0.6000000000000001,23.2,0.0,49408.0,19.3,49408.0,19.3,1216.0,53.5
INC2017-130,2017-09-01,21.8,16.0,27.5,19.428571428571427,7.0,32.0,18.013333333333332,6.5,32.0,0.0,0.6000000000000001,38.2,0.0,3460.0,47.7,3460.0,47.7,3460.0,47.7
INC2017-142,2017-09-11,17.3,7.5,27.0,,,,17.978571428571428,4.0,32.0,0.0,,3.6,0.0,3460.0,47.7,3460.0,47.7,3460.0,47.7
INC2021-147,2021-10-05,18.0,6.0,30.0,15.57142857142857,-0.5,31.5,15.05769230769231,-0.5,31.5,1.0,0.0,1.0,0.0,3460.0,40.0,3460.0,40.0,3460.0,40.0
INC2015-070,2015-06-16,13.8,3.5,24.1,15.633333333333333,5.6,28.1,14.06551724137931,-6.1,32.8,4.0,0.7,11.2,0.0,44543.0,22.2,44543.0,22.2,3007.0,46.3
INC2011-165,2011-10-24,4.1,-3.9,12.0,4.471428571428571,-6.2,14.9,9.93,-6.2,31.5,9.0,0.0,17.4,0.0,2925.0,32.6,2925.0,32.6,2992.0,39.6
INC2023-122,2023-07-29,20.1,9.5,30.6,17.814285714285713,3.8,30.4,19.52,3.8,35.7,0.0,5.6000000000000005,5.8,0.0,49408.0,29.5,49408.0,29.5,1216.0,44.2
INC2011-152,2011-09-20,11.2,8.7,13.6,9.485714285714286,-0.5,18.6,16.26666666666667,-0.5,32.7,1.0,13.0,59.2,0.0,2933.0,18.4,2933.0,18.4,2933.0,18.4
INC2012-091,2012-07-18,22.2,18.0,26.4,21.614285714285717,16.1,28.9,19.41333333333333,8.6,32.8,0.0,43.400000000000006,70.39999999999999,0.0,2933.0,18.4,2933.0,18.4,2933.0,18.4
INC2010-060,2010-06-22,16.6,13.9,19.3,17.514285714285716,9.8,25.1,12.796666666666665,3.1,25.1,0.0,53.800000000000004,178.5,0.0,2933.0,18.4,2933.0,18.4,2933.0,18.4
INC2009-111,2009-09-29,,-0.1,,13.400000000000002,-1.4,30.4,16.13,-1.4,33.1,1.0,0.4,28.2,0.0,2925.0,30.9,2925.0,30.9,2992.0,33.2
INC2021-070,2021-05-15,15.1,3.3,26.9,9.614285714285716,-2.8,24.6,9.306666666666667,-7.3,26.4,18.0,1.8,8.000000000000002,0.0,49408.0,31.3,1216.0,42.1,1216.0,42.1
INC2026-002,2026-01-15,-4.9,-12.5,2.8,-6.185714285714285,-21.0,4.6,-11.996666666666668,-27.3,8.3,6.0,0.1,21.4,1.0,2925.0,31.0,2925.0,31.0,2925.0,31.0
INC2023-079,2023-05-11,15.3,7.5,23.0,12.242857142857144,2.0,22.5,5.716666666666668,-7.5,25.5,15.0,1.6,33.2,0.0,2933.0,31.6,2933.0,31.6,2933.0,31.6
INC2018-139,2018-10-05,4.0,-4.7,12.6,1.3285714285714287,-4.0,8.2,8.16,-4.0,31.7,6.0,5.4,25.8,0.0,10889.0,28.4,10889.0,28.4,2315.0,57.3
INC2010-122,2010-11-01,4.0,-1.4,9.3,-2.1999999999999997,-14.8,8.2,6.700000000000001,-14.8,26.8,12.0,13.7,14.9,1.0,2925.0,24.5,2925.0,24.5,2925.0,24.5
INC2010-137,2010-11-20,-23.7,-30.5,-16.8,-8.67142857142857,-27.6,0.6,-0.5133333333333333,-27.6,19.0,14.0,5.3999999999999995,36.3,10.0,2925.0,24.4,2925.0,24.4,2925.0,24.4
INC2015-119,2015-10-17,7.3,-0.5,15.0,9.985714285714284,-0.5,24.5,11.010000000000002,-0.5,29.0,4.0,6.4,28.299999999999997,0.0,2992.0,23.5,2992.0,23.5,2992.0,23.5
INC2025-076,2025-09-30,21.7,13.6,29.7,14.2,2.7,29.7,14.840000000000002,1.6,29.7,0.0,0.0,28.4,0.0,10927.0,40.8,10927.0,40.8,3460.0,49.3
INC2017-060,2017-05-05,17.9,5.8,29.9,8.171428571428573,-3.3,24.6,5.366666666666668,-12.3,24.6,19.0,3.5,20.200000000000003,0.0,28011.0,6.7,28011.0,6.7,2859.0,51.5
INC2020-050,2020-05-23,6.6,1.0,12.2,8.871428571428572,0.9,19.7,6.3392857142857135,-5.4,19.7,15.0,37.4,79.30000000000001,0.0,10665.0,13.8,10665.0,13.8,2173.0,43.0
INC2016-036,2016-04-14,8.3,-1.4,18.0,3.2142857142857144,-12.6,19.8,0.87,-12.6,22.3,25.0,2.0,21.699999999999996,0.0,28011.0,26.9,28011.0,26.9,46607.0,27.4
INC2017-181,2017-11-07,-15.4,-21.2,-9.6,-8.114285714285714,-21.3,3.0,1.6966666666666668,-21.3,26.1,18.0,8.6,9.2,2.0,28011.0,25.2,28011.0,25.2,28011.0,25.2
INC2017-175,2017-10-28,4.8,-6.5,16.0,2.742857142857143,-10.1,17.8,6.5233333333333325,-12.1,26.1,18.0,0.3,22.0,0.0,28011.0,25.0,28011.0,25.0,28011.0,25.0
INC2014-016,2014-01-18,-3.7,-9.7,2.3,-7.642857142857143,-20.9,4.4,-17.15,-36.6,4.4,5.0,0.0,7.5,14.0,28011.0,8.2,46588.0,2.1,46588.0,2.1
INC2010-153,2010-12-08,-14.0,-20.6,-7.4,-14.957142857142857,-23.8,-7.3,-10.900000000000002,-28.1,12.3,4.0,2.0,47.5,34.0,3002.0,18.9,46588.0,12.2,46588.0,12.2
INC2018-144,2018-10-10,-2.8,-9.9,4.2,0.8999999999999998,-7.1,10.7,4.375,-7.1,24.2,17.0,8.2,42.7,0.0,28011.0,18.9,28011.0,18.9,28011.0,18.9
INC2011-131,2011-08-21,19.6,9.0,30.2,16.52857142857143,5.7,30.3,18.113333333333337,5.7,31.6,0.0,11.2,47.199999999999996,,3002.0,18.9,28011.0,18.9,,
INC2026-030,2026-04-16,-6.6,-10.0,-3.3,5.085714285714286,-5.2,20.2,0.06999999999999992,-21.3,20.2,19.0,0.0,10.2,0.0,28011.0,18.8,28011.0,18.8,28011.0,18.8
INC2012-095,2012-07-26,18.0,13.0,22.9,20.285714285714285,11.1,31.6,20.534482758620687,7.0,33.4,0.0,10.1,66.50000000000001,0.0,28011.0,8.4,28011.0,8.4,3007.0,19.1
INC2021-111,2021-07-27,20.7,10.6,30.9,20.24285714285714,4.7,30.9,21.459999999999997,4.7,37.3,0.0,0.0,12.399999999999999,0.0,2180.0,42.0,2180.0,42.0,2315.0,93.7
INC2011-134,2011-08-25,22.2,14.0,30.3,17.585714285714285,5.7,33.0,18.48,5.7,33.0,0.0,0.3,46.39999999999999,0.0,3002.0,22.2,28011.0,22.2,2992.0,30.1
INC2009-009,2009-02-09,-4.5,-8.1,-0.9,-11.114285714285714,-31.9,1.6,-14.773333333333332,-40.9,2.0,4.0,0.5,17.0,41.0,3002.0,22.2,46588.0,16.3,46588.0,16.3
INC2016-052,2016-05-23,10.4,5.5,15.3,16.628571428571426,-0.1,28.5,11.633333333333333,-2.0,33.4,7.0,0.0,35.800000000000004,0.0,28011.0,4.0,28011.0,4.0,3007.0,20.4
INC2012-119,2012-09-07,13.2,2.0,24.3,15.542857142857144,4.0,30.5,17.533333333333335,3.2,34.7,0.0,0.0,4.1,0.0,3002.0,5.3,28011.0,5.3,3007.0,20.3
INC2013-091,2013-06-11,12.3,7.2,17.4,15.585714285714287,2.7,29.3,14.958620689655174,2.7,30.1,0.0,4.8,40.7,,30347.0,60.4,30347.0,60.4,,
INC2022-170,2022-09-21,8.0,-1.0,17.0,,6.0,23.5,18.189285714285713,1.0,36.0,0.0,2.8000000000000003,22.000000000000004,0.0,2859.0,14.4,2859.0,14.4,2859.0,14.4
INC2013-165,2013-12-01,-7.0,-9.9,-4.1,-9.057142857142857,-23.2,3.1,-7.12,-30.2,12.6,11.0,0.1,11.999999999999998,9.0,28011.0,8.9,46588.0,7.6,46588.0,7.6
INC2018-081,2018-06-26,18.3,10.9,25.8,20.228571428571428,8.1,30.8,17.370370370370367,4.3,30.8,0.0,0.0,52.6,0.0,28011.0,8.5,28011.0,8.5,2992.0,43.6
INC2020-086,2020-08-14,20.4,10.5,30.4,17.87142857142857,7.5,27.4,21.943333333333335,7.5,36.4,0.0,0.4,19.799999999999997,0.0,42203.0,24.9,42203.0,24.9,1216.0,22.0
INC2012-141,2012-10-04,0.3,-4.6,5.2,11.257142857142856,-3.4,28.4,12.173333333333336,-3.8,30.7,5.0,0.0,0.4,0.0,3002.0,8.6,28011.0,8.6,46587.0,1.4
INC2010-042,2010-04-10,2.6,-4.1,9.2,5.571428571428571,-8.3,20.2,2.8,-11.6,20.2,23.0,0.0,1.0,0.0,27476.0,28.6,46067.0,27.4,46067.0,27.4
INC2012-164,2012-11-24,-6.0,-9.8,-2.1,-6.728571428571429,-24.4,5.0,-5.296666666666667,-25.0,8.2,10.0,20.0,70.30000000000001,38.0,3002.0,8.6,46587.0,1.3,46587.0,1.3
INC2008-039,2008-04-21,-2.9,-8.9,3.1,7.071428571428571,-5.9,28.6,2.5066666666666673,-12.6,28.6,27.0,0.0,0.2,0.0,3002.0,9.2,46587.0,2.0,46587.0,2.0
INC2017-136,2017-09-08,19.1,6.0,32.2,15.885714285714284,1.8,29.9,17.01,1.8,35.4,0.0,0.0,5.4,0.0,27476.0,28.6,27476.0,28.6,2859.0,35.3
INC2020-002,2020-01-14,-28.9,-31.6,-26.2,-16.185714285714287,-30.1,-2.5,-7.826666666666667,-30.1,8.6,11.0,4.3,4.3,3.0,27476.0,28.6,27476.0,28.6,27476.0,28.6
INC2013-096,2013-06-19,17.9,13.1,22.7,16.442857142857143,7.2,26.4,14.479310344827585,0.9,26.4,0.0,49.699999999999996,89.10000000000001,0.0,27476.0,28.6,27476.0,28.6,2859.0,35.3
INC2012-122,2012-09-11,12.1,5.5,18.6,14.714285714285714,1.0,31.1,16.67,1.0,34.3,0.0,0.0,3.0,0.0,27476.0,28.6,27476.0,28.6,2859.0,35.3
INC2021-156,2021-10-20,-1.8,-10.2,6.5,5.542857142857144,-7.3,24.2,11.2,-7.3,33.1,6.0,13.399999999999999,17.5,0.0,27476.0,28.6,27476.0,28.6,2859.0,35.3
INC2015-122,2015-10-27,2.6,-0.5,5.6,5.866666666666667,-4.0,18.9,7.965517241379311,-4.0,25.9,15.0,0.0,0.0,0.0,28011.0,9.2,46607.0,8.0,46607.0,8.0
INC2016-070,2016-06-30,17.8,12.4,23.1,17.9,10.2,27.3,16.71333333333333,3.3,31.4,0.0,3.6,70.10000000000001,0.0,28011.0,8.2,28011.0,8.2,3007.0,19.7
INC2014-153,2014-12-16,-7.0,-7.7,-6.3,-0.9142857142857144,-8.4,5.7,-9.203448275862073,-30.7,6.9,9.0,1.1,11.499999999999998,0.0,28011.0,8.9,46607.0,7.6,46607.0,7.6
INC2015-108,2015-09-14,11.8,7.3,16.3,11.957142857142857,2.7,28.6,14.94,2.7,34.4,0.0,0.0,76.8,0.0,28011.0,8.4,28011.0,8.4,3007.0,19.8
INC2015-084,2015-07-20,16.8,8.1,25.5,19.728571428571428,8.7,30.7,19.203333333333333,2.5,34.1,0.0,29.3,47.699999999999996,0.0,28011.0,8.4,28011.0,8.4,3007.0,19.8
INC2018-080,2018-07-30,21.0,10.2,31.9,16.071428571428573,4.8,29.9,18.475999999999996,4.7,32.9,0.0,0.2,19.499999999999996,0.0,28011.0,8.6,28011.0,8.6,2992.0,43.6
INC2025-065,2025-08-27,20.4,9.6,31.1,16.785714285714285,3.0,33.3,18.560000000000002,2.4,34.8,0.0,0.0,23.8,0.0,51441.0,8.3,28011.0,8.3,2992.0,44.0
INC2015-062,2015-05-22,15.7,4.9,26.5,8.671428571428569,-4.4,24.5,8.566666666666668,-5.1,27.5,14.0,6.7,14.5,0.0,28011.0,8.3,28011.0,8.3,3007.0,19.6
INC2015-025,2015-03-05,-13.8,-25.8,-1.8,-19.8,-32.4,-5.0,-16.633333333333336,-34.3,-0.1,0.0,0.1,18.7,0.0,28011.0,8.2,46607.0,6.7,46607.0,6.7
INC2008-048,2008-05-11,8.3,-1.0,17.5,6.685714285714286,-8.4,19.7,4.99,-13.9,28.6,23.0,0.0,5.700000000000001,0.0,28011.0,7.2,28011.0,7.2,3007.0,18.0
INC2023-058,2023-04-11,8.6,2.2,15.0,-6.814285714285716,-25.8,7.3,-9.93,-25.8,7.3,6.0,0.0,3.8,3.0,51441.0,8.4,28011.0,8.4,28011.0,8.4
INC2024-063,2024-08-31,16.2,8.8,23.5,17.714285714285715,7.7,27.9,19.286666666666665,1.6,37.7,0.0,15.2,34.300000000000004,0.0,51441.0,10.9,28011.0,10.9,2992.0,57.7
INC2022-041,2022-03-01,4.0,0.0,8.0,-6.142857142857143,-17.5,5.0,-1.57,-17.5,9.5,14.0,7.6,29.999999999999996,2.0,1216.0,20.2,1216.0,20.2,1216.0,20.2
INC2022-094,2022-06-08,19.0,15.1,23.0,16.842857142857145,8.6,25.5,13.819999999999999,3.2,25.5,0.0,12.3,20.7,0.0,42203.0,21.4,42203.0,21.4,1216.0,18.9
INC2023-149,2023-09-02,22.0,14.0,30.0,20.885714285714283,10.5,32.0,19.5,4.5,39.0,0.0,0.4,69.9,0.0,3071.0,44.2,3071.0,44.2,3071.0,44.2
INC2010-112,2010-10-06,12.3,1.0,23.5,13.028571428571427,0.0,26.5,10.970000000000002,-5.0,29.0,2.0,0.7,63.400000000000006,0.0,3071.0,32.4,3071.0,32.4,3071.0,32.4
INC2008-079,2008-07-12,16.0,9.0,23.0,18.11428571428571,9.0,27.5,17.28888888888889,6.0,34.5,0.0,44.0,87.7,0.0,3071.0,32.3,3071.0,32.3,3071.0,32.3
INC2011-116,2011-08-04,18.3,10.5,26.0,19.357142857142858,7.0,33.5,19.41,6.0,33.5,0.0,3.2,57.800000000000004,0.0,3071.0,32.3,3071.0,32.3,3071.0,32.3
INC2026-021,2026-02-21,-18.0,-26.0,-10.0,-9.842857142857143,-28.5,9.0,-7.913333333333335,-38.0,9.0,16.0,7.0,16.6,9.0,3071.0,32.3,3071.0,32.3,3071.0,32.3
INC2017-003,2016-10-28,3.8,1.8,5.7,5.042857142857143,-7.8,19.2,4.779999999999999,-9.7,22.7,20.0,0.2,5.7,0.0,2180.0,6.7,2180.0,6.7,2295.0,86.5
INC2023-042,2023-03-14,3.3,-1.8,8.4,3.3571428571428577,-5.5,12.6,-0.5000000000000002,-16.6,12.6,21.0,0.0,36.4,0.0,51423.0,15.2,51423.0,15.2,1216.0,21.1
INC2010-054,2010-05-27,8.5,5.0,12.0,,,,9.074074074074074,-4.0,29.0,8.0,,63.0,0.0,3151.0,39.7,3151.0,39.7,3151.0,39.7
INC2022-070,2022-04-14,2.8,-5.0,10.6,6.3999999999999995,-4.1,18.4,7.553333333333334,-4.1,19.9,8.0,1.0,5.6,0.0,42203.0,13.2,42203.0,13.2,1216.0,17.0
INC2022-219,2022-12-01,-15.9,-21.8,-9.9,-5.2,-16.3,7.2,-6.930000000000001,-22.6,12.4,11.0,1.4000000000000001,21.6,0.0,3157.0,62.2,3157.0,62.2,3151.0,46.1
INC2012-112,2012-08-22,22.0,15.0,29.0,17.928571428571427,4.0,33.0,19.516666666666666,4.0,33.0,0.0,0.0,54.0,0.0,3151.0,46.4,3151.0,46.4,3151.0,46.4
INC2023-014,2023-01-23,-1.2,-3.9,1.5,0.9285714285714283,-6.7,7.0,1.0933333333333337,-10.1,9.9,15.0,0.7999999999999999,19.200000000000003,0.0,42203.0,11.6,42203.0,11.6,51423.0,11.7
INC2012-173,2012-12-23,-18.5,-19.0,-18.0,-12.357142857142858,-21.0,-3.0,-10.016666666666667,-22.0,7.0,4.0,12.0,17.0,20.0,3151.0,64.1,3151.0,64.1,3151.0,64.1
INC2018-152,2018-10-17,10.2,-3.0,23.4,1.9142857142857144,-9.7,17.9,3.4733333333333336,-9.7,17.9,15.0,0.7,28.0,0.0,10795.0,65.2,10795.0,65.2,3151.0,64.1
INC2010-148,2010-12-03,-11.5,-15.0,-8.0,-8.928571428571429,-20.0,0.0,-4.821428571428571,-27.0,21.0,7.0,0.0,22.0,13.0,3151.0,64.1,3151.0,64.1,3151.0,64.1
INC2017-110,2017-07-26,20.3,11.5,29.0,20.385714285714283,9.0,34.0,19.736666666666665,4.0,35.0,0.0,0.0,6.0,0.0,2859.0,12.5,2859.0,12.5,2859.0,12.5
INC2017-056,2017-04-30,7.5,-2.0,17.0,2.814285714285714,-4.0,15.0,4.916666666666667,-12.0,23.0,18.0,10.4,27.299999999999997,0.0,2859.0,12.5,2859.0,12.5,2859.0,12.5
INC2023-076,2023-05-09,13.7,8.2,19.1,15.785714285714286,8.9,30.7,11.853333333333333,-2.9,31.6,5.0,12.100000000000001,18.0,0.0,42203.0,8.6,42203.0,8.6,1216.0,17.1
INC2009-088,2009-09-01,22.8,12.0,33.6,18.314285714285713,5.4,32.5,17.36,5.4,32.5,0.0,0.2,24.599999999999998,0.0,10795.0,40.2,10795.0,40.2,2122.0,71.6
INC2010-057,2010-06-10,13.6,9.6,17.6,14.000000000000002,5.5,23.1,11.28,-4.1,30.0,4.0,33.2,84.60000000000001,0.0,10795.0,28.2,10795.0,28.2,2122.0,89.4
INC2019-022,2019-02-06,-30.9,-37.4,-24.4,-17.128571428571426,-35.2,3.6,-11.796666666666669,-35.2,6.9,5.0,2.1,5.7,6.0,10795.0,46.1,10795.0,46.1,10795.0,46.1
INC2012-024,2012-02-06,-9.2,-14.8,-3.5,-1.4714285714285715,-11.1,6.2,-7.92,-35.9,10.6,17.0,0.0,5.800000000000001,0.0,10795.0,45.6,10795.0,45.6,2123.0,82.8
INC2011-038,2011-03-05,2.7,-2.2,7.6,-3.4285714285714284,-14.3,10.8,-2.786666666666667,-16.0,11.2,13.0,6.6,22.5,0.0,1275.0,4.5,1275.0,4.5,1275.0,4.5
INC2019-080,2019-07-10,22.2,17.6,26.8,19.25714285714286,11.3,30.4,19.503333333333334,6.9,33.3,0.0,15.1,30.8,0.0,42203.0,4.5,42203.0,4.5,1216.0,17.6
INC2021-032,2021-02-25,4.8,2.2,7.3,1.5857142857142856,-7.3,13.2,-2.6866666666666665,-20.1,13.2,14.0,0.2,11.299999999999999,0.0,42203.0,4.5,42203.0,4.5,1216.0,17.6
INC2020-087,2020-08-17,28.7,20.6,36.8,20.271428571428572,7.5,37.1,22.066666666666663,7.5,37.1,0.0,0.2,19.799999999999997,0.0,42203.0,4.5,42203.0,4.5,1216.0,17.6
INC2022-075,2022-04-27,7.0,-0.6,14.6,10.457142857142857,-2.3,22.5,7.683333333333334,-5.0,22.5,11.0,0.0,3.0999999999999996,0.0,42203.0,4.1,42203.0,4.1,1216.0,17.8
INC2021-113,2021-08-04,22.2,13.1,31.3,24.04285714285714,10.7,36.9,21.8448275862069,4.5,36.9,0.0,0.0,11.6,,10795.0,42.5,10795.0,42.5,,
INC2010-119,2010-10-28,-7.5,-12.7,-2.3,2.2285714285714286,-11.4,19.6,8.648275862068967,-11.4,26.4,11.0,2.6,8.499999999999998,0.0,10795.0,42.5,10795.0,42.5,2122.0,66.7
INC2011-067,2011-04-21,4.4,-3.5,12.2,0.34285714285714286,-7.1,11.1,-0.056666666666666705,-15.9,17.6,22.0,5.3,10.299999999999999,0.0,10795.0,42.5,10795.0,42.5,2123.0,82.4
INC2011-106,2011-05-19,13.8,7.2,20.3,11.85,-0.9,22.9,8.067857142857145,-7.1,22.9,11.0,2.7,12.400000000000002,0.0,10795.0,42.5,10795.0,42.5,2123.0,82.4
INC2013-150,2013-10-23,2.4,-2.6,7.3,5.857142857142857,-6.4,15.8,6.906666666666666,-8.3,22.3,18.0,0.4,2.6,0.0,10795.0,39.8,10795.0,39.8,2123.0,83.9
INC2021-149,2021-10-05,17.1,4.2,30.1,12.642857142857142,-0.8,25.5,14.033333333333331,-3.6,31.5,3.0,0.0,1.4,,10795.0,44.9,10795.0,44.9,,
INC2016-113,2016-09-17,17.8,9.6,26.0,11.785714285714286,-0.7,25.1,14.620000000000001,-0.7,31.1,1.0,1.4,17.6,0.0,10795.0,42.5,10795.0,42.5,2144.0,83.2
INC2018-186,2018-08-28,10.4,0.6,20.2,15.12857142857143,3.5,32.6,18.543333333333337,2.2,38.6,0.0,0.2,15.3,0.0,10795.0,48.0,10795.0,48.0,2144.0,81.9
INC2025-077,2025-09-24,12.5,5.0,20.0,14.857142857142858,5.0,27.0,19.066666666666666,5.0,32.0,0.0,4.0,4.0,0.0,1313.0,28.1,1313.0,28.1,1313.0,28.1
INC2022-196,2022-11-05,2.9,-0.9,6.7,5.4142857142857155,-8.4,18.3,9.60344827586207,-8.4,23.7,3.0,8.8,9.899999999999999,0.0,51423.0,1.1,51423.0,1.1,51423.0,1.1
INC2020-104,2020-10-03,15.5,7.6,23.4,13.671428571428573,3.0,24.1,17.45,3.0,32.6,0.0,0.0,4.6,0.0,42203.0,1.3,42203.0,1.3,1216.0,19.4
INC2016-103,2016-08-26,14.6,7.7,21.4,15.657142857142857,4.7,32.5,17.60666666666667,4.7,32.5,0.0,13.899999999999999,39.8,,2180.0,27.0,2180.0,27.0,,
INC2017-100,2017-07-12,17.8,8.7,26.8,21.41428571428571,11.3,34.5,17.966666666666665,3.9,34.5,0.0,7.1,44.6,,2180.0,29.6,2180.0,29.6,,
INC2010-053,2010-05-24,9.9,1.6,18.1,13.200000000000001,2.0,29.7,8.44,-3.9,29.7,13.0,2.8000000000000003,57.00000000000001,0.0,2180.0,27.3,2180.0,27.3,2122.0,88.1
INC2017-053,2017-04-15,2.6,-5.0,10.2,5.842857142857143,-5.2,15.5,5.593333333333333,-7.8,20.5,25.0,1.0,6.5,,2180.0,27.3,2180.0,27.3,,
INC2018-058,2018-06-06,14.6,2.7,26.5,13.442857142857145,2.9,25.9,15.082142857142857,0.6,31.6,0.0,21.7,25.9,,2180.0,26.6,2180.0,26.6,,
INC2022-158,2022-09-07,20.3,6.2,34.4,20.37142857142857,5.7,34.6,20.975862068965515,5.7,35.6,0.0,0.2,17.9,,2180.0,55.2,2180.0,55.2,,
INC2023-207,2023-12-14,0.7,-3.1,4.5,-3.4,-15.7,7.2,-1.0866666666666664,-15.7,16.5,27.0,3.8,4.4,2.0,2180.0,55.2,2180.0,55.2,2180.0,55.2
INC2016-080,2016-07-20,20.5,13.7,27.3,17.7,9.2,28.0,17.62,5.1,29.5,0.0,31.2,99.80000000000001,,2180.0,51.3,2180.0,51.3,,
INC2017-156,2017-09-23,4.6,-1.9,11.1,8.014285714285714,-2.2,21.1,14.899999999999999,-2.2,34.6,3.0,0.0,0.9,0.0,2180.0,23.8,2180.0,23.8,2295.0,63.7
INC2017-115,2017-08-10,18.2,7.1,29.3,17.114285714285714,5.8,30.3,19.179310344827588,5.6,34.7,0.0,0.0,13.8,0.0,2180.0,24.2,2180.0,24.2,2295.0,63.5
INC2018-052,2018-05-29,15.4,8.7,22.1,18.97142857142857,5.9,31.6,14.564285714285718,-2.0,31.6,2.0,0.0,4.2,,2180.0,29.9,2180.0,29.9,,
INC2019-032,2017-05-09,8.0,0.0,16.0,7.828571428571428,-3.0,22.5,4.972413793103448,-4.5,22.5,20.0,21.200000000000003,48.6,0.0,1313.0,22.2,1313.0,22.2,1313.0,22.2
INC2012-140,2012-10-04,2.9,-3.9,9.7,11.542857142857143,-2.9,27.3,13.323333333333332,-2.9,29.5,2.0,11.499999999999998,14.6,0.0,2180.0,25.6,2180.0,25.6,2295.0,66.0
INC2009-089,2009-09-02,17.0,11.0,23.0,18.91428571428571,5.0,32.5,16.630000000000003,4.0,32.5,0.0,2.4,6.6000000000000005,0.0,1313.0,21.7,1313.0,21.7,1313.0,21.7
INC2020-010,2020-01-06,-6.0,-9.0,-3.0,-1.657142857142857,-9.5,5.0,-3.9933333333333336,-14.0,5.0,10.0,28.6,49.0,35.0,1313.0,21.6,1313.0,21.6,1313.0,21.6
INC2014-058,2014-04-13,4.0,-4.0,12.0,4.485714285714286,-3.0,12.0,1.4,-7.5,12.0,28.0,6.0,39.5,0.0,1313.0,21.6,1313.0,21.6,1313.0,21.6
INC2015-079,2015-05-29,14.8,7.0,22.5,13.742857142857142,3.5,24.0,11.323333333333334,-3.0,24.0,4.0,32.9,38.699999999999996,0.0,1313.0,21.6,1313.0,21.6,1313.0,21.6
INC2014-048,2014-03-27,-8.5,-11.0,-6.0,-8.685714285714285,-20.5,0.5,-7.88,-35.5,13.5,12.0,14.0,20.0,0.0,2295.0,41.1,2295.0,41.1,2295.0,41.1
INC2017-171,2017-10-19,12.1,4.6,19.6,5.971428571428572,-6.2,22.9,6.926666666666668,-9.8,26.6,17.0,3.0,25.299999999999997,0.0,2180.0,25.8,2180.0,25.8,2295.0,82.1
INC2023-024,2023-02-07,3.3,0.7,5.8,-5.1,-17.2,7.6,-4.9366666666666665,-20.1,9.8,15.0,0.0,2.5,,2180.0,34.9,2180.0,34.9,,
INC2021-054,2021-04-14,9.1,-2.9,21.0,6.771428571428571,-3.5,16.5,6.693333333333334,-5.6,18.6,13.0,1.9000000000000001,2.6,0.0,42203.0,17.8,42203.0,17.8,1216.0,26.4
INC2022-145,2022-08-23,19.4,11.7,27.2,22.928571428571434,9.6,36.0,21.333333333333332,1.6,36.2,0.0,0.2,5.300000000000001,0.0,10795.0,59.9,10795.0,59.9,30347.0,95.6
INC2020-119,2020-10-31,1.3,-3.0,5.5,-2.6999999999999997,-14.0,7.0,3.953333333333333,-14.0,21.0,15.0,6.3999999999999995,68.80000000000001,3.0,1313.0,14.4,1313.0,14.4,1313.0,14.4
INC2023-084,2023-05-30,19.5,12.3,26.7,19.8,8.5,30.7,19.182758620689658,6.5,36.7,0.0,3.0,31.6,0.0,48708.0,27.9,48708.0,27.9,1216.0,61.3
INC2026-051,2025-07-15,13.4,8.4,18.4,19.385714285714283,8.3,35.3,17.583333333333332,3.4,36.1,0.0,26.0,67.0,,10795.0,79.5,10795.0,79.5,,
INC2011-166,2011-10-25,,-4.3,,5.857142857142857,-6.9,20.3,9.236666666666666,-9.6,33.7,13.0,0.0,14.7,1.0,2180.0,42.5,2180.0,42.5,2180.0,42.5
INC2021-031,2021-02-25,-9.8,-11.5,-8.0,,,,-13.228,-29.0,-3.0,0.0,,77.0,203.0,11005.0,24.2,11005.0,24.2,11005.0,24.2
INC2022-173,2022-09-26,18.1,9.6,26.7,14.757142857142856,3.1,25.6,18.506666666666668,3.1,37.9,0.0,1.6,15.3,0.0,42203.0,32.4,42203.0,32.4,1216.0,37.5
INC2024-030,2024-05-12,18.8,10.6,26.9,16.114285714285717,2.2,32.0,11.917241379310344,-1.7,32.0,3.0,0.1,8.200000000000001,0.0,42203.0,32.6,42203.0,32.6,1216.0,37.9
INC2016-044,2016-05-09,7.3,3.7,10.9,14.9,0.8,30.9,10.343333333333332,-6.8,30.9,6.0,1.4,13.6,0.0,10708.0,39.2,2295.0,59.4,2295.0,59.4
INC2023-172,2023-09-28,11.5,2.2,20.9,14.12857142857143,1.4,25.1,16.066666666666666,1.4,34.1,0.0,0.0,9.0,0.0,10708.0,39.2,10708.0,39.2,2295.0,59.4
INC2023-117,2023-07-24,26.5,16.1,36.9,22.150000000000002,10.3,34.7,20.42068965517241,7.3,34.7,0.0,2.0,41.1,0.0,10708.0,39.2,10708.0,39.2,2295.0,59.4
INC2008-084,2008-08-25,24.0,10.2,37.8,18.97142857142857,1.1,36.8,19.18333333333333,1.1,36.8,0.0,0.0,28.000000000000004,0.0,3088.0,16.1,3088.0,16.1,3037.0,25.0
INC2014-052,2014-04-07,3.9,-1.3,9.1,-5.014285714285714,-22.0,8.0,-6.2633333333333345,-23.9,8.0,16.0,1.5,6.0,2.0,3088.0,5.3,3088.0,5.3,3091.0,2.8
INC2011-042,2011-03-13,0.6,-9.6,10.8,-12.414285714285713,-25.0,9.5,-13.276666666666667,-33.6,9.5,7.0,0.0,6.0,0.0,10708.0,34.2,2295.0,64.4,2145.0,33.5
INC2009-135,2009-12-10,-21.9,-27.9,-15.8,-19.3,-27.4,-11.3,-4.8133333333333335,-27.4,16.8,19.0,1.0,8.399999999999999,10.0,3088.0,7.4,3088.0,7.4,3091.0,3.4
INC2024-002,2024-01-12,-36.0,-40.9,-31.0,-13.785714285714286,-34.0,2.6,-4.329999999999999,-34.0,11.0,22.0,0.30000000000000004,3.1000000000000005,11.0,52200.0,15.0,52200.0,15.0,50430.0,35.5
INC2023-185,2023-10-25,-14.0,-19.3,-8.6,2.642857142857143,-15.6,20.4,6.73103448275862,-15.6,25.1,12.0,6.4,35.300000000000004,25.0,52200.0,22.1,52200.0,22.1,2402.0,35.0
INC2022-031,2022-02-15,-6.8,-8.5,-5.0,-3.2142857142857144,-10.0,1.5,-5.406666666666666,-22.0,1.5,4.0,12.0,70.0,182.0,11005.0,41.8,11005.0,41.8,11005.0,41.8
INC2022-154,2022-08-27,15.8,10.2,21.5,21.914285714285715,11.6,33.7,22.09666666666667,7.3,39.2,0.0,3.4,43.0,0.0,52398.0,44.5,52398.0,44.5,1340.0,45.5
INC2009-053,2009-06-19,18.0,10.7,25.3,18.785714285714285,5.4,30.6,12.533333333333333,-2.5,32.1,3.0,10.4,20.7,0.0,3088.0,19.9,3088.0,19.9,9819.0,7.0
INC2018-049,2018-05-27,17.3,6.7,27.9,18.900000000000002,6.9,32.7,15.727586206896552,0.4,32.7,0.0,0.0,33.400000000000006,0.0,52398.0,38.1,1340.0,40.5,1340.0,40.5
INC2026-061,2026-07-16,23.0,12.6,33.5,20.12857142857143,7.0,33.4,18.23,5.8,33.4,0.0,2.6,51.5,0.0,52398.0,37.6,52398.0,37.6,1340.0,40.1
INC2023-173,2023-10-01,7.8,3.3,12.3,10.442857142857141,-0.8,22.2,13.206666666666669,-0.8,28.5,1.0,5.0,16.400000000000002,0.0,27211.0,49.1,27211.0,49.1,2173.0,77.3
INC2010-090,2010-08-17,13.9,11.6,16.2,15.200000000000001,8.3,23.2,16.216666666666665,7.5,27.0,0.0,10.600000000000001,60.400000000000006,0.0,27211.0,49.1,27211.0,49.1,2145.0,34.7
INC2015-096,2015-08-21,7.4,2.9,11.8,14.700000000000001,6.2,27.6,17.25333333333333,6.2,33.8,0.0,31.2,86.2,0.0,27211.0,49.4,27211.0,49.4,2173.0,77.5
INC2017-172,2017-10-25,4.7,0.0,9.4,6.857142857142857,-3.2,20.2,8.01,-9.7,26.3,12.0,6.9,32.9,0.0,3318.0,15.7,3318.0,15.7,3318.0,15.7
INC2021-213,2021-12-10,-3.0,-4.5,-1.5,,-11.0,3.0,0.10000000000000002,-11.0,8.0,16.0,8.399999999999999,115.8,1.0,1340.0,37.8,52398.0,33.9,52398.0,33.9
INC2016-106,2016-09-01,22.0,15.1,28.8,14.985714285714286,3.6,26.5,16.933333333333334,3.6,29.2,0.0,2.1,69.9,0.0,3318.0,14.9,3318.0,14.9,3142.0,29.8
INC2023-148,2023-09-02,20.2,9.9,30.5,21.257142857142856,9.7,34.7,19.76,4.0,36.4,0.0,0.0,9.8,0.0,10708.0,26.1,10708.0,26.1,2295.0,83.2
INC2017-048,2017-03-30,6.0,-2.0,14.0,4.885714285714286,-4.0,15.0,-4.246428571428571,-24.0,15.0,15.0,0.0,40.0,0.0,2068.0,58.8,2068.0,58.8,2068.0,58.8
INC2022-047,2022-03-10,-3.2,-9.1,2.6,0.21428571428571427,-12.5,10.5,-1.5233333333333334,-20.5,12.4,23.0,0.0,42.699999999999996,34.0,52398.0,33.0,52398.0,33.0,1340.0,37.5
INC2022-103,2022-06-27,21.2,9.3,33.2,16.071428571428573,6.8,30.9,14.930000000000003,4.6,30.9,0.0,14.899999999999999,64.10000000000001,0.0,52398.0,31.3,52398.0,31.3,1340.0,36.5
INC2008-016,2008-02-22,-0.3,-8.4,7.8,0.35714285714285715,-10.8,12.0,-9.82666666666667,-33.3,12.0,15.0,0.0,6.0,0.0,2205.0,45.5,2025.0,36.3,2145.0,41.5
INC2017-094,2017-07-07,21.3,9.5,33.0,,,,15.768000000000002,2.0,30.5,0.0,,44.2,0.0,2068.0,53.3,2068.0,53.3,2068.0,53.3
INC2014-096,2014-07-06,18.9,13.4,24.3,17.885714285714286,9.2,29.1,14.256666666666668,2.6,29.1,0.0,5.0,75.5,0.0,50430.0,31.6,50430.0,31.6,43363.0,49.9
INC2019-100,2019-09-06,14.2,9.2,19.1,15.428571428571429,7.0,25.2,15.706666666666669,4.4,31.4,0.0,13.6,61.199999999999996,0.0,50430.0,31.6,50430.0,31.6,2173.0,75.1
INC2012-111,2012-08-22,18.7,12.2,25.1,17.357142857142854,5.3,29.4,18.110000000000003,5.3,30.2,0.0,0.0,28.8,,50430.0,40.4,50430.0,40.4,,
INC2017-197,2017-12-12,5.8,-1.3,12.9,4.416666666666667,-6.2,15.4,0.06428571428571475,-18.2,15.4,19.0,0.0,5.0,0.0,50430.0,40.4,50430.0,40.4,27211.0,40.9
INC2011-120,2011-08-05,19.5,12.0,27.0,19.7,7.0,32.0,18.55,5.0,32.0,0.0,13.899999999999999,57.9,0.0,2123.0,9.5,2123.0,9.5,2123.0,9.5
INC2008-085,2008-09-04,12.8,7.3,18.2,12.957142857142857,3.3,25.0,17.916666666666668,3.1,37.6,0.0,3.4,42.79999999999999,0.0,3318.0,23.1,3318.0,23.1,3142.0,33.7
INC2019-113,2019-10-18,3.9,-3.2,11.0,2.757142857142857,-10.8,17.1,3.2133333333333325,-16.2,20.9,16.0,0.0,30.4,1.0,52200.0,38.7,52200.0,38.7,27211.0,52.2
INC2023-068,2023-04-27,,,,3.3000000000000003,-8.9,17.2,1.0033333333333332,-17.3,17.2,23.0,1.5,3.0000000000000004,,52200.0,38.7,9010.0,45.8,,
INC2018-016,2018-02-16,-8.0,-13.4,-2.6,-15.600000000000003,-39.2,9.4,-12.846666666666668,-39.2,9.4,11.0,6.0,41.29999999999999,30.0,10105.0,38.8,10105.0,38.8,10105.0,38.8
INC2018-099,2018-08-22,19.5,8.0,31.0,16.971428571428568,3.5,33.5,18.246666666666663,3.5,38.5,0.0,0.2,8.2,0.0,3091.0,30.8,3091.0,30.8,3091.0,30.8
INC2017-006,2017-01-17,0.4,-5.5,6.3,-14.671428571428573,-31.1,2.8,-13.2,-31.1,4.5,6.0,0.6000000000000001,8.2,7.0,3318.0,23.8,3318.0,23.8,3318.0,23.8
INC2015-022,2015-02-27,-20.3,-26.6,-14.0,-14.557142857142859,-34.0,2.9,-14.126666666666665,-34.0,2.9,5.0,5.699999999999999,20.2,30.0,3318.0,23.7,3318.0,23.7,3318.0,23.7
INC2015-029,2015-03-17,1.4,-4.9,7.6,2.5857142857142854,-4.7,13.0,-8.703333333333335,-34.0,13.0,12.0,0.2,9.399999999999999,0.0,3318.0,23.5,3318.0,23.5,3318.0,23.5
INC2012-148,2012-10-27,-11.3,-16.9,-5.6,-3.128571428571429,-11.5,5.6,4.226666666666667,-12.2,26.7,17.0,8.1,10.5,1.0,10784.0,29.0,10784.0,29.0,10784.0,29.0
INC2020-102,2020-10-02,10.8,1.2,20.5,8.971428571428572,-4.4,26.2,11.226666666666667,-4.4,28.1,7.0,0.0,9.2,0.0,27212.0,67.4,27212.0,67.4,1935.0,72.6
INC2010-096,2010-09-06,8.7,2.6,14.8,,1.7,,14.28148148148148,1.7,31.0,0.0,,65.5,0.0,2120.0,34.1,2120.0,34.1,2120.0,34.1
INC2024-041,2024-06-26,16.8,10.4,23.1,14.842857142857143,2.2,27.4,13.073333333333334,1.8,27.4,0.0,0.0,38.0,,50430.0,45.6,50430.0,45.6,,
INC2022-208,2022-11-24,-1.7,-4.6,1.3,-4.728571428571428,-13.2,2.0,-1.7399999999999995,-14.6,16.0,10.0,7.0,39.4,20.0,52398.0,14.9,1340.0,30.3,1340.0,30.3
INC2018-013,2018-02-04,-22.8,-25.5,-20.0,-8.62857142857143,-27.0,5.0,-4.83103448275862,-27.5,6.0,18.0,5.2,26.2,15.0,559.0,7.7,559.0,7.7,559.0,7.7
INC2017-146,2017-09-19,5.5,-1.5,12.5,9.785714285714286,-1.5,21.0,15.813333333333334,-1.5,33.5,2.0,6.4,15.6,0.0,559.0,7.7,559.0,7.7,559.0,7.7
INC2009-045,2009-05-22,5.4,-3.2,14.0,7.6000000000000005,-3.5,24.2,5.736666666666666,-13.0,24.2,24.0,1.4,5.0,0.0,10784.0,5.5,10784.0,5.5,3210.0,41.1
INC2012-009,2012-01-17,-17.8,-18.0,-17.5,-7.371428571428571,-13.0,0.0,-2.3699999999999997,-13.0,10.0,16.0,11.600000000000001,30.0,9.0,1340.0,26.4,1340.0,26.4,1340.0,26.4
INC2022-226,2022-12-11,-0.3,-2.0,1.5,-6.814285714285714,-15.5,2.0,-7.307142857142858,-18.0,7.5,7.0,15.8,40.599999999999994,27.0,1340.0,1.2,1340.0,1.2,1340.0,1.2
INC2012-110,2012-08-21,19.9,9.3,30.5,16.257142857142856,3.5,29.6,18.342857142857145,3.5,30.1,0.0,3.8,25.700000000000003,0.0,10784.0,1.7,10784.0,1.7,3210.0,47.4
INC2015-052,2015-05-09,8.3,-1.7,18.2,7.942857142857143,-8.2,24.9,8.183333333333332,-8.2,28.2,20.0,0.9000000000000001,10.0,0.0,10784.0,3.2,10784.0,3.2,3210.0,45.4
INC2022-160,2022-09-12,13.3,5.5,21.0,,3.0,25.0,19.56153846153846,3.0,36.0,0.0,0.0,5.0,0.0,1340.0,3.6,1340.0,3.6,1340.0,3.6
INC2022-006,2022-01-21,1.7,-2.7,6.1,-0.4428571428571429,-9.1,3.5,-11.45862068965517,-35.1,3.5,6.0,21.4,77.7,22.0,52398.0,6.8,52398.0,6.8,52398.0,6.8
INC2022-019,2022-02-03,-15.8,-21.5,-10.0,-8.62857142857143,-35.7,9.8,-8.726666666666667,-37.7,12.1,20.0,4.0,15.1,16.0,10105.0,36.6,10105.0,36.6,10105.0,36.6
INC2016-120,2016-10-05,0.6,-1.3,2.5,5.914285714285714,-4.6,14.1,8.044827586206896,-4.6,24.7,12.0,19.2,48.7,0.0,10105.0,36.1,10105.0,36.1,51440.0,69.0
INC2023-029,2023-02-23,-30.6,-36.6,-24.7,-9.571428571428571,-27.6,9.4,-6.373333333333333,-29.5,10.7,19.0,23.7,40.9,17.0,10105.0,36.4,50430.0,55.7,10105.0,36.4
INC2025-008,2025-02-02,-26.7,-31.1,-22.3,-5.5,-22.3,11.4,-7.036666666666666,-30.1,11.4,19.0,0.0,3.7,12.0,10105.0,36.4,10105.0,36.4,10105.0,36.4
INC2023-070,2023-05-02,14.0,5.0,23.0,,-1.0,30.0,7.317857142857144,-6.5,30.0,11.0,0.8,13.8,0.0,1340.0,8.4,1340.0,8.4,1340.0,8.4
INC2018-042,2018-05-03,12.9,2.7,23.1,11.971428571428572,-0.4,28.4,3.079310344827586,-22.2,28.4,16.0,0.0,5.6,0.0,10708.0,30.7,2068.0,55.7,2068.0,55.7
INC2022-038,2022-02-23,-14.0,-19.7,-8.2,-1.5285714285714287,-20.5,8.3,-2.486666666666667,-20.5,12.4,16.0,22.9,61.10000000000001,41.0,52398.0,7.6,52398.0,7.6,1340.0,14.7
INC2008-045,2008-05-06,10.4,3.8,16.9,8.414285714285713,-2.6,23.7,3.576666666666667,-16.1,26.3,22.0,25.6,53.7,0.0,10784.0,30.9,10784.0,30.9,3210.0,38.9
INC2008-063,2008-06-24,14.9,9.7,20.0,16.742857142857144,4.9,28.0,13.463333333333331,-2.0,28.0,3.0,4.3999999999999995,50.4,0.0,10784.0,31.0,10784.0,31.0,3210.0,38.9
INC2020-045,2020-04-30,18.3,8.7,27.8,8.250000000000002,-2.9,21.6,-1.385714285714286,-17.9,21.6,15.0,2.5,17.6,0.0,10784.0,22.0,10784.0,22.0,3210.0,42.2
INC2009-086,2009-08-31,18.0,7.5,28.5,16.071428571428573,1.5,27.0,15.406666666666668,1.5,32.0,0.0,0.0,116.6,0.0,2068.0,28.6,2068.0,28.6,2068.0,28.6
INC2009-118,2009-10-19,1.8,-3.5,7.0,0.8285714285714285,-9.0,16.0,5.293333333333334,-14.0,33.0,12.0,18.0,49.3,0.0,2068.0,28.6,2068.0,28.6,2068.0,28.6
INC2022-090,2022-05-30,14.0,5.0,23.0,13.242857142857144,3.0,23.5,10.733333333333336,-1.5,23.5,3.0,2.4000000000000004,33.6,0.0,1340.0,19.7,1340.0,19.7,1340.0,19.7
INC2022-161,2022-09-12,13.3,5.5,21.0,,3.0,25.0,19.56153846153846,3.0,36.0,0.0,0.0,5.0,0.0,1340.0,26.5,1340.0,26.5,1340.0,26.5
INC2020-088,2020-08-19,22.8,12.5,33.1,18.657142857142855,6.0,36.2,19.30666666666667,6.0,36.2,0.0,0.2,4.800000000000001,0.0,10225.0,23.1,10225.0,23.1,1935.0,37.8
INC2009-058,2009-07-04,13.4,2.2,24.5,13.72857142857143,1.5,24.2,13.333333333333336,-3.3,29.6,5.0,0.4,36.8,0.0,27212.0,41.1,27212.0,41.1,2068.0,41.5
INC2022-169,2022-09-20,8.6,2.6,14.6,11.8,0.1,21.7,16.959999999999997,-0.9,36.9,1.0,12.9,18.0,0.0,10225.0,17.9,10225.0,17.9,1935.0,50.3
INC2024-070,2024-10-12,2.9,-8.6,14.4,6.083333333333333,-7.0,23.5,8.761538461538462,-7.0,28.6,14.0,0.0,17.4,0.0,10105.0,2.3,55018.0,68.2,8712.0,73.3
INC2023-111,2023-07-20,20.5,7.9,33.1,18.314285714285713,7.2,32.8,17.617241379310343,2.1,34.1,0.0,4.6,33.0,0.0,53424.0,37.3,1237.0,38.4,1237.0,38.4
INC2018-158,2018-10-29,1.6,-4.4,7.6,4.857142857142857,-7.7,17.7,2.6206896551724137,-10.6,22.6,24.0,0.0,22.4,0.0,51739.0,39.0,51739.0,39.0,3210.0,62.6
INC2021-203,2021-12-01,5.8,-0.9,12.5,0.8571428571428571,-18.7,12.5,-0.44482758620689655,-18.7,18.3,28.0,0.0,0.6000000000000001,0.0,10105.0,3.4,55018.0,66.7,10105.0,3.4
INC2018-011,2018-01-23,-9.2,-18.9,0.5,-3.057142857142857,-15.5,13.6,-13.78,-38.5,13.6,11.0,0.0,13.8,12.0,10105.0,7.8,10105.0,7.8,10105.0,7.8
INC2021-004,2021-01-19,-1.5,-7.7,4.8,-2.2857142857142856,-10.3,5.5,-4.886666666666666,-16.6,5.5,12.0,2.8000000000000003,8.2,0.0,10225.0,29.7,1935.0,21.9,1935.0,21.9
INC2016-119,2016-10-02,6.3,-2.0,14.5,8.514285714285714,-5.0,19.0,8.853333333333333,-5.0,24.0,7.0,4.2,130.6,0.0,1309.0,26.6,1309.0,26.6,1309.0,26.6
INC2009-141,2009-12-02,-18.1,-24.3,-11.8,-5.328571428571429,-18.8,6.2,-1.1733333333333333,-18.8,18.1,27.0,10.4,10.4,8.0,2134.0,38.7,2134.0,38.7,2120.0,8.1
INC2012-014,2012-01-18,-29.0,-33.2,-24.7,-13.842857142857143,-29.7,2.5,-5.3,-29.7,9.4,19.0,2.4,20.0,1.0,3231.0,39.8,3231.0,39.8,3231.0,39.8
INC2013-113,2013-07-22,14.5,9.0,20.0,17.771428571428572,6.4,27.3,17.973333333333336,5.5,31.9,0.0,27.6,62.0,0.0,3231.0,39.8,3231.0,39.8,3231.0,39.8
INC2013-118,2013-07-28,15.3,8.4,22.1,16.357142857142858,8.1,26.6,17.96333333333333,5.5,31.9,0.0,26.2,52.0,0.0,3231.0,39.8,3231.0,39.8,3231.0,39.8
INC2013-120,2013-08-04,18.1,10.3,25.8,15.157142857142855,6.2,24.6,16.736666666666668,5.5,30.5,0.0,2.0,42.800000000000004,0.0,3231.0,39.8,3231.0,39.8,3231.0,39.8
INC2013-064,2013-04-18,-1.9,-7.9,4.1,-2.685714285714286,-12.0,3.7,-6.823333333333335,-27.4,3.7,14.0,12.799999999999999,21.400000000000002,9.0,3231.0,39.8,3231.0,39.8,3231.0,39.8
INC2012-132,2012-09-27,12.4,3.4,21.4,14.242857142857144,3.1,26.6,14.333333333333334,1.4,32.7,0.0,0.0,7.199999999999999,0.0,3231.0,39.8,3231.0,39.8,3231.0,39.8
INC2012-101,2012-08-09,21.2,14.5,27.8,18.47142857142857,7.3,29.7,19.446666666666662,7.3,33.0,0.0,3.5999999999999996,40.0,0.0,3231.0,39.9,3231.0,39.9,3231.0,39.9
INC2017-153,2017-09-22,5.1,2.0,8.1,7.528571428571428,-1.4,19.7,15.283333333333331,-1.4,34.8,3.0,2.0,16.0,0.0,51739.0,40.0,51739.0,40.0,3210.0,77.4
INC2020-021,2020-02-20,-8.8,-16.5,-1.2,-19.057142857142857,-29.5,-3.7,-13.356666666666667,-33.9,3.1,2.0,1.6,6.200000000000001,6.0,10188.0,46.2,10188.0,46.2,10188.0,46.2
INC2017-038,2017-03-14,-6.3,-14.0,1.4,-16.71428571428571,-23.5,-7.8,-7.733333333333334,-23.5,9.6,10.0,4.6,9.0,7.0,51739.0,40.0,51739.0,40.0,51739.0,40.0
INC2014-082,2014-06-04,16.6,12.1,21.1,14.12857142857143,4.0,24.9,11.410000000000002,-6.9,30.1,7.0,14.8,38.199999999999996,0.0,51739.0,40.0,51739.0,40.0,3210.0,77.5
INC2014-090,2014-06-20,15.6,8.7,22.5,12.771428571428572,4.2,19.4,13.656666666666666,0.8,30.1,0.0,22.2,39.2,0.0,51739.0,40.0,51739.0,40.0,3210.0,77.5
INC2013-074,2013-05-10,8.4,3.0,13.8,11.400000000000002,-0.8,25.5,3.0233333333333334,-12.0,25.5,17.0,0.0,18.8,0.0,3231.0,40.0,3231.0,40.0,3231.0,40.0
INC2022-080,2022-05-12,10.6,0.0,21.1,9.985714285714286,-1.2,26.2,4.496666666666666,-12.1,26.2,16.0,2.8000000000000003,10.799999999999999,,54280.0,40.1,51739.0,40.1,,
INC2016-122,2016-10-15,0.8,-1.7,3.3,0.22857142857142865,-7.6,12.3,7.079999999999999,-7.6,24.8,8.0,10.8,59.6,2.0,51739.0,40.3,51739.0,40.3,3259.0,56.2
INC2017-161,2017-09-28,13.4,4.4,22.3,8.466666666666667,-1.8,22.1,13.348275862068968,-1.8,34.8,4.0,1.0,17.0,0.0,51739.0,40.8,51739.0,40.8,3210.0,78.0
INC2014-008,2014-01-12,-1.0,-5.0,3.0,-7.8999999999999995,-29.5,3.0,-7.790000000000001,-29.5,9.0,17.0,3.2,40.2,73.0,2120.0,33.3,2120.0,33.3,2120.0,33.3
INC2019-062,2019-05-27,11.8,1.2,22.5,10.814285714285715,-2.9,23.1,6.723333333333334,-10.6,23.7,17.0,6.3,19.5,0.0,27212.0,26.5,27212.0,26.5,54478.0,38.6
INC2008-030,2008-03-24,0.5,-1.9,2.8,-0.04285714285714289,-14.0,9.1,-4.470000000000001,-22.9,9.5,20.0,0.0,2.0,6.0,3231.0,44.6,3229.0,9.9,3229.0,9.9
INC2011-119,2011-08-04,16.3,7.0,25.5,17.67142857142857,5.6,32.9,18.066666666666666,5.6,34.3,0.0,1.5999999999999999,49.9,0.0,10225.0,40.5,1935.0,12.1,1935.0,12.1
INC2022-165,2022-09-16,11.9,2.1,21.7,12.4,-1.9,31.0,15.096666666666668,-1.9,33.2,2.0,0.0,3.0,,10105.0,25.0,55018.0,45.0,,
INC2018-118,2018-09-14,3.9,0.1,7.7,13.742857142857144,2.5,29.2,13.93,0.4,31.2,0.0,2.6,6.6,0.0,51739.0,45.7,51739.0,45.7,3210.0,87.8
INC2018-098,2018-08-22,20.3,7.0,33.5,16.142857142857142,2.0,29.0,17.63448275862069,2.0,38.5,0.0,0.0,6.6000000000000005,0.0,2068.0,23.5,2068.0,23.5,2068.0,23.5
INC2010-145,2010-11-30,-16.3,-21.0,-11.5,-15.171428571428569,-36.5,2.5,-6.3900000000000015,-36.5,16.5,15.0,1.0,29.2,0.0,2068.0,23.5,2068.0,23.5,2068.0,23.5
INC2016-100,2016-08-24,14.3,7.0,21.5,15.157142857142857,6.0,29.0,17.185714285714287,6.0,29.0,0.0,15.2,90.19999999999999,0.0,2068.0,23.6,2068.0,23.6,2068.0,23.6
INC2016-142,2016-12-05,-16.3,-17.5,-15.0,-4.683333333333334,-10.5,4.5,1.010714285714286,-10.5,23.0,11.0,1.0,4.0,0.0,2068.0,23.6,2068.0,23.6,2068.0,23.6
INC2015-085,2015-07-22,17.9,9.5,26.2,17.385714285714286,8.3,30.4,18.846666666666668,4.4,33.8,0.0,21.6,57.099999999999994,0.0,51739.0,46.7,51739.0,46.7,2144.0,88.4
INC2023-069,2023-04-28,10.8,-2.0,23.5,5.385714285714286,-3.0,17.4,2.944827586206897,-10.5,17.4,24.0,21.499999999999996,44.7,0.0,53424.0,20.2,1237.0,21.3,1237.0,21.3
INC2023-156,2023-09-09,12.3,2.7,21.9,10.942857142857145,0.5,26.3,14.036666666666667,0.5,31.0,0.0,7.0,40.9,,10105.0,18.6,10105.0,18.6,,
INC2023-146,2023-08-23,14.4,6.2,22.6,13.314285714285715,0.6,31.0,15.333333333333334,0.6,31.0,0.0,16.4,61.9,,10105.0,18.6,10105.0,18.6,,
INC2010-050,2010-05-11,5.2,-5.6,15.9,1.3714285714285714,-8.1,12.0,4.35,-12.8,23.4,24.0,7.0,64.30000000000001,0.0,10105.0,18.6,10105.0,18.6,2084.0,44.3
INC2023-056,2023-03-30,-4.4,-11.2,2.4,-7.071428571428571,-22.9,7.7,-10.927586206896553,-29.5,7.9,15.0,4.3999999999999995,9.2,16.0,10105.0,18.6,8712.0,54.3,10105.0,18.6
INC2025-038,2025-06-05,13.6,1.3,26.0,13.028571428571428,-0.9,30.3,10.111538461538462,-4.3,30.3,8.0,0.2,52.8,,10105.0,18.9,10105.0,18.9,,
INC2013-059,2013-04-08,-11.5,-20.0,-3.0,-1.1714285714285713,-9.0,7.5,-7.496666666666667,-25.0,7.5,13.0,10.0,40.5,0.0,2068.0,21.6,2068.0,21.6,2068.0,21.6
INC2022-228,2022-12-14,-5.2,-6.6,-3.7,-5.371428571428572,-8.9,-1.2,-8.213333333333333,-24.0,2.8,5.0,10.799999999999999,39.8,30.0,53424.0,15.8,8214.0,16.8,1237.0,16.8
INC2022-147,2022-08-24,17.4,10.5,24.3,17.72857142857143,6.6,31.2,17.36,1.7,31.2,0.0,15.0,41.6,,10105.0,25.7,8712.0,47.5,,
INC2012-142,2012-10-04,-0.5,-8.5,7.5,8.842857142857143,-4.5,27.0,10.54137931034483,-4.9,27.1,10.0,14.0,22.8,0.0,10105.0,35.4,10105.0,35.4,2120.0,64.1
INC2019-092,2019-08-17,12.2,7.4,16.9,16.54285714285714,8.1,26.3,16.863333333333333,5.6,31.9,0.0,26.599999999999998,96.50000000000001,0.0,53424.0,6.3,1237.0,7.4,1237.0,7.4
INC2023-032,2023-03-01,-4.7,-8.4,-1.0,-11.87142857142857,-27.9,-0.5,-5.485714285714285,-27.9,4.2,13.0,,112.60000000000001,102.0,53424.0,3.2,1237.0,4.3,1237.0,4.3
INC2010-013,2010-01-30,-11.5,-13.0,-9.9,-15.814285714285715,-28.3,-5.6,-12.67666666666667,-33.7,3.7,6.0,4.6000000000000005,5.200000000000001,0.0,27212.0,51.4,1935.0,13.3,1935.0,13.3
INC2022-001,2022-01-04,-15.8,-17.1,-14.5,-22.185714285714287,-36.1,-8.1,-12.95,-36.1,2.5,3.0,7.0,55.4,60.0,53424.0,1.8,1237.0,2.7,1237.0,2.7
INC2021-071,2021-05-16,15.9,5.5,26.3,8.883333333333333,-3.9,24.9,7.3551724137931025,-6.1,24.9,24.0,2.2,32.99999999999999,0.0,53424.0,1.4,1237.0,2.3,1237.0,2.3
INC2022-010,2022-01-23,-1.7,-3.7,0.4,-2.4,-14.0,1.4,-12.136666666666667,-36.1,3.6,8.0,56.8,107.19999999999999,89.0,53424.0,1.3,1237.0,1.9,1237.0,1.9
INC2022-111,2022-07-06,17.0,9.7,24.2,15.771428571428572,4.8,26.4,13.710344827586205,1.6,30.1,0.0,20.4,142.39999999999998,0.0,53424.0,1.4,1237.0,1.9,1237.0,1.9
INC2009-084,2009-08-24,12.4,2.2,22.5,17.071428571428573,4.2,32.4,18.113333333333333,3.5,32.4,0.0,0.4,5.000000000000001,0.0,664.0,9.2,664.0,9.2,664.0,9.2
INC2010-061,2010-06-22,18.0,11.0,25.0,15.27142857142857,7.0,25.5,11.500000000000002,-0.5,25.5,1.0,12.799999999999999,81.39999999999999,0.0,45827.0,23.3,45827.0,23.3,45827.0,23.3
INC2020-005,2020-01-20,-8.1,-18.0,1.8,-28.414285714285715,-36.5,-18.0,-13.489655172413794,-36.5,5.9,5.0,4.4,11.4,0.0,10225.0,59.1,1935.0,52.2,1935.0,52.2
INC2014-065,2014-04-30,10.3,-0.6,21.1,5.585714285714287,-2.3,16.0,1.8866666666666665,-19.9,17.9,18.0,12.0,17.999999999999996,0.0,2134.0,4.0,2134.0,4.0,2134.0,4.0
INC2022-209,2022-11-22,-0.8,-2.3,0.6,,,,-3.2666666666666666,-21.0,12.1,5.0,,58.4,5.0,8214.0,14.0,8214.0,14.0,1237.0,14.0
INC2022-201,2022-11-13,-7.3,-17.0,2.3,-15.914285714285713,-30.2,-0.2,-1.9766666666666666,-30.2,24.7,16.0,8.8,39.7,22.0,8712.0,28.9,8712.0,28.9,8712.0,28.9
INC2011-104,2011-06-30,15.5,11.0,20.0,16.928571428571427,9.0,29.0,14.413333333333332,2.0,29.0,0.0,19.0,118.4,0.0,2133.0,13.6,2133.0,13.6,2133.0,13.6
INC2026-039,2026-05-24,15.1,6.9,23.3,10.385714285714286,-0.1,24.5,9.734615384615383,-7.8,28.2,9.0,2.6,18.8,0.0,10225.0,66.3,1935.0,44.1,1935.0,44.1
INC2021-169,2021-11-13,1.5,-6.1,9.0,-1.757142857142857,-14.7,7.6,1.8266666666666669,-15.5,19.2,26.0,0.0,16.900000000000002,0.0,8712.0,26.7,8712.0,26.7,10105.0,65.5
INC2011-014,2011-01-28,-5.6,-12.7,1.5,-4.942857142857143,-14.2,6.0,-13.93333333333333,-33.4,6.0,7.0,1.7,24.4,37.0,27212.0,34.9,27212.0,34.9,27212.0,34.9
INC2011-068,2011-04-28,4.3,-1.5,10.0,5.071428571428571,-4.0,16.3,-0.11333333333333337,-11.6,16.3,27.0,7.8,9.6,0.0,27212.0,34.9,27212.0,34.9,1935.0,47.8
INC2011-019,2011-02-04,0.6,-3.4,4.5,-17.314285714285713,-36.0,3.8,-14.563333333333333,-36.0,6.0,10.0,2.5000000000000004,25.5,36.0,27212.0,34.9,27212.0,34.9,27212.0,34.9
INC2012-130,2012-09-26,10.6,3.8,17.3,13.685714285714285,-0.5,27.3,13.526666666666667,-0.5,31.3,1.0,0.0,12.700000000000001,0.0,27212.0,34.8,27212.0,34.8,1935.0,47.9
INC2022-133,2022-08-11,19.9,12.0,27.9,16.157142857142855,1.0,34.0,17.256666666666664,1.0,34.9,0.0,14.2,34.9,0.0,10223.0,78.2,10223.0,78.2,1367.0,77.4
INC2021-216,2021-12-15,-22.9,-27.1,-18.7,-10.385714285714284,-20.9,2.3,-6.996666666666667,-27.7,8.3,14.0,2.9000000000000004,12.799999999999999,0.0,27212.0,57.7,27212.0,57.7,27212.0,57.7
INC2021-140,2021-09-17,7.1,-3.8,18.1,10.671428571428574,-1.4,22.0,12.893333333333334,-1.4,29.1,2.0,9.4,35.0,0.0,27212.0,56.0,1935.0,39.2,1935.0,39.2
INC2020-101,2020-09-30,6.0,-2.3,14.2,10.985714285714286,-0.2,26.2,11.57,-2.3,28.1,6.0,0.0,13.6,0.0,27212.0,56.0,1935.0,39.2,1935.0,39.2
INC2011-036,2011-02-27,-10.8,-19.7,-1.8,-17.3,-32.4,0.0,-13.066666666666668,-36.2,9.1,11.0,2.0,14.4,23.0,10906.0,47.0,10906.0,47.0,10906.0,47.0
INC2013-148,2013-10-20,6.8,1.0,12.5,6.685714285714285,-3.0,16.0,7.94,-5.0,28.0,8.0,6.6,12.2,0.0,1884.0,11.2,1884.0,11.2,1884.0,11.2
INC2022-040,2022-02-27,-3.0,-6.0,0.0,-10.528571428571427,-24.0,3.0,-4.846666666666667,-24.0,9.0,14.0,5.8,93.99999999999999,95.0,1237.0,29.9,1237.0,29.9,1237.0,29.9
INC2014-150,2014-12-05,-10.5,-14.0,-7.0,,,,-9.23076923076923,-28.0,5.5,6.0,,42.7,23.0,45827.0,9.9,45827.0,9.9,45827.0,9.9
INC2025-024,2025-04-15,9.8,2.7,16.8,7.0,-4.8,17.5,0.5266666666666667,-20.9,17.6,20.0,2.8,12.0,0.0,26888.0,58.5,1935.0,43.2,1935.0,43.2
INC2024-094,2024-12-12,-1.9,-5.1,1.4,-1.8,-9.8,4.2,-3.017857142857142,-12.6,7.7,13.0,7.5,14.5,5.0,50820.0,32.1,50820.0,32.1,617.0,11.5
INC2026-052,2025-12-10,-16.3,-22.4,-10.1,-10.299999999999999,-23.2,1.1,-6.409999999999998,-26.8,17.3,16.0,7.3,17.9,6.0,27212.0,67.1,27212.0,67.1,27212.0,67.1
INC2025-033,2025-05-12,9.0,6.1,11.9,10.514285714285716,-2.5,25.2,7.692592592592593,-7.3,27.8,17.0,0.0,2.0,,27212.0,67.2,27212.0,67.2,,
INC2023-077,2023-05-10,12.3,5.0,19.5,12.257142857142856,-0.5,28.0,7.220000000000001,-6.5,28.0,17.0,36.99999999999999,70.3,0.0,1237.0,38.4,1237.0,38.4,1237.0,38.4
INC2014-137,2014-11-12,-16.4,-23.7,-9.0,-3.4714285714285715,-16.9,16.3,2.8266666666666667,-16.9,23.3,16.0,12.3,18.7,13.0,10906.0,36.5,10906.0,36.5,1857.0,39.3
INC2025-047,2025-07-12,17.9,10.0,25.9,14.728571428571428,1.4,28.0,13.506896551724138,-0.4,30.4,1.0,17.8,87.79999999999998,0.0,8712.0,6.0,8712.0,6.0,1857.0,69.5
INC2014-033,2014-02-18,-8.6,-20.1,2.9,-12.12857142857143,-28.1,3.6,-15.024,-36.7,12.7,5.0,0.0,7.500000000000001,45.0,8712.0,9.6,8712.0,9.6,8712.0,9.6
INC2015-024,2015-03-04,-18.5,-27.0,-10.0,-15.257142857142858,-26.8,-3.4,-13.056666666666665,-28.0,4.6,6.0,0.0,24.7,1.0,26888.0,41.1,1881.0,54.0,26888.0,41.1
INC2012-088,2012-02-01,0.5,-3.2,4.1,-2.2142857142857144,-16.5,10.0,-7.42,-38.6,12.3,14.0,0.7,9.399999999999999,4.0,30543.0,37.7,30543.0,37.7,30543.0,37.7
INC2020-063,2020-06-17,12.5,3.0,22.0,12.485714285714284,5.5,21.5,11.366666666666667,-1.5,24.5,3.0,50.00000000000001,119.6,0.0,1237.0,43.7,1237.0,43.7,1237.0,43.7
INC2011-179,2011-12-06,2.0,-3.5,7.5,-4.8999999999999995,-13.9,7.4,-6.136666666666668,-27.9,10.4,16.0,1.5,5.4,0.0,26888.0,31.8,26888.0,31.8,1881.0,47.1
INC2023-066,2023-04-26,6.8,-0.7,14.3,3.6285714285714286,-6.9,17.3,1.4899999999999998,-18.1,17.3,23.0,3.4000000000000004,13.999999999999996,0.0,1839.0,53.5,1884.0,40.3,1884.0,40.3
INC2018-103,2018-08-24,11.5,9.5,13.5,17.757142857142856,5.0,30.5,19.196666666666665,5.0,37.0,0.0,0.0,6.2,0.0,1884.0,34.1,1884.0,34.1,1884.0,34.1
INC2015-127,2015-11-08,1.9,-1.8,5.5,1.0571428571428572,-5.9,9.1,5.069999999999999,-8.0,26.4,17.0,4.5,21.7,0.0,26888.0,25.7,26888.0,25.7,1881.0,39.7
INC2021-093,2021-07-02,24.0,16.5,31.5,24.52857142857143,10.0,40.5,16.290000000000003,1.0,40.5,0.0,10.4,92.1,0.0,1237.0,55.2,1237.0,55.2,1237.0,55.2
INC2015-061,2015-05-21,15.4,6.9,23.9,9.128571428571428,-3.0,22.6,7.980000000000001,-3.6,25.7,14.0,2.0,11.2,0.0,26888.0,25.2,26888.0,25.2,1881.0,42.1
INC2015-073,2015-06-27,22.0,12.8,31.2,17.25714285714286,5.7,29.3,15.143333333333333,1.8,29.3,0.0,5.300000000000001,25.900000000000002,0.0,26888.0,24.4,26888.0,24.4,1974.0,33.5
INC2011-059,2011-04-06,1.0,-4.3,6.3,1.3571428571428572,-6.3,9.1,-4.83,-27.6,9.1,15.0,0.0,7.1000000000000005,5.0,26888.0,24.4,26888.0,24.4,26888.0,24.4
INC2014-025,2014-02-08,-23.7,-29.9,-17.5,-18.971428571428568,-28.3,-10.2,-10.486666666666668,-28.3,8.1,11.0,0.6,2.3,6.0,26888.0,24.4,26888.0,24.4,26888.0,24.4
INC2014-043,2014-03-14,-0.3,-5.5,4.9,-2.2571428571428567,-24.4,8.3,-14.190000000000001,-38.9,8.3,7.0,0.0,7.6,2.0,26888.0,24.4,26888.0,24.4,26888.0,24.4
INC2022-003,2022-01-13,1.3,-2.8,5.5,-9.599999999999998,-37.0,9.0,-18.176666666666666,-40.7,9.0,5.0,0.5,9.0,27.0,30543.0,32.6,30543.0,32.6,30543.0,32.6
INC2016-045,2016-05-11,6.4,-1.2,13.9,12.342857142857142,1.5,28.9,9.648275862068965,-7.2,28.9,8.0,0.2,30.799999999999997,0.0,26888.0,24.5,26888.0,24.5,1974.0,32.6
INC2015-145,2015-12-11,-5.4,-8.0,-2.8,-1.8000000000000003,-8.2,6.0,-4.303333333333334,-22.6,9.2,17.0,0.0,7.4,0.0,26888.0,24.6,26888.0,24.6,1974.0,32.5
INC2016-115,2016-09-22,7.5,-0.4,15.4,13.016666666666666,-0.8,25.4,13.096551724137933,-0.8,28.9,0.0,8.6,27.5,0.0,26888.0,24.5,26888.0,24.5,1881.0,41.4
INC2018-174,2018-11-30,-3.3,-10.1,3.5,-4.671428571428572,-10.1,3.1,-4.876666666666667,-22.4,10.6,15.0,0.9,23.799999999999997,0.0,26888.0,24.5,26888.0,24.5,1881.0,41.4
INC2018-043,2018-05-07,18.2,11.2,25.1,11.542857142857143,-3.0,27.3,5.563333333333333,-19.0,27.3,12.0,0.0,9.0,0.0,26888.0,24.5,26888.0,24.5,1881.0,41.4
INC2025-094,2025-11-11,5.6,0.4,10.7,-0.3428571428571429,-8.3,14.3,2.9,-8.3,20.0,20.0,11.5,18.599999999999998,1.0,26888.0,24.5,26888.0,24.5,26888.0,24.5
INC2016-084,2016-07-30,17.2,14.4,19.9,20.08571428571429,11.2,29.2,18.290000000000003,8.6,29.2,0.0,1.4,32.900000000000006,0.0,26888.0,24.5,26888.0,24.5,1974.0,32.5
INC2024-003,2024-01-13,-38.6,-46.3,-31.0,-22.771428571428572,-42.0,-8.3,-7.953333333333333,-42.0,6.4,16.0,7.1000000000000005,7.3,9.0,26888.0,24.5,26888.0,24.5,26888.0,24.5
INC2015-097,2015-08-19,18.8,10.5,27.0,16.95714285714286,4.8,34.8,17.956666666666667,4.8,34.8,0.0,70.9,119.60000000000001,0.0,26888.0,24.4,26888.0,24.4,1974.0,32.4
INC2010-149,2010-11-25,-10.8,-24.3,2.8,-20.95714285714286,-32.4,-12.4,-5.073333333333334,-32.4,14.9,15.0,10.8,13.399999999999999,0.0,26888.0,24.3,26888.0,24.3,1974.0,32.4
INC2015-054,2015-05-10,16.3,4.0,28.5,10.700000000000001,-3.0,27.0,9.10740740740741,-4.5,27.0,9.0,1.0,21.0,0.0,616.0,29.4,616.0,29.4,617.0,16.2
INC2011-095,2011-06-21,,9.7,,13.928571428571429,7.8,20.1,12.896666666666667,0.0,25.9,0.0,49.6,66.3,0.0,26888.0,23.9,26888.0,23.9,1974.0,32.8
INC2014-053,2014-04-09,,,,-0.5333333333333333,-17.1,12.5,-3.793103448275862,-19.9,12.5,14.0,7.300000000000001,13.9,2.0,26888.0,23.9,26888.0,23.9,26888.0,23.9
INC2019-024,2019-02-13,-27.1,-35.8,-18.4,-27.17142857142857,-35.2,-19.2,-17.163333333333334,-39.0,5.8,4.0,3.8000000000000003,22.900000000000002,0.0,26888.0,24.0,26888.0,24.0,1881.0,40.9
INC2010-014,2010-01-28,-18.4,-25.6,-11.2,-12.157142857142857,-25.5,-4.3,-12.556666666666668,-35.1,4.3,7.0,3.5,8.1,6.0,26888.0,23.9,26888.0,23.9,26888.0,23.9
INC2019-124,2019-11-13,-0.2,-5.7,5.4,-10.242857142857144,-24.9,8.1,-2.6965517241379318,-24.9,18.7,16.0,8.0,29.0,0.0,26888.0,23.7,1881.0,40.6,1881.0,40.6
INC2020-061,2020-06-15,14.3,8.5,20.0,14.671428571428573,3.0,27.0,12.280000000000001,-1.5,27.0,2.0,12.8,96.4,0.0,1881.0,40.8,1881.0,40.8,1881.0,40.8
INC2016-144,2016-12-08,-24.5,-27.6,-21.3,-11.285714285714286,-23.4,3.1,-3.3299999999999996,-23.4,18.2,7.0,1.0,6.6000000000000005,0.0,26888.0,23.9,26888.0,23.9,1881.0,40.8
INC2017-061,2017-05-06,19.3,12.2,26.3,11.333333333333334,-1.7,30.4,4.203448275862069,-7.7,30.4,19.0,9.0,65.5,0.0,26888.0,23.9,26888.0,23.9,1881.0,40.8
INC2021-125,2021-08-30,13.5,4.5,22.5,13.157142857142857,2.5,25.5,16.736666666666668,2.5,36.0,0.0,2.8000000000000003,74.5,0.0,1237.0,57.8,1237.0,57.8,1237.0,57.8
INC2019-135,2019-12-15,-12.5,-19.0,-6.1,-16.585714285714285,-23.3,-7.1,-7.286666666666666,-23.3,10.2,11.0,4.6,7.2,0.0,26888.0,23.0,1881.0,39.9,1881.0,39.9
INC2022-176,2022-09-27,18.2,9.4,27.0,11.857142857142856,-0.9,24.5,14.876666666666665,-0.9,35.4,1.0,0.2,3.6000000000000005,0.0,26888.0,24.3,26888.0,24.3,1881.0,41.0
INC2013-104,2013-07-02,25.6,17.3,33.9,19.728571428571428,11.6,29.4,15.707692307692307,5.9,29.4,0.0,8.1,80.60000000000001,0.0,26888.0,22.6,26888.0,22.6,1974.0,32.3
INC2013-058,2013-04-05,-6.5,-8.0,-5.0,-3.2142857142857144,-12.0,4.0,-10.826923076923077,-29.0,6.0,6.0,0.0,16.0,0.0,1974.0,32.3,1974.0,32.3,1974.0,32.3
INC2015-028,2015-01-16,-3.4,-9.5,2.8,-12.871428571428568,-29.7,3.6,-13.751724137931035,-34.5,3.6,5.0,0.0,10.5,7.0,26888.0,22.6,1881.0,39.5,26888.0,22.6
INC2012-072,2012-06-08,15.1,6.8,23.4,15.742857142857144,5.9,24.4,12.110000000000001,0.4,26.2,0.0,2.2,43.800000000000004,0.0,26888.0,22.6,26888.0,22.6,1974.0,32.3
INC2013-047,2013-03-17,-14.0,-17.0,-11.0,-7.557142857142858,-15.5,4.0,-5.790000000000002,-17.0,7.5,10.0,16.0,16.0,0.0,1884.0,61.1,1974.0,32.3,1974.0,32.3
INC2010-158,2010-12-16,-15.4,-16.7,-14.1,-12.414285714285713,-19.3,-0.1,-14.163333333333334,-32.4,2.8,2.0,7.4,21.9,0.0,26888.0,22.4,26888.0,22.4,1974.0,32.5
INC2022-204,2022-11-18,-11.6,-16.7,-6.4,-9.928571428571429,-25.9,0.4,-4.293333333333334,-29.7,23.8,15.0,0.5,19.900000000000002,32.0,26888.0,22.0,26888.0,22.0,26888.0,22.0
INC2022-087,2022-05-27,10.7,0.0,21.4,8.033333333333333,-5.4,20.8,7.182758620689656,-5.4,21.5,18.0,0.0,15.100000000000001,,8712.0,42.8,8712.0,42.8,,
INC2022-051,2022-03-16,3.6,-1.8,9.0,-3.3571428571428577,-23.7,9.8,-6.006666666666667,-36.3,10.9,16.0,0.8,25.3,23.0,30543.0,33.2,30543.0,33.2,30543.0,33.2
INC2021-063,2021-05-06,10.0,-0.3,20.3,5.728571428571429,-5.4,18.2,2.4299999999999997,-13.1,19.3,27.0,13.6,41.9,3.0,30543.0,33.9,30543.0,33.9,8712.0,63.4
INC2023-164,2023-09-18,6.7,-0.7,14.1,12.6,-2.4,26.0,12.69655172413793,-2.4,28.3,4.0,1.3,39.5,0.0,30543.0,34.1,30543.0,34.1,1825.0,96.2
INC2016-118,2016-09-28,7.4,-0.8,15.5,10.042857142857143,0.8,21.0,11.883333333333336,0.8,27.3,0.0,10.700000000000001,66.50000000000001,0.0,48108.0,33.7,48108.0,33.7,617.0,24.4
INC2017-196,2017-12-09,-0.8,-3.1,1.5,-3.442857142857143,-8.7,0.9,-0.24482758620689654,-9.8,12.0,20.0,1.1,21.800000000000004,18.0,48688.0,33.7,48108.0,33.7,617.0,24.4
INC2018-187,2018-12-30,-7.5,-15.6,0.6,-2.442857142857143,-8.6,4.7,-1.89,-14.1,10.6,19.0,43.1,46.0,19.0,48688.0,33.7,48688.0,33.7,617.0,24.4
INC2021-173,2021-11-15,-1.8,-3.4,-0.1,0.2285714285714286,-10.8,10.3,2.37,-16.1,17.8,27.0,1.1,10.799999999999999,0.0,30543.0,35.7,30543.0,35.7,30543.0,35.7
INC2010-033,2010-03-10,-2.8,-9.0,3.5,0.12857142857142861,-10.5,11.0,-3.39,-19.0,11.0,21.0,0.0,0.0,10.0,1857.0,11.4,1857.0,11.4,1857.0,11.4
INC2009-065,2009-07-15,12.4,3.8,20.9,13.14285714285714,2.9,24.0,15.246666666666666,2.9,28.0,0.0,0.0,0.2,0.0,26888.0,25.3,26888.0,25.3,1881.0,29.5
INC2022-063,2022-03-30,0.5,-4.5,5.5,3.357142857142857,-2.5,13.0,0.8166666666666668,-18.5,13.0,20.0,23.8,58.8,58.0,1237.0,72.4,1237.0,72.4,1237.0,72.4
INC2018-069,2018-06-28,16.4,10.2,22.6,19.2,9.7,30.3,15.69,2.1,31.8,0.0,43.99999999999999,89.99999999999999,0.0,26888.0,42.2,26888.0,42.2,1884.0,45.7
INC2022-071,2022-04-22,5.8,0.0,11.5,2.1142857142857143,-9.0,13.0,2.3800000000000003,-9.0,13.0,23.0,5.7,58.5,0.0,1237.0,76.3,1237.0,76.3,1237.0,76.3
INC2022-048,2022-03-15,3.5,0.5,6.5,-2.9571428571428577,-18.5,6.0,-3.02,-24.0,7.5,17.0,14.8,58.599999999999994,93.0,1237.0,76.3,1237.0,76.3,1237.0,76.3
INC2008-092,2008-09-16,8.5,-3.5,20.5,9.085714285714285,-3.0,19.5,10.23,-3.0,29.0,3.0,15.9,120.39999999999999,0.0,1355.0,18.6,1355.0,18.6,1355.0,18.6
INC2016-130,2016-11-08,10.3,4.0,16.5,5.414285714285714,0.0,13.5,4.596666666666667,-7.0,13.5,4.0,23.200000000000003,171.6,0.0,1237.0,82.3,1237.0,82.3,1237.0,82.3
INC2023-159,2023-09-14,11.5,0.0,23.0,13.857142857142856,0.5,27.5,15.090000000000002,0.0,32.0,0.0,7.5,48.0,0.0,1237.0,82.6,1237.0,82.6,1237.0,82.6
INC2023-027,2023-02-20,-6.1,-10.7,-1.6,-2.0571428571428574,-11.8,5.0,-2.6733333333333333,-29.6,9.3,24.0,1.4,4.8,17.0,10223.0,47.7,10223.0,47.7,10223.0,47.7
INC2022-175,2022-09-27,14.7,1.7,27.7,10.971428571428572,-4.6,25.4,13.145833333333334,-4.6,33.7,7.0,0.6000000000000001,22.499999999999996,0.0,10223.0,47.7,10223.0,47.7,10223.0,47.7
INC2023-139,2023-08-16,18.1,10.7,25.5,16.61428571428571,2.8,29.6,16.05,2.8,29.6,0.0,8.0,52.599999999999994,0.0,8712.0,54.1,1825.0,52.3,1825.0,52.3
INC2025-064,2025-08-26,18.4,5.8,31.1,14.985714285714284,1.3,31.7,16.346666666666668,1.3,33.4,0.0,1.1,44.400000000000006,0.0,10223.0,4.8,10223.0,4.8,2485.0,52.4
INC2021-130,2021-09-07,13.7,5.0,22.3,12.285714285714286,3.7,24.2,14.656666666666663,3.1,32.0,0.0,28.599999999999998,86.60000000000001,0.0,30643.0,27.0,30643.0,27.0,2513.0,76.9
INC2014-047,2014-03-25,-8.0,-15.0,-1.0,-6.514285714285714,-19.0,9.0,-11.226666666666668,-38.0,9.0,12.0,0.0,2.5,0.0,1881.0,5.7,1881.0,5.7,1881.0,5.7
INC2026-058,2026-07-14,16.3,7.0,25.5,17.02857142857143,4.9,26.9,14.116666666666667,-0.1,26.9,1.0,16.400000000000002,174.39999999999998,0.0,8712.0,56.5,1825.0,39.5,1825.0,39.5
INC2014-081,2014-06-02,14.8,6.5,23.0,,1.5,22.0,8.932142857142859,-9.0,27.5,10.0,5.6000000000000005,34.1,0.0,27715.0,39.8,1898.0,30.6,1974.0,20.8
INC2024-047,2024-07-07,17.8,7.9,27.8,16.67142857142857,9.2,25.6,14.027586206896551,-0.6,26.8,1.0,3.9,37.3,0.0,1839.0,51.3,1839.0,51.3,1881.0,72.5
INC2013-136,2013-09-22,,6.0,,16.214285714285715,0.0,34.0,18.720833333333335,0.0,34.0,0.0,0.0,11.0,0.0,1974.0,30.1,1898.0,21.2,1898.0,21.2
INC2009-119,2009-10-22,5.3,0.0,10.5,3.3714285714285714,-4.5,14.0,3.9499999999999997,-10.0,32.0,10.0,16.8,35.6,0.0,27715.0,43.8,1898.0,21.2,1898.0,21.2
INC2009-101,2009-09-17,18.5,12.5,24.5,15.914285714285715,2.0,30.5,15.546153846153848,1.5,30.5,0.0,0.0,15.2,0.0,27715.0,43.8,1898.0,21.2,1898.0,21.2
INC2012-128,2012-09-21,14.7,4.5,24.8,13.371428571428572,0.9,26.1,13.87,0.9,27.3,0.0,0.0,25.0,0.0,30643.0,28.4,30055.0,36.4,30055.0,36.4
INC2016-022,2016-02-10,-6.5,-7.0,-6.0,-3.0714285714285716,-18.0,7.0,-8.583333333333334,-35.0,8.0,9.0,0.0,9.0,13.0,1974.0,30.8,1898.0,20.6,1898.0,20.6
INC2025-068,2025-09-08,18.2,9.2,27.3,14.5,-0.3,28.3,17.423333333333336,-0.3,33.1,1.0,0.2,15.7,0.0,26888.0,33.4,26888.0,33.4,1881.0,38.0
INC2019-040,2019-04-15,1.7,-6.9,10.3,3.042857142857143,-7.9,13.7,3.5133333333333336,-9.0,20.0,30.0,2.9000000000000004,13.200000000000001,0.0,10223.0,1.3,10223.0,1.3,10930.0,54.2
INC2025-069,2025-09-09,19.8,10.3,29.4,14.742857142857144,-0.3,28.3,17.40666666666667,-0.3,33.1,1.0,0.4,15.899999999999999,0.0,26888.0,34.0,26888.0,34.0,1881.0,38.4
INC2022-137,2022-08-16,13.4,4.8,22.1,,,,13.807142857142859,-2.4,31.5,4.0,,57.79999999999999,0.0,10930.0,84.7,10930.0,84.7,10223.0,91.1
INC2020-017,2020-02-13,-11.6,-19.4,-3.8,-8.171428571428573,-27.0,1.5,-11.786666666666669,-39.8,5.7,10.0,5.1000000000000005,17.799999999999997,35.0,1839.0,42.6,1839.0,42.6,1839.0,42.6
INC2014-126,2014-10-02,0.1,-5.4,5.6,9.085714285714285,0.1,22.8,10.733333333333333,-1.8,29.2,2.0,12.700000000000001,36.300000000000004,0.0,1839.0,4.8,1839.0,4.8,1898.0,38.1
INC2015-043,2015-04-21,9.7,-3.4,22.8,4.628571428571428,-8.3,19.8,3.643333333333333,-9.2,19.8,26.0,4.0,19.7,21.0,10223.0,10.1,10223.0,10.1,26870.0,90.8
INC2022-166,2022-09-17,6.0,2.5,9.4,9.314285714285715,-2.4,27.1,12.182142857142859,-4.8,29.6,9.0,20.299999999999997,38.300000000000004,4.0,10930.0,72.9,10930.0,72.9,10930.0,72.9
INC2017-075,2017-05-29,11.9,3.1,20.7,15.157142857142857,5.2,28.1,11.833333333333334,-1.2,28.5,1.0,48.4,63.6,0.0,1839.0,42.4,1898.0,8.7,1898.0,8.7
INC2008-080,2008-08-14,16.0,2.1,29.9,13.12857142857143,2.1,27.9,11.726666666666668,-1.8,27.9,9.0,2.6,32.400000000000006,0.0,10930.0,67.1,10930.0,67.1,1355.0,40.1
INC2022-037,2022-02-21,-25.7,-32.5,-18.9,-4.642857142857143,-22.0,6.5,-4.1466666666666665,-36.7,10.0,23.0,11.600000000000001,24.59999999999999,58.0,10930.0,71.1,10930.0,71.1,10930.0,71.1
INC2014-067,2014-04-29,8.5,0.0,17.0,4.8999999999999995,-1.5,21.0,0.4133333333333333,-22.0,21.0,17.0,32.599999999999994,47.0,0.0,1881.0,16.3,1881.0,16.3,1881.0,16.3
INC2014-132,2014-10-20,10.8,-1.5,23.0,6.8,-2.0,20.0,8.610000000000001,-7.0,29.0,12.0,3.2,7.2,0.0,1881.0,16.3,1881.0,16.3,1881.0,16.3
INC2014-147,2014-12-03,-14.5,-23.0,-6.0,-19.728571428571428,-31.5,-10.0,-10.446666666666667,-31.5,7.0,7.0,18.0,44.7,0.0,1881.0,16.3,1881.0,16.3,1881.0,16.3
INC2024-010,2024-02-07,-6.0,-8.0,-4.0,-3.257142857142857,-12.0,9.0,-15.49,-44.5,9.0,8.0,8.4,16.4,0.0,1881.0,16.5,1881.0,16.5,1881.0,16.5
INC2012-093,2012-07-26,17.9,11.9,23.9,16.6,10.0,26.0,17.46206896551724,6.3,32.3,0.0,94.0,187.0,0.0,30643.0,14.8,30055.0,46.7,30055.0,46.7
INC2018-012,2018-01-31,-18.0,-21.7,-14.3,-13.814285714285713,-25.8,-4.0,-8.774999999999999,-31.8,6.3,12.0,7.9,12.3,20.0,30643.0,16.2,30643.0,16.2,30643.0,16.2
INC2017-167,2017-10-12,-1.7,-5.5,2.1,5.957142857142856,-1.8,23.6,7.336666666666669,-6.1,24.1,9.0,1.1,70.8,0.0,30643.0,16.2,30643.0,16.2,2513.0,61.1
INC2016-093,2016-08-13,18.0,9.6,26.4,16.885714285714283,9.0,23.6,16.983333333333334,7.5,27.0,0.0,25.199999999999996,97.50000000000001,0.0,30643.0,16.2,30643.0,16.2,30055.0,49.7
INC2009-140,2009-12-14,-27.5,-35.3,-19.6,-19.542857142857144,-34.2,-8.3,-6.426666666666667,-34.2,16.2,14.0,0.0,14.600000000000001,25.0,30643.0,16.1,30643.0,16.1,30643.0,16.1
INC2018-009,2018-01-21,-8.7,-12.8,-4.5,-5.614285714285714,-21.0,7.8,-13.5,-33.4,7.8,9.0,0.0,0.6,12.0,1839.0,36.9,1898.0,8.6,1898.0,8.6
INC2010-066,2010-07-06,14.5,8.0,21.0,14.885714285714284,3.5,27.5,14.811538461538465,1.5,27.5,0.0,11.6,100.60000000000001,0.0,27715.0,28.2,1898.0,12.6,1898.0,12.6
INC2021-218,2021-12-17,-27.7,-36.4,-19.0,-15.885714285714286,-30.6,-0.3,-9.153333333333332,-30.6,7.1,13.0,8.4,14.7,32.0,27213.0,48.0,27213.0,48.0,27213.0,48.0
INC2015-107,2015-09-13,12.3,7.5,17.0,12.114285714285714,1.5,27.0,13.220000000000002,1.5,28.0,0.0,26.0,76.5,0.0,27715.0,13.2,27715.0,13.2,27715.0,13.2
INC2022-007,2022-01-20,-8.5,-21.5,4.5,-10.1,-34.7,4.9,-19.65666666666667,-40.1,4.9,7.0,5.4,21.099999999999998,18.0,51898.0,25.1,51898.0,25.1,51898.0,25.1
INC2019-120,2019-11-04,-0.8,-2.0,0.4,-1.7857142857142854,-17.9,7.0,1.51,-17.9,16.7,24.0,5.6,26.5,2.0,27213.0,45.7,27213.0,45.7,27213.0,45.7
INC2020-016,2020-02-07,-4.2,-10.7,2.2,-5.742857142857143,-23.9,4.1,-14.259999999999996,-41.3,6.1,11.0,3.5,14.0,37.0,27213.0,45.7,27213.0,45.7,27213.0,45.7
INC2016-149,2016-12-22,-1.9,-5.4,1.6,-12.928571428571429,-31.2,2.4,-13.439999999999998,-31.2,2.4,4.0,0.7,2.8,7.0,51898.0,24.7,51898.0,24.7,51898.0,24.7
INC2022-105,2022-06-29,12.6,9.5,15.7,11.985714285714286,1.0,25.8,12.319999999999999,-1.9,25.8,2.0,80.5,112.19999999999999,0.0,27213.0,40.6,27213.0,40.6,2513.0,92.0
INC2024-042,2024-06-29,14.1,4.7,23.5,14.028571428571428,1.7,26.9,10.716666666666665,-2.2,26.9,3.0,34.4,60.199999999999996,0.0,27213.0,39.7,27213.0,39.7,2513.0,92.3
INC2022-064,2022-03-31,1.9,-1.7,5.6,-0.28571428571428586,-8.6,13.2,-1.8933333333333335,-20.9,16.6,22.0,11.1,13.2,3.0,27213.0,39.7,27213.0,39.7,27213.0,39.7
INC2019-028,2019-02-27,-10.3,-18.8,-1.8,-15.414285714285715,-34.8,-0.2,-18.64,-38.6,5.5,3.0,6.300000000000001,38.50000000000001,40.0,27213.0,39.7,27213.0,39.7,27213.0,39.7
INC2021-045,2021-03-19,3.7,-4.2,11.6,3.966666666666667,-8.7,16.0,-1.724137931034483,-25.1,16.0,24.0,0.0,2.3,3.0,27213.0,39.6,27213.0,39.6,27213.0,39.6
INC2009-134,2009-12-08,-28.6,-33.0,-24.1,-13.857142857142858,-31.2,-2.3,-4.006666666666666,-31.2,16.7,21.0,6.0,7.6,6.0,1920.0,9.5,1920.0,9.5,1920.0,9.5
INC2021-195,2021-10-16,4.3,-4.1,12.8,1.942857142857143,-11.6,15.4,6.283333333333333,-11.6,22.5,20.0,3.4000000000000004,5.6,0.0,27213.0,36.0,27213.0,36.0,30543.0,88.7
INC2013-161,2013-11-25,-8.8,-14.1,-3.5,-13.271428571428572,-33.6,4.7,-7.189655172413792,-33.6,17.5,13.0,13.6,46.5,21.0,50149.0,4.6,50149.0,4.6,50149.0,4.6
INC2022-005,2022-01-19,-25.2,-34.7,-15.8,-5.642857142857143,-30.2,7.1,-17.473333333333333,-43.1,8.3,8.0,12.0,43.89999999999999,60.0,27213.0,28.8,27213.0,28.8,27213.0,28.8
INC2020-060,2020-06-13,16.5,10.0,23.0,,,,11.288461538461538,-2.0,25.5,1.0,,120.19999999999999,0.0,2513.0,48.7,2513.0,48.7,2513.0,48.7
INC2020-098,2020-09-25,12.4,6.5,18.3,12.142857142857142,0.7,21.6,11.993333333333334,0.7,26.5,0.0,0.0,14.5,0.0,30643.0,42.1,30643.0,42.1,2513.0,48.7
INC2019-041,2019-04-16,3.1,-6.5,12.6,3.9285714285714293,-3.8,13.2,3.8966666666666665,-5.2,21.9,28.0,1.6,7.3999999999999995,4.0,30643.0,42.0,27213.0,59.4,30643.0,42.0
INC2020-114,2020-10-25,-9.3,-16.9,-1.7,-7.657142857142857,-15.4,0.8,2.6538461538461537,-15.4,22.9,7.0,4.8,10.299999999999999,0.0,50149.0,13.4,50149.0,13.4,50149.0,13.4
INC2020-113,2020-10-24,-7.3,-9.4,-5.1,-6.1000000000000005,-10.3,1.4,5.796666666666667,-10.3,22.6,4.0,1.5,9.200000000000001,0.0,27214.0,12.5,27214.0,12.5,50149.0,16.8
INC2023-160,2023-09-15,10.1,-4.4,24.5,,,,11.103846153846153,-3.8,28.9,9.0,0.2,92.0,0.0,10930.0,59.2,2485.0,29.6,2485.0,29.6
INC2022-218,2022-12-01,-27.6,-34.5,-20.6,-7.871428571428571,-22.6,10.7,-7.216666666666667,-27.8,10.7,16.0,5.0,18.1,21.0,27213.0,12.8,27213.0,12.8,27213.0,12.8
INC2020-115,2020-10-27,6.9,2.4,11.4,-5.3999999999999995,-13.9,5.4,4.043333333333335,-13.9,22.6,6.0,1.2999999999999998,10.2,0.0,27214.0,13.7,27214.0,13.7,50149.0,18.8
INC2021-030,2021-02-24,-3.3,-10.9,4.2,-4.485714285714285,-25.1,8.8,-16.393333333333334,-41.0,8.8,4.0,0.0,10.3,14.0,27213.0,10.8,27213.0,10.8,27213.0,10.8
INC2016-057,2016-06-09,13.6,9.6,17.5,15.37142857142857,1.5,30.4,9.716666666666667,-5.9,30.4,10.0,46.099999999999994,143.4,,48948.0,10.3,48948.0,10.3,,
INC2021-197,2021-11-23,-6.2,-13.7,1.3,-7.1000000000000005,-21.3,5.2,-2.396666666666667,-21.3,13.7,24.0,2.8000000000000003,9.5,23.0,48948.0,10.2,48948.0,10.2,27213.0,10.2
INC2023-137,2023-08-12,17.5,11.3,23.6,15.342857142857143,6.6,25.0,15.613333333333335,2.2,28.0,0.0,,51.6,0.0,48948.0,61.1,2485.0,35.9,2485.0,35.9
INC2019-031,2019-03-07,-13.0,-17.0,-9.0,-17.614285714285714,-33.0,-5.0,-18.886666666666667,-36.0,-1.0,0.0,0.0,6.0,0.0,1801.0,4.6,1801.0,4.6,1801.0,4.6
INC2013-117,2013-07-25,13.6,4.6,22.5,17.25,8.8,27.1,17.324137931034485,3.7,32.8,0.0,5.599999999999999,74.49999999999999,0.0,1977.0,1.7,1958.0,24.9,1958.0,24.9
INC2021-026,2021-02-20,-2.9,-9.1,3.3,-16.342857142857145,-31.0,3.2,-18.029999999999998,-40.8,3.2,1.0,0.6,1.4,21.0,48948.0,8.7,48948.0,8.7,27213.0,8.9
INC2025-041,2025-06-13,11.9,7.8,15.9,13.114285714285714,-0.8,31.0,11.56666666666667,-1.7,31.0,4.0,0.0,24.0,0.0,48948.0,57.8,2485.0,39.4,2485.0,39.4
INC2022-177,2022-09-28,11.0,1.6,20.4,11.728571428571428,-2.5,24.1,11.77,-3.9,29.0,8.0,0.2,26.0,0.0,48370.0,41.7,48370.0,41.7,636.0,42.8
INC2017-184,2017-11-19,-4.5,-8.0,-1.0,-1.5999999999999999,-11.5,5.0,0.25,-15.0,15.0,18.0,15.2,21.4,2.0,592.0,6.6,592.0,6.6,48248.0,42.7
INC2024-088,2024-11-17,-2.6,-6.7,1.5,1.0714285714285714,-4.3,8.0,1.7600000000000002,-7.6,12.7,22.0,10.3,47.300000000000004,0.0,48370.0,41.6,48370.0,41.6,592.0,6.6
INC2017-023,2017-02-17,6.0,4.0,8.0,,-18.0,15.5,-6.303571428571429,-28.0,15.5,11.0,0.0,5.0,0.0,1801.0,10.6,1801.0,10.6,1801.0,10.6
INC2022-134,2022-08-11,19.6,10.2,28.9,16.571428571428577,5.8,27.2,18.15,5.8,30.5,0.0,12.100000000000001,25.599999999999998,0.0,51758.0,17.2,51758.0,17.2,1870.0,21.6
INC2014-074,2014-05-26,13.7,10.5,16.8,15.057142857142855,1.5,28.2,8.36,-6.9,28.2,15.0,22.4,42.4,0.0,1977.0,2.1,51898.0,25.6,1958.0,25.6
INC2022-056,2022-03-23,10.1,1.5,18.7,2.2142857142857144,-7.3,11.1,-5.92857142857143,-23.9,11.1,13.0,2.1,15.7,40.0,27214.0,11.0,27214.0,11.0,27018.0,22.4
INC2026-078,2026-08-26,22.4,15.1,29.7,19.442857142857143,11.1,27.2,17.71428571428571,7.5,29.5,0.0,0.2,58.7,0.0,27214.0,11.0,27214.0,11.0,27018.0,22.4
INC2015-057,2015-05-12,10.7,3.1,18.3,7.014285714285714,-2.3,17.0,7.843333333333332,-3.9,25.2,8.0,8.0,9.899999999999999,0.0,27214.0,10.6,27214.0,10.6,1801.0,10.9
INC2024-006,2024-01-29,1.1,-4.6,6.8,-4.085714285714286,-13.7,10.0,-13.546666666666665,-37.7,10.0,7.0,0.6000000000000001,12.399999999999999,9.0,27214.0,11.0,27214.0,11.0,27018.0,22.4
INC2025-025,2025-04-19,9.6,5.3,13.9,6.8,-1.8,18.8,3.7533333333333334,-11.2,19.4,17.0,0.0,19.700000000000003,0.0,27214.0,11.2,27214.0,11.2,27018.0,22.2
INC2016-003,2016-01-02,-6.9,-11.7,-2.1,-11.457142857142856,-19.7,2.5,-8.249999999999998,-20.1,7.2,8.0,0.0,8.2,9.0,27214.0,11.4,27214.0,11.4,27214.0,11.4
INC2022-029,2022-02-13,1.9,-3.6,7.4,2.614285714285714,-5.1,9.7,-4.453333333333335,-26.4,9.7,19.0,0.2,18.400000000000002,37.0,27214.0,11.4,27214.0,11.4,27018.0,22.0
INC2008-075,2008-07-23,16.3,11.7,20.8,17.371428571428574,10.0,27.8,17.53666666666667,8.4,30.4,0.0,27.6,83.80000000000001,0.0,27214.0,10.7,27214.0,10.7,1801.0,11.2
INC2015-006,2015-01-14,1.5,-2.4,5.4,-14.514285714285716,-26.1,3.9,-11.499999999999998,-30.2,3.9,6.0,6.5,10.0,0.0,27214.0,11.1,31427.0,11.1,1801.0,11.6
INC2019-038,2019-04-03,4.9,-1.8,11.6,3.4285714285714284,-2.6,10.2,-0.49666666666666653,-23.3,16.7,20.0,0.0,4.8999999999999995,0.0,27214.0,10.5,27214.0,10.5,27214.0,10.5
INC2014-129,2014-10-16,7.0,1.5,12.5,10.5,-0.2,21.3,11.853333333333333,-5.2,28.4,3.0,1.0,9.5,0.0,27214.0,11.3,31427.0,11.3,1801.0,11.8
INC2020-046,2020-05-01,10.4,5.1,15.7,11.314285714285715,2.9,21.5,2.683333333333333,-20.8,21.5,11.0,1.1,2.8,0.0,27214.0,10.7,27214.0,10.7,27018.0,22.6
INC2014-050,2014-03-31,-10.2,-12.9,-7.5,-8.157142857142857,-18.4,-1.6,-6.536666666666666,-29.9,12.0,9.0,4.5,7.0,0.0,27214.0,10.7,31427.0,10.7,1801.0,11.2
INC2019-077,2019-06-29,13.5,7.5,19.4,15.299999999999999,8.5,22.0,15.040000000000001,3.5,28.0,0.0,28.3,111.50000000000001,0.0,27214.0,10.7,27214.0,10.7,27018.0,22.6
INC2021-143,2021-09-23,8.9,3.8,14.0,11.000000000000002,2.1,23.3,14.386206896551725,2.1,26.4,0.0,2.9,30.9,0.0,27214.0,10.7,27214.0,10.7,27018.0,22.6
INC2022-188,2022-10-24,1.4,-1.3,4.1,8.97142857142857,-1.1,23.1,12.313333333333334,-1.1,27.3,1.0,2.9000000000000004,5.3,0.0,27214.0,10.7,27214.0,10.7,27018.0,22.6
INC2024-064,2024-09-08,21.8,12.8,30.8,20.271428571428572,8.5,32.1,19.137931034482754,8.3,32.1,0.0,0.5,42.5,0.0,27214.0,10.7,27214.0,10.7,27018.0,22.6
INC2016-081,2016-07-21,20.7,16.6,24.8,18.7,12.0,27.2,18.686666666666667,10.4,28.7,0.0,27.700000000000003,102.60000000000001,0.0,27214.0,10.7,27214.0,10.7,1801.0,11.2
INC2020-029,2020-03-06,-6.2,-12.5,0.0,-0.3,-9.1,8.0,-4.800000000000001,-27.4,10.2,20.0,0.5,13.600000000000001,21.0,27214.0,10.7,27214.0,10.7,27214.0,10.7
INC2018-026,2018-04-03,-8.4,-14.0,-2.7,-8.928571428571429,-20.0,1.5,-4.816666666666667,-21.8,8.2,15.0,5.1,13.2,25.0,27214.0,11.4,27214.0,11.4,27214.0,11.4
INC2017-084,2017-04-18,-0.3,-1.3,0.7,1.457142857142857,-5.8,10.0,2.9999999999999996,-10.0,16.5,19.0,24.300000000000004,42.50000000000001,0.0,27214.0,11.4,27214.0,11.4,27214.0,11.4
INC2015-014,2015-02-01,-16.4,-20.3,-12.5,-3.3285714285714287,-17.7,9.2,-7.7700000000000005,-30.2,9.4,11.0,1.5,14.0,0.0,27214.0,11.4,31427.0,11.4,1801.0,11.9
INC2020-058,2020-06-13,18.5,14.1,22.9,14.3,5.2,27.9,13.286206896551725,1.1,27.9,0.0,40.099999999999994,107.39999999999999,0.0,27214.0,11.4,27214.0,11.4,27018.0,22.0
INC2008-056,2008-06-05,17.5,10.6,24.3,15.0,6.5,22.5,13.253333333333332,-0.8,27.9,1.0,0.8,43.6,0.0,27214.0,11.4,27214.0,11.4,43149.0,13.3
INC2024-082,2024-11-03,-1.0,-8.8,6.8,-1.0999999999999999,-9.7,8.1,3.2413793103448283,-9.7,22.1,20.0,6.0,17.2,10.0,48948.0,27.2,48948.0,27.2,10930.0,98.9
INC2025-090,2025-10-29,5.2,1.5,8.8,6.557142857142858,-4.4,16.8,8.003333333333334,-4.4,23.8,9.0,14.3,20.4,0.0,27214.0,11.2,27214.0,11.2,27018.0,22.1
INC2016-004,2016-01-03,-8.5,-15.4,-1.5,-10.385714285714286,-19.7,2.5,-8.443333333333333,-20.1,7.2,7.0,0.0,8.2,9.0,27214.0,11.3,27214.0,11.3,27214.0,11.3
INC2017-102,2017-05-30,19.2,12.4,25.9,16.02857142857143,7.5,29.4,13.44,2.0,29.4,0.0,32.4,56.5,0.0,27214.0,11.6,27214.0,11.6,1801.0,12.2
INC2015-035,2015-04-02,1.2,-3.2,5.6,,,,1.1653846153846155,-19.0,18.2,16.0,,15.0,0.0,27214.0,11.2,31427.0,11.2,1801.0,11.8
INC2013-164,2013-12-01,-5.8,-9.0,-2.5,-4.814285714285714,-11.2,2.9,-6.333333333333333,-24.2,10.5,10.0,3.0,17.5,0.0,27214.0,10.9,31427.0,10.9,1801.0,11.5
INC2010-028,2010-02-25,-0.3,-6.0,5.4,-5.928571428571429,-14.1,4.5,-8.45,-21.3,4.7,7.0,0.5,6.0,19.0,27214.0,11.3,31427.0,11.3,27214.0,11.3
INC2019-003,2019-01-09,-10.7,-13.8,-7.7,-4.928571428571429,-22.4,8.6,-5.217241379310345,-22.4,8.6,11.0,4.0,15.6,25.0,27214.0,11.3,27214.0,11.3,27214.0,11.3
INC2021-023,2021-02-18,-9.8,-17.5,-2.2,-20.45714285714286,-28.9,-5.9,-17.263333333333335,-33.9,6.0,2.0,0.6000000000000001,7.1000000000000005,18.0,27214.0,11.4,27214.0,11.4,27214.0,11.4
INC2019-112,2019-10-18,7.1,0.2,13.9,5.257142857142857,-4.7,16.4,6.85,-7.1,24.2,12.0,13.7,32.400000000000006,0.0,27214.0,10.6,27214.0,10.6,27018.0,22.8
INC2023-044,2023-03-14,-4.9,-10.7,1.0,-13.242857142857144,-19.6,-5.8,-11.51785714285714,-27.9,6.2,5.0,2.0,13.8,37.0,27214.0,11.6,27018.0,21.8,27018.0,21.8
INC2012-180,2011-01-27,3.2,-2.1,8.5,-1.942857142857143,-15.4,6.5,-11.41,-27.9,6.5,10.0,6.0,34.0,48.0,27214.0,11.2,31427.0,11.2,27214.0,11.2
INC2012-181,2011-02-20,-17.3,-22.6,-11.9,-13.828571428571431,-28.8,7.5,-8.07,-30.5,8.5,17.0,2.0,11.0,41.0,27214.0,11.2,31427.0,11.2,27214.0,11.2
INC2012-182,2011-02-22,-11.2,-17.7,-4.6,-18.185714285714287,-28.8,-0.4,-8.773333333333333,-30.5,8.5,15.0,1.5,8.0,42.0,27214.0,11.2,31427.0,11.2,27214.0,11.2
INC2012-183,2011-03-05,-15.4,-17.8,-13.0,-18.914285714285715,-30.3,-3.8,-12.6,-30.3,7.5,8.0,4.0,9.0,48.0,27214.0,11.2,31427.0,11.2,27214.0,11.2
INC2012-184,2011-03-29,0.6,-1.5,2.7,-4.485714285714286,-9.1,0.4,-10.146666666666667,-30.3,5.9,8.0,2.0,11.0,46.0,27214.0,11.2,31427.0,11.2,27214.0,11.2
INC2012-185,2011-05-05,9.7,5.5,13.9,8.1,1.2,19.2,4.293333333333333,-7.4,19.2,18.0,5.0,10.5,0.0,27214.0,11.2,31427.0,11.2,1801.0,12.0
INC2012-186,2011-06-20,14.4,11.9,16.9,13.757142857142854,9.3,22.9,13.366666666666667,1.6,24.7,0.0,52.2,71.8,0.0,27214.0,11.2,27214.0,11.2,1801.0,12.0
INC2012-187,2011-07-10,15.1,12.7,17.5,17.3,9.1,25.6,15.953333333333331,8.0,26.4,0.0,42.400000000000006,174.00000000000003,0.0,27214.0,11.2,27214.0,11.2,1801.0,12.0
INC2012-188,2011-07-11,14.4,12.8,15.9,16.914285714285715,9.1,25.6,15.85,8.0,26.4,0.0,43.800000000000004,171.60000000000002,0.0,27214.0,11.2,27214.0,11.2,1801.0,12.0
INC2012-189,2011-07-17,20.2,13.7,26.7,16.02857142857143,11.8,23.1,16.25333333333333,8.0,26.4,0.0,4.800000000000001,146.79999999999998,0.0,27214.0,11.2,27214.0,11.2,1801.0,12.0
INC2012-190,2011-07-19,19.0,14.4,23.5,17.785714285714285,11.8,26.7,16.709999999999997,8.0,26.7,0.0,8.2,131.0,0.0,27214.0,11.2,27214.0,11.2,1801.0,12.0
INC2012-191,2011-08-24,18.1,11.0,25.1,16.814285714285713,7.0,29.5,17.053333333333335,7.0,29.5,0.0,2.6,36.199999999999996,0.0,27214.0,11.2,27214.0,11.2,1801.0,12.0
INC2012-192,2011-09-10,18.5,11.9,25.0,17.757142857142856,5.2,29.9,16.59666666666667,4.3,29.9,0.0,0.0,10.200000000000001,0.0,27214.0,11.2,27214.0,11.2,1801.0,12.0
INC2012-193,2011-09-15,14.1,6.5,21.6,14.314285714285715,3.0,29.9,15.590000000000002,3.0,29.9,0.0,0.2,10.4,0.0,27214.0,11.2,27214.0,11.2,1801.0,12.0
INC2012-194,2011-09-22,16.5,12.3,20.6,12.314285714285715,1.9,23.8,14.649999999999999,1.9,29.9,0.0,5.0,12.8,0.0,27214.0,11.2,27214.0,11.2,1801.0,12.0
INC2012-195,2011-10-07,9.5,6.7,12.3,8.357142857142858,2.2,19.5,12.89666666666667,1.5,31.9,0.0,7.0,15.0,0.0,27214.0,11.2,31427.0,11.2,1801.0,12.0
INC2012-196,2011-10-08,8.4,2.8,14.0,7.885714285714286,2.2,12.9,12.543333333333335,1.5,31.9,0.0,6.5,14.5,0.0,27214.0,11.2,31427.0,11.2,1801.0,12.0
INC2012-197,2011-11-18,-17.3,-19.6,-15.0,-3.8285714285714283,-15.0,6.0,1.0933333333333335,-15.0,14.0,17.0,3.0,8.0,5.0,27214.0,11.2,31427.0,11.2,27214.0,11.2
INC2012-198,2011-11-21,-14.8,-20.5,-9.1,-12.742857142857142,-25.4,-0.6,-1.4933333333333336,-25.4,12.9,16.0,0.5,8.0,4.0,27214.0,11.2,31427.0,11.2,27214.0,11.2
INC2012-199,2011-11-22,-5.1,-16.2,6.1,-14.214285714285712,-25.4,-3.0,-2.21,-25.4,12.9,16.0,0.5,8.5,4.0,27214.0,11.2,31427.0,11.2,27214.0,11.2
INC2012-200,2011-12-11,-3.9,-6.4,-1.4,-4.6571428571428575,-17.0,8.6,-5.116666666666666,-25.4,9.0,15.0,0.5,8.5,0.0,27214.0,11.2,31427.0,11.2,1801.0,12.0
INC2012-201,2011-12-21,-2.9,-4.9,-0.8,-3.314285714285714,-10.7,5.3,-3.5566666666666666,-20.5,9.0,19.0,0.5,6.0,0.0,27214.0,11.2,31427.0,11.2,1801.0,12.0
INC2012-202,2011-12-28,-4.6,-7.3,-1.9,0.02857142857142863,-6.2,6.7,-2.736666666666667,-17.0,8.6,21.0,1.0,4.0,0.0,27214.0,11.2,31427.0,11.2,1801.0,12.0
INC2012-004,2012-01-07,-2.9,-7.7,1.9,-1.8428571428571427,-14.8,11.1,-2.6499999999999995,-17.0,11.1,19.0,2.5,6.5,0.0,27214.0,11.2,31427.0,11.2,1801.0,12.0
INC2012-177,2011-01-06,-1.2,-4.8,2.5,-8.85714285714286,-22.2,1.9,-12.469999999999999,-23.1,1.9,2.0,3.0,11.5,28.0,27214.0,11.2,31427.0,11.2,27214.0,11.2
INC2012-176,2011-01-06,-1.2,-4.8,2.5,-8.85714285714286,-22.2,1.9,-12.469999999999999,-23.1,1.9,2.0,3.0,11.5,28.0,27214.0,11.2,31427.0,11.2,27214.0,11.2
INC2012-178,2011-01-20,-6.1,-15.4,3.2,-20.0,-26.9,-4.4,-14.463333333333331,-27.9,2.5,3.0,15.5,29.0,0.0,27214.0,11.2,31427.0,11.2,1801.0,12.0
INC2012-179,2011-01-20,-6.1,-15.4,3.2,-20.0,-26.9,-4.4,-14.463333333333331,-27.9,2.5,3.0,15.5,29.0,0.0,27214.0,11.2,31427.0,11.2,1801.0,12.0
INC2012-171,2012-12-14,-4.2,-10.5,2.1,-12.885714285714286,-24.2,2.2,-10.733333333333336,-24.2,3.3,5.0,3.0,12.0,0.0,27214.0,11.1,31427.0,11.1,1801.0,11.9
INC2012-044,2012-03-13,2.3,-2.4,6.9,0.20000000000000012,-11.3,13.1,-4.083333333333334,-20.4,13.1,17.0,0.5,6.5,4.0,27214.0,11.1,31427.0,11.1,27214.0,11.1
INC2009-092,2009-09-10,13.6,8.6,18.6,15.6,5.1,32.2,16.99,5.1,32.2,0.0,7.8,30.399999999999995,0.0,27214.0,11.1,27214.0,11.1,1801.0,11.9
INC2014-012,2014-01-14,0.5,-4.3,5.3,-7.014285714285714,-16.8,1.1,-10.909999999999998,-31.6,5.6,11.0,0.5,16.5,0.0,27214.0,11.1,31427.0,11.1,1801.0,11.9
INC2008-123,2008-12-15,-19.7,-25.9,-13.5,-12.928571428571429,-30.6,3.3,-4.113333333333333,-30.6,7.7,18.0,4.0,11.5,4.0,27214.0,11.1,31427.0,11.1,27214.0,11.1
INC2017-043,2017-03-20,-5.3,-10.0,-0.5,-0.7000000000000001,-14.6,10.7,-6.99,-22.4,10.7,11.0,5.5,24.5,8.0,27214.0,11.1,27214.0,11.1,27214.0,11.1
INC2019-109,2019-10-08,-0.8,-2.9,1.4,7.428571428571429,-2.6,18.8,10.053333333333333,-2.6,24.2,6.0,5.6000000000000005,29.4,2.0,27214.0,11.1,27214.0,11.1,27018.0,22.2
INC2026-031,2026-04-17,0.9,-5.8,7.7,2.3000000000000003,-8.2,15.6,-0.9566666666666666,-14.6,15.6,20.0,9.799999999999999,40.1,1.0,27214.0,11.1,27214.0,11.1,27214.0,11.1
INC2020-139,2020-12-09,-0.4,-4.3,3.4,1.7285714285714284,-6.0,9.5,-4.048275862068965,-18.0,9.5,14.0,0.0,9.3,14.0,27214.0,11.1,27214.0,11.1,27214.0,11.1
INC2016-097,2016-08-25,15.8,12.0,19.6,15.957142857142856,7.3,26.7,18.67,7.3,29.0,0.0,21.8,112.10000000000001,0.0,27214.0,11.1,27214.0,11.1,1801.0,11.9
INC2017-082,2017-06-21,14.6,10.1,19.1,15.799999999999999,7.6,24.4,16.813333333333336,7.5,30.2,0.0,17.2,69.5,0.0,27214.0,11.1,27214.0,11.1,1801.0,11.9
INC2009-149,2009-09-02,21.8,14.6,29.0,19.7,9.4,29.8,16.906666666666666,5.4,29.8,0.0,6.6,27.799999999999997,0.0,27214.0,11.1,27214.0,11.1,1801.0,11.9
INC2009-150,2009-12-09,-17.5,-21.0,-13.9,-14.742857142857142,-28.4,-2.2,-3.3033333333333332,-28.4,16.9,20.0,7.5,12.5,6.0,27214.0,11.1,31427.0,11.1,27214.0,11.1
INC2009-151,2009-12-22,-17.0,-19.7,-14.2,-12.328571428571427,-28.0,0.2,-11.456666666666669,-36.7,7.7,10.0,5.0,15.5,17.0,27214.0,11.1,31427.0,11.1,27214.0,11.1
INC2010-102,2010-09-20,4.9,3.1,6.6,6.071428571428571,-4.2,12.1,10.676666666666668,-4.2,26.6,3.0,7.800000000000001,36.2,0.0,27214.0,11.1,27214.0,11.1,1801.0,11.9
INC2009-152,2009-12-22,-17.0,-19.7,-14.2,-12.328571428571427,-28.0,0.2,-11.456666666666669,-36.7,7.7,10.0,5.0,15.5,17.0,27214.0,11.1,31427.0,11.1,27214.0,11.1
INC2010-167,2009-09-09,13.2,5.1,21.2,16.82857142857143,7.2,32.2,17.203333333333333,5.4,32.2,0.0,7.8,30.399999999999995,0.0,27214.0,11.1,27214.0,11.1,1801.0,11.9
INC2010-168,2010-01-20,-11.4,-13.9,-8.9,-4.185714285714286,-12.9,5.0,-11.476666666666668,-26.0,5.6,7.0,1.0,6.0,17.0,27214.0,11.1,31427.0,11.1,27214.0,11.1
INC2010-169,2010-03-06,3.4,-3.5,10.2,0.9714285714285715,-6.0,8.7,-4.656666666666667,-21.0,8.7,16.0,1.0,5.0,8.0,27214.0,11.1,31427.0,11.1,27214.0,11.1
INC2010-170,2010-03-09,,-6.6,,1.7857142857142858,-6.0,10.2,-3.2733333333333334,-18.0,10.2,19.0,1.0,4.5,2.0,27214.0,11.1,31427.0,11.1,27214.0,11.1
INC2010-171,2010-03-11,-0.2,-6.1,5.8,1.7166666666666666,-6.6,10.2,-2.9655172413793105,-18.0,10.2,20.0,1.0,4.5,2.0,27214.0,11.1,31427.0,11.1,27214.0,11.1
INC2010-172,2010-05-06,1.8,-1.3,4.9,5.057142857142857,-3.7,14.2,6.883333333333332,-7.9,24.5,11.0,21.5,52.0,3.0,27214.0,11.1,31427.0,11.1,27214.0,11.1
INC2010-173,2010-06-03,13.8,9.9,17.6,8.385714285714284,0.3,21.5,9.553333333333335,-3.7,30.3,4.0,27.4,63.4,0.0,27214.0,11.1,27214.0,11.1,1801.0,11.9
INC2010-174,2010-06-21,19.7,12.6,26.7,15.771428571428572,8.7,27.1,12.126666666666667,0.3,27.1,0.0,0.8,46.8,0.0,27214.0,11.1,27214.0,11.1,1801.0,11.9
INC2010-175,2010-06-29,19.6,12.9,26.3,17.842857142857145,11.5,25.8,14.726666666666667,0.3,27.1,0.0,16.4,43.199999999999996,0.0,27214.0,11.1,27214.0,11.1,1801.0,11.9
INC2010-176,2010-09-07,10.6,5.2,15.9,11.700000000000001,2.6,23.3,14.53,2.6,26.6,0.0,5.8,58.4,0.0,27214.0,11.1,27214.0,11.1,1801.0,11.9
INC2010-177,2010-09-20,4.9,3.1,6.6,6.071428571428571,-4.2,12.1,10.676666666666668,-4.2,26.6,3.0,7.800000000000001,36.2,0.0,27214.0,11.1,27214.0,11.1,1801.0,11.9
INC2013-086,2013-06-05,17.3,10.1,24.4,14.77142857142857,8.9,21.7,14.526666666666669,4.1,30.3,0.0,30.200000000000003,44.199999999999996,0.0,27214.0,11.1,27214.0,11.1,1801.0,11.9
INC2014-105,2014-08-11,21.0,14.0,28.0,18.32857142857143,8.9,27.4,19.086666666666662,8.9,31.2,0.0,16.5,105.0,0.0,27214.0,11.1,31427.0,11.1,1801.0,11.9
INC2014-106,2014-08-13,22.2,19.2,25.1,18.82857142857143,8.9,28.8,19.123333333333328,8.9,31.2,0.0,16.5,104.5,0.0,27214.0,11.1,31427.0,11.1,1801.0,11.9
INC2013-153,2013-10-31,5.2,-0.3,10.7,3.057142857142857,-8.3,16.9,6.046666666666667,-8.3,17.4,10.0,3.0,12.0,0.0,27214.0,11.1,31427.0,11.1,1801.0,11.9
INC2014-031,2014-02-16,-7.9,-10.6,-5.1,-15.799999999999999,-27.3,0.4,-10.729999999999999,-27.3,7.6,9.0,1.5,3.5,0.0,27214.0,11.1,31427.0,11.1,1801.0,11.9
INC2014-041,2014-03-13,2.0,-1.3,5.2,-1.9000000000000001,-18.7,12.0,-11.82,-29.9,12.0,6.0,,5.0,0.0,27214.0,11.1,31427.0,11.1,1801.0,11.9
INC2013-070,2013-04-30,-3.0,-5.8,-0.2,6.985714285714285,-2.8,20.3,1.0566666666666666,-14.1,20.3,22.0,7.0,21.0,0.0,27214.0,11.1,31427.0,11.1,1801.0,11.9
INC2013-071,2013-04-25,10.2,4.2,16.2,1.514285714285714,-7.3,12.3,-0.15999999999999984,-14.9,12.3,25.0,1.5,15.0,0.0,27214.0,11.1,31427.0,11.1,1801.0,11.9
INC2014-059,2014-04-18,-0.7,-2.2,0.8,0.5857142857142856,-6.1,13.0,-2.4200000000000004,-18.4,18.5,12.0,,6.0,0.0,27214.0,11.1,31427.0,11.1,1801.0,11.9
INC2008-067,2008-07-06,15.9,12.3,19.5,21.32857142857143,12.7,30.4,16.583333333333332,6.8,30.4,0.0,12.8,47.2,0.0,27214.0,11.1,27214.0,11.1,1801.0,11.9
INC2012-053,2012-04-20,8.4,3.3,13.5,1.7571428571428573,-4.7,12.6,2.0933333333333333,-12.0,16.0,19.0,15.0,30.0,0.0,27214.0,11.1,31427.0,11.1,1801.0,11.9
INC2012-174,2012-12-29,-3.7,-5.7,-1.7,-20.428571428571427,-26.5,-4.5,-14.916666666666666,-26.5,2.2,2.0,3.5,15.0,0.0,27214.0,11.1,31427.0,11.1,1801.0,11.9
INC2013-067,2013-04-25,10.2,4.2,16.2,1.514285714285714,-7.3,12.3,-0.15999999999999984,-14.9,12.3,25.0,1.5,15.0,0.0,27214.0,11.1,31427.0,11.1,1801.0,11.9
INC2010-040,2010-03-24,-6.8,-10.3,-3.3,0.21428571428571427,-9.3,10.6,0.47586206896551714,-9.8,12.0,25.0,1.5,3.5,1.0,27214.0,11.1,31427.0,11.1,27214.0,11.1
INC2010-139,2010-11-24,-19.3,-26.3,-12.2,-17.75714285714286,-27.5,-10.5,-2.776666666666667,-27.5,13.0,16.0,3.0,8.5,5.0,27214.0,10.9,31427.0,10.9,27214.0,10.9
INC2022-008,2022-01-21,2.7,-4.4,9.8,-9.871428571428572,-34.9,7.7,-17.553333333333335,-42.7,8.3,8.0,3.2,24.799999999999997,58.0,48948.0,15.5,48948.0,15.5,27213.0,16.8
INC2015-058,2015-05-13,11.4,5.5,17.2,7.357142857142857,-2.3,18.3,8.043333333333331,-3.9,25.2,7.0,8.0,9.899999999999999,0.0,27214.0,11.3,27214.0,11.3,1801.0,12.3
INC2023-119,2023-07-25,18.8,14.9,22.6,20.685714285714283,13.1,29.3,19.680000000000003,8.8,30.5,0.0,61.2,101.5,0.0,27214.0,11.2,27214.0,11.2,27018.0,22.2
INC2021-085,2021-06-18,10.8,0.7,20.8,13.5,1.9,27.8,11.6,-5.9,30.3,5.0,15.1,63.5,0.0,48948.0,5.3,48948.0,5.3,2485.0,91.0
INC2022-009,2022-01-21,2.7,-4.4,9.8,-9.871428571428572,-34.9,7.7,-17.553333333333335,-42.7,8.3,8.0,3.2,24.799999999999997,58.0,48948.0,5.3,48948.0,5.3,27213.0,6.5
INC2023-206,2023-12-13,1.5,-8.5,11.4,-7.885714285714287,-19.6,1.9,-3.9266666666666663,-19.6,14.2,21.0,0.0,1.0,1.0,48948.0,5.4,48948.0,5.4,27213.0,6.6
INC2023-023,2023-02-03,-5.5,-15.3,4.3,-13.314285714285713,-22.0,2.9,-6.98,-22.0,8.5,10.0,3.9,4.2,10.0,27492.0,2.7,27492.0,2.7,1870.0,2.7
INC2019-016,2019-01-31,-5.4,-13.5,2.7,-3.2166666666666663,-20.5,9.1,-6.993103448275861,-22.7,9.1,11.0,3.1,11.6,22.0,27492.0,9.4,27492.0,9.4,27492.0,9.4
INC2022-190,2022-10-27,11.1,5.0,17.2,3.2571428571428567,-5.3,15.7,10.433333333333335,-5.3,26.9,4.0,3.2,6.999999999999999,0.0,27492.0,16.8,27492.0,16.8,1870.0,16.8
INC2022-016,2022-01-30,1.8,-1.8,5.4,0.6428571428571429,-6.5,7.3,-10.110000000000001,-33.6,8.5,15.0,2.7,24.799999999999997,32.0,27492.0,23.3,27492.0,23.3,27492.0,23.3
INC2023-092,2023-06-22,12.9,3.9,22.0,10.5,3.8,21.9,13.09,-0.7,29.0,1.0,126.3,188.7,0.0,27213.0,41.0,27213.0,41.0,2513.0,56.2
INC2017-012,2017-01-26,-3.9,-11.4,3.6,-7.071428571428571,-17.9,6.4,-10.49,-28.8,7.9,7.0,0.0,16.1,21.0,27213.0,7.3,27213.0,7.3,27213.0,7.3
INC2019-099,2019-09-07,15.1,7.8,22.3,13.385714285714286,5.7,23.8,12.620000000000001,0.0,24.1,0.0,8.299999999999999,43.199999999999996,2.0,48948.0,11.7,48948.0,11.7,27213.0,13.1
INC2019-105,2019-09-29,-0.4,-2.6,1.9,6.514285714285714,-2.0,18.1,10.54,-2.0,23.8,2.0,4.4,58.10000000000001,2.0,48948.0,11.7,48948.0,11.7,27213.0,13.1
INC2021-056,2021-04-16,7.9,-4.8,20.6,0.9285714285714286,-11.7,17.7,0.9333333333333333,-13.2,17.7,28.0,0.0,1.9,2.0,48948.0,11.7,48948.0,11.7,27213.0,13.1
INC2020-018,2020-02-14,-5.4,-9.0,-1.8,-5.499999999999999,-15.0,6.6,-9.873333333333333,-43.4,6.6,16.0,1.0,4.0,41.0,48948.0,11.7,48948.0,11.7,27213.0,13.1
INC2022-163,2022-09-14,13.3,6.2,20.3,11.814285714285715,0.1,27.4,15.553333333333333,-0.8,30.2,1.0,1.7999999999999998,86.0,0.0,48948.0,11.7,48948.0,11.7,2485.0,84.7
INC2022-227,2022-12-12,-19.5,-25.0,-14.0,-16.428571428571427,-35.0,-3.0,-8.583333333333334,-35.0,10.0,11.0,11.0,19.0,25.0,2513.0,14.5,2513.0,14.5,2513.0,14.5
INC2009-076,2009-08-01,20.5,10.5,30.4,18.12857142857143,6.4,30.4,15.293333333333331,0.4,30.6,0.0,5.0,121.80000000000001,,27213.0,1.2,27213.0,1.2,,
INC2021-062,2021-05-04,5.6,-1.4,12.5,6.571428571428572,-3.7,20.7,3.22,-11.7,20.7,28.0,0.4,12.2,0.0,48948.0,2.0,48948.0,2.0,27213.0,3.3
INC2023-134,2023-08-09,17.5,15.0,20.0,17.142857142857142,9.0,27.0,17.583333333333332,5.0,30.0,0.0,21.0,170.0,0.0,2513.0,12.3,2513.0,12.3,2513.0,12.3
INC2023-132,2023-08-09,17.5,15.0,20.0,17.142857142857142,9.0,27.0,17.583333333333332,5.0,30.0,0.0,21.0,170.0,0.0,2513.0,23.2,2513.0,23.2,2513.0,23.2
INC2023-133,2023-08-09,17.5,15.0,20.0,17.142857142857142,9.0,27.0,17.583333333333332,5.0,30.0,0.0,21.0,170.0,0.0,2513.0,18.2,2513.0,18.2,2513.0,18.2
INC2014-017,2014-01-22,-6.5,-10.0,-3.0,1.3714285714285712,-10.5,10.5,-6.85,-31.0,10.5,16.0,0.0,46.0,58.0,2513.0,31.1,2513.0,31.1,2513.0,31.1
INC2011-073,2011-05-06,,,,6.371428571428571,-3.4,18.3,2.5433333333333326,-10.8,18.3,26.0,4.8,19.1,,48948.0,2.3,48948.0,2.3,,
INC2011-065,2011-04-22,2.9,-4.3,10.1,0.7999999999999999,-10.4,11.6,1.4666666666666666,-10.4,16.4,24.0,,,0.0,30643.0,57.0,,,2604.0,41.5
INC2019-014,2019-01-28,,,,,,,-8.335714285714285,-27.0,9.5,8.0,,36.0,35.0,2513.0,39.6,2513.0,39.6,2513.0,39.6
INC2021-168,2021-11-11,-4.8,-6.3,-3.3,-0.6857142857142858,-11.7,11.4,1.1199999999999999,-13.5,19.5,28.0,1.7,6.5,0.0,1977.0,15.1,1977.0,15.1,27018.0,68.5
INC2009-049,2009-06-02,10.6,-1.5,22.6,12.571428571428571,-0.4,25.4,9.06,-5.8,26.0,13.0,2.0,8.799999999999999,0.0,1977.0,15.1,1977.0,15.1,1958.0,30.8
INC2009-039,2009-05-06,9.4,1.2,17.5,6.571428571428571,-8.5,22.6,4.4799999999999995,-9.8,22.6,22.0,2.6,44.3,0.0,1977.0,15.1,1977.0,15.1,1958.0,30.7
INC2026-048,2025-06-03,11.9,5.4,18.5,17.285714285714285,5.7,31.8,12.983333333333333,-0.1,31.8,1.0,0.0,17.7,0.0,1977.0,15.1,1977.0,15.1,27018.0,68.5
INC2017-030,2017-02-25,-12.4,-21.2,-3.6,-4.357142857142857,-19.2,3.2,-6.543333333333334,-34.5,14.1,15.0,4.6,14.0,13.0,27213.0,17.6,27213.0,17.6,27213.0,17.6
INC2017-013,2017-01-28,5.1,-1.1,11.2,-7.1571428571428575,-17.9,6.3,-10.18,-28.8,7.9,8.0,0.0,16.1,21.0,27213.0,18.8,27213.0,18.8,27213.0,18.8
INC2012-134,2012-09-09,13.8,6.8,20.7,13.12857142857143,3.0,26.0,14.426666666666666,1.6,28.3,0.0,2.9,40.3,,27213.0,24.5,27213.0,24.5,,
INC2013-053,2013-03-30,3.1,-6.7,12.9,-2.3142857142857136,-26.1,12.9,-5.803333333333333,-26.1,12.9,16.0,0.2,44.8,27.0,27213.0,13.4,27213.0,13.4,27213.0,13.4
INC2023-033,2023-03-01,-12.5,-24.2,-0.9,-16.6,-38.0,-1.3,-7.430000000000001,-38.0,8.7,15.0,0.7,27.2,29.0,27213.0,33.7,27213.0,33.7,27213.0,33.7
INC2013-159,2013-11-22,-13.2,-16.5,-9.9,-14.016666666666666,-29.3,4.4,-4.592592592592593,-29.3,16.4,13.0,6.0,13.5,0.0,30907.0,17.5,30907.0,17.5,1886.0,2.9
INC2020-009,2020-01-30,0.8,-2.9,4.5,-0.3000000000000001,-9.5,5.9,-9.51666666666667,-44.2,6.3,16.0,1.7999999999999998,57.699999999999996,29.0,48370.0,18.3,48370.0,18.3,48248.0,19.2
INC2017-180,2017-11-03,-13.5,-15.6,-11.4,,,,3.9791666666666665,-12.5,23.4,19.0,,17.0,8.0,48948.0,28.7,48948.0,28.7,27213.0,29.8
INC2020-040,2020-04-23,8.7,1.6,15.9,5.871428571428572,-7.3,19.1,-5.23,-31.6,19.1,12.0,0.0,10.299999999999999,9.0,1977.0,30.5,1977.0,30.5,51898.0,41.6
INC2020-036,2020-04-09,4.2,-4.5,12.9,-8.2,-28.7,6.4,-8.253333333333334,-31.2,9.4,15.0,0.0,5.7,33.0,48948.0,36.5,48948.0,36.5,27213.0,37.6
INC2024-025,2024-04-16,-1.0,-5.1,3.1,4.114285714285715,-6.3,16.2,0.4866666666666666,-17.9,21.0,23.0,0.2,5.8,1.0,48948.0,37.8,48948.0,37.8,27213.0,38.9
INC2019-131,2019-12-09,-7.0,-9.9,-4.0,-7.828571428571429,-20.6,3.8,-5.8166666666666655,-25.0,13.1,16.0,10.5,15.399999999999999,26.0,48948.0,24.6,48948.0,24.6,27213.0,25.2
INC2019-116,2019-10-23,2.2,-2.5,6.9,2.8285714285714287,-5.9,13.9,3.2199999999999998,-10.8,16.8,21.0,0.2,13.5,2.0,48948.0,39.5,48948.0,39.5,27213.0,40.6
INC2023-115,2023-07-23,18.0,12.1,23.8,16.77142857142857,5.3,28.0,16.59,4.5,29.8,0.0,12.2,48.00000000000001,0.0,48948.0,40.2,48948.0,40.2,2485.0,77.4
INC2022-231,2022-12-20,-35.7,-41.4,-30.0,-15.357142857142858,-37.4,1.6,-12.05,-37.4,10.1,10.0,0.5,3.7,26.0,48948.0,40.2,48948.0,40.2,27213.0,41.3
INC2025-003,2025-01-22,-5.0,-10.6,0.6,-9.4,-28.6,7.5,-9.516666666666667,-29.4,10.0,10.0,3.0,3.4,18.0,48948.0,40.2,48948.0,40.2,27213.0,41.3
INC2023-073,2023-05-05,12.5,3.4,21.6,13.957142857142857,0.2,28.1,5.61,-11.0,28.1,23.0,0.0,11.600000000000001,0.0,48948.0,40.2,48948.0,40.2,2485.0,77.4
INC2021-199,2021-11-25,-6.3,-12.9,0.3,-8.628571428571428,-20.4,1.6,-3.1333333333333333,-20.4,12.3,21.0,0.0,5.9,7.0,48550.0,56.0,48550.0,56.0,1920.0,56.0
INC2021-206,2021-12-03,-8.0,-11.4,-4.5,-1.5999999999999999,-8.9,7.8,-3.8400000000000003,-20.4,10.6,20.0,0.4,6.300000000000001,3.0,48550.0,56.0,48550.0,56.0,1920.0,56.0
INC2014-078,2014-06-01,14.2,6.0,22.3,11.542857142857143,2.2,22.3,9.124137931034484,-7.0,26.2,10.0,36.5,44.0,0.0,30907.0,18.2,30907.0,18.2,6854.0,28.4
INC2017-170,2017-10-22,3.5,-1.0,7.9,,-2.8,,6.6071428571428585,-6.9,25.6,14.0,,25.2,0.0,51898.0,53.0,51898.0,53.0,2832.0,94.6
INC2020-073,2020-07-13,13.9,7.8,19.9,14.285714285714286,5.9,24.7,13.813333333333333,3.0,25.0,0.0,16.9,175.09999999999997,0.0,48948.0,46.6,48948.0,46.6,2485.0,77.4
INC2019-091,2019-08-14,15.4,6.6,24.1,12.885714285714286,5.0,21.5,14.656666666666666,4.8,27.3,0.0,10.8,132.2,0.0,48948.0,54.6,48948.0,54.6,2485.0,77.9
INC2023-093,2023-06-22,13.7,5.7,21.6,11.442857142857145,3.5,19.3,14.366666666666667,1.4,30.6,0.0,126.3,188.7,0.0,52982.0,26.8,27213.0,51.7,2513.0,68.8
INC2015-104,2015-09-06,,,,,,,16.833333333333332,2.0,31.0,0.0,,34.2,0.0,1812.0,36.6,1812.0,36.6,27715.0,70.7
INC2021-100,2021-07-11,11.6,2.8,20.4,,,,13.184615384615386,-5.3,38.3,7.0,,35.2,,26870.0,49.0,26870.0,49.0,,
INC2023-039,2023-03-08,-14.6,-16.8,-12.3,-11.200000000000001,-24.0,4.8,-8.54,-38.3,8.2,13.0,0.4,6.9,32.0,48948.0,63.1,48948.0,63.1,27213.0,64.1
INC2025-026,2025-04-19,5.9,-2.3,14.2,4.6000000000000005,-6.3,22.6,1.1758620689655173,-14.4,22.6,24.0,0.0,21.099999999999998,,27213.0,42.3,27213.0,42.3,,
INC2013-012,2013-01-26,-8.2,-17.7,1.3,-9.114285714285714,-16.4,5.1,-6.8999999999999995,-24.8,10.5,11.0,1.1,5.299999999999999,18.0,48948.0,42.3,48948.0,42.3,27213.0,42.3
INC2012-069,2012-05-31,9.5,2.4,16.6,9.814285714285713,-2.1,20.0,7.8,-6.1,23.9,14.0,10.400000000000002,46.2,0.0,48948.0,42.3,48948.0,42.3,6860.0,54.2
INC2016-133,2016-11-16,0.5,-3.0,4.0,4.714285714285714,-3.0,13.0,3.259259259259259,-4.0,17.0,12.0,3.1999999999999997,17.9,3.0,1812.0,28.5,1812.0,28.5,51898.0,60.3
INC2011-105,2011-07-07,,,,,,,,,,,,195.79999999999998,,,,2562.0,17.0,,
INC2017-059,2017-05-04,14.5,4.5,24.5,6.271428571428571,-3.3,19.6,3.5599999999999996,-5.8,19.6,21.0,4.5,61.6,0.0,1873.0,47.3,1873.0,47.3,1886.0,61.9
INC2009-104,2009-09-19,14.0,12.5,15.5,,6.5,,14.108333333333334,1.0,27.5,0.0,,15.5,0.0,2545.0,19.8,2545.0,19.8,2545.0,19.8
INC2013-141,2013-09-26,6.0,-2.0,14.0,,,,15.288461538461538,-2.0,31.0,1.0,,11.6,0.0,1812.0,5.2,1812.0,5.2,1990.0,58.2
INC2022-234,2022-12-30,-13.4,-21.3,-5.5,-9.814285714285713,-28.0,7.1,-17.056666666666665,-48.2,7.1,7.0,6.800000000000001,21.699999999999996,47.0,26870.0,49.2,26870.0,49.2,26870.0,49.2
INC2020-015,2020-02-04,-5.6,-11.9,0.7,-8.528571428571428,-28.8,6.7,-15.54,-48.1,9.2,14.0,2.1,6.9,67.0,26870.0,74.5,48948.0,76.0,26870.0,74.5
INC2023-114,2023-07-21,13.9,2.5,25.4,12.214285714285714,-1.8,24.2,11.706666666666669,-2.7,26.0,6.0,10.0,53.99999999999999,1.0,26870.0,73.6,26870.0,73.6,26870.0,73.6
INC2018-142,2018-10-09,2.3,-2.5,7.0,2.4,-12.7,13.0,5.436666666666666,-12.7,18.0,17.0,10.9,33.4,0.0,48248.0,15.4,48248.0,15.4,636.0,18.1
INC2019-020,2019-02-06,-25.9,-33.6,-18.2,-16.428571428571427,-38.2,0.5,-7.856666666666667,-38.2,5.6,11.0,23.800000000000004,34.8,54.0,48248.0,98.9,48248.0,98.9,48248.0,98.9
INC2024-055,2024-07-30,13.2,5.9,20.4,11.442857142857141,0.4,22.7,13.569999999999997,-2.5,32.1,3.0,37.1,58.6,1.0,26870.0,72.7,26870.0,72.7,26870.0,72.7
INC2017-194,2017-12-05,-2.5,-10.0,5.0,-0.6428571428571429,-14.0,15.0,-6.041666666666667,-27.0,15.0,7.0,0.0,22.0,0.0,2793.0,46.7,2793.0,46.7,2793.0,46.7
INC2017-201,2017-12-25,-22.0,-22.0,-22.0,-8.214285714285714,-15.0,-2.0,-1.7857142857142858,-15.0,15.0,15.0,5.0,16.0,0.0,2793.0,46.7,2793.0,46.7,2793.0,46.7
INC2017-091,2017-06-27,,4.2,,10.371428571428572,-1.0,27.7,9.306666666666667,-3.4,27.7,14.0,21.0,97.0,0.0,26870.0,72.7,2793.0,46.7,2793.0,46.7
INC2012-157,2012-11-15,4.0,2.1,5.8,-5.357142857142856,-19.9,5.4,-1.7666666666666664,-19.9,13.9,10.0,3.0,36.5,0.0,29926.0,72.0,29926.0,72.0,2793.0,46.7
INC2009-120,2009-10-23,,,,,,,,,,,,,0.0,,,,,2793.0,46.7
INC2017-114,2017-08-09,,7.3,,14.757142857142856,6.2,24.4,16.203448275862065,6.2,29.4,0.0,5.5,39.0,0.0,30907.0,46.1,30907.0,46.1,1886.0,37.6
INC2022-123,2022-07-27,18.2,6.4,30.0,12.657142857142857,-1.7,25.7,11.086666666666668,-1.7,25.7,6.0,2.2,108.5,1.0,26870.0,69.4,26870.0,69.4,26870.0,69.4
INC2013-133,2013-09-13,20.3,13.4,27.1,16.52857142857143,5.0,29.3,16.580000000000002,5.0,29.3,0.0,0.0,46.5,,2632.0,55.8,2632.0,55.8,,
INC2022-142,2022-08-22,14.9,5.3,24.5,14.071428571428571,0.4,28.0,13.536666666666667,-2.4,30.3,2.0,16.400000000000002,86.49999999999999,1.0,26870.0,68.9,26870.0,68.9,26870.0,68.9
INC2010-111,2010-10-04,6.3,-3.0,15.5,9.042857142857143,-3.5,23.5,7.3033333333333355,-8.0,26.0,13.0,,73.4,0.0,6860.0,36.5,27263.0,26.6,2545.0,2.0
INC2013-131,2013-09-12,18.3,7.2,29.3,16.5,5.0,26.5,16.619999999999997,5.0,27.9,0.0,0.0,46.5,,2632.0,54.5,2632.0,54.5,,
INC2010-055,2010-06-02,12.8,8.0,17.5,8.271428571428572,-2.0,20.5,7.570000000000001,-5.0,28.5,15.0,19.7,279.1,0.0,6860.0,36.4,6860.0,36.4,2545.0,1.9
INC2019-013,2019-01-26,,,,-10.9,-22.0,2.0,-8.964,-25.0,8.0,7.0,2.0,35.0,0.0,1886.0,41.8,1886.0,41.8,1886.0,41.8
INC2023-096,2023-06-27,18.6,11.1,26.1,15.3,5.3,26.0,16.416666666666668,4.9,28.1,0.0,15.0,157.10000000000002,0.0,1873.0,59.1,1873.0,59.1,27018.0,81.5
INC2016-098,2016-08-23,11.7,8.9,14.5,16.485714285714288,4.6,29.3,18.25,4.6,29.3,0.0,8.6,104.1,0.0,1873.0,59.1,1873.0,59.1,1886.0,70.8
INC2013-025,2013-02-12,-2.5,-8.0,3.0,-6.614285714285714,-16.0,3.0,-12.09,-36.0,8.0,11.0,2.0,23.0,44.0,1812.0,9.7,1812.0,9.7,1873.0,59.1
INC2013-072,2013-05-03,11.0,2.0,20.0,6.25,-12.0,19.0,0.3615384615384615,-19.0,19.0,18.0,12.0,19.0,5.0,1812.0,9.7,1812.0,9.7,1873.0,59.1
INC2009-063,2009-07-14,13.0,9.0,17.0,13.514285714285714,0.0,25.0,15.028000000000002,0.0,30.0,0.0,12.0,51.29999999999999,0.0,1812.0,9.9,1812.0,9.9,1990.0,67.2
INC2015-101,2015-08-28,19.5,10.0,29.0,15.142857142857142,2.0,28.0,17.189655172413794,2.0,31.0,0.0,16.0,50.2,0.0,1812.0,9.8,1812.0,9.8,1886.0,70.9
INC2016-043,2016-05-10,8.0,0.0,16.0,14.928571428571429,3.0,32.0,10.604166666666666,-6.0,32.0,4.0,4.4,16.0,0.0,1812.0,23.4,1812.0,23.4,27018.0,73.1
INC2026-050,2026-06-25,16.5,7.5,25.5,13.1,5.1,25.8,13.206666666666667,3.0,29.1,0.0,93.6,139.79999999999998,0.0,52982.0,18.9,51899.0,54.1,2513.0,65.4
INC2022-027,2022-02-09,5.5,0.0,11.0,-6.428571428571429,-32.0,10.0,-4.333333333333333,-32.0,10.0,22.0,8.2,26.2,0.0,2793.0,39.5,2793.0,39.5,2793.0,39.5
INC2022-150,2022-08-27,15.4,11.6,19.1,19.657142857142855,8.8,28.9,18.503333333333334,5.7,32.5,0.0,81.80000000000001,160.79999999999998,,52982.0,55.1,48948.0,62.2,,
INC2010-062,2010-06-24,16.1,9.1,23.1,16.185714285714287,5.0,27.6,12.099999999999998,1.0,27.6,0.0,1.0,58.400000000000006,0.0,27658.0,35.4,27658.0,35.4,2490.0,36.2
INC2011-171,2011-11-19,-19.1,-20.1,-18.0,-6.828571428571428,-18.4,1.5,-0.8699999999999998,-18.4,14.4,22.0,15.2,29.6,15.0,27658.0,27.3,2632.0,28.0,2632.0,28.0
INC2017-195,2017-12-05,0.5,-4.1,5.1,-5.771428571428572,-21.2,5.3,-8.027999999999999,-24.4,6.9,6.0,0.0,18.3,15.0,48948.0,67.4,48948.0,67.4,27213.0,67.7
INC2021-180,2021-11-18,-4.5,-9.0,0.0,-1.9285714285714286,-12.0,8.0,1.2300000000000002,-12.0,14.0,18.0,34.0,35.0,15.0,2793.0,25.4,2793.0,25.4,2793.0,25.4
INC2022-186,2022-10-20,5.2,1.5,8.9,7.57142857142857,-6.3,22.4,8.133333333333333,-6.3,24.0,24.0,0.0,0.0,1.0,26870.0,64.1,26870.0,64.1,26870.0,64.1
INC2012-153,2012-11-01,-7.0,-9.0,-5.0,-6.271428571428571,-21.5,-0.5,0.6566666666666667,-21.5,18.0,12.0,9.0,27.4,0.0,2490.0,37.0,2490.0,37.0,2490.0,37.0
INC2019-048,2019-05-01,5.2,-1.3,11.6,2.8285714285714283,-7.2,12.4,4.383333333333334,-7.2,15.8,23.0,2.1,20.300000000000004,0.0,48248.0,42.3,48248.0,42.3,636.0,44.5
INC2010-063,2010-06-24,15.6,11.1,20.1,14.614285714285716,2.7,26.2,12.348275862068967,-1.3,26.2,3.0,0.3,33.699999999999996,0.0,48248.0,44.1,48248.0,44.1,636.0,46.2
INC2017-154,2017-09-24,12.4,9.4,15.3,6.857142857142857,-2.6,16.1,11.313333333333334,-3.2,27.6,8.0,18.1,49.69999999999999,0.0,48248.0,44.4,48248.0,44.4,636.0,46.5
INC2024-093,2024-12-11,-18.4,-19.5,-17.2,-7.4142857142857155,-24.2,5.0,-10.1,-31.1,7.8,9.0,4.5,33.6,7.0,2832.0,64.5,2832.0,64.5,2832.0,64.5
INC2018-005,2018-01-12,-31.4,-39.0,-23.8,-14.928571428571429,-33.3,-0.5,-14.783333333333331,-35.5,4.8,6.0,10.6,12.299999999999999,10.0,2832.0,64.6,2832.0,64.6,2832.0,64.6
INC2023-097,2023-07-04,14.2,7.8,20.6,16.82857142857143,9.1,28.8,17.019999999999996,4.8,30.1,0.0,9.0,77.7,,2832.0,64.6,2832.0,64.6,,
INC2010-097,2010-09-02,12.3,4.3,20.3,9.614285714285714,4.1,19.5,13.933333333333332,4.0,25.5,0.0,29.4,61.599999999999994,,27658.0,20.0,27658.0,20.0,,
INC2021-118,2021-08-13,23.0,12.0,34.0,18.142857142857142,10.0,34.0,17.526666666666664,7.0,34.0,0.0,5.0,60.1,0.0,2793.0,35.5,2793.0,35.5,2793.0,35.5
INC2022-088,2022-05-19,5.0,0.0,10.0,9.642857142857142,0.0,21.0,5.083333333333333,-9.0,21.0,11.0,4.0,34.0,0.0,2793.0,26.1,2793.0,26.1,2793.0,26.1
INC2017-029,2017-02-21,-2.1,-6.6,2.4,1.4714285714285713,-7.5,11.9,-5.986666666666668,-28.0,11.9,11.0,14.3,70.3,8.0,48248.0,52.2,48248.0,52.2,48248.0,52.2
INC2021-005,2021-01-19,-2.2,-9.8,5.4,-5.628571428571428,-16.2,2.8,-7.859999999999999,-19.1,6.5,7.0,13.9,20.9,23.0,2832.0,21.5,2832.0,21.5,2832.0,21.5
INC2024-079,2024-10-28,1.6,0.3,2.8,2.0571428571428574,-4.4,7.8,5.426666666666668,-4.4,21.6,13.0,4.9,28.4,,2832.0,20.2,2832.0,20.2,,
INC2023-195,2023-11-14,-1.2,-6.1,3.7,-1.5571428571428572,-9.7,5.7,-0.31999999999999995,-12.3,18.8,17.0,0.4,14.5,0.0,2832.0,20.2,2832.0,20.2,2832.0,20.2
INC2010-032,2010-02-28,5.0,-4.5,14.5,-1.6571428571428573,-17.5,10.5,-6.453333333333334,-25.0,10.5,17.0,0.0,11.0,0.0,6860.0,6.9,6860.0,6.9,6860.0,6.9
INC2012-084,2012-07-04,11.5,6.0,17.0,,5.0,24.0,12.9,-1.0,24.0,1.0,49.5,85.8,0.0,6860.0,6.8,6860.0,6.8,6860.0,6.8
INC2012-067,2012-05-27,11.5,4.6,18.4,9.342857142857142,-1.5,19.7,9.003333333333334,-2.9,23.9,6.0,,21.5,0.0,2632.0,74.0,6860.0,6.8,6860.0,6.8
INC2024-054,2024-07-24,10.7,2.4,19.1,17.142857142857142,2.9,30.6,13.583333333333332,-2.5,32.1,4.0,16.1,62.3,1.0,26870.0,70.1,26870.0,70.1,26870.0,70.1
INC2023-018,2023-01-31,-9.5,-11.2,-7.8,-6.157142857142858,-22.7,8.7,-7.260000000000001,-22.7,8.7,9.0,0.2,0.4,,52982.0,93.3,48948.0,99.9,,
INC2021-217,2021-12-16,-25.0,-29.0,-21.0,-12.285714285714286,-30.0,0.0,-6.966666666666667,-30.0,10.0,8.0,6.0,13.0,0.0,2793.0,27.9,2793.0,27.9,2793.0,27.9
INC2023-028,2023-02-23,-30.7,-37.7,-23.6,-11.357142857142858,-40.7,4.8,-6.736666666666667,-40.7,8.8,18.0,26.0,59.900000000000006,77.0,26870.0,71.2,26870.0,71.2,26870.0,71.2
INC2021-126,2021-08-31,6.8,5.0,8.5,12.828571428571427,3.0,23.0,16.043333333333333,3.0,34.0,0.0,24.4,91.30000000000001,0.0,2793.0,18.2,2793.0,18.2,2793.0,18.2
INC2017-022,2017-02-16,3.0,-3.5,9.4,-3.0142857142857147,-26.7,12.8,-8.97,-41.1,12.8,14.0,5.3,20.9,0.0,26870.0,69.0,26870.0,69.0,2793.0,67.3
INC2019-004,2019-01-09,-14.4,-18.0,-10.8,-8.728571428571428,-27.0,7.5,-7.473333333333334,-27.0,7.5,13.0,12.999999999999996,27.899999999999995,39.0,26870.0,72.5,26870.0,72.5,26870.0,72.5
INC2021-047,2021-03-23,0.0,-5.0,5.0,1.5,-10.0,14.0,-0.42142857142857143,-19.0,15.0,22.0,0.0,31.0,0.0,2793.0,18.9,2793.0,18.9,2793.0,18.9
INC2018-117,2018-09-13,1.1,0.0,2.2,9.700000000000001,1.1,21.7,12.233333333333336,-0.3,25.7,1.0,25.0,46.0,3.0,2832.0,56.8,2832.0,56.8,2832.0,56.8
INC2026-056,2026-07-08,15.7,11.7,19.8,15.27142857142857,6.2,27.3,15.343333333333334,3.0,27.8,0.0,1.1,79.50000000000001,0.0,30669.0,87.1,30669.0,87.1,26870.0,90.5
INC2014-131,2014-10-22,4.3,0.0,8.5,6.157142857142857,-2.4,18.6,8.190000000000001,-6.0,27.2,8.0,,,,51444.0,93.3,,,,
INC2020-111,2020-10-14,0.2,-4.4,4.9,4.057142857142857,-2.3,13.4,8.933333333333334,-3.0,21.8,7.0,17.8,25.5,,53358.0,48.9,53358.0,48.9,,
INC2022-065,2022-04-07,6.0,-2.0,14.0,3.2142857142857144,-3.0,12.0,0.75,-18.0,16.0,22.0,0.0,5.6,0.0,2793.0,1.2,2793.0,1.2,2793.0,1.2
INC2015-090,2015-08-05,8.9,4.5,13.3,12.157142857142858,-0.3,27.8,11.444444444444445,-2.0,28.7,6.0,,,0.0,26870.0,82.7,,,2793.0,1.4
INC2018-083,2018-08-01,19.8,13.3,26.3,17.857142857142858,4.8,30.0,17.266666666666666,4.8,31.5,0.0,0.0,95.5,,30641.0,44.0,30641.0,44.0,,
INC2015-137,2015-11-24,,,,,,,,,,,,,0.0,,,,,2793.0,3.9
INC2016-025,2016-02-04,-5.8,-11.7,0.1,-6.75,-21.7,8.0,-8.836,-30.0,9.0,9.0,5.3,16.8,0.0,26870.0,87.2,26870.0,87.2,2793.0,4.2
INC2011-127,2011-08-15,12.8,9.5,16.0,17.77142857142857,10.0,25.5,16.496666666666666,7.0,26.0,0.0,2.0,89.6,0.0,6854.0,68.1,6854.0,68.1,2459.0,28.3
INC2019-018,2019-02-03,-34.9,-38.8,-31.0,-11.542857142857143,-37.1,5.9,-9.053333333333335,-37.1,8.6,16.0,25.900000000000002,41.8,58.0,26870.0,79.3,26870.0,79.3,26870.0,79.3
INC2020-126,2020-11-15,-6.5,-11.0,-2.0,-4.1571428571428575,-14.0,8.0,-2.4966666666666666,-15.0,19.0,13.0,0.0,17.8,0.0,2793.0,24.3,2793.0,24.3,2793.0,24.3
INC2020-039,2020-04-23,2.6,-3.2,8.5,3.3285714285714287,-14.3,14.9,-6.136666666666668,-31.2,14.9,16.0,2.7,27.7,0.0,26870.0,79.3,51422.0,92.2,2793.0,24.3
INC2023-109,2023-09-28,1.8,-3.3,7.0,6.071428571428572,-7.3,22.2,7.853333333333333,-7.3,26.8,24.0,2.5,23.0,1.0,26870.0,79.3,26870.0,79.3,26870.0,79.3
INC2010-159,2010-12-16,-19.0,-21.0,-17.0,-11.742857142857144,-25.5,12.0,-11.10357142857143,-34.0,12.0,7.0,20.0,20.0,0.0,6860.0,27.1,6860.0,27.1,6860.0,27.1
INC2013-162,2013-11-26,-10.7,-17.7,-3.6,-15.099999999999998,-28.5,3.5,-7.866666666666666,-28.5,8.9,12.0,3.0,26.499999999999996,18.0,30726.0,49.7,30726.0,49.7,1873.0,93.4
INC2011-003,2011-01-08,,,,,,,,,,,,,0.0,,,,,2793.0,25.9
INC2015-016,2015-02-08,-14.8,-17.4,-12.2,-17.985714285714288,-25.9,-5.8,-9.843333333333332,-34.1,9.6,10.0,7.799999999999999,28.9,21.0,30726.0,49.7,30726.0,49.7,30726.0,49.7
INC2017-188,2017-11-21,-15.5,-25.0,-6.0,,,,-4.211538461538462,-20.0,20.0,5.0,,25.2,0.0,2793.0,29.7,2793.0,29.7,2793.0,29.7
INC2014-093,2014-05-25,5.5,-1.1,12.0,7.942857142857143,-2.4,19.1,3.193333333333334,-15.7,19.1,25.0,5.8999999999999995,24.0,0.0,26870.0,83.3,26870.0,83.3,2793.0,29.4
INC2018-028,2018-04-13,-3.2,-7.9,1.6,-6.866666666666667,-25.7,4.1,-6.946153846153846,-25.7,7.5,10.0,6.2,26.599999999999994,14.0,30726.0,26.8,53358.0,98.2,30726.0,26.8
INC2013-069,2013-04-30,-3.0,-7.8,1.8,6.142857142857143,-3.6,17.3,1.2033333333333334,-15.3,17.3,20.0,5.0,13.5,0.0,2632.0,96.2,2793.0,42.7,2793.0,42.7
INC2012-146,2012-10-21,-4.0,-6.0,-1.9,4.257142857142857,-3.3,14.5,7.283333333333333,-6.2,25.6,8.0,2.8,36.199999999999996,0.0,2632.0,45.2,2632.0,45.2,2490.0,92.4
INC2009-145,2009-12-12,-28.3,-31.5,-25.0,-19.914285714285715,-37.0,-7.0,-7.867857142857143,-37.0,16.0,15.0,1.8,14.0,0.0,2490.0,46.9,2490.0,46.9,2490.0,46.9
INC2017-081,2017-06-21,10.2,3.7,16.6,11.971428571428572,2.4,20.8,13.256666666666668,-1.4,29.0,1.0,10.599999999999998,47.30000000000001,0.0,48248.0,74.8,48248.0,74.8,636.0,76.1
INC2020-085,2020-08-14,13.5,7.8,19.2,13.742857142857144,6.1,21.2,17.069999999999997,6.1,29.5,0.0,23.8,70.0,,53358.0,43.2,53358.0,43.2,,
INC2015-080,2015-07-09,22.7,15.8,29.5,17.97142857142857,7.1,31.0,15.883333333333335,4.6,31.0,0.0,2.2,126.60000000000002,0.0,51422.0,76.1,51422.0,76.1,2793.0,37.3
INC2017-169,2017-10-18,-0.5,-4.4,3.5,2.557142857142857,-5.6,15.7,6.816666666666666,-7.5,24.1,11.0,13.8,73.80000000000001,0.0,51422.0,61.3,51422.0,61.3,2793.0,81.5
INC2012-038,2012-02-28,-10.4,-20.1,-0.6,-9.471428571428572,-20.6,3.2,-7.383333333333334,-28.5,6.7,16.0,2.4999999999999996,12.200000000000001,0.0,30726.0,51.9,30726.0,51.9,2459.0,32.5
INC2010-164,2010-12-21,,,,,,,,,,,,,,,,,,,
INC2017-186,2017-11-17,-16.1,-19.2,-12.9,-9.87142857142857,-18.2,-4.5,-3.8999999999999995,-20.6,17.0,8.0,10.3,22.9,14.0,30726.0,10.7,30726.0,10.7,30726.0,10.7
INC2010-128,2010-11-09,,,,,,,,,,,,,,,,,,,
INC2015-046,2015-05-03,5.4,-0.7,11.5,9.314285714285715,-2.3,24.5,5.33,-11.7,24.5,19.0,1.8,21.200000000000003,0.0,2832.0,42.0,2832.0,42.0,2832.0,42.0
INC2025-097,2025-12-01,-1.6,-8.7,5.5,-11.416666666666666,-23.4,0.1,-3.1153846153846154,-23.4,9.7,16.0,3.8,7.7,3.0,51422.0,63.3,51422.0,63.3,51422.0,63.3
INC2026-003,2026-01-21,-15.1,-21.1,-9.1,-5.885714285714285,-21.9,11.2,-12.096666666666668,-33.0,11.2,8.0,0.4,33.8,18.0,30726.0,19.4,30726.0,19.4,30726.0,19.4
INC2021-006,2021-01-25,-22.0,-24.0,-20.1,-11.585714285714285,-34.1,7.1,-7.546666666666666,-34.1,7.1,12.0,2.5000000000000004,17.2,11.0,30726.0,12.8,30726.0,12.8,30726.0,12.8
INC2019-072,2019-06-17,17.9,9.8,25.9,16.014285714285712,6.6,27.0,13.659999999999998,1.0,31.5,0.0,5.8999999999999995,31.1,,53358.0,47.0,53358.0,47.0,,
INC2019-019,2019-02-04,-24.5,-29.0,-19.9,-14.87142857142857,-27.3,-0.2,-8.511111111111111,-27.4,5.8,6.0,9.2,25.6,73.0,48870.0,85.5,48870.0,85.5,51517.0,86.7
INC2009-144,2009-12-08,-24.5,-31.0,-18.0,-12.857142857142858,-33.0,-2.0,-4.337931034482758,-33.0,10.0,18.0,6.0,16.0,0.0,2467.0,32.4,2467.0,32.4,2467.0,32.4
INC2016-104,2016-08-29,12.1,8.1,16.1,13.742857142857144,6.7,22.9,16.346666666666668,6.7,26.9,0.0,44.300000000000004,143.2,0.0,51422.0,41.6,51422.0,41.6,2793.0,74.1
INC2016-116,2016-09-23,8.8,-1.7,19.2,10.242857142857144,-0.7,20.4,11.146666666666668,-2.2,24.8,3.0,3.5999999999999996,52.4,0.0,51422.0,41.6,51422.0,41.6,2793.0,74.1
INC2015-081,2015-07-10,19.2,12.2,26.1,18.1,7.1,31.0,16.14666666666667,4.6,31.0,0.0,2.2,126.60000000000001,0.0,51422.0,41.6,51422.0,41.6,2793.0,74.1
INC2015-088,2015-07-30,15.9,7.1,24.7,15.5,6.0,23.8,17.373333333333335,6.0,31.0,0.0,5.2,23.800000000000004,0.0,51422.0,41.6,51422.0,41.6,2793.0,74.1
INC2011-135,2011-08-31,9.3,2.3,16.3,13.242857142857146,2.0,24.7,14.463333333333333,2.0,25.5,0.0,6.0,55.00000000000001,,2718.0,41.9,2718.0,41.9,,
INC2015-121,2015-10-26,-1.2,-5.2,2.8,5.0428571428571445,-9.0,17.0,7.1499999999999995,-9.0,23.3,15.0,4.0,35.8,0.0,51422.0,41.7,51422.0,41.7,2793.0,74.0
INC2010-121,2010-10-30,4.7,-2.1,11.4,0.4714285714285715,-9.8,10.4,5.799999999999999,-9.8,24.4,17.0,7.0,13.6,0.0,2718.0,41.9,2718.0,41.9,2718.0,41.9
INC2012-086,2012-07-10,19.7,10.6,28.7,15.771428571428569,5.2,31.3,15.136666666666667,4.9,31.3,0.0,14.6,37.400000000000006,0.0,2718.0,41.9,2718.0,41.9,31207.0,56.3
INC2011-154,2011-09-27,8.7,-1.0,18.4,11.014285714285714,-1.8,23.8,11.896666666666668,-2.7,29.0,4.0,5.0,19.2,,2718.0,41.9,2718.0,41.9,,
INC2010-089,2010-08-16,17.8,12.5,23.1,16.714285714285715,5.6,26.7,16.943333333333335,4.7,29.0,0.0,4.4,21.0,,2718.0,41.9,2718.0,41.9,,
INC2010-058,2010-06-16,11.5,2.2,20.8,12.942857142857145,2.1,27.3,11.256666666666664,0.0,27.3,0.0,1.0,92.0,,2718.0,41.9,2718.0,41.9,,
INC2010-016,2010-02-06,-13.8,-19.2,-8.4,-12.157142857142857,-20.1,-6.7,-12.16,-28.2,6.9,3.0,7.800000000000001,13.2,29.0,2718.0,41.8,2718.0,41.8,2718.0,41.8
INC2012-059,2012-05-08,13.8,6.5,21.1,8.642857142857142,-1.0,20.2,4.8100000000000005,-10.8,20.2,18.0,4.800000000000001,40.8,0.0,2718.0,41.8,2718.0,41.8,31207.0,56.3
INC2009-090,2009-09-04,14.4,7.7,21.0,17.914285714285715,3.3,30.2,15.383333333333333,-0.4,30.2,1.0,2.4,15.0,,2718.0,41.8,2689.0,27.2,,
INC2025-053,2025-08-01,20.3,10.7,29.8,15.516666666666667,5.2,31.5,16.315384615384616,3.0,31.5,0.0,10.1,33.9,,51422.0,42.8,51422.0,42.8,,
INC2025-049,2025-07-17,16.2,6.4,25.9,17.314285714285713,6.1,26.9,16.284615384615385,4.9,28.9,0.0,0.2,25.6,,51422.0,42.6,51422.0,42.6,,
INC2024-061,2024-08-28,14.7,6.7,22.6,15.9,6.9,26.9,17.186206896551724,6.6,31.4,0.0,11.499999999999998,28.4,,51422.0,63.7,51422.0,63.7,,
INC2014-151,2014-12-08,-8.5,-10.4,-6.6,-12.557142857142859,-27.3,-2.6,-12.69,-29.9,3.8,2.0,0.7,37.300000000000004,23.0,30726.0,34.8,30726.0,34.8,30726.0,34.8
INC2007-097,2007-12-27,-14.1,-19.4,-8.7,-11.171428571428573,-27.2,2.9,-14.4,-32.6,3.0,5.0,0.0,27.2,15.0,2718.0,40.8,2719.0,22.2,2719.0,22.2
INC2016-086,2016-08-03,16.0,10.9,21.1,17.685714285714287,9.6,27.2,16.963333333333335,7.7,27.2,0.0,12.100000000000001,61.199999999999996,,53358.0,45.8,53358.0,45.8,,
INC2010-135,2010-11-22,-24.1,-29.3,-18.8,-13.857142857142858,-27.1,2.8,-2.2566666666666673,-27.1,11.3,21.0,4.0,14.5,2.0,30669.0,87.7,30669.0,87.7,30669.0,87.7
INC2011-054,2011-03-31,3.1,-0.1,6.3,-2.9285714285714293,-13.7,6.6,-11.76,-36.0,6.6,6.0,0.4,34.2,38.0,2718.0,35.0,2718.0,35.0,2718.0,35.0
INC2018-068,2018-06-25,12.2,9.1,15.2,19.942857142857143,9.9,31.1,13.69,-1.3,31.1,1.0,0.3,38.3,,30669.0,87.7,30669.0,87.7,,
INC2009-115,2009-10-15,3.8,-2.9,10.4,-5.271428571428571,-8.2,0.5,5.479999999999999,-8.2,29.2,8.0,2.2,12.700000000000003,,30669.0,87.8,30669.0,87.8,,
INC2009-041,2009-05-11,,,,,,,,,,,,,,,,,,,
INC2016-089,2016-08-05,15.3,10.1,20.5,15.171428571428573,6.7,26.3,15.75,6.7,26.6,0.0,18.499999999999996,67.00000000000001,,30669.0,30.7,30669.0,30.7,,
INC2010-021,2010-02-10,-8.6,-15.4,-1.8,-10.871428571428572,-20.3,-0.4,-10.38,-26.6,6.5,5.0,0.0,13.9,32.0,30669.0,30.4,30669.0,30.4,30669.0,30.4
INC2017-079,2017-05-30,18.2,10.4,25.9,14.828571428571426,5.0,24.9,10.783333333333335,-1.0,24.9,4.0,45.400000000000006,85.3,,30669.0,29.7,30669.0,29.7,,
INC2016-101,2016-08-27,13.8,9.8,17.8,14.942857142857145,6.3,22.9,16.617241379310343,4.9,25.4,0.0,66.19999999999999,88.69999999999999,,50777.0,47.0,50777.0,47.0,,
INC2009-031,2009-04-07,3.0,-3.3,9.3,0.5833333333333334,-9.5,12.1,-5.60689655172414,-36.5,12.1,18.0,0.0,16.299999999999997,0.0,1400.0,86.8,1400.0,86.8,1400.0,86.8
INC2019-114,2019-10-20,0.1,-3.8,3.9,3.9714285714285715,-3.9,11.9,5.359999999999999,-7.2,22.3,12.0,14.0,20.6,,30726.0,40.7,30726.0,40.7,,
INC2015-021,2015-02-27,-10.2,-13.1,-7.2,,-11.5,10.4,-7.9785714285714295,-27.1,10.4,12.0,,42.8,11.0,30669.0,22.2,30669.0,22.2,30669.0,22.2
INC2021-082,2021-06-11,11.6,3.2,19.9,12.142857142857142,2.1,20.0,12.309999999999999,-1.8,28.3,2.0,2.0,60.39999999999999,,51422.0,22.2,51422.0,22.2,,
INC2008-112,2008-11-26,-5.4,-9.7,-1.1,-3.1857142857142855,-12.5,3.5,-0.16999999999999998,-12.5,10.0,17.0,17.5,101.5,,1423.0,31.7,1423.0,31.7,,
INC2008-119,2008-12-05,-3.5,-5.3,-1.7,-4.228571428571429,-15.0,5.1,-2.2633333333333336,-15.0,6.9,15.0,12.5,102.0,,1423.0,31.7,1423.0,31.7,,
INC2019-007,2019-01-14,-6.5,-12.3,-0.6,-14.728571428571428,-31.1,0.0,-10.553333333333335,-31.1,6.3,3.0,4.7,33.800000000000004,30.0,51422.0,97.8,51422.0,97.8,51422.0,97.8
INC2012-151,2012-10-29,-8.4,-10.2,-6.5,-3.8857142857142857,-9.4,-0.9,2.0620689655172413,-9.4,16.6,9.0,0.0,46.0,2.0,49369.0,34.2,49369.0,34.2,50777.0,34.2
INC2015-147,2015-12-17,-19.2,-24.5,-13.8,-8.028571428571428,-14.4,0.4,-5.393103448275861,-20.8,7.5,11.0,0.30000000000000004,18.3,10.0,1400.0,81.8,1400.0,81.8,1400.0,81.8
INC2010-018,2009-10-15,3.4,-4.0,10.7,-4.085714285714286,-15.8,7.0,5.66,-15.8,28.2,7.0,2.9000000000000004,24.899999999999995,1.0,1400.0,81.8,1400.0,81.8,1400.0,81.8
INC2016-112,2016-09-15,12.9,6.1,19.6,11.342857142857142,1.7,22.0,12.424137931034481,1.7,22.9,0.0,6.0,127.69999999999999,,50777.0,32.6,50777.0,32.6,,
INC2017-004,2017-01-15,1.0,-4.8,6.8,-17.45714285714286,-30.0,6.9,-12.430000000000001,-30.8,6.9,7.0,3.6,16.499999999999996,9.0,50777.0,32.6,50777.0,32.6,50777.0,32.6
INC2021-117,2021-08-12,13.9,7.0,20.7,16.4,6.6,30.1,17.753333333333337,6.6,30.1,0.0,17.6,60.89999999999999,,30726.0,46.7,30726.0,46.7,,
INC2012-115,2012-08-26,13.6,3.8,23.4,16.04285714285714,1.9,30.0,16.61,1.9,32.6,0.0,3.1000000000000005,29.5,,30669.0,31.2,30669.0,31.2,,
INC2009-075,2009-07-30,,,,,,,,,,,0.0,67.4,,,,2783.0,23.9,,
INC2011-132,2011-08-22,18.5,13.5,23.5,13.271428571428572,3.5,26.0,14.758333333333335,3.5,26.0,0.0,1.0,29.2,0.0,31207.0,26.3,31207.0,26.3,31207.0,26.3
INC2019-084,2019-07-21,15.5,8.2,22.8,14.671428571428573,6.1,23.2,13.906666666666668,3.9,23.9,0.0,14.9,70.0,,30669.0,8.0,30669.0,8.0,,
INC2016-139,2016-11-07,0.5,-2.3,3.2,0.14285714285714285,-10.8,10.3,-0.6300000000000001,-10.8,10.3,22.0,8.7,43.6,1.0,30669.0,7.9,30669.0,7.9,51422.0,32.9
INC2012-159,2012-11-17,-13.7,-14.6,-12.7,-3.1714285714285717,-24.3,6.4,-5.336666666666668,-28.7,11.5,9.0,0.2,34.0,1.0,1400.0,61.1,1400.0,61.1,1400.0,61.1
INC2012-061,2012-05-02,10.3,5.0,15.6,7.785714285714286,-1.2,18.2,4.7827586206896555,-14.4,18.2,12.0,4.2,46.800000000000004,0.0,2655.0,61.4,2655.0,61.4,31207.0,24.2
INC2026-077,2026-08-20,16.3,7.4,25.1,15.985714285714284,5.3,25.7,16.340740740740742,5.3,30.8,0.0,0.0,67.1,0.0,48870.0,26.2,48870.0,26.2,1400.0,90.7
INC2023-063,2023-04-19,1.7,-1.0,4.4,5.385714285714286,-5.3,16.3,-0.3733333333333332,-20.4,16.3,22.0,,,0.0,30726.0,58.4,,,30726.0,58.4
INC2018-123,2018-09-18,5.6,0.2,11.0,3.6714285714285713,-7.5,13.3,9.611538461538462,-7.5,27.6,4.0,3.0,36.5,0.0,48870.0,27.2,48870.0,27.2,1400.0,86.8
INC2013-028,2013-02-14,-12.8,-18.4,-7.2,-5.142857142857143,-16.9,4.2,-9.288888888888888,-28.1,7.7,9.0,9.3,27.3,26.0,49369.0,7.4,49369.0,7.4,50777.0,7.4
INC2018-088,2018-08-09,20.5,12.5,28.5,18.74285714285714,8.0,28.5,17.610000000000003,6.5,31.0,0.0,1.2000000000000002,159.00000000000003,0.0,1400.0,50.0,1400.0,50.0,1400.0,50.0
INC2018-078,2018-07-22,12.0,10.5,13.5,16.785714285714285,9.0,27.5,15.476666666666668,6.0,27.5,0.0,119.19999999999999,216.40000000000003,0.0,1400.0,49.9,1400.0,49.9,1400.0,49.9
INC2014-084,2014-06-11,10.7,1.8,19.5,9.428571428571429,-0.4,19.5,11.024137931034481,-0.4,24.0,1.0,15.4,33.4,,30669.0,19.0,51422.0,51.9,,
INC2018-060,2018-06-09,17.0,11.7,22.3,12.442857142857141,3.2,26.8,12.86206896551724,-1.5,29.9,1.0,4.0,13.5,,50777.0,16.9,50777.0,16.9,,
INC2013-142,2013-10-06,7.9,4.3,11.4,5.785714285714286,-2.9,14.2,10.72,-2.9,29.8,6.0,,43.300000000000004,,49369.0,11.7,49369.0,11.7,,
INC2018-113,2018-08-31,8.9,3.5,14.4,11.485714285714284,4.6,19.3,14.9,3.3,28.1,0.0,32.9,101.7,,30669.0,9.4,30669.0,9.4,,
INC2013-139,2013-09-26,6.7,1.9,11.4,9.928571428571429,-1.5,21.1,14.113333333333335,-1.5,29.8,2.0,16.5,59.099999999999994,,49369.0,11.6,49369.0,11.6,,
INC2011-066,2011-04-26,5.7,-4.9,16.3,3.942857142857143,-6.4,17.2,2.0233333333333334,-11.2,17.2,25.0,0.2,33.0,0.0,1400.0,45.1,1400.0,45.1,1400.0,45.1
INC2013-107,2013-07-08,16.3,8.6,23.9,17.442857142857143,8.9,31.2,15.113333333333332,5.2,31.2,0.0,12.0,88.29999999999998,,49369.0,68.7,49369.0,68.7,,
INC2022-036,2022-02-18,-6.5,-15.4,2.4,-3.642857142857143,-15.6,8.5,-5.006666666666666,-33.8,9.4,17.0,4.4,27.0,16.0,51422.0,17.9,51422.0,17.9,51422.0,17.9
INC2018-031,2018-04-23,5.5,-3.0,14.0,3.5142857142857147,-4.5,10.0,-3.973333333333334,-29.0,12.0,12.0,2.6,31.4,3.0,1400.0,39.9,1400.0,39.9,1400.0,39.9
INC2016-029,2016-03-31,8.8,-3.0,20.5,4.642857142857143,-5.5,18.0,-0.20333333333333325,-18.5,18.0,22.0,0.0,42.4,0.0,1400.0,40.1,1400.0,40.1,1400.0,40.1
INC2017-001,2017-01-01,-13.5,-18.5,-8.5,-5.885714285714286,-25.5,2.0,-11.393333333333334,-32.5,5.5,10.0,7.4,9.8,14.0,1400.0,39.9,1400.0,39.9,1400.0,39.9
INC2008-041,2008-04-15,4.8,-1.9,11.4,4.814285714285714,-5.8,20.5,1.013793103448276,-24.0,20.5,26.0,0.2,5.2,0.0,1400.0,41.9,1400.0,41.9,1400.0,41.9
INC2022-191,2022-10-26,0.2,-5.6,6.0,4.157142857142857,-5.8,18.1,10.096428571428572,-5.8,25.9,6.0,1.0,1.6,0.0,30669.0,38.3,30669.0,38.3,30669.0,38.3
INC2016-059,2016-06-16,11.5,4.0,19.0,11.442857142857141,2.5,20.0,11.233333333333333,-1.5,27.5,1.0,169.2,237.2,0.0,1400.0,33.2,1400.0,33.2,1400.0,33.2
INC2016-058,2016-06-16,11.5,4.0,19.0,11.442857142857141,2.5,20.0,11.233333333333333,-1.5,27.5,1.0,169.2,237.2,0.0,1400.0,33.2,1400.0,33.2,1400.0,33.2
INC2016-060,2016-06-16,11.5,4.0,19.0,11.442857142857141,2.5,20.0,11.233333333333333,-1.5,27.5,1.0,169.2,237.2,0.0,1400.0,33.2,1400.0,33.2,1400.0,33.2
INC2010-134,2010-11-19,-18.0,-26.6,-9.4,-3.8999999999999995,-16.9,10.0,-0.2833333333333332,-16.9,15.5,21.0,2.2,28.599999999999998,2.0,1400.0,43.5,1400.0,43.5,1400.0,43.5
INC2024-091,2024-11-30,-15.4,-16.4,-14.4,-12.814285714285715,-17.0,-9.5,-4.466666666666667,-17.0,7.5,13.0,8.0,62.4,45.0,48870.0,31.9,48870.0,31.9,51517.0,32.0
INC2023-089,2023-06-14,13.5,8.5,18.4,17.07142857142857,1.7,31.8,14.003333333333332,-1.9,32.0,4.0,5.2,28.299999999999997,0.0,48870.0,31.9,48870.0,31.9,1400.0,72.1
INC2015-103,2015-08-29,9.3,5.7,12.8,12.571428571428573,1.5,24.8,14.4,1.5,25.6,0.0,0.0,0.0,0.0,48870.0,31.9,48870.0,31.9,1400.0,72.1
INC2011-146,2011-09-10,15.3,7.4,23.2,16.2,3.2,28.9,13.793333333333333,2.6,28.9,0.0,0.4,21.7,,30669.0,35.5,30669.0,35.5,,
INC2016-083,2016-07-26,19.6,13.0,26.1,17.328571428571426,8.1,25.6,17.043333333333333,7.7,27.6,0.0,2.8,70.8,,53358.0,76.9,53358.0,76.9,,
INC2024-026,2024-04-16,0.4,-3.0,3.7,4.628571428571429,-3.6,13.3,1.6066666666666667,-12.9,20.6,22.0,0.0,2.0,1.0,30669.0,35.9,30669.0,35.9,30669.0,35.9
INC2017-005,2016-09-27,7.4,1.9,12.9,9.671428571428573,0.4,23.4,9.823333333333334,-1.9,23.4,1.0,0.0,41.9,,30669.0,35.9,30669.0,35.9,,
INC2024-007,2024-01-30,3.1,-1.6,7.8,-0.7714285714285717,-16.2,11.6,-14.286666666666665,-39.9,11.6,5.0,0.0,15.2,5.0,30669.0,38.9,30669.0,38.9,30669.0,38.9
INC2016-108,2016-09-05,11.3,6.4,16.2,10.285714285714286,0.3,17.4,14.911538461538463,0.3,29.0,0.0,47.2,87.7,0.0,51517.0,50.9,51517.0,50.9,1400.0,54.0
INC2016-109,2016-08-25,,,,,,,17.37777777777778,4.1,29.0,0.0,,37.900000000000006,0.0,51517.0,50.9,51517.0,50.9,1400.0,54.0
INC2024-066,2024-09-19,10.2,3.4,16.9,13.442857142857141,4.6,21.1,15.186666666666667,2.0,30.3,0.0,0.4,41.00000000000001,,30669.0,40.6,30669.0,40.6,,
INC2010-044,2010-04-20,12.5,0.6,24.3,9.728571428571428,-3.7,23.8,2.4275862068965512,-11.0,23.8,21.0,0.0,5.0,0.0,1400.0,23.9,1400.0,23.9,1400.0,23.9
INC2009-143,2009-12-16,-19.9,-27.0,-12.8,-19.033333333333335,-43.8,-7.2,-8.455172413793104,-43.8,6.0,14.0,3.5999999999999996,48.70000000000001,43.0,1400.0,23.9,1400.0,23.9,1400.0,23.9
INC2017-031,2017-02-28,-8.5,-15.5,-1.5,-7.257142857142857,-16.5,-1.5,-6.8833333333333355,-30.5,13.0,4.0,2.8,19.0,8.0,1400.0,23.9,1400.0,23.9,1400.0,23.9
INC2017-035,2017-03-04,-17.0,-18.5,-15.5,-9.571428571428571,-22.5,0.5,-7.743333333333335,-30.5,13.0,4.0,5.4,22.599999999999998,10.0,1400.0,23.9,1400.0,23.9,1400.0,23.9
INC2019-065,2019-05-27,17.8,8.0,27.5,12.942857142857141,2.0,25.0,8.583333333333334,-3.5,25.0,10.0,1.6,39.00000000000001,0.0,1400.0,23.9,1400.0,23.9,1400.0,23.9
INC2014-110,2014-08-24,12.0,0.8,23.1,13.842857142857142,-7.1,29.0,17.51,-7.1,33.7,2.0,8.2,12.399999999999999,0.0,1400.0,23.9,1400.0,23.9,1400.0,23.9
INC2014-127,2014-10-02,3.1,-4.1,10.2,9.471428571428572,3.8,21.8,10.996666666666666,-3.8,27.2,4.0,12.0,41.3,0.0,1400.0,23.9,1400.0,23.9,1400.0,23.9
INC2015-132,2015-11-17,,,,-0.6428571428571431,-14.6,6.4,1.5833333333333335,-14.6,15.8,22.0,1.2999999999999998,16.6,0.0,1400.0,23.9,1400.0,23.9,1400.0,23.9
INC2015-136,2015-11-23,-5.1,-6.8,-3.4,-3.5,-16.7,6.5,-0.15517241379310331,-16.7,12.5,21.0,1.0,14.399999999999999,0.0,1400.0,23.9,1400.0,23.9,1400.0,23.9
INC2014-130,2014-10-18,8.5,0.1,16.8,6.014285714285715,-1.8,16.0,9.473333333333334,-4.1,27.2,7.0,15.099999999999998,37.900000000000006,0.0,1400.0,23.9,1400.0,23.9,1400.0,23.9
INC2014-146,2014-11-27,-16.8,-18.4,-15.2,-7.714285714285715,-22.8,6.5,-6.409999999999999,-28.7,8.0,11.0,11.8,27.799999999999997,16.0,1400.0,23.9,1400.0,23.9,1400.0,23.9
INC2014-149,2014-12-03,0.0,-3.2,3.2,-16.757142857142856,-33.2,0.1,-9.616666666666665,-33.2,8.0,8.0,9.799999999999999,26.999999999999996,17.0,1400.0,23.9,1400.0,23.9,1400.0,23.9
INC2015-077,2015-07-09,20.6,11.3,29.8,17.414285714285715,5.0,30.8,15.756666666666668,4.6,30.8,0.0,0.2,88.89999999999999,0.0,1400.0,23.9,1400.0,23.9,1400.0,23.9
INC2015-078,2015-07-09,20.6,11.3,29.8,17.414285714285715,5.0,30.8,15.756666666666668,4.6,30.8,0.0,0.2,88.89999999999999,0.0,1400.0,23.9,1400.0,23.9,1400.0,23.9
INC2016-066,2016-06-16,11.5,4.0,19.0,11.442857142857141,2.5,20.0,11.233333333333333,-1.5,27.5,1.0,169.2,237.2,0.0,1400.0,23.9,1400.0,23.9,1400.0,23.9
INC2017-062,2017-05-07,9.5,5.5,13.5,8.585714285714285,-2.0,18.0,4.2,-8.0,18.0,16.0,5.8,44.4,0.0,1400.0,23.9,1400.0,23.9,1400.0,23.9
INC2017-063,2017-05-09,8.0,0.0,16.0,8.971428571428572,-3.0,18.0,4.483333333333333,-8.0,18.0,17.0,5.6,34.2,0.0,1400.0,23.9,1400.0,23.9,1400.0,23.9
INC2017-168,2017-10-20,3.3,-3.5,10.0,3.5571428571428574,-4.0,11.5,7.196666666666668,-7.0,26.0,10.0,16.799999999999997,37.400000000000006,0.0,1400.0,23.9,1400.0,23.9,1400.0,23.9
INC2018-039,2018-05-02,14.3,10.5,18.0,9.885714285714286,-1.0,24.5,1.5666666666666667,-23.5,24.5,14.0,0.4,15.799999999999999,0.0,1400.0,23.9,1400.0,23.9,1400.0,23.9
INC2015-082,2015-07-10,17.7,9.7,25.7,17.314285714285717,5.0,30.8,15.986666666666668,4.7,30.8,0.0,0.2,88.89999999999999,0.0,1400.0,23.9,1400.0,23.9,1400.0,23.9
INC2016-090,2016-08-10,19.8,14.0,25.5,17.785714285714285,9.5,27.0,17.110000000000003,3.0,28.0,0.0,33.599999999999994,60.0,0.0,1400.0,23.9,1400.0,23.9,1400.0,23.9
INC2017-010,2017-01-26,1.0,-4.0,6.0,-7.0857142857142845,-19.0,4.5,-8.123333333333335,-31.0,8.5,9.0,1.0,21.6,13.0,1400.0,23.9,1400.0,23.9,1400.0,23.9
INC2017-011,2017-01-28,3.5,-3.5,10.5,-5.5857142857142845,-19.0,7.0,-7.813333333333334,-31.0,8.5,9.0,0.0,21.6,11.0,1400.0,23.9,1400.0,23.9,1400.0,23.9
INC2017-016,2017-01-30,-2.8,-5.0,-0.5,-1.2142857142857142,-19.0,10.5,-7.16,-31.0,10.5,11.0,0.0,15.600000000000001,7.0,1400.0,23.9,1400.0,23.9,1400.0,23.9
INC2013-129,2013-09-03,17.5,6.9,28.0,14.642857142857142,6.0,26.4,15.956666666666667,3.1,28.2,0.0,12.9,34.5,0.0,1400.0,23.9,1400.0,23.9,1400.0,23.9
INC2014-004,2014-01-06,-7.5,-16.0,1.0,-13.928571428571429,-30.5,2.8,-10.743333333333334,-30.5,9.0,7.0,11.100000000000001,43.8,30.0,1400.0,23.9,1400.0,23.9,1400.0,23.9
INC2014-104,2014-08-04,20.6,9.5,31.7,19.17142857142857,6.7,31.9,18.080000000000002,3.9,35.4,0.0,0.0,27.8,0.0,1400.0,23.9,1400.0,23.9,1400.0,23.9
INC2014-120,2014-09-19,15.5,10.7,20.2,13.099999999999998,0.7,26.9,11.413333333333336,-7.1,26.9,5.0,0.8,25.5,0.0,1400.0,23.9,1400.0,23.9,1400.0,23.9
INC2013-039,2013-03-08,-2.8,-12.0,6.4,-2.3285714285714283,-13.1,7.4,-1.2166666666666666,-21.4,8.8,23.0,0.0,2.2,3.0,1400.0,23.9,1400.0,23.9,1400.0,23.9
INC2014-056,2014-04-10,7.0,1.8,12.2,4.457142857142857,-9.2,15.1,-1.9033333333333338,-26.6,15.1,12.0,0.0,7.6000000000000005,0.0,1400.0,23.9,1400.0,23.9,1400.0,23.9
INC2016-021,2016-02-08,4.4,-0.5,9.2,-2.4571428571428577,-18.6,7.0,-5.716666666666667,-28.8,9.3,17.0,0.0,21.399999999999995,9.0,1400.0,23.9,1400.0,23.9,1400.0,23.9
INC2012-120,2012-09-09,14.9,5.6,24.2,14.200000000000001,-1.3,27.8,14.736666666666666,-5.1,33.7,3.0,2.6,34.6,0.0,1400.0,23.9,1400.0,23.9,1400.0,23.9
INC2014-062,2014-04-28,2.8,0.0,5.5,3.028571428571429,-2.1,15.4,-1.2076923076923083,-24.3,18.1,13.0,19.5,40.5,,30724.0,87.7,30724.0,87.7,,
INC2008-113,2008-11-30,,,,-0.1285714285714285,-11.0,7.2,-2.5620689655172413,-23.9,9.4,21.0,0.0,34.8,8.0,1400.0,23.9,1400.0,23.9,1400.0,23.9
INC2009-047,2009-05-24,10.0,2.4,17.5,5.514285714285714,-8.8,20.6,6.6241379310344835,-8.8,21.2,15.0,6.8999999999999995,47.99999999999999,0.0,1400.0,23.9,1400.0,23.9,1400.0,23.9
INC2009-079,2009-08-10,16.3,11.5,21.0,15.514285714285714,4.5,28.5,17.7448275862069,4.5,30.1,0.0,14.6,124.79999999999998,0.0,1400.0,23.9,1400.0,23.9,1400.0,23.9
INC2008-111,2008-11-26,1.2,-1.3,3.7,-6.128571428571427,-23.9,5.4,-2.1034482758620685,-23.9,15.1,21.0,0.6,35.4,8.0,1400.0,23.9,1400.0,23.9,1400.0,23.9
INC2015-091,2015-08-16,13.8,4.9,22.7,15.785714285714286,3.0,25.7,16.033333333333335,3.0,29.5,0.0,0.4,22.4,0.0,1400.0,23.6,1400.0,23.6,1400.0,23.6
INC2015-113,2015-09-28,7.0,-3.2,17.2,5.114285714285714,-3.7,15.1,8.819999999999999,-3.7,25.5,10.0,11.200000000000001,63.99999999999999,0.0,1400.0,23.5,1400.0,23.5,1400.0,23.5
INC2017-007,2017-01-17,4.3,1.5,7.0,-6.857142857142857,-23.0,7.5,-8.323333333333332,-31.0,7.5,11.0,2.2,21.0,15.0,1400.0,23.5,1400.0,23.5,1400.0,23.5
INC2015-138,2015-11-26,-2.1,-7.9,3.8,-5.014285714285713,-20.8,6.5,-1.2172413793103445,-20.8,12.5,18.0,1.0,14.7,0.0,1400.0,23.6,1400.0,23.6,1400.0,23.6
INC2015-074,2015-07-01,21.4,14.3,28.5,18.514285714285712,6.8,30.2,15.09666666666667,4.1,30.2,0.0,3.4000000000000004,88.7,0.0,1400.0,23.7,1400.0,23.7,1400.0,23.7
INC2014-124,2014-10-02,3.1,-4.1,10.2,9.471428571428572,3.8,21.8,10.996666666666666,-3.8,27.2,4.0,12.0,41.3,0.0,1400.0,23.7,1400.0,23.7,1400.0,23.7
INC2018-183,2018-12-13,1.0,-1.5,3.5,-2.2142857142857144,-11.0,5.0,-1.923333333333333,-16.0,9.5,14.0,0.0,16.0,0.0,1400.0,23.5,1400.0,23.5,1400.0,23.5
INC2018-182,2018-12-12,1.0,-0.5,2.5,-3.5000000000000004,-12.5,5.0,-1.9066666666666663,-16.0,9.5,14.0,0.0,16.0,0.0,1400.0,23.5,1400.0,23.5,1400.0,23.5
INC2015-026,2015-03-09,6.8,3.8,9.7,0.47142857142857114,-20.0,12.1,-2.1899999999999995,-26.4,12.1,14.0,0.0,14.5,2.0,1400.0,23.5,1400.0,23.5,1400.0,23.5
INC2017-052,2017-04-08,3.5,1.0,6.0,4.9142857142857155,-5.5,15.0,-1.6400000000000006,-27.0,15.0,20.0,6.4,24.4,0.0,1400.0,23.6,1400.0,23.6,1400.0,23.6
INC2018-177,2018-11-28,1.8,-2.5,6.0,-2.0571428571428574,-9.0,5.5,-1.6466666666666663,-18.0,10.0,15.0,8.0,38.800000000000004,0.0,1400.0,23.5,1400.0,23.5,1400.0,23.5
INC2011-011,2011-01-31,,,,,,,,,,,,,0.0,,,,,2489.0,57.0
INC2018-056,2018-05-30,11.2,5.6,16.7,15.049999999999999,0.2,29.6,13.63448275862069,-2.8,29.6,1.0,1.7999999999999998,4.4,,51422.0,54.2,51422.0,54.2,,
INC2020-099,2018-06-29,14.0,10.2,17.8,16.857142857142858,9.8,26.8,14.506666666666664,1.5,31.9,0.0,12.599999999999998,75.2,,52258.0,70.0,52258.0,70.0,,
INC2016-061,2016-06-16,11.5,4.0,19.0,11.442857142857141,2.5,20.0,11.233333333333333,-1.5,27.5,1.0,169.2,237.2,0.0,1400.0,17.4,1400.0,17.4,1400.0,17.4
INC2018-082,2018-07-25,14.8,7.1,22.5,,,,16.015384615384615,6.5,28.3,0.0,25.400000000000002,76.39999999999999,,49369.0,68.7,50777.0,68.7,,
INC2021-018,2021-02-06,-23.3,-25.5,-21.0,-15.4,-25.0,-5.0,-8.366666666666667,-27.5,8.5,10.0,7.2,10.599999999999998,17.0,1400.0,36.5,1400.0,36.5,1400.0,36.5
INC2015-102,2015-08-30,12.1,5.9,18.3,13.028571428571427,2.3,25.9,14.950000000000001,1.6,25.9,0.0,3.4000000000000004,29.799999999999997,0.0,1400.0,36.5,1400.0,36.5,1400.0,36.5
INC2016-132,2016-11-17,-5.8,-6.5,-5.0,1.3000000000000003,-7.5,11.5,1.633333333333333,-8.0,12.5,20.0,6.2,48.59999999999999,4.0,1400.0,36.5,1400.0,36.5,1400.0,36.5
INC2018-002,2018-01-09,-20.8,-22.5,-19.0,-2.2142857142857144,-14.5,5.0,-8.120000000000001,-38.5,9.0,11.0,6.4,9.0,22.0,1400.0,36.5,1400.0,36.5,1400.0,36.5
INC2023-158,2023-09-10,14.8,1.5,28.0,11.614285714285714,0.0,24.0,16.59,0.0,32.0,0.0,0.4,12.9,0.0,1400.0,36.5,1400.0,36.5,1400.0,36.5
INC2017-042,2017-03-18,-3.0,-5.5,-0.5,-5.128571428571428,-22.0,10.5,-8.900000000000002,-32.0,10.5,6.0,6.0,26.200000000000003,7.0,1400.0,36.5,1400.0,36.5,1400.0,36.5
INC2012-057,2012-05-02,6.7,-2.0,15.3,6.671428571428571,-3.6,15.9,4.750000000000001,-6.8,15.9,21.0,15.3,42.7,0.0,1400.0,36.5,1400.0,36.5,1400.0,36.5
INC2010-024,2010-02-19,0.7,-7.2,8.5,-3.171428571428571,-16.0,9.0,-8.666666666666664,-24.0,9.0,10.0,0.4,9.600000000000001,39.0,1400.0,36.5,1400.0,36.5,1400.0,36.5
INC2020-042,2020-04-25,4.5,0.0,9.0,9.299999999999999,-4.0,20.0,-0.14666666666666675,-26.0,20.0,9.0,0.0,11.799999999999999,0.0,1400.0,6.4,1400.0,6.4,1400.0,6.4
INC2009-048,2009-05-25,,,,,,,,,,,,,,,,,,,
INC2020-033,2020-03-22,,,,,,,,,,,,,,,,,,,
INC2012-026,2012-02-09,-10.9,-17.9,-3.9,-3.1999999999999997,-20.9,8.8,-8.053333333333333,-35.2,8.8,15.0,0.0,11.2,1.0,1400.0,0.8,1400.0,0.8,1400.0,0.8
INC2012-007,2012-01-15,-21.1,-22.0,-20.1,-1.5,-16.0,8.1,-1.3599999999999999,-22.2,9.5,20.0,7.2,21.400000000000002,2.0,1400.0,1.3,1400.0,1.3,1400.0,1.3
INC2020-065,2020-06-24,16.0,8.0,24.0,16.257142857142856,6.5,26.0,13.380000000000003,0.0,26.0,0.0,0.2,94.4,0.0,1400.0,1.6,1400.0,1.6,1400.0,1.6
INC2011-172,2011-11-19,-17.2,-18.8,-15.6,-9.171428571428573,-23.0,3.1,-0.4933333333333335,-23.0,13.4,16.0,16.3,24.3,13.0,2655.0,18.4,2655.0,18.4,2655.0,18.4
INC2017-116,2017-08-14,14.8,7.5,22.0,18.771428571428572,8.0,30.5,16.3,4.0,30.5,0.0,0.8,15.599999999999998,0.0,1400.0,36.7,1400.0,36.7,1400.0,36.7
INC2018-079,2018-07-23,14.5,9.5,19.5,16.02857142857143,10.0,27.5,15.226666666666668,6.0,27.5,0.0,140.39999999999998,222.8,0.0,1400.0,37.1,1400.0,37.1,1400.0,37.1
INC2021-107,2021-07-15,,,,,,,,,,,,,,,,,,,
INC2012-041,2012-03-01,,,,-8.942857142857143,-20.5,0.3,-6.4766666666666675,-20.5,7.9,14.0,13.2,18.4,32.0,2655.0,71.2,2655.0,71.2,31207.0,55.9
INC2021-060,2021-05-01,8.2,2.9,13.4,2.442857142857143,-9.3,19.5,2.8392857142857144,-10.3,21.8,25.0,5.2,16.4,2.0,51422.0,68.0,51422.0,68.0,51422.0,68.0
INC2010-105,2010-09-28,,10.9,,8.928571428571429,-7.0,18.2,8.133333333333333,-7.0,25.5,11.0,,17.0,,48208.0,51.0,27041.0,47.1,,
INC2017-041,2017-03-17,-4.8,-10.0,0.5,-7.014285714285713,-22.0,10.5,-8.573333333333334,-32.0,11.5,6.0,5.6,28.8,8.0,1400.0,11.8,1400.0,11.8,1400.0,11.8
INC2015-041,2015-04-18,5.1,-1.3,11.5,5.442857142857143,-5.1,13.9,3.22,-11.6,18.0,21.0,12.6,60.4,,51422.0,67.5,51422.0,67.5,,
INC2017-189,2017-11-21,-19.8,-23.0,-16.5,-16.47142857142857,-24.2,-8.3,-7.317857142857141,-24.2,12.8,7.0,40.400000000000006,129.2,45.0,50837.0,51.9,50837.0,51.9,50837.0,51.9
INC2015-093,2015-08-16,13.9,4.6,23.1,15.814285714285717,1.8,25.6,16.272413793103446,1.8,28.7,0.0,2.8,33.900000000000006,0.0,48208.0,22.4,48208.0,22.4,1400.0,70.0
INC2014-007,2014-01-11,-12.7,-20.5,-4.9,-15.585714285714287,-30.7,0.9,-14.696666666666667,-30.7,5.1,8.0,7.0,82.0,0.0,50837.0,51.4,1443.0,43.1,1443.0,43.1
INC2018-008,2018-01-19,-4.9,-9.6,-0.2,-10.266666666666667,-35.8,3.4,-14.399999999999999,-36.6,3.8,8.0,1.6,17.6,14.0,50837.0,51.5,50837.0,51.5,50837.0,51.5
INC2015-063,2015-05-25,15.3,4.6,25.9,14.1,-0.8,27.6,9.44,-5.0,27.6,8.0,0.0,26.6,0.0,48208.0,22.3,48208.0,22.3,1398.0,64.3
INC2015-148,2015-12-20,-13.2,-21.5,-4.8,-12.5,-27.7,0.5,-7.417857142857144,-27.7,7.0,12.0,1.3,4.1,14.0,48208.0,22.2,48208.0,22.2,50837.0,51.4
INC2020-067,2020-06-25,16.7,11.7,21.6,16.457142857142856,6.1,25.9,13.656666666666665,1.9,25.9,0.0,1.0,50.5,,51422.0,68.9,51422.0,68.9,,
INC2017-178,2017-11-03,-15.3,-22.0,-8.5,2.3285714285714287,-10.5,15.0,4.1866666666666665,-10.5,20.5,13.0,11.2,75.4,2.0,1400.0,36.6,1400.0,36.6,1400.0,36.6
INC2022-232,2022-12-22,-35.0,-41.5,-28.5,-21.685714285714287,-41.0,2.0,-11.982758620689655,-41.0,6.5,7.0,2.4,14.4,16.0,1400.0,36.6,1400.0,36.6,1400.0,36.6
INC2017-155,2017-09-24,12.3,6.5,18.0,8.457142857142857,-1.0,19.0,12.160000000000002,-1.0,30.5,3.0,64.8,76.6,0.0,1400.0,36.6,1400.0,36.6,1400.0,36.6
INC2021-068,2021-05-10,8.3,-0.5,17.0,8.242857142857144,-4.2,20.9,4.573333333333333,-9.9,20.9,25.0,2.9000000000000004,12.100000000000001,0.0,48208.0,25.5,48208.0,25.5,30669.0,71.2
INC2016-143,2016-12-09,-28.8,-32.7,-24.8,-16.314285714285713,-27.6,1.1,-7.196666666666667,-27.6,11.3,6.0,3.1999999999999997,18.599999999999998,10.0,30669.0,68.5,30669.0,68.5,51422.0,74.4
INC2023-208,2023-12-27,-5.4,-9.6,-1.2,-0.5428571428571428,-12.4,9.7,-2.8033333333333332,-17.3,12.2,24.0,0.0,2.9000000000000004,1.0,48208.0,51.5,48208.0,51.5,30669.0,68.0
INC2011-090,2011-06-07,10.7,7.2,14.2,10.4,-0.8,24.1,11.083333333333334,-2.1,24.1,3.0,23.799999999999997,36.4,0.0,48208.0,43.8,1443.0,41.3,1443.0,41.3
INC2012-070,2012-06-05,14.1,11.3,16.8,11.985714285714286,0.5,20.6,10.036666666666665,-6.4,25.3,6.0,2.8,31.200000000000003,0.0,48208.0,43.9,1443.0,41.1,1443.0,41.1
INC2014-083,2014-06-10,12.5,7.8,17.2,9.799999999999999,0.5,19.4,11.379310344827582,-5.5,26.0,3.0,26.0,39.0,0.0,48208.0,43.9,1443.0,41.1,1443.0,41.1
INC2017-174,2017-10-25,,,,5.2333333333333325,-3.0,14.1,6.79642857142857,-10.3,25.3,11.0,36.6,60.699999999999996,38.0,48208.0,43.9,50837.0,48.0,50837.0,48.0
INC2015-049,2015-05-06,3.8,-2.6,10.1,5.700000000000001,-1.0,12.9,5.873333333333334,-7.3,20.9,13.0,25.6,52.8,0.0,48208.0,51.6,48208.0,51.6,51422.0,77.0
INC2012-048,2012-03-29,4.1,-2.5,10.6,-6.028571428571428,-18.0,6.7,-5.856666666666667,-21.5,8.7,16.0,3.5999999999999996,7.5,0.0,48208.0,51.6,48208.0,51.6,2718.0,76.7
INC2018-119,2018-09-14,-0.1,-5.6,5.4,,,,11.122222222222222,-4.0,28.0,2.0,,46.39999999999999,8.0,48208.0,48.7,48208.0,48.7,51422.0,78.4
INC2020-055,2020-06-06,11.2,6.9,15.4,12.442857142857145,0.4,21.4,10.21,-6.5,23.1,5.0,4.5,35.800000000000004,,48208.0,28.3,48208.0,28.3,,
INC2010-124,2010-11-03,3.4,-3.4,10.1,4.185714285714285,-4.6,10.6,5.816666666666666,-4.6,23.0,14.0,0.0,9.299999999999999,,48208.0,29.4,48208.0,29.4,,
INC2025-021,2025-03-25,,,,1.2142857142857142,-21.4,9.1,-1.1966666666666668,-21.4,10.4,18.0,0.0,10.1,0.0,48208.0,28.2,50837.0,76.5,30669.0,73.1
INC2023-161,2023-09-16,15.3,8.1,22.5,14.271428571428572,-0.1,28.1,14.748275862068967,-0.1,31.4,1.0,0.0,37.5,0.0,48208.0,37.2,48208.0,37.2,1400.0,57.5
INC2011-138,2011-09-01,,,,,,,,,,,,,,,,,,,
INC2016-048,2016-05-17,13.5,6.0,21.0,9.142857142857142,-4.0,24.0,9.746666666666668,-4.0,28.0,11.0,4.2,20.599999999999998,0.0,1400.0,30.5,1400.0,30.5,1400.0,30.5
INC2025-098,2025-12-04,-3.8,-12.7,5.2,-8.957142857142857,-24.4,5.9,-3.2586206896551726,-24.4,11.2,17.0,1.2999999999999998,10.5,0.0,48208.0,32.1,48208.0,32.1,30669.0,75.4
INC2026-040,2026-05-25,11.6,3.8,19.4,11.8,0.8,22.9,9.326666666666664,-9.5,22.9,6.0,0.0,17.0,,55098.0,44.5,55098.0,44.5,,
INC2021-014,2021-02-01,-15.4,-20.0,-10.8,-19.77142857142857,-29.1,-10.8,-7.050000000000001,-29.1,8.9,18.0,3.0,3.0,10.0,48208.0,25.8,48208.0,25.8,50837.0,69.0
INC2018-112,2018-09-06,9.9,2.0,17.8,8.657142857142857,-2.7,18.3,13.855172413793104,-2.7,28.5,1.0,6.4,10.0,,48208.0,25.8,48208.0,25.8,,
INC2017-034,2017-03-03,-5.4,-11.6,0.8,-18.485714285714288,-30.8,-6.8,-11.644827586206896,-35.9,13.1,6.0,1.4,6.5,15.0,27216.0,90.3,27216.0,90.3,27216.0,90.3
INC2018-160,2018-11-04,-6.3,-8.4,-4.1,-0.142857142857143,-8.3,11.8,3.1,-8.3,20.7,20.0,9.200000000000001,30.700000000000003,16.0,48208.0,25.8,48208.0,25.8,50837.0,68.8
INC2018-004,2018-01-11,-35.6,-39.5,-31.7,-6.3999999999999995,-25.1,5.0,-7.96,-37.7,8.0,10.0,13.799999999999999,16.999999999999996,13.0,48208.0,28.1,50837.0,42.1,50837.0,42.1
INC2020-117,2020-10-29,0.1,-4.4,4.6,-2.285714285714286,-11.5,11.3,1.9533333333333336,-16.0,25.0,15.0,0.0,0.0,1.0,48208.0,16.1,48208.0,16.1,50837.0,51.3
INC2010-012,2010-01-30,,,,,,,,,,,,,,,,,,,
INC2017-095,2017-07-09,17.6,11.8,23.3,16.45714285714286,6.8,27.3,14.543333333333331,4.9,27.6,0.0,12.0,66.5,,50837.0,70.4,50837.0,70.4,,
INC2017-019,2017-02-07,-24.6,-31.8,-17.3,-16.542857142857144,-33.0,-6.0,-7.9399999999999995,-33.0,8.5,8.0,4.0,12.600000000000001,9.0,30669.0,77.8,30669.0,77.8,50837.0,86.2
INC2014-097,2014-07-18,11.8,5.9,17.7,19.8,7.6,33.3,17.27241379310345,2.4,33.3,0.0,8.6,25.6,0.0,48208.0,22.2,48208.0,22.2,1443.0,41.6
INC2018-094,2018-08-20,14.5,4.5,24.4,16.885714285714286,5.2,27.6,17.706666666666663,5.2,30.0,0.0,0.8,94.5,,49490.0,85.3,49490.0,85.3,,
INC2017-036,2017-03-06,-19.0,-22.4,-15.5,-15.342857142857143,-25.1,-3.5,-9.330000000000002,-27.6,10.6,3.0,8.1,32.5,13.0,50837.0,47.3,50837.0,47.3,50837.0,47.3
INC2022-180,2022-10-04,8.2,0.2,16.2,13.385714285714286,0.2,26.1,12.646666666666667,-2.3,27.6,3.0,0.6,52.4,0.0,48208.0,23.4,48208.0,23.4,1400.0,92.8
INC2017-145,2017-09-15,10.4,1.4,19.3,11.757142857142858,1.8,22.2,14.556666666666667,1.8,29.1,0.0,5.2,18.4,0.0,50837.0,31.9,50837.0,31.9,1400.0,66.7
INC2026-064,2026-07-24,18.0,11.5,24.5,19.585714285714285,10.0,30.5,16.466666666666665,3.5,30.5,0.0,13.399999999999999,91.8,0.0,1400.0,41.7,1400.0,41.7,1400.0,41.7
INC2017-047,2017-03-29,2.3,-3.2,7.7,-0.2714285714285714,-7.2,7.9,-9.866666666666667,-26.0,7.9,10.0,16.0,38.0,10.0,50837.0,77.1,50837.0,77.1,50837.0,77.1
INC2015-140,2015-12-03,-1.0,-5.2,3.2,-6.133333333333334,-20.2,5.7,-4.586206896551723,-23.0,8.7,18.0,0.0,6.1,,49490.0,89.9,49490.0,89.9,,
INC2015-142,2015-12-02,-2.4,-10.5,5.7,-8.216666666666667,-20.2,5.4,-4.506896551724138,-23.0,8.7,18.0,0.0,6.1,,49490.0,88.2,49490.0,88.2,,
INC2025-016,2025-03-12,-17.8,-22.7,-12.8,-9.2,-23.1,4.8,-12.353333333333332,-39.8,7.0,11.0,1.0,5.2,38.0,49490.0,87.5,49490.0,87.5,27216.0,87.8
INC2025-006,2025-01-28,1.4,-2.7,5.4,-4.885714285714285,-15.4,6.3,-12.336666666666668,-35.2,6.3,8.0,1.4,8.8,28.0,49490.0,87.5,49490.0,87.5,27216.0,87.8
INC2021-058,2021-02-22,2.8,0.6,5.0,-8.566666666666666,-29.3,7.3,-19.265384615384615,-42.2,7.3,2.0,0.4,10.799999999999999,6.0,48208.0,30.8,48208.0,30.8,50837.0,35.1
INC2021-028,2021-02-20,-0.9,-2.3,0.6,-16.32857142857143,-27.7,2.2,-19.103571428571424,-36.3,2.2,1.0,5.7,27.599999999999998,25.0,50837.0,35.6,50837.0,35.6,50837.0,35.6
INC2015-141,2015-12-02,-2.4,-10.5,5.7,-8.216666666666667,-20.2,5.4,-4.506896551724138,-23.0,8.7,18.0,0.0,6.1,,49490.0,91.7,49490.0,91.7,,
INC2022-192,2022-10-27,6.5,3.9,9.1,0.9428571428571425,-8.6,12.5,9.582758620689656,-8.6,24.8,5.0,8.6,9.8,6.0,50837.0,27.7,50837.0,27.7,50837.0,27.7
INC2019-037,2019-03-25,4.2,-0.1,8.4,5.328571428571428,-1.8,13.8,-6.5233333333333325,-30.2,13.8,12.0,0.0,0.4,1.0,50837.0,34.3,50837.0,34.3,50837.0,34.3
INC2009-126,2009-11-04,-5.6,-11.8,0.7,-1.9428571428571428,-10.2,5.0,-0.14333333333333328,-10.2,12.8,17.0,24.799999999999997,45.49999999999999,6.0,2770.0,38.6,2770.0,38.6,2770.0,38.6
INC2013-075,2013-05-11,13.4,3.2,23.5,11.200000000000001,-0.3,25.8,4.12,-10.7,25.8,20.0,0.0,13.9,0.0,2770.0,38.6,2770.0,38.6,2655.0,69.3
INC2015-152,2015-12-30,,,,,,,,,,,,,,,,,,,
INC2018-070,2018-06-28,15.7,9.9,21.5,16.585714285714285,7.7,26.9,14.257692307692308,0.8,31.9,0.0,53.8,94.1,,48208.0,45.7,50837.0,66.3,,
INC2018-006,2018-01-14,,,,,,,,,,,,,,,,,,,
INC2016-019,2016-02-03,-12.3,-15.2,-9.3,-2.614285714285714,-13.5,7.4,-10.440000000000001,-23.4,7.4,8.0,0.2,15.200000000000001,11.0,50837.0,27.2,50837.0,27.2,50837.0,27.2
INC2021-036,2021-03-01,-12.1,-16.4,-7.7,-11.071428571428571,-27.7,3.9,-17.373333333333335,-40.2,8.4,6.0,8.3,14.5,23.0,10183.0,93.1,10183.0,93.1,10183.0,93.1
INC2026-018,2026-02-13,0.4,-3.1,3.9,-2.1714285714285717,-14.7,5.5,-5.19,-23.5,9.2,12.0,0.0,6.8,4.0,50837.0,15.5,50837.0,15.5,50837.0,15.5
INC2026-014,2026-02-05,4.0,1.5,6.5,1.4714285714285715,-6.0,12.0,-1.853333333333333,-22.5,12.0,16.0,4.2,5.2,8.0,1400.0,53.3,1400.0,53.3,1400.0,53.3
INC2018-034,2018-04-25,9.2,1.1,17.3,5.542857142857143,-6.7,13.8,-4.14,-23.1,13.8,7.0,2.0,36.1,2.0,50837.0,12.8,50837.0,12.8,50837.0,12.8
INC2016-020,2016-02-04,-6.5,-13.5,0.6,-4.628571428571429,-15.2,7.4,-10.333333333333336,-23.4,7.4,8.0,0.2,15.200000000000001,9.0,50837.0,11.8,50837.0,11.8,50837.0,11.8
INC2021-010,2021-01-29,-21.4,-25.8,-17.0,-15.666666666666666,-25.0,-6.4,-5.707142857142856,-25.0,5.9,13.0,7.299999999999999,18.5,8.0,50837.0,11.8,50837.0,11.8,50837.0,11.8
INC2026-013,2026-02-05,1.3,-6.2,8.8,-3.3857142857142857,-13.8,8.2,-5.59,-26.2,9.2,7.0,5.6,8.8,7.0,50837.0,11.8,50837.0,11.8,50837.0,11.8
INC2016-110,2016-08-28,7.2,2.0,12.4,15.1,5.5,25.5,16.95172413793103,5.5,27.2,0.0,54.1,93.19999999999999,0.0,50837.0,11.6,50837.0,11.6,1400.0,78.3
INC2008-009,2008-01-27,-28.9,-31.7,-26.1,-9.685714285714285,-26.3,-1.9,-11.683333333333335,-26.3,2.4,5.0,3.0,19.0,0.0,1413.0,17.5,1443.0,11.2,1443.0,11.2
INC2015-075,2015-07-03,17.6,11.4,23.7,20.842857142857145,11.1,30.5,15.723333333333334,3.0,30.5,0.0,0.0,37.3,0.0,50837.0,11.7,50837.0,11.7,1398.0,28.0
INC2017-027,2017-02-21,-6.5,-7.7,-5.2,-0.21428571428571427,-9.4,10.6,-7.116666666666666,-27.6,10.6,6.0,16.0,24.8,7.0,50837.0,11.7,50837.0,11.7,50837.0,11.7
INC2017-050,2017-04-04,2.8,-3.3,8.8,4.114285714285714,-3.2,11.5,-6.09,-26.0,11.5,13.0,0.0,29.9,0.0,50837.0,11.7,50837.0,11.7,50837.0,11.7
INC2016-050,2016-05-17,15.5,9.3,21.6,10.142857142857142,-0.9,23.8,10.303333333333335,-1.8,28.5,7.0,0.0,13.3,0.0,50837.0,23.4,50837.0,23.4,1400.0,91.6
INC2013-007,2013-01-21,-15.3,-18.0,-12.5,-5.8,-21.6,6.5,-11.89259259259259,-33.7,6.5,6.0,9.0,18.0,0.0,50837.0,11.5,1443.0,3.1,1443.0,3.1
INC2015-018,2015-02-13,-5.0,-9.2,-0.8,-17.842857142857145,-29.2,4.7,-8.910000000000002,-29.2,7.2,8.0,18.999999999999996,42.0,28.0,50837.0,11.5,50837.0,11.5,50837.0,11.5
INC2015-064,2015-05-26,16.6,10.2,22.9,16.428571428571427,5.8,26.5,10.533333333333333,-3.3,26.5,5.0,0.0,26.0,0.0,50837.0,11.4,50837.0,11.4,1398.0,27.7
INC2015-087,2015-07-23,16.5,10.7,22.3,16.514285714285716,7.2,29.0,18.21333333333333,5.5,30.5,0.0,22.2,25.2,0.0,50837.0,11.5,50837.0,11.5,1400.0,78.6
INC2017-198,2017-12-12,4.3,2.8,5.8,3.2428571428571433,-2.3,6.6,-7.27,-24.2,6.6,9.0,1.2,75.7,18.0,50837.0,11.3,50837.0,11.3,50837.0,11.3
INC2018-125,2018-09-20,2.2,-0.5,4.9,2.2,-5.8,12.4,7.966666666666666,-5.8,27.2,8.0,3.8,77.89999999999999,0.0,50837.0,11.3,50837.0,11.3,1400.0,78.3
INC2015-051,2015-05-09,13.2,4.6,21.8,4.8,-3.3,17.7,6.12,-4.4,19.8,10.0,22.2,72.10000000000001,5.0,50837.0,11.3,50837.0,11.3,50837.0,11.3
INC2015-150,2015-12-22,-16.6,-18.2,-15.0,-14.228571428571426,-24.0,-2.0,-7.71,-24.0,6.1,9.0,6.2,16.8,14.0,50837.0,11.2,50837.0,11.2,50837.0,11.2
INC2016-018,2016-02-03,-12.3,-15.2,-9.3,-2.614285714285714,-13.5,7.4,-10.440000000000001,-23.4,7.4,8.0,0.2,15.200000000000001,11.0,50837.0,11.3,50837.0,11.3,50837.0,11.3
INC2009-106,2009-09-22,17.3,11.0,23.5,12.714285714285714,6.2,20.4,14.406666666666666,3.4,27.8,0.0,6.4,70.4,0.0,1413.0,11.3,1443.0,2.9,1443.0,2.9
INC2015-042,2015-04-13,3.5,-4.4,11.4,5.814285714285714,-3.9,16.8,2.0033333333333334,-10.0,16.8,21.0,0.0,23.9,11.0,50837.0,11.3,50837.0,11.3,1398.0,27.6
INC2010-156,2010-12-12,-17.4,-19.4,-15.4,-15.185714285714283,-22.3,-1.4,-11.860000000000001,-29.0,9.3,3.0,17.8,32.7,21.0,1413.0,11.3,1413.0,11.3,1413.0,11.3
INC2017-101,2017-07-13,13.8,9.7,17.9,16.400000000000002,7.1,27.3,14.87586206896552,4.9,27.6,0.0,16.2,63.5,0.0,50837.0,11.3,50837.0,11.3,1400.0,78.5
INC2017-105,2017-07-21,16.9,9.1,24.6,14.585714285714287,8.0,24.6,15.475862068965517,5.2,27.6,0.0,29.200000000000003,85.7,0.0,50837.0,11.3,50837.0,11.3,1400.0,78.5
INC2017-173,2017-10-24,6.2,-0.4,12.8,3.1000000000000005,-3.2,10.8,6.293333333333334,-8.3,23.8,15.0,7.3999999999999995,28.700000000000003,23.0,50837.0,11.3,50837.0,11.3,50837.0,11.3
INC2017-176,2017-11-02,-12.6,-15.5,-9.6,2.1857142857142855,-9.6,12.0,3.5733333333333333,-9.6,20.0,19.0,6.4,81.80000000000001,1.0,50837.0,11.3,50837.0,11.3,50837.0,11.3
INC2015-044,2015-03-20,-3.3,-5.0,-1.5,0.7285714285714285,-9.2,13.3,-1.9266666666666667,-18.7,13.3,18.0,11.5,17.8,5.0,50837.0,11.3,50837.0,11.3,50837.0,11.3
INC2016-137,2016-11-22,-12.4,-18.5,-6.2,-7.757142857142857,-15.9,4.2,-1.013793103448276,-15.9,10.9,13.0,18.4,41.2,15.0,50837.0,11.3,50837.0,11.3,50837.0,11.3
INC2017-057,2017-05-01,5.5,-0.3,11.3,4.485714285714286,-4.5,13.4,2.506896551724138,-8.8,13.8,20.0,0.0,70.4,0.0,50837.0,11.3,50837.0,11.3,50837.0,11.3
INC2017-058,2017-05-04,12.5,6.7,18.3,7.442857142857143,-2.4,18.2,2.8413793103448275,-8.8,18.2,20.0,0.0,70.4,0.0,50837.0,11.3,50837.0,11.3,1398.0,27.6
INC2017-192,2017-11-27,-13.7,-18.5,-8.8,-11.671428571428573,-24.2,4.2,-10.200000000000001,-24.2,10.5,6.0,22.4,87.30000000000001,45.0,50837.0,11.3,50837.0,11.3,50837.0,11.3
INC2015-071,2015-06-15,10.7,3.0,18.4,13.142857142857142,7.2,23.2,13.486666666666666,-1.8,26.5,1.0,23.8,40.2,0.0,50837.0,11.3,50837.0,11.3,1398.0,27.6
INC2017-077,2017-06-06,16.8,9.4,24.1,15.257142857142858,4.0,27.4,12.509999999999998,0.0,27.4,0.0,0.0,70.3,0.0,50837.0,11.3,50837.0,11.3,1400.0,78.5
INC2017-147,2017-09-18,9.0,6.0,11.9,10.214285714285714,1.1,19.5,13.99,1.1,29.1,0.0,4.800000000000001,18.799999999999997,0.0,50837.0,11.3,50837.0,11.3,1400.0,78.5
INC2019-001,2019-01-01,1.4,-1.9,4.7,-15.7,-22.6,-0.5,-8.636666666666665,-22.6,4.4,7.0,21.0,54.9,38.0,50837.0,11.3,50837.0,11.3,50837.0,11.3
INC2013-125,2013-08-19,13.4,8.7,18.1,16.866666666666664,10.1,24.2,16.421428571428574,7.0,25.1,0.0,6.0,84.4,0.0,50837.0,11.3,1443.0,2.9,1443.0,2.9
INC2014-111,2014-09-02,10.3,6.9,13.6,14.514285714285714,3.7,25.0,16.636666666666667,3.2,30.3,0.0,5.6,16.4,0.0,50837.0,11.3,1443.0,2.9,1443.0,2.9
INC2014-071,2014-05-12,12.2,5.4,19.0,5.971428571428571,-6.8,17.7,4.489999999999999,-10.4,19.1,17.0,0.0,34.8,0.0,50837.0,11.3,1443.0,2.9,1443.0,2.9
INC2008-087,2008-09-05,11.3,6.3,16.2,10.185714285714285,0.7,17.5,15.636666666666665,0.7,32.6,0.0,17.0,33.4,0.0,1413.0,11.3,1443.0,2.9,1443.0,2.9
INC2012-089,2012-06-29,15.8,10.6,21.0,16.071428571428573,9.4,24.9,13.976666666666665,4.8,24.9,0.0,5.2,75.99999999999999,0.0,1413.0,11.3,1443.0,2.9,1443.0,2.9
INC2014-139,2014-11-15,-11.9,-20.5,-3.2,-16.52857142857143,-23.9,-7.0,-2.783333333333333,-23.9,16.0,13.0,0.0,61.2,17.0,50837.0,11.3,1443.0,2.9,50837.0,11.3
INC2011-092,2011-06-08,12.5,3.6,21.3,10.642857142857142,-1.0,22.1,11.993333333333332,-1.0,27.4,2.0,28.999999999999996,41.6,0.0,1413.0,11.3,1443.0,2.9,1443.0,2.9
INC2010-003,2010-01-08,-5.9,-13.7,2.0,-22.842857142857145,-32.3,-6.7,-18.643333333333334,-36.6,2.8,2.0,4.0,16.0,0.0,1413.0,11.3,1443.0,2.9,1443.0,2.9
INC2011-007,2011-01-20,-6.6,-16.6,3.5,-21.871428571428574,-32.4,-4.1,-16.29,-32.4,3.5,3.0,28.8,46.699999999999996,53.0,1413.0,11.3,1413.0,11.3,1413.0,11.3
INC2011-013,2011-02-01,-12.6,-25.8,0.7,-9.528571428571428,-27.1,6.5,-11.926666666666668,-32.4,6.5,8.0,17.4,58.9,50.0,1413.0,11.3,1413.0,11.3,1413.0,11.3
INC2008-109,2008-11-17,-9.0,-12.2,-5.7,-4.1428571428571415,-12.6,4.5,0.4833333333333334,-12.6,15.7,15.0,8.0,29.0,0.0,1413.0,11.3,1443.0,2.9,1443.0,2.9
INC2009-036,2009-04-09,2.8,0.3,5.2,-0.09999999999999995,-10.8,8.7,-6.283333333333333,-30.2,8.7,15.0,2.0,39.0,0.0,1413.0,11.3,1443.0,2.9,1443.0,2.9
INC2010-165,2010-12-29,-22.5,-23.8,-21.1,-19.014285714285716,-27.1,-9.2,-16.740000000000002,-27.1,-1.4,0.0,7.800000000000001,40.599999999999994,30.0,1413.0,11.3,1413.0,11.3,1413.0,11.3
INC2010-022,2010-02-16,-7.6,-11.1,-4.1,-7.885714285714286,-19.8,3.6,-11.786666666666667,-23.2,3.6,1.0,0.0,10.0,49.0,1413.0,11.4,1443.0,3.0,1413.0,11.4
INC2015-027,2015-03-09,2.4,-2.4,7.1,-2.2857142857142856,-18.7,8.2,-5.846666666666667,-29.2,9.7,12.0,0.0,16.799999999999997,6.0,50837.0,10.9,50837.0,10.9,50837.0,10.9
INC2017-117,2017-08-15,13.9,7.2,20.5,,,30.3,16.64814814814815,7.0,30.3,0.0,0.4,18.8,0.0,50837.0,9.4,50837.0,9.4,1400.0,80.7
INC2016-002,2015-12-31,-7.4,-14.3,-0.5,-18.028571428571432,-25.8,-10.2,-11.87,-25.8,5.7,3.0,4.8,22.0,18.0,50837.0,10.9,50837.0,10.9,50837.0,10.9
INC2017-049,2017-04-03,,,,,,,,,,,,,,,,,,,
INC2012-022,2012-01-28,-21.7,-24.9,-18.5,-11.785714285714286,-31.9,1.3,-13.05,-36.0,6.7,4.0,0.8,13.299999999999999,18.0,27216.0,55.7,27216.0,55.7,27216.0,55.7
INC2021-110,2021-07-24,16.1,9.4,22.7,13.385714285714286,7.8,20.8,18.917241379310347,6.5,38.1,0.0,25.7,41.7,0.0,50837.0,11.5,50837.0,11.5,50837.0,11.5
INC2012-018,2012-01-24,-10.5,-16.9,-4.1,-21.314285714285713,-35.9,-5.1,-12.846666666666666,-36.0,6.7,4.0,0.5,18.599999999999998,19.0,27216.0,54.6,27216.0,54.6,27216.0,54.6
INC2022-086,2022-05-26,11.7,6.5,16.9,9.171428571428573,-1.6,19.0,7.56,-1.7,20.9,6.0,1.4,19.3,,49490.0,58.6,49490.0,58.6,,
INC2025-074,2025-09-23,15.1,10.1,20.1,15.328571428571427,4.5,27.8,16.413793103448278,-1.7,33.7,1.0,2.6,4.3,,49490.0,58.5,49490.0,58.5,,
INC2017-137,2017-09-11,13.5,7.5,19.5,15.599999999999998,2.0,30.5,14.723333333333334,2.0,30.5,0.0,4.8,22.0,0.0,1400.0,65.3,1400.0,65.3,1400.0,65.3
INC2022-149,2022-08-26,21.0,13.9,28.0,20.985714285714288,12.0,30.7,19.06,9.0,30.7,0.0,0.0,44.4,,50837.0,58.0,50837.0,58.0,,
INC2011-094,2011-06-16,15.0,10.5,19.5,13.628571428571428,4.8,21.1,12.386666666666667,-1.0,22.1,2.0,12.0,44.400000000000006,0.0,1413.0,2.1,1413.0,2.1,1413.0,2.1
INC2012-020,2012-01-25,-4.9,-11.1,1.3,-18.357142857142858,-31.9,-4.1,-13.183333333333334,-36.0,6.7,3.0,0.5,17.3,19.0,27216.0,48.0,27216.0,48.0,27216.0,48.0
INC2012-082,2012-06-29,,,,14.77142857142857,6.0,25.5,12.655172413793103,0.0,25.5,0.0,5.8,101.2,0.0,1398.0,3.6,1398.0,3.6,1398.0,3.6
INC2008-040,2008-04-24,-6.5,-10.0,-2.9,-5.285714285714286,-14.2,7.6,-0.7400000000000001,-14.2,13.4,16.0,3.6,5.6,9.0,1413.0,14.5,1413.0,14.5,1398.0,4.2
INC2017-028,2017-02-19,-5.1,-8.2,-2.1,2.6999999999999997,-4.2,10.6,-7.450000000000001,-27.6,10.6,7.0,9.0,25.200000000000003,5.0,50837.0,32.5,50837.0,32.5,50837.0,32.5
INC2024-031,2024-05-22,10.7,5.5,15.8,8.77142857142857,0.0,19.5,9.246666666666666,-1.5,24.3,3.0,1.7,19.8,,50837.0,52.1,50837.0,52.1,,
INC2015-095,2015-08-19,18.3,12.4,24.1,15.22857142857143,4.3,24.2,16.283333333333335,4.3,25.5,0.0,0.0,43.0,,50837.0,52.3,50837.0,52.3,,
INC2017-039,2017-03-13,-2.4,-12.4,7.6,-18.728571428571428,-26.0,-11.0,-9.530000000000001,-26.0,10.6,3.0,8.9,40.0,18.0,50837.0,52.3,50837.0,52.3,50837.0,52.3
INC2010-001,2010-01-04,-25.8,-28.9,-22.6,-21.52857142857143,-30.4,-13.9,-17.459999999999997,-36.6,2.8,2.0,7.0,22.0,0.0,1413.0,51.8,1443.0,51.7,1443.0,51.7
INC2009-102,2009-09-17,12.9,8.5,17.3,14.871428571428572,7.6,24.5,15.146666666666667,3.4,27.8,0.0,,61.5,0.0,1413.0,52.0,27041.0,37.6,1443.0,51.9
INC2018-145,2018-10-14,6.9,2.1,11.7,-0.11428571428571413,-5.9,8.9,1.9566666666666668,-8.2,16.4,23.0,15.3,19.9,1.0,50837.0,52.5,50837.0,52.5,50837.0,52.5
INC2019-008,2019-01-15,-8.8,-11.6,-6.0,-10.057142857142859,-26.7,4.0,-10.670000000000003,-26.7,6.8,7.0,8.3,62.300000000000004,23.0,50837.0,52.5,50837.0,52.5,50837.0,52.5
INC2025-104,2025-12-17,-23.3,-25.1,-21.5,-24.142857142857142,-30.6,-18.9,-13.396666666666665,-30.6,6.4,8.0,33.7,70.5,41.0,50837.0,52.5,50837.0,52.5,50837.0,52.5
INC2026-079,2026-08-11,15.7,11.2,20.2,16.314285714285713,8.9,25.4,17.17,8.4,31.0,0.0,7.0,53.9,0.0,55198.0,20.4,55198.0,20.4,1400.0,85.3
INC2017-044,2017-03-20,-11.1,-18.1,-4.0,-5.3,-17.2,7.6,-11.366666666666667,-26.0,7.6,3.0,5.0,37.2,15.0,50837.0,52.9,50837.0,52.9,50837.0,52.9
INC2026-015,2026-02-05,1.1,-6.3,8.4,-3.3714285714285714,-14.2,8.2,-5.746666666666666,-29.3,9.1,7.0,5.3,7.9,40.0,55198.0,23.3,55198.0,23.3,55198.0,23.3
INC2015-133,2015-11-20,-10.3,-22.0,1.5,-7.814285714285715,-20.5,4.0,-2.182142857142857,-20.5,14.0,14.0,2.0,12.0,9.0,1398.0,24.0,1398.0,24.0,1398.0,24.0
INC2017-040,2017-03-16,-5.9,-10.7,-1.0,-9.928571428571429,-23.4,7.6,-9.663333333333334,-26.0,10.6,5.0,5.8,40.0,15.0,50837.0,54.8,50837.0,54.8,50837.0,54.8
INC2025-100,2025-12-10,-26.1,-26.6,-25.5,-16.142857142857142,-25.9,3.4,-7.819999999999999,-25.9,8.5,11.0,12.700000000000001,31.0,24.0,55198.0,27.1,55198.0,27.1,55198.0,27.1
INC2021-003,2021-01-13,-2.7,-5.9,0.6,-4.3428571428571425,-17.9,4.1,-12.370000000000001,-32.5,4.5,7.0,3.6,26.299999999999997,20.0,49490.0,24.8,49490.0,24.8,27216.0,24.9
INC2021-064,2021-05-07,,,,,,,,,,,,,,,,,,,
INC2012-080,2012-06-27,,,,,,,,,,,,,,,,,,,
INC2023-005,2023-01-17,,,,,,,,,,,,,,,,,,,
INC2017-187,2017-11-21,-19.8,-23.0,-16.5,-16.47142857142857,-24.2,-8.3,-7.317857142857141,-24.2,12.8,7.0,40.400000000000006,129.2,45.0,50837.0,25.5,50837.0,25.5,50837.0,25.5
INC2016-124,2016-10-19,-2.0,-10.0,6.0,-3.6714285714285717,-9.0,2.0,1.8482758620689663,-12.5,21.5,16.0,22.0,50.0,15.0,1398.0,70.0,1398.0,70.0,1398.0,70.0
INC2012-078,2012-06-23,16.0,9.0,23.0,13.35,4.0,25.5,12.185714285714285,-2.0,25.5,1.0,15.399999999999999,126.80000000000001,0.0,1398.0,70.0,1398.0,70.0,1398.0,70.0
INC2008-055,2008-05-31,12.6,8.2,16.9,12.27142857142857,3.3,22.7,10.603333333333333,-1.3,25.1,1.0,18.6,32.2,0.0,1413.0,34.6,1413.0,34.6,1413.0,34.6
INC2022-135,2022-08-12,18.7,11.3,26.0,17.757142857142856,9.0,29.2,18.02857142857143,9.0,30.6,0.0,0.0,34.8,,50837.0,81.0,50837.0,81.0,,
INC2016-013,2016-01-21,-14.3,-18.8,-9.7,-18.87142857142857,-34.1,-9.8,-15.575862068965517,-34.1,0.6,1.0,3.9,10.3,15.0,10183.0,71.7,10183.0,71.7,10183.0,71.7
INC2018-165,2018-11-20,-5.5,-8.4,-2.6,-7.871428571428572,-24.1,7.2,-4.49,-24.1,16.5,14.0,7.9,48.5,12.0,10183.0,71.7,10183.0,71.7,10183.0,71.7
INC2020-123,2020-11-06,-13.1,-17.7,-8.4,-0.3571428571428574,-10.3,12.4,-1.675862068965517,-14.4,13.0,11.0,9.9,52.2,,10183.0,71.7,10183.0,71.7,,
INC2020-127,2020-11-04,-5.4,-7.7,-3.0,0.8857142857142859,-10.3,12.4,-0.6206896551724136,-14.4,17.6,11.0,7.6,54.5,,10183.0,71.7,10183.0,71.7,,
INC2009-056,2009-06-27,9.3,1.5,17.0,11.628571428571428,0.5,22.5,12.213793103448275,-2.0,26.5,4.0,16.5,29.9,0.0,1398.0,28.9,1398.0,28.9,1398.0,28.9
INC2021-002,2021-01-12,-1.3,-4.4,1.9,-2.0166666666666666,-11.7,4.5,-8.641379310344828,-24.0,4.5,10.0,0.0,23.099999999999998,8.0,50837.0,90.6,50837.0,90.6,50837.0,90.6
INC2019-005,2019-01-09,-19.6,-22.5,-16.7,-11.785714285714286,-26.7,6.8,-9.633333333333333,-26.7,6.8,8.0,14.0,68.5,21.0,50837.0,75.8,50837.0,75.8,50837.0,75.8
INC2013-146,2013-10-17,5.0,-2.7,12.6,4.728571428571429,-5.1,13.3,7.017241379310343,-5.1,24.0,10.0,1.2999999999999998,60.7,,10183.0,98.2,10183.0,98.2,,
INC2020-047,2020-02-18,-23.3,-34.7,-11.8,-18.599999999999998,-34.7,1.3,-9.809999999999999,-34.7,4.6,15.0,5.2,20.6,26.0,10183.0,98.2,10183.0,98.2,10183.0,98.2
INC2013-147,2013-10-17,5.0,-2.7,12.6,4.728571428571429,-5.1,13.3,7.017241379310343,-5.1,24.0,10.0,1.2999999999999998,60.7,,10183.0,100.0,10183.0,100.0,,
INC2022-030,2022-02-15,-16.7,-24.1,-9.3,-4.442857142857142,-18.9,8.2,-10.373333333333333,-36.3,8.2,13.0,4.5,41.7,33.0,10183.0,98.8,10183.0,98.8,10183.0,98.8
INC2019-107,2019-10-04,8.1,4.9,11.2,4.714285714285714,-6.0,17.7,9.526666666666667,-6.0,20.5,3.0,0.0,40.199999999999996,0.0,50837.0,81.7,50837.0,81.7,1400.0,95.5
INC2018-169,2018-11-28,-0.9,-3.5,1.8,-3.5142857142857147,-9.8,4.3,-3.92,-20.6,10.1,10.0,2.4,50.10000000000001,2.0,50837.0,74.5,50837.0,74.5,50837.0,74.5
INC2017-020,2017-02-13,5.1,3.0,7.2,-13.02857142857143,-27.6,4.8,-7.9,-27.6,7.4,7.0,0.8,17.0,2.0,50837.0,61.2,50837.0,61.2,50837.0,61.2
INC2012-139,2012-10-02,,,,,,,,,,,,,,,,,,,
INC2024-038,2024-06-24,,,,,,,,,,,,,,,,,,,
INC2016-099,2016-08-25,14.8,5.5,24.0,,,,16.058333333333334,2.5,27.0,0.0,,34.199999999999996,,1398.0,55.5,1398.0,55.5,,
INC2008-115,2008-12-02,-7.0,-8.5,-5.5,-1.1857142857142857,-11.0,7.0,-5.292307692307693,-26.5,7.0,16.0,0.0,26.0,19.0,1398.0,54.0,1398.0,54.0,1398.0,54.0
INC2010-113,2010-10-14,7.6,3.8,11.3,10.571428571428573,2.7,20.4,8.733333333333333,-5.1,21.2,7.0,1.0,6.800000000000001,0.0,1413.0,71.0,1413.0,71.0,1413.0,71.0
INC2016-015,2015-12-19,-21.0,-28.0,-14.0,,,,-7.4185185185185185,-25.0,5.5,9.0,,20.0,22.0,1398.0,40.3,1398.0,40.3,1398.0,40.3
INC2018-170,2018-11-28,-0.9,-3.5,1.8,-3.5142857142857147,-9.8,4.3,-3.92,-20.6,10.1,10.0,2.4,50.10000000000001,2.0,50837.0,49.3,50837.0,49.3,50837.0,49.3
INC2017-021,2017-02-13,1.7,-3.4,6.7,-15.042857142857144,-35.4,7.6,-8.815384615384614,-35.4,7.6,11.0,0.0,0.0,17.0,49490.0,34.7,49490.0,34.7,27216.0,35.3
INC2017-065,2017-05-13,3.0,1.5,4.5,,,,3.8999999999999995,-13.0,17.5,15.0,,139.4,,1398.0,44.6,1398.0,44.6,,
INC2023-038,2023-03-08,-11.7,-16.5,-6.8,-13.300000000000002,-28.2,4.2,-14.546666666666665,-36.8,5.3,7.0,4.6,13.299999999999999,31.0,49490.0,11.0,49490.0,11.0,27216.0,11.6
INC2020-043,2020-04-26,4.1,-2.4,10.5,5.5857142857142845,-5.0,20.4,-4.620000000000001,-30.7,20.4,11.0,3.8999999999999995,11.3,1.0,49490.0,12.8,49490.0,12.8,27216.0,13.3
INC2023-041,2023-03-13,-11.0,-16.8,-5.2,-11.9,-26.4,-4.2,-15.266666666666664,-36.8,5.3,5.0,0.0,11.700000000000001,29.0,49490.0,12.8,49490.0,12.8,27216.0,13.4
INC2015-032,2015-03-27,6.5,2.0,11.0,0.22857142857142865,-12.0,13.5,-1.7413793103448276,-22.5,18.0,17.0,9.0,15.0,59.0,1398.0,64.5,1398.0,64.5,1398.0,64.5
INC2009-015,2009-02-20,-5.5,-13.5,2.5,-16.128571428571426,-31.5,-0.5,-10.683333333333335,-38.0,9.0,5.0,0.0,21.0,50.0,1398.0,68.2,1398.0,68.2,1398.0,68.2
INC2017-131,2017-09-02,12.8,7.5,18.0,13.785714285714286,2.0,24.5,15.5,2.0,30.0,0.0,0.0,17.2,,1398.0,90.4,1398.0,90.4,,
INC2017-132,2017-06-02,14.5,9.0,20.0,15.785714285714286,3.5,28.0,11.328571428571431,-2.0,28.0,3.0,0.0,102.6,,1398.0,68.1,1398.0,68.1,,
INC2018-085,2018-08-01,18.3,12.5,24.0,19.183333333333334,9.3,29.4,16.23103448275862,4.4,29.4,0.0,2.4,76.7,,50837.0,55.9,50837.0,55.9,,
INC2018-084,2018-08-01,18.3,12.5,24.0,19.183333333333334,9.3,29.4,16.23103448275862,4.4,29.4,0.0,2.4,76.7,,50837.0,55.8,50837.0,55.8,,
INC2018-157,2018-10-23,4.1,-3.9,12.0,8.6,-4.2,19.4,3.8833333333333337,-8.2,19.4,19.0,0.0,16.3,,50837.0,62.2,50837.0,62.2,,
INC2017-071,2017-05-26,14.5,4.0,25.0,13.485714285714286,1.5,24.5,8.807407407407409,-5.0,24.5,8.0,8.4,102.6,,1398.0,64.6,1398.0,64.6,,
INC2018-066,2018-06-23,18.4,11.2,25.5,20.142857142857142,7.2,31.5,13.658620689655171,1.7,31.5,0.0,0.4,40.699999999999996,,50837.0,57.4,50837.0,57.4,,
INC2019-030,2019-03-05,,,,,,,,,,,,,,,,,,,
INC2017-202,2017-12-30,-34.8,-39.0,-30.5,,,,-6.247999999999999,-36.0,6.0,8.0,,3.0,34.0,1398.0,96.2,1398.0,96.2,1398.0,96.2
INC2017-162,2017-10-01,2.8,0.5,5.0,12.414285714285713,1.0,23.0,10.87241379310345,-4.0,29.0,6.0,15.200000000000001,52.39999999999999,,1398.0,96.2,1398.0,96.2,,
INC2018-153,2018-10-18,,,,,,,,,,,,,,,,,,,
INC2020-110,2020-10-14,-1.8,-5.3,1.8,3.471428571428571,-5.1,10.5,7.907407407407407,-5.1,21.0,3.0,47.7,72.6,,49490.0,22.0,49490.0,22.0,,
INC2018-092,2018-08-20,14.3,5.0,23.5,16.385714285714286,5.5,27.6,17.46551724137931,5.5,29.4,0.0,0.2,25.099999999999998,,50837.0,65.1,50837.0,65.1,,
INC2016-033,2016-03-29,7.9,1.1,14.6,0.7285714285714288,-7.8,11.6,-2.226666666666666,-16.1,11.6,19.0,8.600000000000001,40.7,6.0,50837.0,68.8,50837.0,68.8,50837.0,68.8
INC2009-072,2009-07-23,,,,,,,,,,,,,0.0,,,,,1440.0,51.1
INC2025-096,2025-11-15,,,,,,,,,,,,,,,,,,,
INC2025-083,2025-10-17,,,,,,,,,,,,,,,,,,,
INC2025-095,2025-11-11,,,,,,,,,,,,,,,,,,,
INC2021-066,2021-05-10,8.3,-1.1,17.6,8.157142857142858,-3.4,20.7,3.64,-14.2,20.7,21.0,9.7,20.1,,52258.0,80.9,52258.0,80.9,,
INC2025-102,2025-12-12,,,,,,,,,,,,,,,,,,,
INC2017-024,2017-02-18,-2.4,-4.2,-0.5,2.5714285714285707,-8.4,10.6,-7.583333333333333,-27.6,10.6,7.0,7.800000000000001,24.2,0.0,50837.0,80.9,50837.0,80.9,50837.0,80.9
INC2018-097,2018-08-21,,,,,,,,,,,,,,,,,,,
INC2010-004,2010-01-03,-22.9,-28.2,-17.6,-19.32857142857143,-32.7,-11.1,-18.244444444444444,-41.3,0.2,1.0,,,,10183.0,49.3,,,,
INC2025-092,2025-11-05,,,,,,,,,,,,,,,,,,,
INC2026-042,2026-05-26,,,,,,,,,,,,,,,,,,,
INC2022-220,2022-12-02,-24.3,-30.0,-18.6,-13.042857142857143,-33.2,5.4,-8.94,-33.2,10.2,15.0,8.600000000000001,13.299999999999999,8.0,10183.0,48.4,10183.0,48.4,10183.0,48.4
INC2025-011,2025-02-06,-18.5,-27.7,-9.3,-25.900000000000002,-38.8,-13.6,-11.153333333333332,-38.8,7.9,12.0,5.0,8.700000000000001,36.0,10183.0,85.5,52258.0,90.8,10183.0,85.5
INC2025-018,2025-03-18,-8.3,-19.5,2.8,-12.5,-21.4,-4.8,-6.423333333333333,-28.7,12.1,16.0,0.2,2.0,27.0,10183.0,85.5,52258.0,90.9,10183.0,85.5
INC2023-051,2023-03-22,-1.0,-12.3,10.3,-4.985714285714287,-24.4,10.8,-13.15,-37.8,10.8,8.0,7.300000000000001,28.099999999999998,38.0,10183.0,85.5,10183.0,85.5,10183.0,85.5
INC2026-068,2026-08-04,16.7,10.8,22.6,16.057142857142857,1.9,27.1,17.04,1.9,32.0,0.0,16.6,37.1,,10183.0,85.5,10183.0,85.5,,
INC2023-080,2023-05-23,7.7,6.0,9.5,12.785714285714286,0.0,25.5,13.080000000000002,-2.4,31.2,2.0,17.4,22.799999999999997,,10183.0,85.5,10183.0,85.5,,
INC2020-014,2020-02-03,,,,,,,,,,,,,,,,,,,
INC2017-045,2017-02-15,6.0,0.0,11.9,-6.914285714285714,-24.9,12.9,-9.392592592592592,-31.7,12.9,9.0,1.0,3.5,0.0,10183.0,42.8,10183.0,42.8,10183.0,42.8
INC2020-068,2020-07-02,16.7,10.7,22.6,14.542857142857143,5.2,23.1,13.953333333333331,2.8,26.3,0.0,47.3,99.0,,10183.0,42.8,10183.0,42.8,,
INC2021-019,2021-02-06,,,,,,,,,,,,,,,,,,,
INC2013-115,2013-07-23,14.3,11.0,17.5,,,,14.770833333333334,0.5,29.5,0.0,,109.0,0.0,1398.0,96.4,1398.0,96.4,1398.0,96.4
INC2024-024,2024-04-02,,,,,,,,,,,,,,,,,,,
INC2021-037,2021-02-28,,,,,,,,,,,,,,,,,,,
INC2020-131,2020-11-21,,,,,,,,,,,,,,,,,,,
INC2022-229,2022-12-14,,,,,,,,,,,,,,,,,,,
INC2018-032,2018-04-24,,,,,,,,,,,,,,,,,,,
INC2020-034,2020-03-30,,,,,,,,,,,,,,,,,,,
INC2019-133,2019-12-14,,,,,,,,,,,,,,,,,,,
INC2016-064,2016-06-28,21.5,14.8,28.2,19.942857142857143,11.2,29.9,16.666666666666668,7.3,29.9,0.0,5.1,92.30000000000001,,10978.0,5.6,10978.0,5.6,,
INC2025-009,2025-02-03,-29.8,-38.8,-20.8,-14.814285714285715,-38.6,6.1,-10.253333333333332,-38.6,7.9,12.0,,,36.0,10183.0,56.4,,,10183.0,56.4
INC2013-024,2013-02-10,-11.3,-18.6,-4.0,-12.685714285714283,-21.0,-1.3,-19.12,-33.8,-1.3,0.0,11.100000000000001,33.8,57.0,10978.0,8.0,10978.0,8.0,10978.0,8.0
INC2012-081,2012-06-28,13.5,6.0,21.0,14.842857142857142,4.5,25.5,12.586206896551724,0.0,25.5,0.0,5.8,101.2,0.0,1398.0,93.5,1398.0,93.5,1440.0,68.2
INC2013-010,2013-01-25,-8.4,-14.3,-2.5,-16.985714285714284,-31.6,5.3,-12.783333333333335,-31.6,6.7,6.0,15.799999999999999,35.400000000000006,38.0,2770.0,98.3,2770.0,98.3,2770.0,98.3
INC2020-007,2020-01-25,-9.2,-14.1,-4.2,-13.028571428571428,-38.3,0.1,-17.686666666666667,-43.1,2.3,3.0,0.2,13.2,24.0,52258.0,99.9,52258.0,99.9,52258.0,99.9
INC2010-098,2010-09-10,,,,,,,,,,,,,,,,,,,
INC2016-049,2016-05-17,,,,,,,,,,,,,0.0,,,,,2750.0,42.7
INC2018-003,2018-01-10,,,,,,,,,,,,,0.0,,,,,2750.0,42.8
INC2026-066,2026-08-02,,,,,,,,,,,,,,,,,,,
INC2021-099,2021-07-08,,,,,,,,,,,,,,,,,,,
INC2020-096,2020-09-15,,,,,,,,,,,,,,,,,,,
INC2014-112,2014-09-08,,,,,,,,,,,,,,,,,,,
INC2012-010,2012-01-16,,,,,,,,,,,,,,,,,,,
INC2010-041,2010-03-27,,,,,,,,,,,,,,,,,,,
INC2016-042,2016-04-26,,,,,,,,,,,,,0.0,,,,,2750.0,42.9
INC2011-133,2011-08-22,,,,,,,,,,,7.2,39.2,,,,2732.0,47.9,,
INC2021-027,2021-02-21,,,,,,,,,,,,,,,,,,,
INC2010-051,2010-05-22,,,,,,,,,,,,,,,,,,,
INC2018-089,2018-08-14,,,,,,,,,,,,,,,,,,,
INC2025-004,2025-01-20,,,,,,,,,,,,,,,,,,,
INC2016-055,2016-05-31,,,,,,,,,,,,,,,,,,,
INC2025-084,2025-10-20,,,,,,,,,,,,,,,,,,,
INC2018-101,2018-08-23,,,,,,,,,,,,,,,,,,,
INC2011-035,2011-02-26,-6.7,-11.6,-1.8,-17.728571428571428,-30.8,-6.7,-15.416666666666664,-35.9,5.2,5.0,3.9000000000000004,10.899999999999999,46.0,10978.0,38.5,10978.0,38.5,10978.0,38.5
INC2026-076,2026-08-24,,,,,,,,,,,,,,,,,,,
INC2015-129,2015-11-09,-2.8,-4.1,-1.5,-0.942857142857143,-6.1,8.0,4.153333333333332,-6.1,22.6,15.0,1.1,5.899999999999999,,10978.0,29.8,10978.0,29.8,,
INC2015-130,2015-11-09,-2.8,-4.1,-1.5,-0.942857142857143,-6.1,8.0,4.153333333333332,-6.1,22.6,15.0,1.1,5.899999999999999,,10978.0,29.8,10978.0,29.8,,
INC2009-026,2009-03-23,,,,,,,,,,,,,,,,,,,
INC2024-021,2024-04-01,,,,,,,,,,,,,,,,,,,
INC2015-128,2015-11-07,3.7,-0.7,8.0,-1.0857142857142856,-6.1,3.4,4.663333333333332,-6.1,22.6,14.0,1.5000000000000002,6.3999999999999995,,10978.0,34.1,10978.0,34.1,,
INC2016-091,2016-08-12,19.6,13.8,25.3,19.25714285714286,11.3,27.3,19.386666666666667,6.7,30.7,0.0,0.5,47.9,,10978.0,34.1,10978.0,34.1,,
INC2015-125,2015-11-01,-1.0,-2.6,0.6,2.057142857142857,-1.9,8.2,5.91,-2.8,22.6,13.0,2.2,5.9,,10978.0,34.1,10978.0,34.1,,
INC2015-120,2015-10-23,5.9,1.5,10.2,8.5,-1.0,21.1,8.596666666666666,-2.8,25.1,9.0,2.2,4.0,,10978.0,34.0,10978.0,34.0,,
INC2015-123,2015-10-29,3.3,-1.3,7.9,3.4571428571428577,-1.7,14.3,7.200000000000002,-2.8,25.1,10.0,2.1999999999999997,6.2,,10978.0,35.4,10978.0,35.4,,
INC2026-043,2026-06-02,,,,,,,,,,,,,,,,,,,
INC2022-230,2022-12-17,,,,,,,,,,,,,,,,,,,
INC2012-155,2012-11-12,,,,,,,,,,,,,,,,,,,
INC2023-034,2023-03-02,,,,,,,,,,,,,,,,,,,
INC2012-090,2012-07-14,,,,,,,,,,,,,,,,,,,
INC2012-068,2012-05-29,,,,,,,,,,,,,,,,,,,
INC2022-119,2022-07-24,,,,,,,,,,,,,,,,,,,
INC2012-011,2012-01-17,,,,,,,,,,,,,,,,,,,
INC2013-044,2013-03-16,,,,,,,,,,,,,,,,,,,
INC2022-004,2022-01-18,,,,,,,,,,,,,,,,,,,
INC2026-001,2026-01-07,,,,,,,,,,,,,,,,,,,
INC2022-221,2022-12-06,,,,,,,,,,,,,,,,,,,
INC2012-013,2012-01-17,,,,,,,,,,,,,,,,,,,
INC2012-015,2012-01-19,,,,,,,,,,,,,,,,,,,
INC2016-010,2016-01-19,,,,,,,,,,,,,,,,,,,
INC2018-087,2018-08-09,,,,,,,,,,,,,,,,,,,
INC2010-005,2010-01-14,,,,,,,,,,,,,,,,,,,
INC2021-086,2021-06-20,,,,,,,,,,,,,,,,,,,
INC2025-050,2025-07-19,,,,,,,,,,,,,,,,,,,
INC2023-138,2023-08-15,,,,,,,,,,,,,,,,,,,
INC2020-006,2020-01-25,,,,,,,,,,,,,,,,,,,
INC2012-083,2012-07-03,,,,,,,,,,,,,,,,,,,
INC2018-151,2018-10-17,,,,,,,,,,,,,,,,,,,
INC2018-173,2018-11-29,,,,,,,,,,,,,,,,,,,
INC2018-172,2018-11-29,,,,,,,,,,,,,,,,,,,
INC2018-109,2018-08-31,12.0,7.3,16.7,10.985714285714286,5.7,16.9,16.26551724137931,4.9,30.3,0.0,36.900000000000006,65.5,,50819.0,99.5,50819.0,99.5,,
INC2018-108,2018-08-31,12.0,7.3,16.7,10.985714285714286,5.7,16.9,16.26551724137931,4.9,30.3,0.0,36.900000000000006,65.5,,50819.0,98.3,50819.0,98.3,,
INC2018-107,2018-08-31,12.0,7.3,16.7,10.985714285714286,5.7,16.9,16.26551724137931,4.9,30.3,0.0,36.900000000000006,65.5,,50819.0,95.5,50819.0,95.5,,
INC2018-106,2018-08-31,12.0,7.3,16.7,10.985714285714286,5.7,16.9,16.26551724137931,4.9,30.3,0.0,36.900000000000006,65.5,,50819.0,94.6,50819.0,94.6,,
INC2018-105,2018-08-31,12.0,7.3,16.7,10.985714285714286,5.7,16.9,16.26551724137931,4.9,30.3,0.0,36.900000000000006,65.5,,50819.0,94.3,50819.0,94.3,,
INC2008-008,2008-01-26,-20.5,-28.7,-12.2,-12.042857142857144,-24.3,3.0,-17.85666666666667,-30.6,3.0,1.0,10.0,23.599999999999998,32.0,1455.0,92.2,1455.0,92.2,1440.0,84.7
INC2014-087,2014-06-13,14.7,7.6,21.8,12.714285714285714,3.2,22.4,11.67333333333333,-1.2,23.5,1.0,28.6,108.6,0.0,50819.0,83.5,50819.0,83.5,8248.0,83.7
INC2018-114,2018-05-10,12.6,2.0,23.2,12.814285714285715,3.5,23.6,6.499999999999999,-7.8,23.6,10.0,0.0,13.4,,50819.0,77.8,50819.0,77.8,,
INC2018-104,2018-08-30,10.8,6.0,15.6,10.542857142857144,5.7,16.9,16.55862068965517,4.9,30.3,0.0,59.9,64.3,,50819.0,75.9,50819.0,75.9,,
INC2025-080,2025-10-10,5.2,-1.9,12.2,7.285714285714285,0.4,18.4,9.875,-3.6,25.1,5.0,6.8,37.1,0.0,50819.0,74.7,50819.0,74.7,54098.0,74.8
INC2009-066,2009-07-20,,,,,,,,,,,22.900000000000002,142.70000000000002,,,,2656.0,16.5,,
INC2023-200,2023-11-29,-5.4,-10.8,0.0,-6.371428571428571,-19.9,6.2,-6.414285714285714,-19.9,6.2,8.0,0.2,20.0,11.0,49928.0,88.0,49928.0,88.0,55118.0,88.5
INC2015-146,2015-12-11,,,,,,,,,,,,,,,,,,,
INC2009-147,2009-12-31,,,,,,,,,,,,,,,,,,,
INC2011-030,2011-02-20,,,,,,,,,,,,,,,,,,,
INC2016-056,2016-05-10,6.2,-3.4,15.8,11.771428571428574,-3.0,30.6,6.93793103448276,-12.7,30.6,14.0,4.3,6.8,0.0,49928.0,83.4,49928.0,83.4,2726.0,83.4
INC2017-064,2017-05-08,8.9,-1.0,18.8,,,,3.6307692307692303,-10.9,21.4,21.0,,3.0,0.0,49928.0,83.4,49928.0,83.4,2726.0,83.4
INC2012-106,2012-08-15,,,,,,,,,,,,,,,,,,,
INC2023-075,2023-05-04,,,,,,,,,,,,,,,,,,,
INC2019-089,2019-08-08,9.3,7.8,10.7,16.257142857142856,7.1,29.2,16.955172413793107,4.2,29.7,0.0,4.4,117.50000000000001,,50819.0,21.7,50819.0,21.7,,
INC2010-123,2010-10-18,0.8,-3.2,4.8,3.6142857142857143,-5.9,14.8,6.046666666666666,-5.9,21.6,14.0,0.0,4.3999999999999995,0.0,1455.0,21.4,1455.0,21.4,1455.0,21.4
INC2014-086,2014-06-12,15.0,8.0,21.9,11.914285714285715,0.1,22.4,11.566666666666665,-1.2,23.5,1.0,28.6,108.6,0.0,50819.0,21.4,50819.0,21.4,8248.0,21.8
INC2015-110,2015-09-16,7.5,-1.9,16.8,11.214285714285714,-1.7,26.3,11.726666666666667,-1.7,26.3,3.0,0.2,18.2,0.0,50819.0,21.3,50819.0,21.3,8248.0,21.8
INC2016-148,2016-12-19,-18.0,-21.4,-14.6,-22.014285714285716,-33.8,-11.1,-19.746666666666666,-33.8,-8.1,0.0,0.4,18.599999999999998,14.0,50819.0,21.3,50819.0,21.3,50819.0,21.3
INC2017-163,2017-10-03,8.4,-1.5,18.3,7.6000000000000005,-4.5,17.1,10.713333333333335,-4.5,27.6,4.0,11.6,16.0,,50819.0,21.3,50819.0,21.3,,
INC2018-121,2018-09-18,4.0,-5.0,12.9,2.3714285714285714,-6.8,13.1,8.686206896551724,-6.8,29.9,8.0,6.8,81.19999999999999,,50819.0,21.3,50819.0,21.3,,
INC2015-098,2015-07-10,16.2,9.1,23.3,17.757142857142856,6.3,29.9,17.276666666666664,3.4,32.6,0.0,4.8,46.4,0.0,50819.0,21.3,50819.0,21.3,8248.0,21.8
INC2016-006,2016-01-05,-23.2,-26.0,-20.3,-16.685714285714287,-26.5,-8.7,-19.403333333333332,-29.3,-8.7,0.0,0.0,11.5,28.0,50819.0,21.3,50819.0,21.3,50819.0,21.3
INC2013-110,2013-06-21,21.2,12.5,29.8,16.657142857142855,6.6,28.0,14.636666666666667,-12.5,28.0,1.0,7.1,19.3,0.0,8248.0,21.8,50819.0,21.3,8248.0,21.8
INC2014-013,2014-01-15,,-10.7,,-18.0,-28.8,5.0,-21.920689655172417,-38.5,5.0,1.0,4.0,75.3,75.0,50819.0,21.3,50819.0,21.3,50819.0,21.3
INC2013-052,2013-03-26,1.2,-9.9,12.2,-10.814285714285715,-25.0,7.4,-10.996666666666668,-25.0,7.4,9.0,6.0,15.6,78.0,8248.0,21.8,8248.0,21.8,50819.0,21.3
INC2013-157,2013-11-19,-27.9,-31.8,-24.0,-11.642857142857142,-27.4,5.0,-4.024137931034483,-27.4,15.9,13.0,19.0,30.900000000000002,16.0,50819.0,21.3,50819.0,21.3,50819.0,21.3
INC2013-160,2013-11-23,-15.3,-19.7,-10.9,-23.042857142857144,-34.4,-11.1,-8.289655172413793,-34.4,14.0,11.0,9.0,31.900000000000006,17.0,50819.0,21.3,50819.0,21.3,50819.0,21.3
INC2014-064,2014-04-30,11.4,4.3,18.5,4.328571428571428,-2.3,17.6,0.7766666666666666,-21.0,17.6,21.0,26.8,32.6,1.0,50819.0,21.3,50819.0,21.3,50819.0,21.3
INC2012-113,2012-08-22,16.6,13.8,19.3,19.428571428571427,7.9,31.0,18.74,6.8,31.5,0.0,0.0,16.6,0.0,1455.0,21.3,1455.0,21.3,1455.0,21.3
INC2009-035,2009-04-19,4.1,-4.0,12.2,4.457142857142857,-4.9,14.6,-2.316666666666666,-26.4,14.6,20.0,0.0,11.8,20.0,1455.0,21.3,1455.0,21.3,1455.0,21.3
INC2011-082,2011-05-18,11.1,7.7,14.5,10.528571428571428,-0.7,24.8,7.216666666666667,-9.2,24.8,10.0,16.0,26.799999999999997,0.0,1455.0,21.3,1455.0,21.3,1455.0,21.3
INC2009-043,2009-05-15,8.3,0.8,15.7,6.3999999999999995,-6.0,18.7,5.526666666666666,-6.0,22.6,19.0,3.4000000000000004,8.599999999999998,0.0,1455.0,21.3,1455.0,21.3,1455.0,21.3
INC2013-137,2013-09-23,5.0,1.8,8.2,6.442857142857143,-1.1,18.6,12.148148148148149,-1.1,27.5,1.0,16.1,34.9,0.0,50819.0,21.3,50819.0,21.3,8248.0,21.8
INC2014-045,2014-03-22,-11.0,-17.4,-4.6,-4.2,-18.0,7.0,-13.006666666666668,-34.6,10.6,10.0,2.4,5.6000000000000005,43.0,50819.0,21.3,50819.0,21.3,50819.0,21.3
INC2017-051,2017-04-08,4.5,-1.2,10.1,4.357142857142856,-7.2,13.7,-6.536666666666667,-32.1,13.7,13.0,0.0,25.0,7.0,50819.0,21.2,50819.0,21.2,50819.0,21.2
INC2018-040,2018-05-03,9.8,4.6,15.0,8.685714285714285,-0.7,20.0,1.8599999999999997,-16.5,20.0,13.0,9.8,14.8,,50819.0,21.3,50819.0,21.3,,
INC2015-083,2015-07-03,18.2,13.8,22.5,20.814285714285717,8.8,32.6,16.62666666666666,3.4,32.6,0.0,0.4,48.900000000000006,0.0,50819.0,21.2,50819.0,21.2,8248.0,21.7
INC2018-035,2018-04-26,10.0,1.4,18.6,6.585714285714286,-4.6,20.0,-2.6933333333333334,-24.6,20.0,13.0,0.0,6.0,0.0,50819.0,21.2,50819.0,21.2,50819.0,21.2
INC2015-124,2015-10-30,-1.9,-6.0,2.2,-0.5999999999999999,-9.6,10.8,2.5866666666666673,-9.6,19.2,22.0,4.6,14.7,0.0,50819.0,21.2,50819.0,21.2,54098.0,21.7
INC2015-135,2015-11-23,-13.0,-18.7,-7.2,-11.257142857142862,-22.8,6.6,-6.8966666666666665,-22.8,6.9,11.0,7.5,28.900000000000002,14.0,50819.0,20.7,50819.0,20.7,50819.0,20.7
INC2019-096,2019-08-27,13.3,7.3,19.2,11.342857142857143,3.2,20.8,13.485714285714284,1.5,29.2,0.0,6.0,47.099999999999994,,50819.0,20.7,50819.0,20.7,,
INC2024-014,2024-02-24,,,,,,,,,,,,,,,,,,,
INC2011-046,2011-03-21,-9.1,-15.2,-3.0,-11.328571428571431,-19.6,-2.2,-15.579999999999997,-31.4,4.8,1.0,13.8,35.0,53.0,8248.0,45.3,8248.0,45.3,8248.0,45.3
INC2024-090,2024-11-19,-16.6,-18.5,-14.7,-10.071428571428571,-19.6,-3.8,-5.406666666666666,-19.6,8.7,9.0,10.0,22.200000000000003,15.0,55118.0,96.5,55118.0,96.5,55118.0,96.5
INC2009-060,2009-07-13,13.0,9.0,17.0,,,,14.616666666666665,5.6,27.1,0.0,,82.4,0.0,8248.0,73.0,8248.0,73.0,8248.0,73.0
INC2012-005,2012-01-06,-18.2,-21.5,-14.8,-14.485714285714286,-21.8,-6.5,-12.864285714285714,-24.0,3.3,1.0,6.4,9.799999999999999,30.0,8248.0,78.1,8248.0,78.1,8248.0,78.1
INC2017-002,2017-01-08,,,,,,,,,,,,,,,,,,,
INC2024-008,2024-02-05,,,,,,,,,,,,,,,,,,,
INC2009-087,2009-09-01,,,,,,,,,,,1.8,57.400000000000006,,,,2830.0,67.6,,
INC2011-064,2011-04-21,,,,,,,,,,,,,,,,,,,
INC2022-197,2022-11-05,,,,,,,,,,,,,,,,,,,
INC2017-073,2017-05-27,14.6,7.9,21.3,15.842857142857143,5.9,25.6,11.0,-1.4,25.6,3.0,0.8,41.19999999999999,0.0,54098.0,69.3,54098.0,69.3,8248.0,69.3
INC2013-097,2013-06-19,15.7,7.5,23.9,16.085714285714285,6.6,27.5,13.946666666666665,-12.5,27.5,1.0,21.799999999999997,46.8,0.0,8248.0,68.7,8248.0,68.7,8248.0,68.7
INC2013-043,2013-03-13,-18.0,-20.7,-15.2,-9.37142857142857,-22.0,4.4,-9.639285714285716,-24.0,7.0,9.0,4.8,9.0,55.0,8248.0,68.7,8248.0,68.7,8248.0,68.7
INC2010-151,2010-12-05,-15.0,-19.4,-10.6,-17.983333333333338,-25.2,-13.1,-11.465517241379308,-30.0,8.9,5.0,4.6000000000000005,17.6,12.0,8248.0,68.7,8248.0,68.7,8248.0,68.7
INC2013-015,2013-01-29,-29.8,-33.6,-26.0,-21.1,-28.7,-14.5,-16.02,-33.7,10.9,3.0,11.2,39.5,63.0,8248.0,68.6,8248.0,68.6,8248.0,68.6
INC2008-110,2008-11-20,-18.2,-20.0,-16.4,-9.728571428571428,-21.9,2.0,-5.129999999999999,-21.9,12.5,6.0,29.0,55.0,33.0,8248.0,68.7,8248.0,68.7,8248.0,68.7
INC2012-017,2012-01-20,-30.2,-35.2,-25.2,-23.242857142857144,-36.2,-6.0,-15.446428571428571,-36.2,3.3,1.0,1.2000000000000002,9.399999999999999,30.0,8248.0,67.6,8248.0,67.6,8248.0,67.6
INC2018-015,2018-02-02,-23.8,-26.1,-21.5,-21.757142857142856,-29.0,-17.0,-18.053333333333335,-40.3,-2.7,0.0,12.1,28.799999999999997,49.0,54098.0,69.4,54098.0,69.4,54098.0,69.4
INC2009-132,2009-12-02,-12.7,-17.7,-7.7,-9.299999999999999,-17.3,3.2,-12.343333333333334,-25.8,3.2,2.0,0.0,11.2,21.0,10687.0,69.7,1455.0,92.5,1455.0,92.5
INC2017-032,2017-03-02,-25.7,-34.3,-17.0,-20.857142857142858,-34.7,-7.0,-17.303333333333335,-34.7,-2.8,0.0,3.4000000000000004,12.6,21.0,41944.0,10.6,41944.0,10.6,41944.0,10.6
INC2014-128,2014-10-16,-1.7,-2.4,-0.9,0.7857142857142856,-3.0,6.2,4.7379310344827585,-6.0,22.7,12.0,13.3,25.8,11.0,41944.0,12.6,41944.0,12.6,52780.0,12.6
INC2024-060,2024-08-22,13.2,8.3,18.2,16.45714285714286,4.3,29.5,18.246666666666666,4.3,33.3,0.0,1.9,17.4,,41944.0,54.4,41944.0,54.4,,
INC2011-074,2011-05-09,,,,,,,,,,,,,,,,,,,
INC2013-083,2013-05-23,,,,,,,,,,,,,0.0,,,,,1705.0,17.5
INC2011-163,2011-10-19,,,,,,,,,,,,,,,,,,,
INC2022-185,2022-10-27,-5.0,-5.8,-4.1,-4.95,-10.1,-0.4,2.220689655172414,-10.8,18.3,14.0,,,,53601.0,28.9,,,,
INC2023-168,2023-09-25,7.7,4.8,10.5,9.666666666666666,2.5,19.4,13.168965517241377,0.2,31.6,0.0,,,,53601.0,52.6,,,,
INC2011-162,2011-10-19,,,,,,,,,,,,,,,,,,,
INC2011-158,2011-10-12,2.1,1.1,3.0,0.5333333333333333,-5.6,3.5,4.906896551724137,-5.6,21.9,11.0,8.4,44.5,0.0,6850.0,89.9,6850.0,89.9,6850.0,89.9
INC2014-014,2014-01-16,-18.0,-20.9,-15.1,-30.599999999999998,-45.6,-17.9,-32.43333333333333,-46.7,-16.1,0.0,2.0,16.2,17.0,50717.0,4.1,50717.0,4.1,50717.0,4.1
