{"type":"FeatureCollection","crs":{"type":"name","properties":{"name":"EPSG:4326"}},"features":[{"type":"Feature","geometry":{"type":"LineString","coordinates":[[-79.8683,43.1895],[-79.8722,43.0527],[-79.9417,43.0245],[-80.0624,42.8837],[-80.1076,42.8662],[-80.0695,42.8024]]},"properties":{"Pipeline_Name":"Enbridge Line 11","Company":"Enbridge Pipelines Inc.","Commodity":"Liquid"}},{"type":"Feature","geometry":{"type":"LineString","coordinates":[[-82.3716,42.9513],[-82.3457,42.9453],[-82.1979,42.9633],[-82.0705,42.9926],[-81.6835,43.0435],[-81.131,43.1545],[-80.9164,43.2081],[-80.4994,43.2795],[-80.4532,43.2757],[-80.2551,43.3043],[-79.9163,43.3677],[-79.8691,43.3433]]},"properties":{"Pipeline_Name":"Enbridge Line 7","Company":"Enbridge Pipelines Inc.","Commodity":"Liquid"}},{"type":"Feature","geometry":{"type":"MultiLineString","coordinates":[[[-79.1958,43.0855],[-79.1933,43.0498],[-79.1798,43.0423],[-79.021,43.0005]],[[-79.1958,43.0855],[-79.1713,43.1002],[-79.1431,43.1466],[-79.0494,43.2013]],[[-79.9197,43.2022],[-79.7165,43.1497],[-79.2547,43.0849],[-79.1958,43.0855]],[[-80.1196,43.3506],[-80.0981,43.322],[-80.0499,43.1817],[-79.9197,43.2022]],[[-79.6311,43.7435],[-79.6409,43.7988],[-79.6632,43.8284]],[[-79.6632,43.8284],[-79.8383,43.6771],[-79.8251,43.6317],[-79.7844,43.6071],[-79.8026,43.5805],[-79.7311,43.5222],[-79.6863,43.5027],[-79.9363,43.2713],[-79.9197,43.2022]],[[-79.6632,43.8284],[-79.6811,43.8596],[-79.641,43.8785]],[[-79.6632,43.8284],[-79.6801,43.8599],[-79.641,43.8785]],[[-79.6158,43.8646],[-79.6632,43.8284]],[[-79.5802,43.8735],[-79.6158,43.8646]],[[-79.5802,43.8735],[-79.0185,43.9893],[-78.954,43.9682],[-78.6102,43.9578],[-78.4461,43.9677],[-78.2599,43.9934],[-77.9909,44.0504],[-77.6802,44.1417],[-77.3893,44.2134],[-76.7893,44.2925],[-76.4458,44.3195],[-76.2063,44.3737],[-76.0672,44.4277],[-75.7274,44.6117],[-75.3788,44.8518],[-75.2957,44.8895]],[[-79.641,43.8785],[-79.6158,43.8646]],[[-75.2957,44.8895],[-75.2667,44.8556]],[[-75.2957,44.8895],[-75.1965,44.9321]],[[-75.1965,44.9321],[-74.8419,45.0799],[-74.7422,45.1145]],[[-75.1965,44.9321],[-74.7422,45.1145]],[[-75.4227,45.1061],[-75.3354,44.9931],[-75.2957,44.8895]],[[-75.4227,45.1061],[-75.3578,45.1235]],[[-74.7422,45.1145],[-74.4028,45.2503]],[[-74.7422,45.1145],[-74.6299,45.1534],[-74.303,45.2927],[-74.2428,45.3289],[-74.1247,45.3712]],[[-75.3578,45.1235],[-75.1965,44.9321]],[[-75.3578,45.1235],[-75.5956,45.3738]],[[-73.1071,45.1252],[-73.0846,45.0942]],[[-73.4837,45.3131],[-73.4934,45.3073],[-73.4691,45.2622],[-73.4781,45.2163],[-73.4545,45.1919],[-73.4747,45.1365],[-73.4745,45.0247],[-73.4631,45.0086]],[[-73.4837,45.3131],[-73.4236,45.3169],[-73.3547,45.2831],[-73.3076,45.277],[-73.2753,45.2509],[-73.2275,45.2504],[-73.2094,45.22],[-73.1398,45.1692],[-73.0893,45.1081],[-73.0548,45.0236]],[[-74.1247,45.3712],[-74.0005,45.3279],[-73.9621,45.2902],[-73.8884,45.2683],[-73.5274,45.3006],[-73.4837,45.3131]],[[-74.1247,45.3712],[-74.0402,45.413],[-73.9699,45.4245]],[[-79.4587,46.376],[-79.4141,46.3254],[-79.4084,46.2986],[-79.353,46.27],[-79.3384,46.2447],[-79.3585,46.1882],[-79.3402,46.0744],[-79.3701,45.9961],[-79.3704,45.9122],[-79.4449,45.7334],[-79.3647,45.6156],[-79.3401,45.5702],[-79.3476,45.5586],[-79.2574,45.4439],[-79.2345,45.3622],[-79.2522,45.318],[-79.2974,45.2672],[-79.3136,45.1146],[-79.3345,45.0642],[-79.3185,44.9809],[-79.3372,44.9482],[-79.3292,44.9053],[-79.3616,44.7729],[-79.4014,44.7263],[-79.4836,44.5696],[-79.5252,44.5265],[-79.5713,44.4899],[-79.6962,44.4317],[-79.7436,44.3943],[-79.6192,43.9194],[-79.5802,43.8735]],[[-79.4587,46.376],[-79.3907,46.3736],[-79.3541,46.3568],[-79.2885,46.353],[-79.225,46.2915],[-79.1512,46.281],[-79.1174,46.2643],[-79.006,46.2545],[-78.9103,46.2824],[-78.8022,46.2873],[-78.7485,46.2759],[-78.6537,46.2932],[-78.6071,46.2902],[-78.2993,46.2394],[-78.2331,46.2495],[-78.1788,46.2355],[-78.1004,46.2357],[-78.0308,46.2102],[-77.9286,46.2016],[-77.8417,46.1521],[-77.805,46.1453],[-77.733,46.1609],[-77.6451,46.1416],[-77.52,46.0823],[-77.4839,46.0461],[-77.4694,46.0103],[-77.4315,46.0087],[-77.3937,45.9924],[-77.3198,45.9224],[-77.3135,45.9006],[-77.2509,45.8512],[-77.2103,45.8339],[-77.1936,45.8084],[-76.9432,45.6041],[-76.8386,45.5825],[-76.7159,45.5336],[-76.6856,45.5406],[-76.6054,45.4842],[-76.5659,45.4352],[-76.4927,45.4102],[-76.4362,45.3626],[-76.3305,45.3462],[-76.2817,45.3532],[-76.1886,45.286],[-76.1716,45.2855],[-76.1139,45.3162],[-76.0387,45.301],[-75.8534,45.1662],[-75.8181,45.1645],[-75.7317,45.0975],[-75.6569,45.1067],[-75.4953,45.0795],[-75.4227,45.1061]],[[-84.4594,46.4721],[-84.4861,46.4835],[-84.4698,46.5184],[-84.4227,46.5206]],[[-79.5024,46.489],[-79.4825,46.459],[-79.4699,46.3755],[-79.4587,46.376]],[[-79.5024,46.489],[-79.4835,46.5103],[-79.3143,46.5702],[-79.2379,46.6274],[-79.1297,46.6674],[-79.0996,46.6975]],[[-79.6592,46.6138],[-79.6539,46.5797],[-79.5024,46.489]],[[-79.7794,46.7059],[-79.6592,46.6138]],[[-79.7794,46.7059],[-79.6592,46.6138]],[[-79.8081,46.7489],[-79.7794,46.7059]],[[-79.8081,46.7489],[-79.7794,46.7059]],[[-90.1432,48.936],[-89.6959,48.9436],[-89.3833,49.0115],[-89.3359,49.0291],[-89.3072,49.0522]],[[-90.1432,48.936],[-90.0479,48.9071],[-89.9915,48.877],[-89.8997,48.8018],[-89.8251,48.666],[-89.6491,48.5853],[-89.6118,48.5573],[-89.5347,48.5514],[-89.2647,48.568],[-89.0871,48.5328],[-88.8263,48.5831],[-88.7464,48.6383],[-88.6891,48.6492],[-88.612,48.6832],[-88.4968,48.8452],[-88.3806,48.9214],[-88.3412,48.9689],[-88.3059,49.0651],[-88.3106,49.1189],[-88.2976,49.1312]],[[-89.3076,49.052],[-89.3072,49.0522]],[[-89.3072,49.0522],[-89.2031,49.0738],[-89.0295,49.0785],[-88.9372,49.0641],[-88.7686,49.0886],[-88.696,49.0852],[-88.6063,49.1134],[-88.5145,49.1062],[-88.4223,49.1267],[-88.3581,49.1229],[-88.2976,49.1312]],[[-88.2976,49.1312],[-88.1965,49.2192]],[[-88.1965,49.2192],[-88.1463,49.257],[-88.1191,49.2678],[-88.0986,49.2929]],[[-88.1965,49.2192],[-88.1426,49.2789],[-88.1178,49.2953],[-88.0986,49.2929]],[[-88.0986,49.2929],[-88.0957,49.3]],[[-88.0957,49.3],[-88.0959,49.3298]],[[-88.0957,49.3],[-88.0827,49.3095],[-88.0959,49.3298]],[[-88.0959,49.3298],[-88.1095,49.4304],[-88.0841,49.4853],[-88.0061,49.5265],[-87.9603,49.6128],[-87.9385,49.6226]],[[-97.0304,49.4676],[-97.034,49.3622],[-97.0519,49.3268],[-97.0555,49.0018]],[[-97.019,49.485],[-97.0309,49.4841],[-97.0304,49.4676]],[[-97.019,49.485],[-97.0304,49.4676]],[[-87.9385,49.6226],[-87.8064,49.6572]],[[-87.9385,49.6226],[-87.8801,49.6303],[-87.8064,49.6572]],[[-87.8064,49.6572],[-87.4903,49.6893],[-87.4238,49.7047]],[[-95.3602,49.684],[-95.2994,49.721],[-95.203,49.7251]],[[-95.3602,49.684],[-95.203,49.7251]],[[-87.2148,49.6937],[-87.1239,49.7088]],[[-87.2148,49.6937],[-87.1239,49.7088]],[[-97.0028,49.6992],[-97.0082,49.4944],[-97.019,49.485]],[[-87.4238,49.7047],[-87.2148,49.6937]],[[-87.4238,49.7047],[-87.2148,49.6937]],[[-87.1239,49.7088],[-87.0428,49.7439],[-86.9283,49.762],[-86.8116,49.7976],[-86.7087,49.8112],[-86.5287,49.8005],[-86.3857,49.7756],[-86.2277,49.7787],[-86.0874,49.796],[-85.9683,49.7886],[-85.7126,49.7998],[-85.5662,49.7668],[-85.355,49.7594],[-85.0237,49.7714],[-84.9268,49.762],[-84.5335,49.7856],[-84.3437,49.7519],[-84.2768,49.7478],[-84.1804,49.7598],[-83.8498,49.7159],[-83.6847,49.6742],[-83.298,49.6164],[-82.8264,49.5167],[-82.4505,49.3923],[-82.2885,49.3776],[-82.1463,49.3346],[-82.105,49.3349],[-82.0439,49.3038],[-81.9425,49.2874],[-81.7875,49.2829],[-81.656,49.2532],[-81.6262,49.2546],[-81.511,49.2136],[-81.3837,49.1402],[-81.0727,49.0368],[-80.9815,48.9309],[-80.8346,48.8179],[-80.7784,48.7557],[-80.7757,48.7208],[-80.741,48.675],[-80.6251,48.5999],[-80.4934,48.5436],[-80.4917,48.5299],[-80.4005,48.4908],[-80.3828,48.4637],[-80.3412,48.4401],[-80.3377,48.4161],[-80.3035,48.3901],[-80.2555,48.3759],[-80.2488,48.2337],[-80.2628,48.193],[-80.1597,48.0629],[-80.0183,47.963],[-80.0065,47.9352],[-79.9162,47.8424],[-79.8351,47.79],[-79.8356,47.7102],[-79.7871,47.6355],[-79.7808,47.594],[-79.7567,47.5678],[-79.7647,47.4474],[-79.7552,47.3939],[-79.7911,47.3526],[-79.7937,47.3055],[-79.7351,47.2329],[-79.7272,47.1969],[-79.731,47.1718],[-79.8001,47.1084],[-79.7828,47.0654],[-79.8176,47.0009],[-79.7883,46.9536],[-79.8115,46.9216],[-79.8039,46.8912],[-79.8154,46.8739],[-79.8018,46.8203],[-79.8081,46.7489]],[[-95.0564,49.7145],[-94.9802,49.7208],[-94.9486,49.7159]],[[-94.9486,49.7159],[-94.9221,49.7177]],[[-94.9486,49.7159],[-94.9221,49.7177]],[[-94.9221,49.7177],[-94.91,49.7194]],[[-96.9862,49.7183],[-97.0028,49.6992]],[[-94.7786,49.7188],[-94.672,49.7338],[-94.5536,49.7757]],[[-94.7786,49.7188],[-94.5988,49.7827],[-94.5536,49.7757]],[[-94.8274,49.719],[-94.7786,49.7188]],[[-94.91,49.7194],[-94.8754,49.7198]],[[-94.91,49.7194],[-94.8754,49.7198]],[[-94.8732,49.7197],[-94.8412,49.7135],[-94.8274,49.719]],[[-94.8732,49.7197],[-94.8274,49.719]],[[-94.8754,49.7198],[-94.8732,49.7197]],[[-94.8754,49.7198],[-94.8743,49.72]],[[-94.8743,49.72],[-94.8732,49.7197]],[[-94.8743,49.72],[-94.8274,49.719]],[[-96.9829,49.7212],[-97.0028,49.6992]],[[-96.9829,49.7212],[-96.5691,49.6687],[-96.3158,49.6649],[-96.2617,49.6569],[-96.1029,49.6643],[-95.9131,49.6457],[-95.5653,49.6372],[-95.4462,49.6508],[-95.3602,49.684]],[[-95.203,49.7251],[-95.1191,49.7257]],[[-95.1191,49.7257],[-95.0909,49.7272],[-95.0564,49.7145]],[[-95.1191,49.7257],[-95.0907,49.7302],[-95.0564,49.7145]],[[-94.5536,49.7757],[-94.4783,49.7916],[-94.3849,49.7998]],[[-94.3849,49.7998],[-94.3628,49.8029]],[[-94.3849,49.7998],[-94.3628,49.8029]],[[-94.3628,49.8029],[-94.3125,49.8104]],[[-94.1947,49.8088],[-94.117,49.8056],[-94.0847,49.8143],[-93.9413,49.8235],[-93.864,49.8403],[-93.8235,49.8373]],[[-94.287,49.8102],[-94.1947,49.8088]],[[-94.287,49.8102],[-94.2143,49.815],[-94.1947,49.8088]],[[-94.3125,49.8104],[-94.3048,49.8116]],[[-94.3125,49.8104],[-94.3048,49.8116]],[[-94.3048,49.8116],[-94.287,49.8102]],[[-93.7756,49.8332],[-93.5356,49.8235],[-93.4859,49.8292],[-93.4397,49.8573],[-93.4157,49.8601]],[[-93.8235,49.8373],[-93.8012,49.8288],[-93.7756,49.8332]],[[-93.8235,49.8373],[-93.7756,49.8332]],[[-93.331,49.8436],[-93.2813,49.8236],[-93.1984,49.8172],[-92.8999,49.8166],[-92.6553,49.757],[-92.4925,49.6933],[-92.4783,49.6699],[-92.4054,49.6128],[-92.2782,49.5923],[-92.2175,49.5627],[-92.1146,49.5434],[-92.0127,49.4939],[-91.9313,49.4689],[-91.8129,49.4716],[-91.7644,49.4608],[-91.6476,49.4234],[-91.522,49.348],[-91.4024,49.3244],[-91.2132,49.2623],[-91.1479,49.2662],[-90.9576,49.2322],[-90.9028,49.1867],[-90.788,49.1303],[-90.7744,49.1066],[-90.6926,49.0536],[-90.6443,49.042],[-90.47,49.0301],[-90.3843,48.9871],[-90.2748,48.9551],[-90.1432,48.936]],[[-93.4157,49.8601],[-93.389,49.8621],[-93.331,49.8436]],[[-93.4157,49.8601],[-93.4006,49.8665],[-93.3471,49.8592],[-93.331,49.8436]],[[-99.8182,50.0593],[-99.803,50.0595]],[[-99.803,50.0595],[-99.4197,50.0199],[-99.2231,50.011],[-98.8427,49.9581],[-98.7147,49.9471],[-98.1992,49.8679],[-96.9829,49.7212]],[[-99.8252,50.0633],[-99.8182,50.0593]],[[-99.8252,50.0633],[-99.803,50.0595]],[[-99.8392,50.0643],[-99.8182,50.0593]],[[-99.8392,50.0643],[-99.8252,50.0633]],[[-99.9976,50.0744],[-99.9951,50.0764]],[[-99.9951,50.0764],[-99.8392,50.0643]],[[-100.7274,50.1373],[-100.2733,50.0943],[-99.9951,50.0764]],[[-100.7338,50.1387],[-100.7274,50.1373]],[[-100.7338,50.1387],[-100.7274,50.1373]],[[-101.0362,50.1575],[-100.7338,50.1387]],[[-101.0769,50.1602],[-101.0649,50.1499],[-101.0362,50.1575]],[[-101.0769,50.1602],[-101.0362,50.1575]],[[-101.8242,50.2394],[-101.8132,50.2395]],[[-101.8132,50.2395],[-101.2031,50.1861],[-101.0769,50.1602]],[[-101.826,50.2407],[-101.8242,50.2394]],[[-101.826,50.2407],[-101.8132,50.2395]],[[-101.8599,50.2409],[-101.8242,50.2394]],[[-101.8599,50.2409],[-101.826,50.2407]],[[-104.1314,50.3671],[-104.122,50.3673]],[[-104.122,50.3673],[-103.609,50.3309],[-103.3522,50.3011],[-102.6856,50.2848],[-102.1835,50.2497],[-101.8599,50.2409]],[[-104.1334,50.3688],[-104.1314,50.3671]],[[-104.1334,50.3688],[-104.122,50.3673]],[[-104.1593,50.3704],[-104.1314,50.3671]],[[-104.1593,50.3704],[-104.1334,50.3688]],[[-104.6246,50.3917],[-104.4272,50.3947],[-104.1593,50.3704]],[[-104.653,50.4002],[-104.6523,50.3927],[-104.6246,50.3917]],[[-104.653,50.4002],[-104.6246,50.3917]],[[-106.9965,50.521],[-106.5564,50.4897],[-106.3272,50.4968],[-105.9912,50.4891],[-105.364,50.4548],[-105.2762,50.4566],[-104.8828,50.4113],[-104.7601,50.4003],[-104.653,50.4002]],[[-107.0132,50.5217],[-106.9965,50.521]],[[-107.0132,50.5217],[-106.9965,50.521]],[[-107.0631,50.5284],[-107.0132,50.5217]],[[-107.0631,50.5284],[-107.0132,50.5217]],[[-108.6288,50.6013],[-108.3976,50.5821],[-108.2602,50.5588],[-108.0491,50.5453],[-107.0631,50.5284]],[[-108.698,50.6065],[-108.6764,50.5984],[-108.6288,50.6013]],[[-108.698,50.6065],[-108.6288,50.6013]],[[-110.0093,50.6807],[-108.698,50.6065]]]},"properties":{"Pipeline_Name":"TC Canadian Mainline","Company":"TransCanada PipeLines Limited","Commodity":"Gas"}},{"type":"Feature","geometry":{"type":"MultiLineString","coordinates":[[[-97.9483,49.132],[-97.5537,49.0154],[-97.5327,49.001]],[[-97.9617,49.1379],[-97.962,49.1283],[-97.9483,49.132]],[[-97.9617,49.1379],[-97.9483,49.132]],[[-98.0235,49.152],[-97.9617,49.1379]],[[-98.3797,49.2598],[-98.0235,49.152]],[[-98.3797,49.2598],[-98.3323,49.2634],[-98.3225,49.2508],[-98.2578,49.2398],[-98.0699,49.2438],[-98.0573,49.2213],[-98.0359,49.2214],[-98.0235,49.152]],[[-98.9947,49.4606],[-98.3797,49.2598]],[[-99.0336,49.476],[-98.9947,49.4606]],[[-99.0336,49.476],[-98.9959,49.4766],[-98.9947,49.4606]],[[-99.0782,49.4876],[-99.0336,49.476]],[[-99.102,49.4941],[-99.1025,49.4862],[-99.0782,49.4876]],[[-99.102,49.4941],[-99.0782,49.4876]],[[-99.587,49.5728],[-99.2599,49.5364],[-99.102,49.4941]],[[-99.685,49.5807],[-99.6713,49.5718],[-99.587,49.5728]],[[-99.685,49.5807],[-99.587,49.5728]],[[-101.241,49.7486],[-101.2243,49.7519]],[[-101.241,49.7486],[-101.2372,49.753]],[[-101.2468,49.7488],[-101.241,49.7486]],[[-101.2243,49.7519],[-100.9191,49.7349],[-100.8962,49.7248],[-100.7017,49.7197],[-99.685,49.5807]],[[-101.2372,49.753],[-101.2243,49.7519]],[[-101.2418,49.7545],[-101.2468,49.7488]],[[-101.2418,49.7545],[-101.2372,49.753]],[[-101.2499,49.7585],[-101.2468,49.7488]],[[-101.2499,49.7585],[-101.2418,49.7545]],[[-101.696,49.8863],[-101.3207,49.7917],[-101.2499,49.7585]],[[-101.7905,49.9145],[-101.7238,49.8862],[-101.696,49.8863]],[[-101.7905,49.9145],[-101.696,49.8863]],[[-102.5523,50.0902],[-102.1371,50.0129],[-101.7905,49.9145]],[[-102.654,50.1036],[-102.6394,50.0901],[-102.5523,50.0902]],[[-102.654,50.1036],[-102.5523,50.0902]],[[-104.0445,50.3614],[-103.675,50.2524],[-103.5711,50.2433],[-103.4016,50.2097],[-102.8886,50.1473],[-102.654,50.1036]],[[-105.0264,50.5322],[-105.0201,50.5145],[-104.9347,50.4694],[-104.8645,50.4466],[-104.8357,50.4255],[-104.7322,50.3834],[-104.5381,50.3824],[-104.5232,50.3904],[-104.4271,50.3943],[-104.0445,50.3614]],[[-105.0264,50.5322],[-104.9388,50.4942],[-104.5947,50.4937],[-104.5927,50.4842],[-104.0445,50.3614]],[[-106.5779,51.1979],[-105.7998,50.8713],[-105.4486,50.6944],[-105.0264,50.5322]],[[-106.5879,51.2012],[-106.5779,51.1979]],[[-106.5879,51.2012],[-106.5779,51.1979]],[[-109.0284,51.8664],[-108.851,51.8005],[-108.6568,51.7497],[-106.9662,51.3499],[-106.5879,51.2012]],[[-109.0332,51.8689],[-109.0306,51.8697]],[[-109.0306,51.8697],[-109.0284,51.8664]],[[-109.0306,51.8697],[-109.0303,51.8711]],[[-109.04,51.8707],[-109.0284,51.8664]],[[-109.04,51.8707],[-109.0306,51.8697]],[[-109.0403,51.8747],[-109.04,51.8707]],[[-111.2408,52.6239],[-111.0162,52.5433],[-110.5661,52.4015],[-110.0486,52.2252],[-109.04,51.8707]],[[-111.2801,52.6312],[-111.2772,52.6233],[-111.2408,52.6239]],[[-113.3548,53.5422],[-113.327,53.5048],[-113.0738,53.2676],[-112.8491,53.1813],[-112.611,53.1197],[-111.2408,52.6239]]]},"properties":{"Pipeline_Name":"Enbridge Canadian Mainline","Company":"Enbridge Pipelines Inc.","Commodity":"Liquid"}},{"type":"Feature","geometry":{"type":"MultiLineString","coordinates":[[[-104.779,50.4069],[-104.7553,50.3898],[-104.0315,50.0975],[-103.8377,50.0632],[-103.7327,50.0196],[-103.4016,49.8424],[-103.2782,49.7944],[-103.1588,49.714],[-103.032,49.6656],[-102.8172,49.5556],[-102.705,49.5164],[-102.531,49.4287],[-102.32,49.3401],[-102.024,49.1963],[-101.8973,49.1168],[-101.589,48.9994]],[[-104.779,50.4069],[-104.7198,50.4632]],[[-113.1494,53.7462],[-113.1359,53.7378],[-112.7979,53.7338],[-112.6202,53.6694],[-112.1521,53.4688],[-112.1033,53.4688],[-112.1033,53.4538],[-111.9009,53.3665],[-111.8088,53.3091],[-111.5853,53.2206],[-111.5414,53.1863],[-111.3022,53.0652],[-110.9071,52.8938],[-110.8753,52.8818],[-110.822,52.8805],[-110.6811,52.758],[-110.6724,52.7254],[-110.5864,52.7155],[-110.5565,52.7006],[-110.4549,52.621],[-110.3915,52.6015],[-110.3168,52.5419],[-110.2406,52.4996],[-110.1151,52.4543],[-110.0094,52.3941],[-109.8737,52.3333],[-109.7559,52.2309],[-109.4731,52.1147],[-109.2218,51.9762],[-109.1917,51.9536],[-109.176,51.9224],[-109.133,51.9053],[-109.1248,51.8894],[-109.0482,51.8689],[-108.816,51.783],[-108.1078,51.6022],[-107.9961,51.5828],[-107.7848,51.5097],[-107.7094,51.5039],[-107.2205,51.3977],[-107.0041,51.3161],[-106.9286,51.3256],[-106.8826,51.3176],[-106.7675,51.2712],[-106.3845,51.0838],[-106.0143,50.9217],[-105.4388,50.6871],[-105.327,50.6485],[-105.1788,50.613],[-105.1,50.5482],[-104.779,50.4069]]]},"properties":{"Pipeline_Name":"Cochin Pipeline","Company":"PKM Cochin ULC","Commodity":"Liquid"}},{"type":"Feature","geometry":{"type":"MultiLineString","coordinates":[[[-116.0849,53.3741],[-116.321,53.3922],[-116.4266,53.4347],[-116.4756,53.501],[-116.5459,53.539],[-116.553,53.5716],[-116.5998,53.5955],[-116.5929,53.6571],[-116.6308,53.6896],[-116.6161,53.7502],[-116.627,53.8321],[-116.6169,53.9125],[-116.6504,53.9315],[-116.6624,53.9601],[-116.6072,54.0219],[-116.5613,54.041]],[[-113.1534,53.7503],[-113.1664,53.7518],[-113.1641,53.7635]],[[-113.1641,53.7635],[-113.0739,53.7667],[-113.0384,53.7597],[-113.0146,53.7388],[-112.8173,53.7377],[-112.7646,53.7239],[-112.2372,53.5117],[-112.152,53.469],[-112.0292,53.4264],[-111.901,53.3674],[-111.809,53.3094],[-111.5869,53.2211],[-111.5658,53.1984],[-111.2534,53.0434],[-110.907,52.894],[-110.8752,52.8822],[-110.8219,52.8807],[-110.6803,52.7582],[-110.6697,52.7251],[-110.5863,52.7157],[-110.4548,52.6211],[-110.3913,52.6016],[-110.3171,52.5422],[-110.2404,52.4998],[-110.1149,52.4545],[-109.8735,52.3335],[-109.7553,52.2308],[-109.4728,52.1149],[-109.2216,51.9763],[-109.1915,51.9537],[-109.1757,51.9221],[-109.1332,51.9053],[-109.125,51.8893],[-109.0522,51.8597],[-109.0194,51.8595],[-108.8157,51.7832],[-107.996,51.583],[-107.7847,51.5098],[-107.7089,51.504],[-107.2203,51.3978],[-107.0022,51.316],[-106.9286,51.3258],[-106.801,51.2907],[-106.2303,51.0537],[-106.1736,50.9966],[-106.013,50.9209],[-105.4377,50.687],[-105.3268,50.6487],[-105.1786,50.6132],[-105.0995,50.5482],[-104.9201,50.4627],[-104.7766,50.4078],[-104.7554,50.3902],[-104.0313,50.0976],[-103.8375,50.0634],[-103.7326,50.0198],[-103.4014,49.8427],[-103.2779,49.7945],[-103.1586,49.7141],[-103.0318,49.6657],[-102.8274,49.5621],[-102.7048,49.5166],[-102.5309,49.429],[-102.4912,49.4213],[-102.3199,49.3402],[-102.2686,49.3035],[-102.2387,49.2528],[-102.1358,49.2459],[-101.9738,49.1695],[-101.8971,49.117],[-101.5884,48.9993]],[[-115.1895,53.899],[-115.168,53.9175]],[[-115.168,53.9175],[-114.9802,53.8896],[-114.9192,53.8562],[-114.7867,53.8392],[-114.646,53.8392],[-114.3482,53.857],[-114.1667,53.8508],[-113.9563,53.8557],[-113.8423,53.8468],[-113.8187,53.838],[-113.6445,53.8325],[-113.4031,53.7674],[-113.2977,53.7599],[-113.1641,53.7635]],[[-116.5613,54.041],[-116.4687,54.0673],[-116.4103,54.1021],[-116.3081,54.1345],[-116.2194,54.185]],[[-116.5613,54.041],[-116.6116,54.0684],[-116.6251,54.091],[-116.5994,54.0975],[-116.5808,54.1511],[-116.5998,54.2986],[-116.5894,54.3112]],[[-117.2386,54.1354],[-117.2011,54.2413],[-117.2278,54.3386],[-117.2165,54.355],[-117.1624,54.385],[-117.1405,54.4149]],[[-115.6787,54.1786],[-115.6064,54.1652],[-115.4307,54.0886],[-115.4118,54.0622],[-115.3041,54.0089],[-115.2985,53.994],[-115.168,53.9175]],[[-116.2099,54.1839],[-116.2194,54.185]],[[-116.2194,54.185],[-116.1882,54.2164],[-116.1738,54.2752],[-116.1823,54.2847]],[[-115.7022,54.2833],[-115.6787,54.1786]],[[-116.1823,54.2847],[-116.0952,54.2672],[-116.0077,54.2265],[-115.94,54.2089],[-115.7868,54.191],[-115.7515,54.1776],[-115.6787,54.1786]],[[-116.1848,54.2851],[-116.1823,54.2847]],[[-116.5894,54.3112],[-116.5309,54.3143],[-116.1848,54.2851]],[[-116.8701,54.3464],[-116.8066,54.3665]],[[-117.1568,54.3506],[-117.1699,54.1887],[-117.1601,54.0103]],[[-116.8066,54.3665],[-116.6761,54.3472],[-116.5894,54.3112]],[[-117.448,54.4124],[-117.3384,54.4243],[-117.2369,54.4141],[-117.1405,54.4149]],[[-117.1405,54.4149],[-117.0101,54.3926],[-116.8807,54.3845],[-116.8066,54.3665]],[[-116.351,54.4173],[-116.1826,54.2939],[-116.1848,54.2851]],[[-117.7407,54.4349],[-117.7582,54.4236]],[[-117.7407,54.4349],[-117.6234,54.4041],[-117.5717,54.401],[-117.448,54.4124]],[[-116.7876,54.5157],[-116.8002,54.4583],[-116.7782,54.3848],[-116.8066,54.3665]],[[-117.4699,54.5252],[-117.448,54.4124]],[[-118.2343,54.5977],[-118.084,54.4647],[-118.0373,54.4596],[-117.9805,54.4406],[-117.7407,54.4349]],[[-118.2116,54.6136],[-118.2343,54.5977]],[[-119.1699,54.956],[-119.1916,54.953]],[[-119.1699,54.956],[-119.0948,54.9663]],[[-119.1879,54.9564],[-119.1699,54.956]],[[-119.0948,54.9663],[-119.0333,54.9526],[-118.9679,54.9126],[-118.7803,54.8604],[-118.7135,54.854],[-118.6346,54.83],[-118.5643,54.8329],[-118.5189,54.8218],[-118.4588,54.7724],[-118.4193,54.7629],[-118.3506,54.69],[-118.2343,54.5977]],[[-119.6299,55.0425],[-119.5761,55.0705],[-119.5614,55.0936],[-119.214,55.0933]],[[-119.214,55.0933],[-119.1224,55.0624],[-119.1148,54.98],[-119.0948,54.9663]],[[-119.2185,55.341],[-119.221,55.3378]],[[-119.2185,55.341],[-119.214,55.0933]],[[-119.4626,55.3485],[-119.4642,55.3459]],[[-119.4626,55.3485],[-119.228,55.3521]],[[-119.228,55.3521],[-119.2185,55.341]],[[-119.2018,55.3522],[-119.228,55.3521]],[[-118.4975,55.3801],[-118.5392,55.3697],[-118.6508,55.3717],[-118.8386,55.3554],[-119.0687,55.3607],[-119.2018,55.3522]],[[-119.8343,55.4173],[-119.7703,55.4256],[-119.6922,55.3998],[-119.5975,55.3967],[-119.5404,55.3672],[-119.4626,55.3485]],[[-119.0596,55.478],[-119.0745,55.4388],[-119.1121,55.3973],[-119.1323,55.3796],[-119.2018,55.3522]],[[-119.3471,55.6015],[-119.3529,55.52],[-119.3361,55.4368],[-119.3061,55.4193],[-119.3053,55.3883],[-119.228,55.3521]],[[-119.3438,55.6031],[-119.3471,55.6015]],[[-119.4053,55.7185],[-119.3977,55.6909],[-119.3588,55.6715],[-119.3471,55.6015]],[[-119.4012,55.7229],[-119.4053,55.7185]],[[-119.7524,55.8248],[-119.6374,55.8415],[-119.5947,55.8557]],[[-119.5921,55.8557],[-119.4817,55.842],[-119.4623,55.7922],[-119.4053,55.7185]],[[-119.5947,55.8557],[-119.5921,55.8557]],[[-119.7945,55.8841],[-119.7713,55.8816],[-119.749,55.8668],[-119.6313,55.8655],[-119.5947,55.8557]],[[-119.7945,55.8841],[-120.3759,55.9747],[-120.427,56.0082],[-120.4271,56.0558],[-120.4519,56.0713],[-120.4545,56.0964],[-120.4962,56.1076],[-120.537,56.1318],[-120.546,56.1629],[-120.5676,56.1739],[-120.6124,56.1739]],[[-119.7919,55.8922],[-119.7945,55.8841]],[[-119.426,56.1672],[-119.3816,56.1302],[-119.2937,56.0997],[-119.3839,56.0394],[-119.4094,55.9998],[-119.5858,55.9053],[-119.5921,55.8557]],[[-120.6124,56.1739],[-120.6524,56.1623],[-120.6682,56.1435]],[[-119.9286,56.3645],[-119.9875,56.3664]],[[-122.0765,56.9475],[-121.92,56.9534]],[[-121.9171,56.9517],[-121.9179,56.9149],[-121.9851,56.8826],[-121.9735,56.8346],[-121.8858,56.7794],[-121.8532,56.7315],[-121.2593,56.5509],[-121.1364,56.4674],[-121.065,56.4046],[-120.8509,56.29],[-120.8099,56.2729],[-120.684,56.258],[-120.6124,56.1739]]]},"properties":{"Pipeline_Name":"Alliance Pipeline","Company":"Alliance Pipeline Ltd.","Commodity":"Gas"}},{"type":"Feature","geometry":{"type":"LineString","coordinates":[[-113.3967,49.0027],[-113.389,48.9984]]},"properties":{"Pipeline_Name":"Aurora Pipeline","Company":"Aurora Pipe Line Company Ltd.","Commodity":"Liquid"}},{"type":"Feature","geometry":{"type":"LineString","coordinates":[[-113.3553,53.5419],[-113.0758,53.268],[-112.8497,53.1811],[-112.6113,53.1195],[-111.8283,52.8433],[-111.0794,52.565],[-110.7003,52.4482],[-109.8328,52.1467],[-109.449,52.0242],[-108.851,51.8004],[-107.7852,51.5472],[-107.2928,51.4198],[-106.9654,51.3497],[-106.7512,51.2706],[-105.7999,50.8712],[-105.4273,50.6851],[-105.1836,50.5984],[-104.9389,50.494],[-104.5947,50.4936],[-104.5928,50.4841],[-104.091,50.3758],[-103.7818,50.2765],[-103.6791,50.2526],[-103.5711,50.2431],[-103.4501,50.2144],[-102.8886,50.1471],[-102.6362,50.0979],[-102.228,50.0346],[-101.9066,49.9511],[-101.5848,49.8524],[-101.3209,49.7916],[-101.2374,49.753],[-100.9191,49.7348],[-100.8962,49.7247],[-100.6644,49.7187],[-100.5985,49.7013],[-100.4616,49.6892],[-99.6732,49.5776],[-99.2709,49.5387],[-99.0183,49.4707],[-98.4891,49.2935],[-97.5558,49.0171],[-97.5328,49.0007]]},"properties":{"Pipeline_Name":"Southern Lights Pipeline","Company":"Enbridge Southern Lights GP Inc. on behalf of Enbridge Southern Lights LP","Commodity":"Liquid"}},{"type":"Feature","geometry":{"type":"MultiLineString","coordinates":[[[-111.2776,52.6377],[-111.2644,52.6383]],[[-111.2644,52.6383],[-111.2687,52.5883],[-111.231,52.5564],[-111.2305,52.5086],[-111.2185,52.4997],[-111.2207,52.215],[-111.2151,52.173],[-111.1967,52.1476],[-111.198,52.0627],[-111.167,51.919],[-111.1635,51.2065],[-111.1875,51.0385],[-111.2106,51.0197],[-111.2032,50.9051],[-111.2504,50.855],[-111.2239,50.6854],[-111.214,50.2491],[-111.1526,50.1547],[-111.0017,50.029],[-110.9725,49.9893],[-110.8544,49.9316],[-110.7499,49.838],[-110.6609,49.6864],[-110.5647,49.5865],[-110.5175,49.4965],[-110.455,49.4541],[-110.3827,49.3629],[-110.3242,49.2736],[-110.2914,49.1948],[-110.2772,49.1006],[-110.2963,49.0217],[-110.2477,48.9991]],[[-111.2691,52.6428],[-111.2644,52.6383]]]},"properties":{"Pipeline_Name":"Express Pipeline","Company":"Express Pipeline Ltd.","Commodity":"Liquid"}},{"type":"Feature","geometry":{"type":"MultiLineString","coordinates":[[[-114.7404,51.9456],[-114.7404,51.944]],[[-114.526,51.4451],[-114.4705,51.032]],[[-109.57,50.3381],[-110.0026,50.6596],[-110.0502,50.6711],[-110.2837,50.7035],[-111.037,50.7102],[-111.2195,50.6998],[-111.5137,50.6987],[-111.5332,50.6902],[-111.8326,50.8236],[-112.0241,50.8734],[-112.6304,51.0969],[-114.208,51.5759],[-114.5402,51.7942],[-114.7404,51.944],[-114.6367,51.7745],[-114.5929,51.6663]],[[-114.185,50.1927],[-114.1831,50.1306],[-114.1278,49.9696],[-114.1389,49.8575],[-114.1599,49.8069]],[[-114.6563,49.6433],[-114.7027,49.6507],[-114.781,49.6415],[-114.7945,49.5705],[-114.788,49.5706]],[[-115.5189,49.2809],[-115.4715,49.2799],[-115.3037,49.3164],[-115.0617,49.2558],[-114.9856,49.2716],[-114.9265,49.3179],[-114.875,49.3386],[-114.8405,49.4195],[-114.7739,49.4493],[-114.8144,49.5145],[-114.7945,49.5705]],[[-116.1516,49.0662],[-116.1488,49.0597],[-116.0803,49.0831],[-116.0128,49.1447],[-116.0061,49.184],[-115.98,49.2022],[-115.9107,49.2173],[-115.8393,49.2502],[-115.7263,49.2445],[-115.5525,49.2862],[-115.5189,49.2809],[-115.5392,49.2927],[-115.6607,49.2603]],[[-116.1488,49.0597],[-116.1634,49.0359],[-116.1901,49.0275],[-116.186,49.0017]],[[-107.5431,48.9998],[-107.6205,49.0615],[-107.9315,49.2637],[-108.1975,49.4236],[-108.2433,49.4382],[-108.4681,49.641],[-108.5795,49.7259],[-108.7113,49.7789],[-108.8251,49.864],[-108.9383,49.9306],[-109.1232,50.0162],[-109.4807,50.2839],[-109.5727,50.3381]]]},"properties":{"Pipeline_Name":"Foothills System","Company":"Foothills Pipe Lines Ltd.","Commodity":"Gas"}},{"type":"Feature","geometry":{"type":"LineString","coordinates":[[-82.4572,42.9116],[-82.4378,42.912],[-82.4417,42.9009],[-82.4101,42.8859]]},"properties":{"Pipeline_Name":"Genesis Pipeline","Company":"Genesis Pipeline Canada Ltd.","Commodity":"Liquid"}},{"type":"Feature","geometry":{"type":"MultiLineString","coordinates":[[[-101.8833,49.4483],[-101.9102,49.436]],[[-101.8695,49.4231],[-101.9197,49.4329]],[[-101.867,49.4232],[-101.8612,49.4224]],[[-101.8669,49.4207],[-101.8356,49.4236],[-101.2394,49.754]],[[-101.8644,49.4206],[-101.8004,49.3996],[-101.7745,49.4195]],[[-101.8004,49.3996],[-101.77,49.391],[-101.7419,49.3628],[-101.7169,49.3863]],[[-101.7419,49.3628],[-101.7412,49.3613]],[[-101.6837,49.3426],[-101.6904,49.3355],[-101.7412,49.3613],[-101.7545,49.3327]],[[-102.592,49.3274],[-102.5591,49.3267]],[[-102.5967,49.3132],[-102.5892,49.325]],[[-102.7377,49.2942],[-102.6794,49.2907],[-102.6816,49.2986]],[[-103.338,49.4501],[-102.6395,49.2904],[-102.6683,49.3117]],[[-102.6794,49.2907],[-102.6366,49.2876],[-102.5932,49.2987],[-102.5935,49.313],[-102.5592,49.3159]],[[-101.6904,49.3355],[-101.6513,49.3035],[-101.6515,49.2856],[-101.6397,49.2975]],[[-101.8696,49.4206],[-102.1008,49.3579],[-102.4494,49.2452],[-102.495,49.2463],[-102.6366,49.2876],[-102.6413,49.2817]],[[-101.3924,49.1896],[-101.4097,49.1859]],[[-101.4021,49.1616],[-101.3906,49.1397],[-101.362,49.1308]]]},"properties":{"Pipeline_Name":"Westspur Pipeline","Company":"Kingston Midstream Westspur Limited","Commodity":"Liquid"}},{"type":"Feature","geometry":{"type":"MultiLineString","coordinates":[[[-108.9579,48.9997],[-108.4051,49.5599]],[[-102.6338,49.3172],[-102.633,49.1103],[-102.59,49.0491],[-102.5891,48.9993]],[[-108.4051,49.5599],[-108.3792,49.5595]],[[-108.4051,49.5599],[-107.7689,50.1786],[-107.7,50.2226],[-107.6404,50.2835],[-107.5203,50.3746],[-107.3662,50.4798],[-107.3093,50.5383]],[[-110.0253,50.0837],[-110.0163,50.0838]],[[-110.0056,51.7442],[-109.5717,51.6627]],[[-102.1006,51.8761],[-102.0079,51.88],[-101.8773,51.8669],[-101.7118,51.8668],[-101.5774,51.8799]],[[-110.029,52.2558],[-109.9677,52.2598],[-109.903,52.2809],[-109.7067,52.3187],[-109.5133,52.3451],[-109.1398,52.4342]],[[-110.029,53.2346],[-109.9608,53.2345],[-109.954,53.2562]],[[-110.0059,53.5065],[-109.943,53.455],[-109.94,53.3882]],[[-110.0292,54.3459],[-109.7775,54.3302],[-109.6931,54.3488],[-109.6031,54.3531]]]},"properties":{"Pipeline_Name":"Many Islands Pipeline","Company":"Many Islands Pipe Lines (Canada) Limited","Commodity":"Gas"}},{"type":"Feature","geometry":{"type":"LineString","coordinates":[[-73.5157,45.6339],[-73.374,45.62],[-73.2697,45.5877],[-73.2293,45.5643],[-73.1008,45.4358],[-72.981,45.3589],[-72.882,45.2609],[-72.7972,45.2125],[-72.6725,45.1192],[-72.4596,45.0086]]},"properties":{"Pipeline_Name":"Montreal Pipeline","Company":"Montreal Pipe Line Limited","Commodity":"Liquid"}},{"type":"Feature","geometry":{"type":"MultiLineString","coordinates":[[[-79.6335,43.5197],[-79.8018,43.322],[-79.771,43.265],[-79.7932,43.254],[-79.8216,43.1856],[-79.854,43.1682],[-79.8926,43.0689],[-79.9582,43.0551],[-80.0375,42.9385],[-80.0693,42.934],[-80.0795,42.9226],[-80.0565,42.8411]],[[-79.6335,43.5197],[-79.6151,43.5063]],[[-79.3456,43.6489],[-79.3494,43.6464]],[[-79.3456,43.6489],[-79.3341,43.6533]],[[-79.5798,43.6778],[-79.6269,43.6205],[-79.5854,43.5871],[-79.6335,43.5197]],[[-79.5798,43.6778],[-79.6087,43.6932]],[[-79.3719,43.7931],[-79.5331,43.7577],[-79.5798,43.6778]],[[-79.3719,43.7931],[-79.3387,43.7079],[-79.3637,43.6819],[-79.3456,43.6489]],[[-75.0146,44.997],[-75.2933,44.8808],[-75.5466,44.7166],[-75.6036,44.6702],[-75.614,44.6456],[-75.7897,44.5606],[-75.8832,44.4879],[-76.0693,44.4021],[-76.1372,44.3822],[-76.1678,44.3834],[-76.4266,44.3224],[-76.5446,44.2734],[-76.6331,44.2673],[-76.7201,44.2455],[-77.3921,44.2086],[-77.6347,44.1304],[-78.0022,44.0482],[-78.1781,44.024],[-78.3056,43.9867],[-78.6086,43.9491],[-78.6982,43.9517],[-78.8385,43.9298],[-78.8638,43.937],[-78.9691,43.9315],[-79.0433,43.9138],[-79.2206,43.8299],[-79.3719,43.7931]],[[-75.0146,44.997],[-75.6756,45.2951],[-75.7161,45.3384]],[[-73.8374,45.5894],[-73.9258,45.5485],[-73.9951,45.4973],[-74.0529,45.4779],[-74.0463,45.4697],[-74.0677,45.4411],[-74.717,45.0384],[-74.7727,45.0375],[-74.8311,45.0517],[-74.9477,45.026],[-75.0146,44.997]],[[-73.8374,45.5894],[-73.987,45.6804],[-73.9702,45.6921],[-73.9742,45.7118]],[[-73.8294,45.5905],[-73.8374,45.5894]],[[-73.8294,45.5905],[-73.751,45.5059],[-73.7766,45.4781]],[[-73.6019,45.6134],[-73.6172,45.6078],[-73.6281,45.6191]],[[-73.6019,45.6134],[-73.6169,45.6261],[-73.6281,45.6191]],[[-73.6019,45.6134],[-73.5668,45.6349],[-73.5316,45.6291]],[[-73.6281,45.6191],[-73.646,45.6254],[-73.8294,45.5905]],[[-73.5316,45.6291],[-73.5227,45.6263]],[[-73.5318,45.6309],[-73.5316,45.6291]]]},"properties":{"Pipeline_Name":"Trans-Northern Pipeline","Company":"Trans-Northern Pipelines Inc.","Commodity":"Liquid"}},{"type":"Feature","geometry":{"type":"MultiLineString","coordinates":[[[-111.2651,52.6445],[-111.2641,52.6421]],[[-111.2651,52.6445],[-111.2505,52.6406],[-111.2686,52.5883],[-111.2312,52.5576],[-111.2301,52.5078],[-111.2185,52.5014],[-111.221,52.3574],[-111.1902,52.3422],[-111.1187,52.3326],[-110.9739,52.2104],[-110.7765,52.1061],[-110.693,52.0943],[-110.671,52.0402],[-110.6343,51.9962],[-110.6022,51.885],[-110.555,51.8006],[-110.524,51.4032],[-110.5252,51.1354],[-110.4826,50.9036],[-110.4592,50.8827],[-110.3754,50.8711],[-110.2356,50.7986],[-110.0552,50.7944],[-110.0286,50.7793],[-110.0198,50.6823],[-108.8873,50.6241],[-108.3976,50.5825],[-108.2601,50.5591],[-108.0491,50.5456],[-107.8504,50.5392],[-107.5432,50.5459],[-107.1251,50.5346],[-106.5564,50.4899],[-106.1417,50.4938],[-105.3269,50.453],[-105.2763,50.4569],[-104.7616,50.4006],[-104.6405,50.4006],[-104.6258,50.3922],[-104.5573,50.39],[-104.4271,50.395],[-103.9294,50.3495],[-103.6093,50.3312],[-103.3522,50.3013],[-103.1445,50.3011],[-102.9798,50.2869],[-102.7399,50.2879],[-102.1596,50.2477],[-101.7254,50.2362],[-101.4887,50.207],[-101.203,50.1864],[-101.0738,50.1601],[-100.5684,50.1265],[-100.2845,50.0954],[-99.8831,50.0729],[-99.5785,50.0315],[-99.2231,50.0113],[-98.7147,49.9474],[-98.3959,49.893],[-98.0063,49.8465],[-98.0156,49.5323],[-98.0473,49.5126],[-98.0472,49.4816],[-98.0279,49.4687],[-98.0278,49.2955],[-97.991,49.2753],[-97.9917,49.2364],[-98.0264,49.2222],[-98.0271,49.1002],[-97.9591,49.0009]],[[-111.2651,52.6445],[-111.2769,52.6454]]]},"properties":{"Pipeline_Name":"Keystone Pipeline","Company":"South Bow GP (Canada) Ltd.","Commodity":"Liquid"}},{"type":"Feature","geometry":{"type":"LineString","coordinates":[[-82.3709,42.9521],[-82.346,42.9475],[-82.1975,42.966],[-82.076,42.9944],[-81.6872,43.0463],[-80.7374,43.2419],[-80.4814,43.2804],[-80.4547,43.2767],[-79.9468,43.3685],[-79.9004,43.3673],[-79.6011,43.6419],[-79.5312,43.7571],[-79.1895,43.8385],[-79.1396,43.8388],[-79.096,43.8801],[-79.0361,43.8992],[-78.9038,43.9666],[-78.5674,43.9568],[-78.2783,43.9903],[-78.0079,44.0452],[-77.7173,44.1293],[-77.388,44.2133],[-76.7674,44.293],[-76.4307,44.3218],[-76.1266,44.3987],[-75.6564,44.6546],[-75.3783,44.8521],[-74.8448,45.0789],[-74.7946,45.0905],[-74.7362,45.1256],[-74.4715,45.3052],[-74.3978,45.509],[-74.3472,45.5419],[-74.3383,45.5696],[-74.2549,45.5845],[-74.135,45.5741],[-74.0624,45.6236],[-73.9982,45.6453],[-73.9919,45.6713],[-73.9352,45.7148],[-73.8472,45.7435],[-73.7584,45.7253],[-73.6305,45.7207],[-73.6199,45.6778],[-73.595,45.6835],[-73.5518,45.6418]]},"properties":{"Pipeline_Name":"Enbridge Line 9","Company":"Enbridge Pipelines Inc.","Commodity":"Liquid"}},{"type":"Feature","geometry":{"type":"LineString","coordinates":[[-118.8539,59.0671],[-118.851,59.077],[-118.9274,59.127],[-119.1266,59.3047],[-119.2569,59.481],[-119.3947,59.6407],[-119.6405,59.8806],[-119.7031,59.9512],[-119.7612,59.9823],[-120.2284,60.5022],[-120.3397,60.6382],[-120.517,60.8875],[-120.5765,61.0051],[-120.6887,61.1656],[-121.1902,61.7348],[-121.1741,61.8616],[-121.7519,62.02],[-121.8529,62.0261],[-121.9188,62.0611],[-122.3302,62.1493],[-122.6139,62.2995],[-122.8769,62.3697],[-122.8964,62.3991],[-122.9525,62.4089],[-123.0323,62.5587],[-123.1664,63.0397],[-123.2053,63.0835],[-123.2194,63.131],[-123.3048,63.2092],[-123.3613,63.2157],[-123.3895,63.2413],[-123.4741,63.3798],[-123.6167,63.4718],[-123.6087,63.6152],[-123.6472,63.6241],[-123.8201,63.7842],[-123.917,63.8285],[-124.0046,63.8902],[-124.103,63.9262],[-124.1598,63.9962],[-124.3062,64.0208],[-124.2941,64.0443],[-124.36,64.1342],[-124.3722,64.1867],[-124.4445,64.2799],[-124.5974,64.3371],[-124.6075,64.3665],[-124.6947,64.4023],[-124.7522,64.4421],[-124.7509,64.4871],[-124.8444,64.631],[-124.8437,64.6849],[-124.9518,64.742],[-124.9489,64.7825],[-124.9909,64.8275],[-125.1371,64.8956],[-125.5811,64.912],[-125.6209,64.9332],[-125.6341,64.9579],[-125.6968,64.9888],[-125.9869,65.0312],[-126.0531,65.0585],[-126.0919,65.0903],[-126.1343,65.1009],[-126.1405,65.1212],[-126.2888,65.1662],[-126.5059,65.228],[-126.8227,65.296],[-126.8491,65.2995],[-126.8871,65.2898]]},"properties":{"Pipeline_Name":"Norman Wells Pipeline","Company":"Enbridge Pipelines (NW) Inc.","Commodity":"Liquid"}},{"type":"Feature","geometry":{"type":"MultiLineString","coordinates":[[[-122.2259,49.0028],[-122.1622,49.0655]],[[-122.1622,49.0655],[-122.1989,49.075]],[[-122.1989,49.075],[-122.2027,49.0766]],[[-122.1989,49.075],[-122.2618,49.0779],[-122.4594,49.1288],[-122.8234,49.199],[-122.852,49.255],[-122.912,49.2644]],[[-122.912,49.2644],[-122.9523,49.2718],[-122.9503,49.2908]],[[-122.912,49.2644],[-122.891,49.2784]],[[-119.3082,51.8113],[-119.3447,51.7362],[-119.4353,51.676],[-119.6556,51.6713],[-119.6861,51.6502],[-119.6974,51.6061],[-119.7349,51.5867],[-119.8732,51.5934],[-119.983,51.6453],[-120.0368,51.6481],[-120.0839,51.6348],[-120.1305,51.5694],[-120.1879,51.5639],[-120.218,51.5439],[-120.2255,51.4589],[-120.1776,51.3391],[-120.1805,51.258],[-120.1588,51.2342],[-120.1569,51.1957],[-120.1915,51.1753],[-120.2421,51.0527],[-120.2568,50.9247],[-120.278,50.8811],[-120.325,50.818],[-120.3387,50.7705],[-120.3626,50.7608],[-120.3741,50.7335],[-120.4292,50.7113],[-120.4051,50.627],[-120.4129,50.6106],[-120.3612,50.5028],[-120.4497,50.3299],[-120.4619,50.2741],[-120.5336,50.226],[-120.6106,50.2286],[-120.6271,50.2217],[-120.7384,50.136],[-120.7412,50.1105],[-120.8898,50.0051],[-120.9283,49.9671],[-120.9104,49.9463],[-120.9143,49.9234],[-120.9029,49.884],[-120.9385,49.8173],[-120.9894,49.7744],[-121.0114,49.7443],[-121.0003,49.6367],[-121.0806,49.5868],[-121.1682,49.4915],[-121.2401,49.4933],[-121.2751,49.4453],[-121.3036,49.4348],[-121.3199,49.3863],[-121.3303,49.3822],[-121.3758,49.3839],[-121.457,49.3667],[-121.5674,49.3607],[-121.6553,49.2969],[-121.6756,49.2674],[-121.6772,49.2462],[-121.6921,49.2169],[-121.7373,49.1912],[-122.0199,49.1017],[-122.0443,49.0779],[-122.1622,49.0655]],[[-119.3041,51.8129],[-119.3082,51.8113]],[[-119.2974,51.8135],[-119.3041,51.8129]],[[-119.2974,51.8135],[-119.3082,51.8113]],[[-119.2956,51.8152],[-119.3041,51.8129]],[[-119.2956,51.8152],[-119.2974,51.8135]],[[-117.2971,53.5213],[-117.4891,53.4503],[-117.6418,53.3642],[-117.6999,53.3255],[-117.7418,53.2776],[-117.8274,53.235],[-117.8543,53.2127],[-117.909,53.2146],[-117.9672,53.1842],[-118.0322,53.1124],[-118.0613,53.087],[-118.0952,53.0752],[-118.1237,53.0441],[-118.1,52.9987],[-118.0553,52.9652],[-118.0423,52.9276],[-118.0755,52.8711],[-118.1381,52.8597],[-118.2192,52.8628],[-118.3551,52.8877],[-118.4405,52.8853],[-118.4599,52.8917],[-118.5746,52.8477],[-118.7007,52.8795],[-118.7892,52.913],[-118.8185,52.9324],[-119.0671,53.012],[-119.1983,53.0303],[-119.3181,52.9723],[-119.3691,52.9724],[-119.3823,52.9625],[-119.3836,52.9429],[-119.2931,52.8681],[-119.2874,52.8154],[-119.2527,52.7788],[-119.2664,52.7292],[-119.2574,52.7096],[-119.2057,52.6728],[-119.1937,52.6513],[-119.0938,52.5844],[-119.1147,52.5369],[-119.1123,52.4975],[-119.14,52.4816],[-119.1353,52.4542],[-119.1784,52.385],[-119.1819,52.2929],[-119.244,52.1838],[-119.3081,52.1089],[-119.3363,52.0066],[-119.3487,51.9486],[-119.2845,51.8285],[-119.2956,51.8152]],[[-117.2874,53.5246],[-117.2971,53.5213]],[[-117.2874,53.5246],[-117.2971,53.5213]],[[-117.0828,53.5333],[-117.2141,53.5477],[-117.2874,53.5246]],[[-117.0383,53.5384],[-117.0828,53.5333]],[[-117.0383,53.5384],[-117.0525,53.5301],[-117.0828,53.5333]],[[-113.3643,53.5417],[-113.3789,53.5091],[-113.4452,53.4819],[-113.4893,53.477],[-113.5361,53.481],[-113.6269,53.5151],[-113.9493,53.5368],[-113.9831,53.556],[-114.0515,53.5512],[-114.4297,53.5693],[-114.5238,53.5637],[-114.5504,53.5795],[-114.8774,53.5812],[-115.1327,53.5945],[-115.3533,53.5924],[-115.779,53.6174],[-115.9197,53.616],[-115.9926,53.5961],[-116.2191,53.6008],[-116.2998,53.5896],[-116.3768,53.5985],[-116.471,53.5956],[-116.5296,53.5816],[-116.6499,53.5762],[-116.6706,53.5709],[-116.7046,53.5457],[-116.8506,53.5392],[-116.9542,53.5464],[-117.0383,53.5384]]]},"properties":{"Pipeline_Name":"Trans Mountain Pipeline","Company":"Trans Mountain Pipeline ULC","Commodity":"Liquid"}},{"type":"Feature","geometry":{"type":"LineString","coordinates":[[-65.9766,45.2157],[-65.9715,45.2575],[-66.0412,45.3066],[-66.093,45.2917],[-66.1063,45.2581],[-66.2091,45.1965],[-66.2657,45.2081],[-66.3259,45.2034],[-66.3618,45.182],[-66.4117,45.1932],[-66.5411,45.1856],[-66.6866,45.2023],[-66.7982,45.2796],[-66.8974,45.2617],[-66.948,45.2649],[-66.9741,45.2773],[-67.0675,45.262],[-67.2262,45.2576],[-67.2679,45.2677],[-67.2986,45.252],[-67.4069,45.2371],[-67.4346,45.2235]]},"properties":{"Pipeline_Name":"Brunswick Pipeline","Company":"Emera Brunswick Pipeline Company Ltd.","Commodity":"Gas"}},{"type":"Feature","geometry":{"type":"MultiLineString","coordinates":[[[-61.6555,45.2117],[-61.6148,45.1732]],[[-61.6555,45.2117],[-61.711,45.2615],[-61.7532,45.272],[-61.9969,45.3061],[-62.0438,45.3209],[-62.2117,45.3011],[-62.25,45.3046],[-62.4512,45.3749],[-62.5732,45.379],[-62.6296,45.3958],[-62.673,45.4344],[-62.7492,45.4487],[-62.77,45.4673],[-62.8037,45.4767]],[[-66.9965,45.4611],[-67.1135,45.4071],[-67.2618,45.3938],[-67.3674,45.3397],[-67.4139,45.2812],[-67.4371,45.2219]],[[-66.9965,45.4611],[-66.9287,45.4094],[-66.8287,45.3616],[-66.7651,45.2506],[-66.6819,45.2009],[-66.5401,45.185],[-66.4062,45.1927],[-66.3794,45.1821],[-66.3556,45.1839],[-66.3232,45.2035],[-66.2639,45.2079],[-66.2091,45.1965],[-66.1589,45.2229],[-66.1246,45.2311],[-66.0534,45.2841],[-66.0212,45.2729],[-66.0096,45.2786]],[[-62.8037,45.4767],[-62.8232,45.4466],[-62.9216,45.3725],[-62.9247,45.3551],[-62.9548,45.346],[-63.0668,45.2613],[-63.1045,45.199],[-63.1786,45.1516],[-63.2505,45.0231],[-63.4306,44.9439],[-63.4516,44.8844],[-63.5136,44.8572],[-63.5454,44.8559],[-63.5822,44.8333],[-63.5838,44.8114],[-63.5985,44.8038],[-63.5583,44.7479],[-63.5837,44.719]],[[-62.8037,45.4767],[-62.8418,45.554],[-62.8602,45.5611],[-62.8838,45.5959],[-62.9528,45.6347],[-63.2303,45.6861],[-63.2891,45.6831],[-63.3195,45.691],[-63.3582,45.6831],[-63.5175,45.7123],[-63.5719,45.6997],[-63.6034,45.7037],[-63.7856,45.77],[-63.865,45.8473],[-64.0092,45.9333],[-64.0758,45.9547],[-64.2791,46.0535],[-64.4193,46.0992],[-64.5272,46.174],[-64.6094,46.1841]],[[-61.337,45.5823],[-61.3325,45.5675],[-61.3902,45.5386],[-61.4219,45.4963],[-61.5135,45.4684],[-61.5604,45.4268],[-61.5616,45.3602],[-61.6624,45.2537],[-61.6555,45.2117]],[[-64.6094,46.1841],[-64.6864,46.1279],[-64.7676,46.1291]],[[-64.6094,46.1841],[-64.6951,46.2015],[-64.7723,46.2357],[-64.9431,46.2361],[-65.0566,46.1929],[-65.3345,46.1603],[-65.5057,46.1791],[-65.8394,46.2536],[-65.8556,46.2435],[-66.0203,46.2193],[-66.0832,46.1828],[-66.4357,46.0604],[-66.4655,45.9653],[-66.7105,45.7519],[-66.783,45.6476],[-66.8877,45.5624],[-66.9706,45.4726],[-66.9965,45.4611]]]},"properties":{"Pipeline_Name":"M&NP Pipeline","Company":"Maritimes & Northeast Pipeline Management Ltd.","Commodity":"Gas"}},{"type":"Feature","geometry":{"type":"MultiLineString","coordinates":[[[-72.778,45.2194],[-72.7727,45.2616]],[[-72.7727,45.2616],[-72.8991,45.246],[-72.9234,45.2649],[-72.9578,45.2627],[-72.9844,45.2671],[-72.9888,45.2782],[-73.0797,45.2904],[-73.0897,45.2483],[-73.1218,45.2239],[-73.1551,45.2427],[-73.2271,45.2503]],[[-72.7727,45.2616],[-72.7167,45.3276],[-72.7175,45.358]],[[-72.7175,45.358],[-72.5912,45.323],[-72.3595,45.3236],[-72.3493,45.2871],[-72.1288,45.2931],[-72.0851,45.255],[-72.0798,45.2272],[-72.0953,45.1875],[-72.045,45.1561],[-71.9112,45.1643],[-71.5945,45.1594],[-71.5713,45.13],[-71.5363,45.1174],[-71.5344,45.0909],[-71.5153,45.0775],[-71.4946,45.0315]],[[-74.1249,45.3713],[-74.0624,45.4746],[-74.013,45.5004],[-73.9974,45.4979],[-73.963,45.5361],[-73.9294,45.5423],[-73.9406,45.6277],[-73.9243,45.6359]],[[-73.9243,45.6359],[-73.8622,45.6035]],[[-73.9243,45.6359],[-73.9504,45.6569],[-73.9163,45.6838]],[[-73.9163,45.6838],[-73.8621,45.7144],[-73.7557,45.7115],[-73.6257,45.7276],[-73.5684,45.7167],[-73.5284,45.7264]],[[-73.9163,45.6838],[-73.9984,45.7492]],[[-73.5284,45.7264],[-73.517,45.6901],[-73.4614,45.6767],[-73.4026,45.6231],[-73.376,45.6372],[-73.3472,45.6151],[-73.334,45.6172],[-73.2911,45.5847],[-73.2565,45.5337],[-73.1597,45.4849],[-73.0508,45.4081],[-72.8527,45.383],[-72.8459,45.3683],[-72.7175,45.358]],[[-73.5284,45.7264],[-73.5042,45.7433],[-73.5019,45.7547],[-73.4474,45.7792],[-73.4338,45.7741],[-73.321,45.9202]],[[-73.321,45.9202],[-73.3485,45.9381],[-73.3739,45.9837],[-73.4217,46.0138]],[[-73.321,45.9202],[-73.1831,46.1142],[-72.9692,46.2635]],[[-72.9692,46.2635],[-72.963,46.2643]],[[-72.9692,46.2635],[-72.9578,46.2716]],[[-72.963,46.2643],[-72.9533,46.2617]],[[-72.963,46.2643],[-72.9578,46.2716]],[[-72.9578,46.2716],[-72.9325,46.2815],[-72.8995,46.2794],[-72.8476,46.299],[-72.6545,46.3427]],[[-72.6545,46.3427],[-72.613,46.3144],[-72.5898,46.3229],[-72.5714,46.3142]],[[-72.6545,46.3427],[-72.6054,46.3621],[-72.5502,46.4148],[-72.5146,46.4305],[-72.3227,46.4817],[-72.2125,46.5865],[-72.1453,46.6016],[-72.0045,46.6506],[-71.8929,46.7012],[-71.8484,46.7044],[-71.7802,46.686],[-71.703,46.6874],[-71.4911,46.7515]],[[-71.4911,46.7515],[-71.3864,46.6614]],[[-71.4911,46.7515],[-71.4687,46.7528]]]},"properties":{"Pipeline_Name":"TQM Pipeline","Company":"Trans Qu\u00e9bec and Maritimes Pipeline Inc.","Commodity":"Gas"}},{"type":"Feature","geometry":{"type":"LineString","coordinates":[[-82.4703,42.7909],[-82.4186,42.7799],[-82.4189,42.7664],[-82.3583,42.7622],[-82.3102,42.7388],[-82.2277,42.7196]]},"properties":{"Pipeline_Name":"Vector Pipeline","Company":"Vector Pipeline Limited Partnership","Commodity":"Gas"}},{"type":"Feature","geometry":{"type":"LineString","coordinates":[[-104.5665,50.4818],[-104.4755,50.46],[-104.4849,50.3606],[-104.6114,49.5407],[-104.6281,49.3739],[-104.615,49.1656],[-104.6645,49.1033],[-104.7155,48.999]]},"properties":{"Pipeline_Name":"Wascana Pipeline","Company":"Plains Midstream Canada ULC","Commodity":"Liquid"}},{"type":"Feature","geometry":{"type":"MultiLineString","coordinates":[[[-114.0399,49.3066],[-114.0012,49.2785],[-113.8603,49.2139],[-113.771,49.187],[-113.6077,49.1122],[-113.3636,49.0248]],[[-114.0125,49.3073],[-114.0399,49.3066]],[[-114.0125,49.3073],[-113.8122,49.3131]],[[-114.0046,49.3086],[-114.0125,49.3073]],[[-113.8062,49.3101],[-113.8122,49.3131]],[[-113.8122,49.3131],[-113.7741,49.3198],[-113.4497,49.5243],[-113.2809,49.6682],[-113.1736,49.7349]],[[-111.014,49.5014],[-110.9764,49.5235],[-110.973,49.5665],[-110.9561,49.5878],[-110.9534,49.7469]],[[-112.8549,49.5233],[-112.848,49.5437],[-112.9067,49.5634],[-113.0713,49.6695],[-113.1629,49.7128],[-113.1736,49.7349]],[[-114.5722,49.6274],[-114.5637,49.6292]],[[-114.5637,49.6292],[-114.6563,49.6433]],[[-112.4659,49.6343],[-112.7754,49.6395]],[[-114.3051,49.6359],[-114.3479,49.6154],[-114.4349,49.6018],[-114.4851,49.6239],[-114.5637,49.6292]],[[-114.3051,49.6359],[-114.2808,49.5612],[-114.2579,49.5473],[-114.194,49.4416],[-114.0399,49.3066]],[[-113.1736,49.7349],[-113.071,49.7703],[-113.0695,49.7849],[-113.049,49.7952]],[[-112.5567,49.7425],[-112.5564,49.7856]],[[-110.9534,49.7469],[-110.9534,49.7607],[-110.9203,49.7763],[-110.9112,49.821],[-110.8948,49.8369]],[[-111.2375,49.749],[-110.9534,49.7469]],[[-113.049,49.7952],[-112.9062,49.8879]],[[-113.0492,49.7978],[-113.049,49.7952]],[[-110.8874,49.8369],[-110.8948,49.8369]],[[-110.8948,49.8369],[-110.8936,49.8951],[-110.7612,50.0087]],[[-112.734,49.8822],[-112.7914,49.9241],[-112.7944,49.9532]],[[-112.9062,49.8879],[-112.7944,49.9532]],[[-112.9128,49.8892],[-112.9062,49.8879]],[[-112.7944,49.9532],[-112.781,49.9612]],[[-112.781,49.9612],[-112.5747,50.0906]],[[-112.8717,50.004],[-112.781,49.9612]],[[-110.167,50.0049],[-110.2639,50.193]],[[-110.7612,50.0087],[-110.7429,50.0292],[-110.7207,50.0316],[-110.7248,50.0701]],[[-110.8464,50.0114],[-110.7612,50.0087]],[[-112.4609,50.0116],[-112.5294,50.0699]],[[-112.5054,50.0589],[-112.5294,50.0699]],[[-112.5294,50.0699],[-112.5747,50.0906]],[[-110.7248,50.0701],[-110.7223,50.0708]],[[-110.7248,50.0701],[-110.7322,50.0915]],[[-112.5747,50.0906],[-112.5302,50.1186]],[[-110.7212,50.091],[-110.7268,50.0804]],[[-110.7212,50.091],[-110.7137,50.0917]],[[-110.7322,50.0915],[-110.7212,50.091]],[[-111.1083,50.0985],[-111.0414,50.1391]],[[-110.8685,50.105],[-110.8653,50.1448]],[[-110.4393,50.1137],[-110.482,50.1933]],[[-112.5302,50.1186],[-112.4191,50.2009]],[[-111.9081,50.1295],[-111.9254,50.1425],[-112.2319,50.1386]],[[-112.2242,50.1302],[-112.2319,50.1386]],[[-112.2319,50.1386],[-112.3908,50.2223]],[[-111.0414,50.1391],[-110.8942,50.141]],[[-111.0414,50.1391],[-111.1868,50.2136],[-111.2639,50.3214]],[[-110.8942,50.141],[-110.8653,50.1448]],[[-110.8932,50.1425],[-110.8942,50.141]],[[-110.8653,50.1448],[-110.8414,50.1474]],[[-110.8414,50.1474],[-110.7628,50.1547]],[[-110.7628,50.1547],[-110.7316,50.1573]],[[-110.7316,50.1573],[-110.7322,50.0915]],[[-110.7316,50.1573],[-110.6652,50.1629]],[[-110.6652,50.1629],[-110.5564,50.1668],[-110.482,50.1933]],[[-110.8455,50.1636],[-110.8414,50.1474]],[[-110.0939,50.1669],[-110.2639,50.193]],[[-111.0508,50.1866],[-111.0414,50.1391]],[[-110.2639,50.193],[-110.2577,50.3239]],[[-110.482,50.1933],[-110.3947,50.2336]],[[-112.4191,50.2009],[-112.3908,50.2223]],[[-110.6606,50.2028],[-110.6652,50.1629]],[[-112.4394,50.2208],[-112.4191,50.2009]],[[-110.7608,50.2219],[-110.7628,50.1547]],[[-111.5459,50.2221],[-111.4795,50.2926]],[[-112.3908,50.2223],[-112.2047,50.347]],[[-110.3947,50.2336],[-110.2577,50.3239]],[[-112.8914,50.2704],[-112.825,50.2738],[-112.7651,50.2518],[-112.669,50.2108],[-112.5302,50.1186]],[[-111.4705,50.2801],[-111.4795,50.2926]],[[-110.4694,50.2814],[-110.4654,50.2829]],[[-110.4654,50.2829],[-110.3947,50.2336]],[[-110.4654,50.2829],[-110.3017,50.315]],[[-112.0049,50.291],[-112.116,50.31],[-112.1461,50.3274],[-112.1574,50.3691]],[[-111.4795,50.2926],[-111.4472,50.2936],[-111.4062,50.3169],[-111.2639,50.3214]],[[-111.4795,50.2926],[-111.555,50.3972]],[[-110.5936,50.2933],[-110.5061,50.3094],[-110.4654,50.2829]],[[-110.3014,50.3128],[-110.3017,50.315]],[[-110.3017,50.315],[-110.2572,50.3274]],[[-111.2639,50.3214],[-111.2848,50.4404],[-111.2825,50.4851]],[[-110.2577,50.3239],[-110.2572,50.3274]],[[-110.2548,50.3279],[-110.2572,50.3274]],[[-110.2548,50.3279],[-110.198,50.4559]],[[-110.1414,50.3373],[-110.2548,50.3279]],[[-112.2047,50.347],[-112.1574,50.3691]],[[-112.1574,50.3691],[-112.0312,50.4333],[-111.9166,50.5187]],[[-111.7007,50.3928],[-111.555,50.3972]],[[-111.555,50.3972],[-111.5746,50.4327]],[[-112.4573,50.4289],[-112.4125,50.4696]],[[-111.5861,50.4315],[-111.5746,50.4327]],[[-111.5746,50.4327],[-111.6152,50.5334]],[[-111.8598,50.442],[-111.9166,50.5187]],[[-110.2096,50.4552],[-110.198,50.4559]],[[-110.198,50.4559],[-110.1033,50.5731]],[[-112.4125,50.4696],[-112.3117,50.4266],[-112.2528,50.3682],[-112.2047,50.347]],[[-111.2825,50.4851],[-111.2795,50.514]],[[-111.4475,50.4851],[-111.2825,50.4851]],[[-111.1728,50.4856],[-111.2825,50.4851]],[[-111.289,50.5135],[-111.2795,50.514]],[[-111.2795,50.514],[-111.2789,50.5743]],[[-111.9166,50.5187],[-111.9098,50.5225]],[[-111.9098,50.5225],[-111.9073,50.5214]],[[-111.9098,50.5225],[-111.9014,50.5272]],[[-111.6533,50.5247],[-111.6152,50.5334]],[[-111.9014,50.5272],[-111.7825,50.5941]],[[-111.6152,50.5334],[-111.6287,50.5573]],[[-111.7549,50.5378],[-111.7637,50.5759],[-111.7825,50.5941]],[[-111.6287,50.5573],[-111.6983,50.6291]],[[-111.6287,50.5573],[-111.5748,50.6221],[-111.5383,50.6943]],[[-114.2908,50.5631],[-114.2257,50.3834],[-114.1842,50.2018],[-114.1835,50.1306],[-114.1278,49.9694],[-114.1389,49.8575],[-114.1662,49.7624],[-114.2226,49.7013],[-114.2627,49.6846],[-114.2739,49.6577],[-114.3051,49.6359]],[[-110.1033,50.5731],[-110.0309,50.6808]],[[-111.2789,50.5743],[-111.2808,50.6309]],[[-110.0901,50.5768],[-110.1033,50.5731]],[[-114.1517,50.5937],[-114.1689,50.5817],[-114.2908,50.5631]],[[-111.7825,50.5941],[-111.6983,50.6291]],[[-111.9657,50.6288],[-111.9705,50.6004],[-111.9543,50.5659],[-111.9014,50.5272]],[[-111.6983,50.6291],[-111.5919,50.6715]],[[-111.2808,50.6309],[-111.2895,50.6298]],[[-111.2808,50.6309],[-111.2745,50.7018]],[[-111.4113,50.6597],[-111.3898,50.7005]],[[-110.0249,50.66],[-110.0192,50.6629]],[[-110.0192,50.6629],[-110.0051,50.6599]],[[-110.0192,50.6629],[-110.0264,50.6759]],[[-110.0192,50.6629],[-110.0137,50.6806]],[[-111.5919,50.6715],[-111.5538,50.6898]],[[-111.5967,50.6727],[-111.5919,50.6715]],[[-113.0835,50.6747],[-113.0494,50.6786],[-112.9834,50.6605],[-112.9307,50.6586],[-112.7757,50.5798],[-112.632,50.5791],[-112.6129,50.5579],[-112.5822,50.5538],[-112.4899,50.5146],[-112.4125,50.4696]],[[-111.7584,50.6755],[-111.6983,50.6291]],[[-110.0137,50.6806],[-110.0094,50.6808]],[[-110.0309,50.6808],[-110.0171,50.681]],[[-110.0171,50.681],[-110.016,50.6796]],[[-110.0171,50.681],[-110.0137,50.6806]],[[-110.0868,50.6842],[-110.0883,50.6752]],[[-110.0868,50.6842],[-110.0309,50.6808]],[[-110.1041,50.6863],[-110.0868,50.6842]],[[-110.1202,50.6877],[-110.1041,50.6863]],[[-110.1202,50.6877],[-110.1041,50.6863]],[[-111.5538,50.6898],[-111.5383,50.6943]],[[-111.5538,50.6898],[-111.5382,50.6976]],[[-114.3275,50.6925],[-114.2908,50.5631]],[[-111.5383,50.6943],[-111.5382,50.6976]],[[-111.5383,50.6943],[-111.5343,50.6989]],[[-111.5382,50.6976],[-111.5343,50.6989]],[[-111.5382,50.6976],[-111.5386,50.6992]],[[-111.5343,50.6989],[-111.5308,50.6995]],[[-111.5386,50.6992],[-111.5343,50.6989]],[[-111.5308,50.6995],[-111.5386,50.6992]],[[-111.5308,50.6995],[-111.3898,50.7005]],[[-111.3898,50.7005],[-111.3228,50.7035]],[[-111.2745,50.7018],[-111.1839,50.7026]],[[-111.1839,50.7026],[-111.1827,50.5746],[-111.2789,50.5743]],[[-111.1839,50.7026],[-111.0247,50.7106]],[[-112.1074,50.7031],[-112.1043,50.7037]],[[-111.3228,50.7035],[-111.2745,50.7018]],[[-110.4884,50.7037],[-110.4212,50.704]],[[-111.0225,50.7037],[-111.0219,50.7104]],[[-110.3121,50.7038],[-110.1789,50.6839],[-110.1202,50.6877]],[[-110.4212,50.704],[-110.3121,50.7038]],[[-110.7745,50.7056],[-110.7747,50.7034]],[[-110.7745,50.7056],[-110.7415,50.7063]],[[-110.8358,50.7061],[-110.8164,50.7061]],[[-110.8164,50.7061],[-110.7745,50.7056]],[[-110.8455,50.7062],[-110.8358,50.7061]],[[-110.7415,50.7063],[-110.4884,50.7037]],[[-110.4855,50.7071],[-110.4884,50.7037]],[[-110.8164,50.7087],[-110.8164,50.7061]],[[-111.0219,50.7104],[-110.9997,50.7105]],[[-110.9997,50.7105],[-110.8455,50.7062]],[[-111.0247,50.7106],[-111.0219,50.7104]],[[-111.0247,50.7106],[-110.9997,50.7105]],[[-110.8383,50.7171],[-110.8455,50.7062]],[[-110.8383,50.7171],[-110.8358,50.7061]],[[-111.3207,50.718],[-111.3228,50.7035]],[[-111.6426,50.7377],[-111.5386,50.6992]],[[-112.0828,50.7393],[-111.9305,50.8512]],[[-114.4934,50.7495],[-114.3275,50.6925]],[[-111.6733,50.7502],[-111.6426,50.7377]],[[-110.3104,50.7568],[-110.3121,50.7038]],[[-111.6424,50.7602],[-111.6426,50.7377]],[[-111.7356,50.7779],[-111.6733,50.7502]],[[-110.737,50.7797],[-110.7415,50.7063]],[[-110.836,50.7836],[-110.8383,50.7171]],[[-111.7757,50.7858],[-111.7656,50.7914]],[[-111.7656,50.7914],[-111.7356,50.7779]],[[-111.8978,50.8046],[-111.8705,50.8375]],[[-111.6918,50.8116],[-111.7356,50.7779]],[[-111.8705,50.8375],[-111.7656,50.7914]],[[-112.7967,50.8377],[-112.6334,50.8485],[-112.4583,50.8435],[-112.4374,50.9217]],[[-111.9305,50.8512],[-111.8705,50.8375]],[[-112.0342,50.8611],[-112.0243,50.8736]],[[-111.9736,50.8619],[-111.9305,50.8512]],[[-110.4584,50.8624],[-110.4212,50.704]],[[-110.4284,50.8638],[-110.4584,50.8624]],[[-111.798,50.8686],[-111.8385,50.8703],[-111.8705,50.8375]],[[-111.9366,50.8701],[-111.9305,50.8512]],[[-112.0243,50.8736],[-111.9736,50.8619]],[[-111.6898,50.8976],[-111.6448,50.9184]],[[-111.5482,50.8984],[-111.5361,50.7848],[-111.5478,50.7593],[-111.5308,50.6995]],[[-110.6332,50.8988],[-110.5442,50.8931],[-110.4818,50.8997]],[[-110.4818,50.8997],[-110.4584,50.8624]],[[-111.9209,50.9011],[-111.9418,50.9022]],[[-111.9418,50.9022],[-111.9492,50.9034]],[[-111.9492,50.9034],[-111.9736,50.8619]],[[-111.5264,50.9069],[-111.5482,50.8984]],[[-111.5139,50.9081],[-111.5264,50.9069]],[[-111.9731,50.9107],[-111.9492,50.9034]],[[-112.4469,50.9177],[-112.4374,50.9217]],[[-111.6448,50.9184],[-111.6733,50.7502]],[[-111.6448,50.9184],[-111.5789,50.95]],[[-111.3912,50.9216],[-111.4867,50.9182],[-111.5264,50.9069]],[[-112.4374,50.9217],[-112.3779,51.0084]],[[-112.2261,50.9263],[-112.2261,50.9448]],[[-111.8829,50.9407],[-111.9259,50.9247],[-111.9418,50.9022]],[[-112.2261,50.9448],[-112.0243,50.8736]],[[-111.5789,50.95],[-111.5482,50.8984]],[[-112.2531,50.954],[-112.2261,50.9448]],[[-111.5911,50.9776],[-111.5789,50.95]],[[-111.5911,50.9776],[-111.5921,50.9795]],[[-111.5871,50.9777],[-111.5911,50.9776]],[[-112.2419,50.9791],[-112.2531,50.954]],[[-112.4615,51.0018],[-112.4459,51.0338]],[[-112.3779,51.0084],[-112.2531,50.954]],[[-113.1739,51.0086],[-113.064,51.0106],[-113.0525,51.0181],[-112.9536,51.0243]],[[-111.3916,51.0092],[-111.5921,50.9795]],[[-111.6122,51.0219],[-111.6237,51.0164],[-111.6448,50.9184]],[[-111.6122,51.0219],[-111.5921,50.9795]],[[-112.9534,51.0227],[-112.9536,51.0243]],[[-111.6127,51.0235],[-111.6122,51.0219]],[[-111.6424,51.0242],[-111.6127,51.0235]],[[-112.9536,51.0243],[-112.8027,51.096]],[[-112.4459,51.0338],[-112.3779,51.0084]],[[-111.6246,51.0664],[-111.6127,51.0235]],[[-112.5639,51.0728],[-112.5906,51.0313],[-112.6283,51.0111],[-112.6295,50.9976],[-112.6652,50.9684]],[[-112.5639,51.0728],[-112.4459,51.0338]],[[-111.9129,51.0815],[-111.8608,51.0383],[-111.6246,51.0664]],[[-114.4674,51.0925],[-114.4714,51.0947]],[[-114.4714,51.0947],[-114.4721,51.0347],[-114.3667,50.867],[-114.3573,50.7678],[-114.3275,50.6925]],[[-112.8158,51.0955],[-112.8027,51.096]],[[-112.8027,51.096],[-112.7531,51.1335]],[[-112.63,51.0981],[-112.5639,51.0728]],[[-112.6415,51.1005],[-112.6431,51.0987]],[[-112.6415,51.1005],[-112.63,51.0981]],[[-112.6445,51.1021],[-112.6415,51.1005]],[[-112.6445,51.1021],[-112.708,51.1514]],[[-112.3547,51.1248],[-112.4459,51.0338]],[[-114.479,51.1324],[-114.4714,51.0947]],[[-112.7531,51.1335],[-112.6445,51.1021]],[[-112.7531,51.1335],[-112.708,51.1514]],[[-114.5795,51.1391],[-114.5679,51.1321],[-114.479,51.1324]],[[-112.708,51.1514],[-112.7036,51.1508]],[[-112.708,51.1514],[-112.7973,51.213]],[[-112.0523,51.1753],[-111.9981,51.2078],[-111.8203,51.2432]],[[-111.6517,51.1913],[-111.6246,51.0664]],[[-111.6528,51.2004],[-111.6517,51.1913]],[[-110.3404,51.2106],[-110.4011,51.211]],[[-110.4011,51.211],[-110.5222,51.2119]],[[-110.1673,51.2118],[-110.3404,51.2106]],[[-112.5315,51.2118],[-112.63,51.0981]],[[-110.5222,51.2119],[-110.5256,51.1354],[-110.4818,50.8997]],[[-110.3404,51.2125],[-110.3404,51.2106]],[[-112.7973,51.213],[-112.9008,51.271]],[[-111.3547,51.2155],[-111.4711,51.2194],[-111.5698,51.2367],[-111.6517,51.1913]],[[-114.6468,51.2199],[-114.493,51.2205]],[[-114.493,51.2205],[-114.479,51.1324]],[[-111.8203,51.2432],[-111.6517,51.1913]],[[-110.4012,51.2518],[-110.4011,51.211]],[[-113.1987,51.2647],[-113.1916,51.2649]],[[-113.1916,51.2649],[-112.7531,51.1335]],[[-112.9008,51.271],[-112.9708,51.3216]],[[-112.067,51.3025],[-111.8203,51.2432]],[[-112.6529,51.3058],[-112.7973,51.213]],[[-112.9708,51.3216],[-113.1141,51.4164]],[[-113.382,51.3235],[-113.3837,51.3213]],[[-113.382,51.3235],[-113.1916,51.2649]],[[-110.5253,51.3292],[-110.5222,51.2119]],[[-110.5253,51.3292],[-110.6684,51.3324]],[[-112.2781,51.3413],[-112.067,51.3025]],[[-112.2727,51.3468],[-112.2781,51.3413]],[[-112.7702,51.3586],[-112.9008,51.271]],[[-112.7702,51.3586],[-112.8125,51.3665],[-112.8317,51.3569],[-112.9003,51.3526],[-112.9708,51.3216]],[[-112.3532,51.3593],[-112.2781,51.3413]],[[-110.2871,51.3643],[-110.5245,51.3663]],[[-112.7697,51.3662],[-112.7702,51.3586]],[[-110.5245,51.3663],[-110.5253,51.3292]],[[-114.0323,51.4013],[-114.0223,51.4074]],[[-114.0223,51.4074],[-114.016,51.3978]],[[-114.0223,51.4074],[-114.0131,51.4329],[-113.9828,51.4402],[-113.9189,51.4891]],[[-110.5273,51.4249],[-110.5245,51.3663]],[[-110.515,51.4252],[-110.5273,51.4249]],[[-113.1367,51.4298],[-113.1369,51.4279]],[[-113.1367,51.4298],[-113.1141,51.4164]],[[-112.0504,51.4403],[-112.0645,51.4215],[-112.067,51.3025]],[[-110.5266,51.4448],[-110.5273,51.4249]],[[-110.5677,51.4449],[-110.5266,51.4448]],[[-111.6033,51.4458],[-111.6528,51.2004]],[[-111.576,51.4486],[-111.6033,51.4458]],[[-111.7898,51.4513],[-111.7887,51.4306],[-111.6528,51.2004]],[[-111.8017,51.4561],[-111.7922,51.4505]],[[-111.8017,51.4561],[-111.7898,51.4513]],[[-111.8073,51.466],[-111.8017,51.4561]],[[-111.8073,51.466],[-111.7898,51.4513]],[[-113.8933,51.4816],[-113.382,51.3235]],[[-113.9189,51.4891],[-113.8933,51.4816]],[[-113.2179,51.5011],[-113.1367,51.4298]],[[-113.8715,51.5087],[-113.8933,51.4816]],[[-114.5357,51.5151],[-114.493,51.2205]],[[-113.0046,51.5179],[-113.1141,51.4164]],[[-113.0094,51.521],[-113.0046,51.5179]],[[-112.6782,51.524],[-112.7231,51.6093]],[[-113.2813,51.5318],[-113.2179,51.5011]],[[-113.2772,51.5322],[-113.2813,51.5318]],[[-114.3295,51.5345],[-114.5357,51.5151]],[[-114.3295,51.5345],[-114.3275,51.5333]],[[-114.2042,51.5372],[-114.3295,51.5345]],[[-110.5405,51.562],[-110.5266,51.4448]],[[-110.5673,51.562],[-110.5405,51.562]],[[-111.3581,51.5714],[-111.364,51.5802]],[[-114.8516,51.5722],[-114.7391,51.5403],[-114.6506,51.5351],[-114.5994,51.5195],[-114.5357,51.5151]],[[-114.2038,51.5762],[-113.9189,51.4891]],[[-114.2066,51.5769],[-114.2038,51.5762]],[[-114.2048,51.5779],[-114.2066,51.5769]],[[-114.2048,51.5779],[-114.2038,51.5762]],[[-111.364,51.5802],[-111.5738,51.5472],[-111.6033,51.4458]],[[-113.8385,51.5815],[-113.9189,51.4891]],[[-114.2139,51.5817],[-114.2066,51.5769]],[[-114.2139,51.5817],[-114.2048,51.5779]],[[-110.7526,51.5916],[-110.5425,51.6193]],[[-113.3808,51.5924],[-113.2813,51.5318]],[[-110.4721,51.5987],[-110.4621,51.6181]],[[-111.2416,51.6011],[-111.364,51.5802]],[[-112.7231,51.6093],[-112.8606,51.634]],[[-112.7231,51.6093],[-112.5987,51.6126],[-112.5054,51.6414],[-112.4157,51.6208],[-112.3568,51.6187]],[[-110.4621,51.6181],[-110.5425,51.6193]],[[-110.4621,51.6181],[-110.2855,51.6114],[-110.265,51.6628],[-110.1443,51.7636],[-110.005,51.7441]],[[-110.5425,51.6193],[-110.5405,51.562]],[[-114.0753,51.6201],[-114.0837,51.6227]],[[-111.8848,51.6205],[-111.8379,51.504],[-111.8073,51.466]],[[-114.0837,51.6227],[-114.2048,51.5779]],[[-114.4833,51.6247],[-114.3565,51.6785]],[[-112.8639,51.6338],[-112.949,51.6281],[-112.9579,51.619],[-113.0612,51.6071],[-113.2179,51.5011]],[[-112.8639,51.6338],[-112.8831,51.6011],[-113.0046,51.5179]],[[-112.8606,51.634],[-112.8639,51.6338]],[[-113.3128,51.6347],[-113.3808,51.5924]],[[-113.3128,51.6347],[-113.3347,51.6416]],[[-114.0492,51.6365],[-114.0837,51.6227]],[[-114.0492,51.6365],[-113.5967,51.8053],[-113.5888,51.795]],[[-112.8649,51.6369],[-112.8639,51.6338]],[[-114.593,51.6669],[-114.5357,51.5151]],[[-111.8958,51.6706],[-111.9098,51.6708]],[[-111.9098,51.6708],[-111.8848,51.6205]],[[-111.9138,51.6777],[-111.9098,51.6708]],[[-114.3565,51.6785],[-114.2139,51.5817]],[[-110.667,51.6862],[-110.656,51.6936],[-110.5516,51.6992]],[[-114.4754,51.6887],[-114.424,51.7243]],[[-112.2228,51.6911],[-112.0831,51.6352],[-112.0669,51.6208],[-111.9734,51.6275],[-111.8848,51.6205]],[[-113.2181,51.6924],[-113.3128,51.6347]],[[-110.5516,51.6992],[-110.5425,51.6193]],[[-111.4708,51.7177],[-111.594,51.734],[-111.7061,51.7273],[-111.7482,51.7224],[-111.8457,51.6855],[-111.9138,51.6777]],[[-114.4191,51.7208],[-114.3565,51.6785]],[[-112.3901,51.7219],[-112.4675,51.7398]],[[-114.424,51.7243],[-114.4191,51.7208]],[[-114.4255,51.7258],[-114.424,51.7243]],[[-114.4255,51.7258],[-114.4191,51.7208]],[[-114.1345,51.7367],[-114.0492,51.6365]],[[-112.4675,51.7398],[-112.5576,51.7381],[-112.6197,51.7269],[-112.7462,51.6784],[-112.7468,51.6711],[-112.7735,51.6706],[-112.8606,51.634]],[[-114.1342,51.7402],[-114.1345,51.7367]],[[-113.549,51.7486],[-113.5086,51.6926],[-113.4517,51.6417],[-113.3808,51.5924]],[[-113.2642,51.7815],[-113.4059,51.7867]],[[-113.4027,51.7867],[-113.4059,51.7867]],[[-113.4059,51.7867],[-113.549,51.7486]],[[-110.8089,51.7942],[-110.5586,51.8019]],[[-113.5888,51.795],[-113.549,51.7486]],[[-113.5856,51.7968],[-113.5888,51.795]],[[-114.6606,51.7988],[-114.656,51.7989]],[[-114.656,51.7989],[-114.593,51.6669]],[[-110.5586,51.8019],[-110.5516,51.6992]],[[-112.4576,51.8159],[-112.4675,51.7398]],[[-114.5761,51.8228],[-114.4255,51.7258]],[[-110.949,51.8248],[-110.7623,51.9594]],[[-114.5829,51.828],[-114.5813,51.7637],[-114.5932,51.7607],[-114.5932,51.7415],[-114.5801,51.7332],[-114.5905,51.7084],[-114.581,51.6692],[-114.593,51.6669]],[[-114.5829,51.828],[-114.5761,51.8228]],[[-114.0765,51.8522],[-114.1318,51.8117],[-114.1345,51.7367]],[[-114.7505,51.8549],[-114.6855,51.8621]],[[-114.6148,51.8567],[-114.5829,51.828]],[[-114.6148,51.8567],[-114.5761,51.8228]],[[-112.0289,51.8611],[-111.9138,51.6777]],[[-112.0289,51.8611],[-112.0755,51.9412]],[[-114.6855,51.8621],[-114.656,51.7989]],[[-110.5896,51.8667],[-110.5586,51.8019]],[[-110.5857,51.8667],[-110.5896,51.8667]],[[-112.8857,51.8706],[-112.8384,51.872]],[[-112.8384,51.872],[-112.8322,51.7515],[-112.8606,51.634]],[[-114.9861,51.8726],[-114.81,51.8805],[-114.7796,51.8863],[-114.7254,51.9178]],[[-112.839,51.8735],[-112.8384,51.872]],[[-112.839,51.8735],[-112.7881,51.8944],[-112.7175,51.9456],[-112.7023,51.9693],[-112.6774,51.9723],[-112.6061,51.9747],[-112.3949,51.9565],[-112.1483,51.9616],[-112.0755,51.9412]],[[-114.6427,51.8751],[-114.6855,51.8621]],[[-114.6427,51.8751],[-114.6148,51.8567]],[[-114.4001,51.897],[-114.4027,51.9191]],[[-111.7451,51.9158],[-111.8443,51.9118],[-111.9168,51.8838],[-112.0289,51.8611]],[[-114.7254,51.9178],[-114.6855,51.8621]],[[-114.7254,51.9178],[-114.7096,51.9255]],[[-114.4027,51.9191],[-114.5388,51.9254]],[[-114.3938,51.9195],[-114.4027,51.9191]],[[-114.5388,51.9254],[-114.6427,51.8751]],[[-114.7096,51.9255],[-114.6427,51.8751]],[[-114.5388,51.927],[-114.5388,51.9254]],[[-111.0988,51.9407],[-111.0926,51.962]],[[-114.7289,51.941],[-114.7096,51.9255]],[[-114.7376,51.9427],[-114.7254,51.9178]],[[-114.7376,51.9427],[-114.7289,51.941]],[[-114.7408,51.9479],[-114.7376,51.9427]],[[-114.7408,51.9479],[-114.7289,51.941]],[[-110.7673,51.9592],[-110.7623,51.9594]],[[-110.7623,51.9594],[-110.6315,51.9678]],[[-111.0926,51.962],[-110.7623,51.9594]],[[-114.7316,51.9654],[-114.733,51.9641]],[[-114.7316,51.9654],[-114.7464,51.9655]],[[-114.7464,51.9655],[-114.7408,51.9479]],[[-114.7301,51.9658],[-114.7316,51.9654]],[[-110.6315,51.9678],[-110.5896,51.8667]],[[-111.1739,51.9815],[-111.0926,51.962]],[[-114.746,51.9833],[-114.7464,51.9655]],[[-114.7406,51.9844],[-114.746,51.9833]],[[-115.1331,52.0366],[-114.9718,52.1124]],[[-112.7653,52.0696],[-112.7667,52.0464],[-112.8432,51.9246],[-112.839,51.8735]],[[-111.0108,52.0779],[-110.9147,52.119],[-110.8643,52.1526]],[[-110.6953,52.0966],[-110.6345,51.9962],[-110.6315,51.9678]],[[-110.6953,52.0966],[-110.4931,52.1955]],[[-110.7001,52.1029],[-110.6953,52.0966]],[[-114.9718,52.1124],[-114.7408,51.9479]],[[-112.1593,52.1436],[-112.0755,51.9412]],[[-115.3245,52.152],[-115.2998,52.1519],[-115.1271,52.217]],[[-110.8643,52.1526],[-110.7726,52.1083],[-110.6953,52.0966]],[[-110.4931,52.1955],[-110.2678,52.2249]],[[-115.1271,52.217],[-114.9718,52.1124]],[[-110.2678,52.2249],[-110.2678,52.2292]],[[-110.2678,52.2249],[-110.029,52.2557]],[[-115.1812,52.2261],[-115.166,52.241]],[[-111.7901,52.2324],[-111.808,52.2216],[-112.1593,52.1436]],[[-115.166,52.241],[-115.1271,52.217]],[[-112.5799,52.2816],[-112.1888,52.2823]],[[-112.1888,52.2823],[-112.1593,52.1436]],[[-115.2465,52.2844],[-115.166,52.241]],[[-112.1979,52.3032],[-112.1888,52.2823]],[[-112.2038,52.3042],[-112.1979,52.3032]],[[-111.1256,52.3319],[-110.9785,52.2143],[-110.8643,52.1526]],[[-114.818,52.3586],[-114.7759,52.238],[-114.7431,52.2108],[-114.746,51.9833]],[[-114.818,52.3586],[-114.9647,52.3659],[-115.0409,52.4119]],[[-115.3872,52.4023],[-115.2465,52.2844]],[[-114.7064,52.406],[-114.7641,52.3738],[-114.818,52.3586]],[[-115.0409,52.4119],[-115.2465,52.2844]],[[-114.4072,52.4139],[-114.4272,52.443],[-114.5529,52.5414]],[[-112.2334,52.4375],[-112.1979,52.3032]],[[-110.3176,52.4401],[-110.3503,52.4134],[-110.3512,52.3441],[-110.3322,52.3183],[-110.3325,52.2867],[-110.2678,52.2249]],[[-111.2755,52.4455],[-111.0142,52.5547]],[[-114.6723,52.4505],[-114.7446,52.4967]],[[-112.234,52.4559],[-112.2334,52.4375]],[[-112.234,52.4559],[-112.1879,52.4601],[-112.1873,52.4685],[-112.1621,52.4727],[-112.1383,52.4704]],[[-114.8689,52.4678],[-114.8422,52.3902],[-114.818,52.3586]],[[-110.9336,52.47],[-110.9087,52.4783]],[[-114.8199,52.4722],[-114.8291,52.4741]],[[-114.8291,52.4741],[-114.8689,52.4678]],[[-110.9087,52.4783],[-110.8024,52.4225],[-110.5433,52.2446],[-110.4931,52.1955]],[[-115.2074,52.4797],[-115.2006,52.4605],[-115.2584,52.4455],[-115.3117,52.4158],[-115.3872,52.4023]],[[-114.9893,52.4947],[-114.9956,52.4451],[-115.0409,52.4119]],[[-114.7446,52.4967],[-114.8291,52.4741]],[[-112.2337,52.5219],[-112.234,52.4559]],[[-112.0481,52.5243],[-112.2337,52.5219]],[[-114.5529,52.5414],[-114.7446,52.4967]],[[-113.2709,52.5526],[-113.0789,52.6005],[-113.0529,52.57],[-113.0031,52.5624],[-112.823,52.5753],[-112.7578,52.5721],[-112.541,52.5189],[-112.4169,52.4626],[-112.3574,52.4475],[-112.2334,52.4375]],[[-111.0142,52.5547],[-110.9087,52.4783]],[[-111.0376,52.5727],[-111.0142,52.5547]],[[-112.2288,52.5792],[-112.2249,52.578]],[[-111.6711,52.613],[-111.6718,52.6101],[-111.6692,52.6101],[-111.6711,52.613]],[[-111.6711,52.613],[-111.6112,52.644],[-111.501,52.727],[-111.4288,52.7607],[-111.3816,52.7989],[-111.3778,52.8138]],[[-114.3752,52.6255],[-114.5529,52.5414]],[[-110.1721,52.6538],[-110.2331,52.6974]],[[-110.5128,52.6784],[-110.581,52.778],[-110.6091,52.7803],[-110.6954,52.8149]],[[-110.2854,52.6932],[-110.2331,52.6974]],[[-110.2331,52.6974],[-110.2925,52.7569],[-110.3482,52.7851],[-110.4629,52.8774]],[[-114.5147,52.7166],[-114.3752,52.6255]],[[-114.5147,52.7166],[-114.5123,52.7203]],[[-114.5348,52.728],[-114.5147,52.7166]],[[-114.1451,52.7303],[-114.3752,52.6255]],[[-114.1461,52.7317],[-114.1451,52.7303]],[[-115.7208,52.7401],[-115.6473,52.662],[-115.5149,52.5499],[-115.3872,52.4023]],[[-114.1221,52.7551],[-114.1253,52.7386],[-114.1451,52.7303]],[[-115.6656,52.7752],[-115.6744,52.7591],[-115.7208,52.7401]],[[-112.2166,52.7853],[-112.233,52.6815],[-112.2337,52.5219]],[[-112.3716,52.7989],[-112.2166,52.7853]],[[-112.1951,52.806],[-112.2155,52.8063]],[[-112.2155,52.8063],[-112.2166,52.7853]],[[-111.3778,52.8138],[-111.1866,52.6933],[-111.0376,52.5727]],[[-110.6954,52.8149],[-110.7469,52.754],[-111.0376,52.5727]],[[-111.714,52.845],[-111.6978,52.8508]],[[-111.6978,52.8508],[-111.5568,52.9299]],[[-110.4629,52.8774],[-110.6954,52.8149]],[[-115.117,52.89],[-114.9327,52.6318],[-114.8711,52.4989],[-114.8689,52.4678]],[[-115.3218,52.9061],[-115.2949,52.9111],[-115.2572,52.9362],[-115.257,52.9814],[-115.2141,53.0064]],[[-111.8877,52.9299],[-111.6978,52.8508]],[[-111.5568,52.9299],[-111.3778,52.8138]],[[-114.8365,52.9394],[-115.117,52.89]],[[-111.6843,52.9739],[-111.6247,52.9892]],[[-110.777,52.9743],[-110.6721,52.9892],[-110.6732,52.8844],[-110.6954,52.8149]],[[-111.6247,52.9892],[-111.5568,52.9299]],[[-115.2141,53.0064],[-115.186,52.9994],[-115.117,52.89]],[[-115.9744,53.0108],[-115.9598,53.0157]],[[-115.9598,53.0157],[-115.9311,52.9354],[-115.8884,52.8693],[-115.7777,52.8006],[-115.7208,52.7401]],[[-110.1522,53.0176],[-110.3464,52.9474],[-110.4629,52.8774]],[[-112.1848,53.0198],[-112.2155,52.8063]],[[-112.1848,53.0198],[-112.1877,53.02]],[[-112.1584,53.1056],[-112.1848,53.0198]],[[-112.0582,53.1149],[-112.1584,53.1056]],[[-112.1546,53.1249],[-112.1584,53.1056]],[[-112.1541,53.1328],[-112.1546,53.1249]],[[-112.1539,53.1346],[-112.1541,53.1328]],[[-112.1535,53.1374],[-112.1539,53.1346]],[[-112.1535,53.1374],[-112.1546,53.1249]],[[-112.1844,53.1386],[-112.1541,53.1328]],[[-112.1844,53.1386],[-112.1539,53.1346]],[[-112.319,53.1593],[-112.1844,53.1386]],[[-111.7791,53.1823],[-111.6959,53.0629],[-111.6247,52.9892]],[[-111.7791,53.1823],[-112.0822,53.1854],[-112.1363,53.2012]],[[-115.7488,53.1823],[-115.7088,53.1919],[-115.6365,53.1916]],[[-115.6362,53.1898],[-115.6365,53.1916]],[[-115.4995,53.1911],[-115.2141,53.0064]],[[-115.6365,53.1916],[-115.4995,53.1911]],[[-111.9087,53.1948],[-111.7987,53.2191]],[[-116.2158,53.1952],[-116.1881,53.199]],[[-112.1393,53.198],[-112.1535,53.1374]],[[-116.1881,53.199],[-116.1098,53.1521],[-116.0494,53.0897],[-115.9598,53.0157]],[[-116.1881,53.199],[-116.2953,53.3217]],[[-112.1363,53.2012],[-112.1393,53.198]],[[-112.1363,53.2012],[-112.1393,53.2024]],[[-112.1393,53.2024],[-112.1393,53.198]],[[-112.1386,53.2043],[-112.1393,53.2024]],[[-112.1386,53.2043],[-112.1363,53.2012]],[[-116.8058,53.2061],[-116.7587,53.2038],[-116.6311,53.2278],[-116.5875,53.2609],[-116.4248,53.2618],[-116.3058,53.3287]],[[-111.7987,53.2191],[-111.7791,53.1823]],[[-111.7987,53.2206],[-111.7987,53.2191]],[[-111.773,53.2254],[-111.7987,53.2206]],[[-115.5609,53.2537],[-115.4995,53.1911]],[[-115.5609,53.2537],[-115.552,53.254]],[[-111.9206,53.2694],[-111.9072,53.2773],[-111.8347,53.2823]],[[-111.8347,53.2823],[-111.7987,53.2206]],[[-116.3058,53.3287],[-116.2953,53.3217]],[[-116.1597,53.3306],[-116.1734,53.3238],[-116.2953,53.3217]],[[-116.1597,53.3306],[-116.1552,53.3298]],[[-111.3281,53.3328],[-111.5907,53.2768],[-111.7791,53.1823]],[[-111.2427,53.3378],[-111.2826,53.3577]],[[-111.2826,53.3577],[-111.323,53.3436],[-111.3281,53.3328]],[[-115.6445,53.3694],[-115.5609,53.2537]],[[-116.0843,53.372],[-116.1597,53.3306]],[[-115.6079,53.3857],[-115.6445,53.3694]],[[-111.3312,53.4149],[-111.3281,53.3328]],[[-115.7078,53.4528],[-115.6445,53.3694]],[[-111.9287,53.4806],[-111.9361,53.4787]],[[-111.9287,53.4806],[-111.8347,53.2823]],[[-115.6106,53.4849],[-115.6249,53.4849],[-115.6718,53.4541],[-115.7078,53.4528]],[[-116.8065,53.5008],[-116.786,53.5056],[-116.7747,53.5247],[-116.7387,53.5431],[-116.7052,53.5443],[-116.6975,53.553],[-116.6232,53.5454],[-116.5473,53.5618]],[[-111.9425,53.507],[-111.9287,53.4806]],[[-116.4866,53.511],[-116.3515,53.3572],[-116.3058,53.3287]],[[-110.7925,53.5329],[-111.0065,53.5337]],[[-111.0065,53.5337],[-111.2826,53.3577]],[[-111.0065,53.5337],[-111.0497,53.5476],[-111.0565,53.653],[-111.0452,53.6805],[-111.0573,53.7289]],[[-111.7835,53.5408],[-111.9425,53.507]],[[-116.5421,53.557],[-116.5223,53.5282],[-116.4866,53.511]],[[-116.5421,53.557],[-116.5462,53.5578]],[[-116.5462,53.5578],[-116.5504,53.5584]],[[-116.5401,53.5582],[-116.5421,53.557]],[[-116.5451,53.5611],[-116.5462,53.5578]],[[-116.5451,53.5611],[-116.5401,53.5582]],[[-116.5473,53.5618],[-116.5462,53.5578]],[[-116.5473,53.5618],[-116.5451,53.5611]],[[-112.0518,53.5722],[-112.0924,53.4602],[-112.1225,53.2546],[-112.1386,53.2043]],[[-112.0518,53.5722],[-112.0491,53.5666]],[[-116.5546,53.5725],[-116.5473,53.5618]],[[-116.5557,53.5803],[-116.5546,53.5725]],[[-116.4988,53.5823],[-116.5401,53.5582]],[[-116.8406,53.5854],[-116.8804,53.6139],[-116.8955,53.6488],[-116.8826,53.6651]],[[-115.8902,53.6275],[-115.7078,53.4528]],[[-112.0218,53.6358],[-112.0193,53.6359]],[[-112.0218,53.6358],[-112.0673,53.636]],[[-112.0193,53.6359],[-112.0518,53.5722]],[[-112.0147,53.6364],[-111.9425,53.507]],[[-112.0147,53.6364],[-112.0185,53.6378]],[[-112.013,53.6374],[-112.0147,53.6364]],[[-112.0185,53.6378],[-112.0218,53.6358]],[[-112.0185,53.6378],[-112.0193,53.6359]],[[-111.4269,53.6473],[-111.4162,53.7379]],[[-116.1012,53.6528],[-116.1,53.6594]],[[-116.1,53.6594],[-116.2334,53.6016],[-116.2993,53.5848],[-116.3354,53.5589],[-116.4866,53.511]],[[-116.1,53.6594],[-116.0173,53.69]],[[-116.8826,53.6651],[-116.8719,53.6585],[-116.8634,53.668],[-116.737,53.6695]],[[-116.737,53.6695],[-116.5546,53.5725]],[[-116.7652,53.6813],[-116.7879,53.677]],[[-116.7652,53.6813],[-116.737,53.6695]],[[-115.9593,53.6869],[-115.8902,53.6275]],[[-116.0173,53.69],[-115.9927,53.7042]],[[-116.9546,53.6909],[-116.8826,53.6651]],[[-115.9782,53.6971],[-116.0173,53.69]],[[-115.9782,53.6971],[-115.9593,53.6869]],[[-115.9782,53.6971],[-115.9772,53.6994]],[[-115.9927,53.7042],[-115.9782,53.6971]],[[-111.2069,53.7091],[-111.2055,53.7251]],[[-116.1455,53.7114],[-116.1598,53.7312]],[[-110.7488,53.7148],[-110.8556,53.7358],[-110.9122,53.7343],[-110.9446,53.7243],[-111.0573,53.7289]],[[-111.2055,53.7251],[-111.4162,53.7379]],[[-111.0573,53.7289],[-111.1369,53.7178],[-111.2055,53.7251]],[[-115.6073,53.7298],[-115.6614,53.7235],[-115.7012,53.6921],[-115.7217,53.69],[-115.7474,53.6709],[-115.7873,53.6687],[-115.8902,53.6275]],[[-116.1598,53.7312],[-116.2138,53.7045],[-116.3552,53.658],[-116.4988,53.5823]],[[-111.4162,53.7379],[-111.5448,53.7478],[-111.5622,53.7588],[-111.7106,53.7599]],[[-111.6806,53.7407],[-111.7106,53.7599]],[[-115.8669,53.7544],[-115.9114,53.7413],[-115.9593,53.6869]],[[-111.7106,53.7599],[-111.7651,53.7716]],[[-116.9671,53.768],[-116.955,53.7897]],[[-116.0971,53.7683],[-116.1598,53.7312]],[[-116.0971,53.7683],[-115.9927,53.7042]],[[-111.7651,53.7716],[-111.9194,53.6739],[-112.013,53.6374]],[[-115.971,53.7807],[-115.9682,53.7984],[-116.0076,53.8228]],[[-116.955,53.7897],[-116.7652,53.6813]],[[-116.955,53.7897],[-116.9352,53.7954]],[[-111.936,53.7945],[-111.9816,53.7152],[-111.9806,53.6966],[-112.0073,53.6702],[-112.013,53.6374]],[[-117.0097,53.8162],[-116.955,53.7897]],[[-110.0069,53.8164],[-110.0057,53.814]],[[-116.0076,53.8228],[-116.0971,53.7683]],[[-115.5554,53.8242],[-115.5941,53.8699],[-115.7602,53.9556]],[[-116.9952,53.8284],[-117.0097,53.8162]],[[-115.9961,53.8307],[-116.0076,53.8228]],[[-115.9973,53.8324],[-115.9961,53.8307]],[[-111.3199,53.8383],[-111.3821,53.8405],[-111.4576,53.875],[-111.6393,53.8953]],[[-112.1841,53.8514],[-112.1537,53.8532]],[[-112.1537,53.8532],[-112.112,53.7726],[-112.0185,53.6378]],[[-111.6378,53.863],[-111.6578,53.874]],[[-111.6578,53.874],[-111.7119,53.8033],[-111.7651,53.7716]],[[-111.6393,53.8953],[-111.6578,53.874]],[[-115.78,53.9199],[-115.8053,53.9317]],[[-115.8053,53.9317],[-115.8813,53.9108],[-115.9961,53.8307]],[[-112.2124,53.9404],[-112.1537,53.8532]],[[-112.2091,53.9413],[-112.2124,53.9404]],[[-116.7058,53.9443],[-116.6125,53.9577],[-116.53,54.0136]],[[-112.3824,53.9518],[-112.2305,53.9765]],[[-115.7602,53.9556],[-115.8053,53.9317]],[[-116.4564,53.9572],[-116.4534,53.8386],[-116.4933,53.7307],[-116.4988,53.5823]],[[-116.4564,53.9572],[-116.281,53.854],[-116.0971,53.7683]],[[-116.4597,53.9618],[-116.4564,53.9572]],[[-112.2305,53.9765],[-112.2124,53.9404]],[[-116.4827,53.987],[-116.4597,53.9618]],[[-111.5619,54.0015],[-111.5889,53.9761],[-111.6393,53.8953]],[[-111.8136,54.0045],[-111.8101,53.9604],[-111.7544,53.9309],[-111.6393,53.8953]],[[-111.4332,54.0068],[-111.4533,54.0066],[-111.4535,53.999],[-111.5619,54.0015]],[[-116.53,54.0136],[-116.4827,53.987]],[[-117.4136,54.0395],[-117.3906,54.0162],[-117.2905,53.9782],[-117.097,53.8809],[-117.0097,53.8162]],[[-111.4099,54.079],[-111.4878,54.0926]],[[-113.2512,54.0795],[-113.0777,53.9858],[-113.0773,53.954],[-113.1005,53.9434],[-113.1574,53.9405]],[[-116.6348,54.0809],[-116.53,54.0136]],[[-113.3423,54.0884],[-113.3382,54.1013],[-113.3068,54.1081]],[[-113.6326,54.0915],[-113.6305,54.1012],[-113.5912,54.1012],[-113.5403,54.1305],[-113.5128,54.132],[-113.4777,54.1686],[-113.4263,54.1809]],[[-111.4878,54.0926],[-111.5619,54.0015]],[[-111.4878,54.0926],[-111.375,54.2092],[-111.3063,54.298],[-111.2539,54.3106]],[[-116.6222,54.093],[-116.6348,54.0809]],[[-116.6222,54.093],[-116.6164,54.095],[-116.6199,54.0952],[-116.6222,54.093]],[[-112.3075,54.0932],[-112.2305,53.9765]],[[-112.3066,54.0944],[-112.3075,54.0932]],[[-112.3086,54.0948],[-112.3075,54.0932]],[[-112.3086,54.0948],[-112.3066,54.0944]],[[-112.3064,54.0958],[-112.3086,54.0948]],[[-112.3064,54.0958],[-112.3066,54.0944]],[[-112.563,54.0969],[-112.3587,54.0874],[-112.3086,54.0948]],[[-115.508,54.0992],[-115.7602,53.9556]],[[-112.3113,54.1008],[-112.3064,54.0958]],[[-112.6248,54.1016],[-112.625,54.1049]],[[-112.312,54.1025],[-112.3113,54.1008]],[[-112.625,54.1049],[-112.563,54.0969]],[[-113.3068,54.1081],[-113.2512,54.0795]],[[-110.9108,54.1287],[-110.9318,54.1288],[-111.0292,54.1726],[-111.0758,54.1785],[-111.092,54.1885],[-111.1282,54.2372],[-111.1305,54.2607],[-111.2026,54.3324]],[[-115.5505,54.1304],[-115.508,54.0992]],[[-113.1594,54.1311],[-113.2512,54.0795]],[[-115.2281,54.1315],[-115.406,54.1465]],[[-117.2401,54.1352],[-117.2582,54.118],[-117.35,54.091],[-117.4136,54.0395]],[[-112.85,54.1366],[-112.625,54.1049]],[[-111.9034,54.1375],[-111.9149,54.1291],[-112.1503,54.128],[-112.3113,54.1008]],[[-115.406,54.1465],[-115.508,54.0992]],[[-112.9751,54.1533],[-112.85,54.1366]],[[-117.6725,54.1569],[-117.4136,54.0395]],[[-112.1931,54.1586],[-112.245,54.1474],[-112.312,54.1025]],[[-112.1919,54.1601],[-112.1931,54.1586]],[[-117.6684,54.1612],[-117.6725,54.1569]],[[-112.8432,54.1623],[-112.85,54.1366]],[[-112.3939,54.1625],[-112.369,54.1661]],[[-112.369,54.1661],[-112.312,54.1025]],[[-118.3273,54.1711],[-118.2562,54.1774],[-118.2298,54.2126],[-118.2423,54.2339],[-118.2281,54.2457],[-118.1368,54.2709],[-118.0628,54.3198],[-117.9912,54.3333],[-117.9409,54.355]],[[-113.4263,54.1809],[-113.3068,54.1081]],[[-116.2141,54.1809],[-116.3454,54.0676],[-116.4101,53.9886],[-116.4597,53.9618]],[[-112.5626,54.181],[-112.563,54.0969]],[[-116.2127,54.1821],[-116.2141,54.1809]],[[-116.7929,54.1852],[-116.6348,54.0809]],[[-112.5059,54.1859],[-112.5658,54.1948]],[[-112.1086,54.1888],[-112.1726,54.1594],[-112.1931,54.1586]],[[-112.5658,54.1948],[-112.5626,54.181]],[[-112.5658,54.1948],[-112.5663,54.1949]],[[-112.5663,54.1949],[-112.5626,54.181]],[[-112.5673,54.2014],[-112.5663,54.1949]],[[-112.5673,54.2014],[-112.5658,54.1948]],[[-112.6704,54.2027],[-112.6379,54.2078]],[[-116.7672,54.2044],[-116.7929,54.1852]],[[-113.4474,54.2051],[-113.4263,54.1809]],[[-113.4474,54.2051],[-112.9751,54.1533]],[[-116.8406,54.2054],[-116.8349,54.2076]],[[-113.7721,54.2069],[-113.7098,54.2367],[-113.6262,54.2964]],[[-116.8349,54.2076],[-116.7929,54.1852]],[[-112.6379,54.2078],[-112.5673,54.2014]],[[-113.4783,54.22],[-113.4474,54.2051]],[[-115.559,54.242],[-115.6437,54.2681],[-115.6751,54.2679],[-115.7018,54.2843]],[[-112.6497,54.2569],[-112.637,54.2448],[-112.6379,54.2078]],[[-117.2122,54.259],[-117.0965,54.274],[-116.9561,54.2766]],[[-116.9259,54.2617],[-116.8349,54.2076]],[[-116.879,54.2747],[-116.7438,54.2786]],[[-116.9202,54.2749],[-116.9259,54.2617]],[[-116.9202,54.2749],[-116.879,54.2747]],[[-116.9202,54.2749],[-116.9148,54.3037],[-116.8792,54.3437],[-116.7674,54.3497]],[[-116.9561,54.2766],[-116.9259,54.2617]],[[-116.7438,54.2786],[-116.6449,54.1355],[-116.4827,53.987]],[[-116.8833,54.2793],[-116.879,54.2747]],[[-113.5986,54.2829],[-113.4783,54.22]],[[-115.7018,54.2843],[-115.7834,54.2488],[-115.9221,54.2202],[-116.0574,54.2095],[-116.1663,54.1825],[-116.2141,54.1809]],[[-113.6262,54.2964],[-113.5986,54.2829]],[[-111.2539,54.3106],[-111.2026,54.3324]],[[-113.2518,54.3151],[-113.3129,54.2508],[-113.3386,54.242],[-113.4077,54.2419],[-113.4783,54.22]],[[-111.2026,54.3324],[-111.1514,54.3534]],[[-114.1102,54.3408],[-114.1141,54.4308],[-114.1676,54.4732],[-113.9511,54.4983]],[[-113.5108,54.3423],[-113.5386,54.3472]],[[-113.7243,54.3464],[-113.6262,54.2964]],[[-113.5386,54.3472],[-113.5461,54.3475]],[[-113.5461,54.3475],[-113.5986,54.2829]],[[-112.9004,54.3481],[-112.93,54.3208],[-112.9139,54.271],[-112.9215,54.2191],[-112.9751,54.1533]],[[-112.6342,54.3487],[-112.5545,54.4019]],[[-113.5383,54.3487],[-113.5386,54.3472]],[[-113.7128,54.3491],[-113.7243,54.3464]],[[-116.7674,54.3497],[-116.7438,54.2786]],[[-119.4592,54.3525],[-119.4279,54.3699],[-119.3977,54.3673],[-119.3395,54.4034],[-119.3535,54.4173],[-119.3272,54.4275],[-119.3124,54.4266],[-119.3054,54.4142],[-119.227,54.4039],[-119.1736,54.4117],[-119.1505,54.4276],[-119.1017,54.4407],[-119.0614,54.4362],[-118.9976,54.4485]],[[-110.762,54.353],[-110.4553,54.3534],[-110.3814,54.3686],[-110.1309,54.3637],[-110.0298,54.3465]],[[-111.1514,54.3534],[-111.1521,54.3562]],[[-111.0169,54.3537],[-110.762,54.353]],[[-111.1273,54.3546],[-111.1514,54.3534]],[[-111.1273,54.3546],[-111.0169,54.3537]],[[-117.9409,54.355],[-117.8979,54.3049],[-117.8205,54.2649],[-117.7314,54.1871],[-117.6725,54.1569]],[[-117.9409,54.355],[-117.7869,54.4105],[-117.7332,54.4112],[-117.726,54.4191],[-117.7385,54.4301]],[[-111.2995,54.3562],[-111.2833,54.3261],[-111.2539,54.3106]],[[-111.1521,54.3562],[-111.1273,54.3546]],[[-119.1334,54.3604],[-119.111,54.351],[-119.0337,54.3599],[-118.9981,54.3753],[-118.9953,54.4141]],[[-118.7763,54.3895],[-118.777,54.3876],[-118.7743,54.3878],[-118.7763,54.3895]],[[-118.7763,54.3895],[-118.8066,54.4124],[-118.9953,54.4141]],[[-113.5062,54.3962],[-113.5371,54.3711],[-113.5461,54.3475]],[[-114.9679,54.4017],[-115.1427,54.2858],[-115.4107,54.1718],[-115.406,54.1465]],[[-114.9679,54.4017],[-115.0334,54.4433],[-115.1441,54.4683],[-115.3208,54.4826],[-115.494,54.5604],[-115.5271,54.5605]],[[-112.5545,54.4019],[-112.473,54.316],[-112.369,54.1661]],[[-113.9166,54.4063],[-113.8877,54.4197],[-113.8529,54.4198]],[[-117.2278,54.412],[-116.9561,54.2766]],[[-112.2523,54.4137],[-112.3258,54.4702]],[[-118.9953,54.4141],[-118.9998,54.4394]],[[-111.9818,54.4182],[-111.9953,54.5024],[-112.057,54.5433]],[[-111.1617,54.4194],[-111.1521,54.3562]],[[-111.1617,54.4194],[-111.1055,54.4502],[-111.0736,54.4445]],[[-113.8529,54.4198],[-113.813,54.3865],[-113.7243,54.3464]],[[-117.7572,54.4223],[-117.7385,54.4301]],[[-110.7258,54.4227],[-110.7383,54.4144],[-110.7312,54.3837],[-110.762,54.353]],[[-117.7385,54.4301],[-117.6232,54.4662],[-117.4722,54.5297]],[[-116.1344,54.4336],[-116.2326,54.4204],[-116.3508,54.4197],[-116.4037,54.4485],[-116.4444,54.5057],[-116.6955,54.5038],[-116.7916,54.4934]],[[-111.2049,54.4355],[-111.1617,54.4194]],[[-118.9998,54.4394],[-118.9976,54.4485]],[[-118.9998,54.4394],[-118.9942,54.4562]],[[-112.5876,54.4425],[-112.5545,54.4019]],[[-112.5803,54.4442],[-112.5876,54.4425]],[[-118.9976,54.4485],[-118.9942,54.4562]],[[-115.601,54.4531],[-115.6813,54.3404],[-115.7018,54.2843]],[[-118.9942,54.4562],[-118.9652,54.5396],[-118.9477,54.5527],[-118.9548,54.6356],[-118.9883,54.6455],[-118.9954,54.6841],[-118.9671,54.7269],[-118.9727,54.8282],[-118.9399,54.864],[-118.9386,54.9048]],[[-111.7871,54.4607],[-111.8434,54.4744]],[[-111.7829,54.4615],[-111.7871,54.4607]],[[-112.6095,54.4651],[-112.5876,54.4425]],[[-113.2153,54.4676],[-113.1472,54.4969],[-113.1367,54.5136]],[[-112.7144,54.4695],[-112.6095,54.4651]],[[-112.3258,54.4702],[-112.421,54.4334],[-112.5545,54.4019]],[[-114.8104,54.4743],[-114.8738,54.4852]],[[-111.8434,54.4744],[-111.9079,54.4998],[-111.9977,54.5588]],[[-114.8738,54.4852],[-114.9679,54.4017]],[[-112.2604,54.4921],[-112.3258,54.4702]],[[-112.2604,54.4921],[-112.2614,54.4942]],[[-111.0493,54.4929],[-111.0276,54.493]],[[-111.0276,54.493],[-111.0169,54.3537]],[[-116.7916,54.4934],[-116.7993,54.4545],[-116.7674,54.3497]],[[-112.664,54.4963],[-112.6418,54.5051]],[[-113.9511,54.4983],[-113.8529,54.4198]],[[-111.0275,54.5049],[-111.0276,54.493]],[[-112.6418,54.5051],[-112.6095,54.4651]],[[-116.7928,54.5075],[-116.7916,54.4934]],[[-116.7928,54.5075],[-116.8088,54.5195]],[[-110.9139,54.5081],[-111.0275,54.5049]],[[-113.1335,54.5126],[-113.1367,54.5136]],[[-111.8207,54.5135],[-111.8434,54.4744]],[[-113.1367,54.5136],[-113.1145,54.5555],[-113.0563,54.6176]],[[-116.8009,54.5212],[-116.7928,54.5075]],[[-113.8454,54.525],[-113.8609,54.5342]],[[-117.4674,54.5259],[-117.2278,54.412]],[[-117.4652,54.5295],[-117.4674,54.5259]],[[-117.4722,54.5297],[-117.4674,54.5259]],[[-112.9187,54.5298],[-112.9284,54.5941]],[[-112.6631,54.5301],[-112.6418,54.5051]],[[-113.8609,54.5342],[-113.9187,54.5048],[-113.9511,54.4983]],[[-117.113,54.5348],[-117.116,54.5055],[-117.1981,54.4234],[-117.2278,54.412]],[[-115.9104,54.5369],[-115.8482,54.5213],[-115.821,54.5055],[-115.6598,54.4751],[-115.601,54.4531]],[[-115.9104,54.5369],[-115.8713,54.5628],[-115.8633,54.5891]],[[-115.9219,54.5382],[-115.9104,54.5369]],[[-112.057,54.5433],[-112.2604,54.4921]],[[-112.6738,54.5464],[-112.6631,54.5301]],[[-112.6668,54.5476],[-112.6738,54.5464]],[[-111.3057,54.5519],[-111.3355,54.5656],[-111.5547,54.565],[-111.6346,54.5323],[-111.6399,54.4932],[-111.7153,54.4872],[-111.7871,54.4607]],[[-111.9977,54.5588],[-112.057,54.5433]],[[-115.5271,54.5605],[-115.601,54.4531]],[[-112.3996,54.5607],[-112.5051,54.5627],[-112.5282,54.5793]],[[-111.9745,54.5663],[-111.9977,54.5588]],[[-115.5214,54.5695],[-115.5271,54.5605]],[[-112.5282,54.5793],[-112.6631,54.5301]],[[-112.7224,54.5834],[-112.6738,54.5464]],[[-112.9284,54.5941],[-112.7792,54.6206]],[[-113.662,54.5993],[-113.744,54.5557],[-113.8124,54.5557],[-113.8609,54.5342]],[[-118.2371,54.5994],[-118.1549,54.5206],[-118.0911,54.4785],[-118.0686,54.4358],[-117.9409,54.355]],[[-112.5279,54.6019],[-112.5282,54.5793]],[[-117.5589,54.6087],[-117.4722,54.5297]],[[-118.2181,54.6096],[-118.2371,54.5994]],[[-113.0563,54.6176],[-112.9587,54.5923],[-112.9284,54.5941]],[[-112.6612,54.6188],[-112.6767,54.5883],[-112.7224,54.5834]],[[-112.7792,54.6206],[-112.7224,54.5834]],[[-111.0065,54.6322],[-111.027,54.5888],[-111.0275,54.5049]],[[-111.0065,54.6322],[-110.9605,54.6496],[-110.9041,54.6534],[-110.8815,54.6682],[-110.8069,54.6837],[-110.7975,54.6938],[-110.7535,54.6902]],[[-112.7995,54.6436],[-112.7792,54.6206]],[[-112.8008,54.6459],[-112.7995,54.6436]],[[-112.8039,54.6467],[-112.7995,54.6436]],[[-112.8039,54.6467],[-112.8008,54.6459]],[[-114.5295,54.6505],[-114.5435,54.66],[-114.6117,54.659],[-114.6426,54.6698]],[[-113.2092,54.6559],[-113.0563,54.6176]],[[-111.6232,54.6584],[-111.6079,54.6587]],[[-111.6079,54.6587],[-111.5717,54.6244],[-111.5139,54.6248],[-111.4567,54.6098],[-111.1273,54.6107],[-111.0501,54.6361],[-111.0065,54.6322]],[[-114.6426,54.6698],[-114.7466,54.5775],[-114.8738,54.4852]],[[-113.548,54.6739],[-113.5109,54.7132]],[[-117.4134,54.6842],[-117.4077,54.6715],[-117.464,54.6512],[-117.4675,54.6246],[-117.5589,54.6087]],[[-110.6604,54.686],[-110.5802,54.6749],[-110.5296,54.6197]],[[-110.7535,54.6902],[-110.6604,54.686]],[[-110.7535,54.6902],[-110.6777,54.696]],[[-110.6777,54.696],[-110.6604,54.686]],[[-110.6777,54.696],[-110.5886,54.7671],[-110.567,54.7691],[-110.5574,54.8569],[-110.6165,54.9036],[-110.6181,54.9345],[-110.6059,54.9436]],[[-113.5109,54.7132],[-113.4632,54.7133],[-113.3348,54.6928],[-113.2092,54.6559]],[[-113.5109,54.7132],[-113.5663,54.713],[-113.6233,54.7279],[-113.6079,54.8016],[-113.5997,54.8159],[-113.5816,54.8203],[-113.5728,54.866],[-113.5032,54.8854],[-113.4125,54.8797],[-113.3879,54.8861],[-113.2659,54.8854]],[[-113.1427,54.7222],[-113.2172,54.7271]],[[-113.2172,54.7271],[-113.2092,54.6559]],[[-112.6378,54.7336],[-112.6803,54.7424],[-112.7092,54.7619]],[[-111.9733,54.7336],[-112.0012,54.6288],[-111.9977,54.5588]],[[-117.6839,54.7349],[-117.5589,54.6087]],[[-112.799,54.7481],[-112.7805,54.7095],[-112.8008,54.6459]],[[-113.9596,54.7618],[-113.965,54.7655]],[[-112.7092,54.7619],[-112.799,54.7481]],[[-113.965,54.7655],[-114.042,54.7912]],[[-114.3019,54.7664],[-114.3498,54.7736],[-114.3965,54.7922],[-114.5014,54.7928]],[[-114.0844,54.7699],[-114.0822,54.5906],[-114.0667,54.57],[-113.9511,54.4983]],[[-112.8063,54.7702],[-112.799,54.7481]],[[-111.825,54.7732],[-111.9331,54.7636],[-111.9733,54.7336]],[[-111.825,54.7732],[-111.8145,54.7589],[-111.683,54.7375],[-111.6079,54.6587]],[[-113.9596,54.7785],[-113.965,54.7655]],[[-112.7445,54.7877],[-112.7599,54.7762],[-112.8063,54.7702]],[[-114.042,54.7912],[-114.0908,54.792]],[[-114.042,54.7912],[-114.0918,54.8176]],[[-114.0908,54.792],[-114.0844,54.7699]],[[-112.294,54.7922],[-112.1246,54.7429],[-111.9733,54.7336]],[[-117.458,54.7927],[-117.4785,54.8209]],[[-114.5014,54.7928],[-114.6426,54.6698]],[[-113.3593,54.7983],[-113.2941,54.8207]],[[-114.2025,54.7998],[-114.142,54.7724],[-114.0844,54.7699]],[[-114.0918,54.8176],[-114.0908,54.792]],[[-113.2941,54.8207],[-113.2235,54.7803],[-113.2172,54.7271]],[[-113.2941,54.8207],[-113.2947,54.8638],[-113.2624,54.8753]],[[-117.4785,54.8209],[-117.56,54.7769],[-117.6839,54.7349]],[[-117.796,54.8257],[-117.6839,54.7349]],[[-118.6378,54.8299],[-118.5606,54.8315]],[[-118.6457,54.8305],[-118.6378,54.8299]],[[-118.5606,54.8315],[-118.5192,54.8216],[-118.4608,54.773],[-118.4196,54.7599],[-118.3503,54.6899],[-118.2371,54.5994]],[[-118.5606,54.8315],[-118.4964,54.8419],[-118.3235,54.8376],[-118.2223,54.8433],[-117.796,54.8257]],[[-118.6454,54.833],[-118.6457,54.8305]],[[-118.6454,54.833],[-118.6378,54.8299]],[[-118.6547,54.833],[-118.6457,54.8305]],[[-114.1033,54.8354],[-114.0918,54.8176]],[[-112.553,54.8376],[-112.6536,54.8015],[-112.7092,54.7619]],[[-112.553,54.8376],[-112.5602,54.8408]],[[-112.5518,54.8396],[-112.553,54.8376]],[[-112.5602,54.8408],[-112.5801,54.846],[-112.5704,54.8601]],[[-118.7361,54.8545],[-118.7063,54.8242],[-118.6598,54.8217],[-118.6457,54.8305]],[[-118.7361,54.8545],[-118.6454,54.833]],[[-111.8053,54.8583],[-111.81,54.8583]],[[-111.81,54.8583],[-111.8066,54.7869],[-111.825,54.7732]],[[-112.5704,54.8601],[-112.5602,54.8408]],[[-112.5704,54.8601],[-112.5389,54.9143],[-112.5421,54.9666],[-112.5187,55.0023],[-112.5053,55.0832],[-112.4507,55.1757],[-112.4627,55.2333]],[[-113.2624,54.8753],[-113.2449,54.8466],[-113.2241,54.8396],[-113.2189,54.8127],[-113.0504,54.7608],[-113.0052,54.755],[-112.9627,54.7316],[-112.8738,54.7048],[-112.8039,54.6467]],[[-112.8438,54.8789],[-112.8063,54.7702]],[[-112.615,54.8821],[-112.6118,54.8711],[-112.5704,54.8601]],[[-113.2659,54.8854],[-113.2624,54.8753]],[[-112.8223,54.8855],[-112.8438,54.8789]],[[-111.8078,54.8921],[-111.81,54.8583]],[[-111.8078,54.8921],[-111.7933,54.9109]],[[-113.9037,54.8969],[-114.0402,54.8459],[-114.1033,54.8354]],[[-114.1678,54.9003],[-114.1033,54.8354]],[[-118.9386,54.9048],[-118.7863,54.8608],[-118.7361,54.8545]],[[-117.7817,54.9074],[-117.7813,54.9053]],[[-117.7817,54.9074],[-117.8329,54.909]],[[-112.967,54.9082],[-112.8776,54.9297]],[[-117.8329,54.909],[-117.796,54.8257]],[[-117.2907,54.9091],[-117.4785,54.8209]],[[-117.6938,54.9092],[-117.7817,54.9074]],[[-117.8359,54.9119],[-117.8329,54.909]],[[-111.9287,54.9169],[-111.8774,54.9132],[-111.8539,54.8917],[-111.8078,54.8921]],[[-117.8433,54.9195],[-117.8359,54.9119]],[[-112.8776,54.9297],[-112.879,54.9072],[-112.8627,54.9071],[-112.8438,54.8789]],[[-117.2409,54.9408],[-117.2907,54.9091]],[[-110.6059,54.9436],[-110.6221,54.9563]],[[-119.1949,54.9551],[-119.1947,54.9598]],[[-117.2863,54.9585],[-117.2907,54.9091]],[[-117.2863,54.9585],[-117.2867,54.9622]],[[-119.1947,54.9598],[-119.0791,54.9462],[-118.9386,54.9048]],[[-117.2867,54.9622],[-117.2802,54.9617]],[[-117.2867,54.9622],[-117.2931,54.9858],[-117.3964,55.0658],[-117.4668,55.1534],[-117.5367,55.2118],[-117.6845,55.6121],[-117.6397,55.6173],[-117.7119,55.6718],[-117.7312,55.6745]],[[-114.2705,54.9707],[-114.2178,54.9396],[-114.1989,54.9129],[-114.1678,54.9003]],[[-114.2705,54.9707],[-114.2903,54.9729]],[[-114.2903,54.9729],[-114.3029,54.9475],[-114.3613,54.8954],[-114.4308,54.8553],[-114.5014,54.7928]],[[-114.2876,54.9779],[-114.2903,54.9729]],[[-114.2876,54.9779],[-114.2705,54.9707]],[[-119.4995,55.0076],[-119.4297,54.9869],[-119.1947,54.9598]],[[-116.8984,55.0179],[-116.9454,55.0007],[-117.0171,54.9905],[-117.2059,54.9903],[-117.2544,54.9592],[-117.2863,54.9585]],[[-114.4644,55.0413],[-114.4343,55.0487]],[[-113.3818,55.0424],[-113.2659,54.8854]],[[-113.3818,55.0424],[-113.2783,55.0824],[-113.1817,55.0831],[-112.9644,55.1105]],[[-119.6261,55.0451],[-119.4995,55.0076]],[[-110.6228,55.0454],[-110.6194,55.0168],[-110.579,54.9853],[-110.5796,54.9677],[-110.6059,54.9436]],[[-110.5855,55.0459],[-110.6228,55.0454]],[[-114.4343,55.0487],[-114.2876,54.9779]],[[-116.962,55.0756],[-116.9449,55.0756],[-116.9289,55.0621],[-116.8984,55.0179]],[[-113.6246,55.0929],[-113.6334,55.0787],[-113.7179,55.0303],[-113.8562,55.0001],[-114.1678,54.9003]],[[-111.5933,55.1093],[-111.7509,54.9338],[-111.7933,54.9109]],[[-112.9644,55.1105],[-112.9275,55.0912],[-112.9132,55.0634],[-112.9238,54.996],[-112.8776,54.9297]],[[-114.1592,55.1223],[-114.1758,55.1286]],[[-119.9949,55.123],[-119.9676,55.1023],[-119.9088,55.093],[-119.7901,55.0925],[-119.7437,55.0672],[-119.6261,55.0451]],[[-111.691,55.1248],[-111.6163,55.1192],[-111.5933,55.1093]],[[-114.1758,55.1286],[-114.2876,54.9779]],[[-118.4365,55.1448],[-118.4211,55.1769],[-118.3017,55.176],[-118.2631,55.1882],[-118.2154,55.1799],[-118.2027,55.1854],[-118.0762,55.1842],[-117.994,55.1757],[-117.9779,55.165],[-117.8906,55.1661],[-117.837,55.1555]],[[-114.1661,55.1448],[-114.1758,55.1286]],[[-117.837,55.1555],[-117.8292,55.0023],[-117.8462,54.9288],[-117.8664,54.9171],[-117.8359,54.9119]],[[-114.2432,55.1768],[-114.2323,55.1574],[-114.1661,55.1448]],[[-112.8973,55.1769],[-112.9096,55.166],[-112.9808,55.1475],[-112.9644,55.1105]],[[-111.4412,55.1869],[-111.4614,55.1851],[-111.4838,55.1947]],[[-118.9482,55.1929],[-119.1064,55.1813],[-119.3573,55.1932]],[[-119.3573,55.1932],[-119.3742,55.1658],[-119.3714,55.1487],[-119.4034,55.1158],[-119.4541,55.09],[-119.4995,55.0076]],[[-111.4838,55.1947],[-111.5933,55.1093]],[[-114.1191,55.2176],[-114.1661,55.1448]],[[-119.347,55.2324],[-119.3429,55.2084],[-119.3573,55.1932]],[[-112.4627,55.2333],[-112.4874,55.2886]],[[-114.0429,55.2431],[-114.1067,55.2435]],[[-114.1067,55.2435],[-114.1191,55.2176]],[[-114.1696,55.2448],[-114.1191,55.2176]],[[-116.6321,55.2479],[-116.6447,55.2363],[-116.6413,55.1757],[-116.7288,55.0724],[-116.8984,55.0179]],[[-119.3332,55.2511],[-119.347,55.2324]],[[-114.6008,55.264],[-114.5276,55.1988],[-114.4957,55.1399],[-114.4594,55.116],[-114.4343,55.0487]],[[-114.6008,55.264],[-114.6099,55.2664]],[[-114.6012,55.2673],[-114.6008,55.264]],[[-112.1391,55.2677],[-112.4037,55.2286],[-112.4627,55.2333]],[[-114.0896,55.2831],[-114.1067,55.2435]],[[-112.4903,55.2875],[-112.4874,55.2886]],[[-112.4874,55.2886],[-112.4581,55.3714],[-112.3187,55.5494],[-112.2824,55.7228]],[[-110.7781,55.2938],[-110.7883,55.2148],[-110.6573,55.1533],[-110.6237,55.087],[-110.6228,55.0454]],[[-110.7931,55.2938],[-110.7781,55.2938]],[[-114.1462,55.2945],[-114.1304,55.2838],[-114.0896,55.2831]],[[-111.3322,55.3238],[-111.4838,55.1947]],[[-119.2216,55.3304],[-119.3332,55.2511]],[[-119.2216,55.3304],[-119.212,55.3301]],[[-119.2169,55.3384],[-119.2216,55.3304]],[[-111.2648,55.3398],[-111.2528,55.3498]],[[-119.4636,55.3433],[-119.3831,55.2845],[-119.365,55.243],[-119.347,55.2324]],[[-119.4648,55.3447],[-119.5328,55.3513],[-119.5405,55.3671],[-119.5932,55.396]],[[-117.8709,55.345],[-117.8316,55.1815],[-117.837,55.1555]],[[-111.2528,55.3498],[-111.2935,55.3445],[-111.3322,55.3238]],[[-111.2243,55.3502],[-111.2528,55.3498]],[[-110.7411,55.3515],[-110.7781,55.2938]],[[-110.7411,55.3515],[-111.2243,55.3502]],[[-110.6335,55.3544],[-110.7411,55.3515]],[[-119.7917,55.3707],[-119.7594,55.3462],[-119.7447,55.3082],[-119.6938,55.2437],[-119.6607,55.2314],[-119.6258,55.1777],[-119.6261,55.0451]],[[-119.3454,55.3737],[-119.3332,55.2511]],[[-118.4958,55.3794],[-118.4842,55.4077],[-118.4974,55.423],[-118.4943,55.491]],[[-111.7542,55.3828],[-111.5092,55.4122],[-111.4466,55.4121],[-111.4384,55.4185]],[[-111.2148,55.383],[-111.2293,55.3831]],[[-111.2293,55.3831],[-111.2243,55.3502]],[[-119.5932,55.396],[-119.7917,55.3707]],[[-119.5932,55.396],[-119.459,55.3965],[-119.4488,55.4061],[-119.4243,55.4062],[-119.414,55.3906],[-119.3454,55.3737]],[[-119.1041,55.4091],[-119.1319,55.3794],[-119.1845,55.3633],[-119.2169,55.3384]],[[-119.1338,55.4132],[-119.1041,55.4091]],[[-119.8325,55.4172],[-119.7917,55.3707]],[[-111.4384,55.4185],[-111.4296,55.3687],[-111.4137,55.3539],[-111.3322,55.3238]],[[-111.4149,55.419],[-111.4384,55.4185]],[[-113.6101,55.4293],[-113.6397,55.4302]],[[-113.6397,55.4302],[-113.8057,55.4637]],[[-118.0459,55.4329],[-118.0439,55.3972],[-117.9768,55.3446],[-117.8709,55.345]],[[-113.8162,55.4466],[-113.8057,55.4637]],[[-113.9231,55.451],[-114.0769,55.3119],[-114.0896,55.2831]],[[-113.9231,55.451],[-113.8535,55.3921],[-113.7364,55.3302],[-113.6647,55.263],[-113.5585,55.1954],[-113.4224,55.0863],[-113.3818,55.0424]],[[-113.8057,55.4637],[-113.8902,55.483]],[[-110.6905,55.4716],[-110.7187,55.4745]],[[-110.7187,55.4745],[-110.7156,55.418],[-110.7433,55.3979],[-110.7411,55.3515]],[[-119.3433,55.4762],[-119.3367,55.4366],[-119.3077,55.4193],[-119.3063,55.3885],[-119.2169,55.3384]],[[-119.0628,55.4767],[-119.0743,55.4387],[-119.1041,55.4091]],[[-119.2424,55.4778],[-119.3433,55.4762]],[[-119.059,55.4783],[-119.0628,55.4767]],[[-113.8902,55.483],[-113.9231,55.451]],[[-118.5468,55.4899],[-118.4943,55.491]],[[-118.4943,55.491],[-118.4827,55.5345]],[[-119.0367,55.4976],[-119.0549,55.498]],[[-119.0549,55.498],[-119.0628,55.4767]],[[-119.3462,55.5124],[-119.3433,55.4762]],[[-119.3569,55.5177],[-119.499,55.5006],[-119.6209,55.5098]],[[-119.3569,55.5177],[-119.3454,55.3737]],[[-119.3539,55.5187],[-119.3569,55.5177]],[[-119.3539,55.5187],[-119.3558,55.5198]],[[-119.3558,55.5198],[-119.3569,55.5177]],[[-119.3558,55.5198],[-119.3523,55.5198]],[[-119.3523,55.5198],[-119.3539,55.5187]],[[-119.3523,55.5198],[-119.3462,55.5124]],[[-118.6122,55.5294],[-118.4827,55.5345]],[[-119.3498,55.5334],[-119.3558,55.5198]],[[-119.3498,55.5334],[-119.3462,55.5124]],[[-118.4827,55.5345],[-118.478,55.6074]],[[-113.4242,55.5424],[-113.5324,55.4541],[-113.6397,55.4302]],[[-113.8796,55.5474],[-113.8902,55.483]],[[-113.8796,55.5474],[-113.8808,55.5754]],[[-110.7772,55.569],[-110.8291,55.5677],[-110.8867,55.5548],[-110.9044,55.5589],[-110.8842,55.5681],[-110.7772,55.569]],[[-110.7772,55.569],[-110.7202,55.569]],[[-110.7202,55.569],[-110.7104,55.5273],[-110.7187,55.4745]],[[-111.4425,55.5717],[-111.4384,55.4185]],[[-111.4425,55.5717],[-111.4461,55.5722]],[[-113.8784,55.5749],[-113.8796,55.5474]],[[-113.8808,55.5754],[-113.8784,55.5749]],[[-113.8726,55.5871],[-113.8784,55.5749]],[[-111.7708,55.5983],[-111.5844,55.7095]],[[-116.8323,55.6043],[-116.864,55.6455],[-116.8715,55.6869]],[[-118.478,55.6074],[-118.478,55.6128]],[[-118.478,55.6128],[-118.486,55.6214],[-118.471,55.6332]],[[-118.478,55.6128],[-118.471,55.6332]],[[-118.5846,55.6136],[-118.478,55.6074]],[[-112.1223,55.6279],[-112.1245,55.5788],[-112.1573,55.5605],[-112.1632,55.4607],[-112.1403,55.4141],[-112.1174,55.2558],[-112.0046,55.0796],[-111.9833,55.0747],[-111.9482,55.034],[-111.839,54.9738],[-111.8277,54.9408],[-111.7933,54.9109]],[[-112.188,55.6317],[-112.1223,55.6279]],[[-118.471,55.6332],[-118.4719,55.7178]],[[-118.9839,55.6386],[-118.9985,55.6294],[-119.0046,55.5778],[-119.0372,55.5488],[-119.0549,55.498]],[[-117.1183,55.6396],[-117.1186,55.7012]],[[-114.6549,55.6451],[-114.3747,55.6934],[-114.3622,55.7035],[-114.3222,55.7071],[-114.2727,55.7252],[-114.1596,55.7452],[-113.8798,55.7432]],[[-111.1354,55.6479],[-111.1719,55.6368],[-111.2467,55.5586],[-111.2243,55.5028],[-111.2185,55.4217],[-111.2293,55.3831]],[[-111.0887,55.6516],[-111.1354,55.6479]],[[-116.3804,55.6547],[-116.6283,55.6797],[-116.6807,55.6955],[-116.7354,55.6972],[-116.7862,55.6877],[-116.8099,55.6926]],[[-117.8883,55.6655],[-117.8828,55.574],[-117.9053,55.5465],[-117.8709,55.345]],[[-116.8715,55.6869],[-116.9657,55.687],[-116.9755,55.7013],[-117.0924,55.7011]],[[-113.8935,55.6877],[-113.8777,55.6886]],[[-113.8777,55.6886],[-113.8845,55.6236],[-113.8808,55.5754]],[[-111.2746,55.6899],[-111.4425,55.5717]],[[-111.2746,55.6899],[-111.2264,55.6733],[-111.1594,55.6639],[-111.1354,55.6479]],[[-111.2746,55.6899],[-111.2751,55.693]],[[-116.8099,55.6926],[-116.8715,55.6869]],[[-111.2751,55.693],[-111.494,55.6865],[-111.5844,55.7095]],[[-117.8023,55.693],[-117.8883,55.6655]],[[-117.8023,55.693],[-117.7655,55.6666],[-117.7312,55.6745]],[[-118.7768,55.7005],[-118.7978,55.7028],[-118.827,55.7219]],[[-117.0924,55.7011],[-117.1186,55.7012]],[[-117.1186,55.7012],[-117.1956,55.7014]],[[-117.1956,55.7014],[-117.1956,55.6936]],[[-117.1956,55.7014],[-117.4944,55.7026]],[[-117.4944,55.7026],[-117.6242,55.7016],[-117.6756,55.7148],[-117.7392,55.7155]],[[-111.5844,55.7095],[-111.6739,55.7687],[-111.7579,55.8488]],[[-119.3595,55.7151],[-119.3459,55.6389],[-119.3498,55.5334]],[[-117.7392,55.7155],[-117.8023,55.693]],[[-117.7392,55.7155],[-117.724,55.6905],[-117.7413,55.6788],[-117.7312,55.6745]],[[-118.8334,55.7162],[-118.827,55.7219]],[[-118.4719,55.7178],[-118.482,55.7315],[-118.4704,55.7345]],[[-118.4719,55.7178],[-118.4704,55.7345]],[[-110.699,55.7193],[-110.7018,55.6544],[-110.7202,55.569]],[[-112.2634,55.7216],[-112.2824,55.7228]],[[-118.827,55.7219],[-118.8153,55.728],[-118.8034,55.7808]],[[-112.2824,55.7228],[-112.2609,55.7602],[-112.2003,55.8041],[-112.1725,55.8432]],[[-119.4021,55.7229],[-119.3595,55.7151]],[[-110.8698,55.7232],[-110.699,55.7193]],[[-118.4704,55.7345],[-118.4676,55.7547]],[[-112.211,55.7387],[-112.1183,55.6413],[-112.1223,55.6279]],[[-112.1971,55.7409],[-112.211,55.7387]],[[-110.6836,55.742],[-110.699,55.7193]],[[-113.8798,55.7432],[-113.8777,55.6886]],[[-113.8798,55.7432],[-113.8943,55.8313]],[[-117.8854,55.7526],[-117.8883,55.6655]],[[-117.8854,55.7526],[-118.2229,55.7592],[-118.4676,55.7547]],[[-118.4676,55.7547],[-118.8034,55.7808]],[[-110.534,55.7573],[-110.5613,55.7419],[-110.6836,55.742]],[[-118.1008,55.7668],[-117.8711,55.7901]],[[-119.3058,55.7726],[-119.3666,55.7744]],[[-110.6733,55.7726],[-110.6836,55.742]],[[-119.3666,55.7744],[-119.3595,55.7151]],[[-119.8199,55.7748],[-119.82,55.7836],[-119.7601,55.8213]],[[-110.6868,55.7764],[-110.6733,55.7726]],[[-118.8034,55.7808],[-118.9078,55.7898]],[[-120.537,55.7885],[-120.6039,55.7961],[-120.6334,55.7888],[-120.7056,55.795],[-120.7132,55.803],[-120.8693,55.8111]],[[-120.537,55.7885],[-120.5324,55.8614],[-120.5732,55.8775],[-120.5741,55.9035],[-120.5971,55.9046],[-120.5975,55.9262],[-120.642,55.9305],[-120.6747,55.9526],[-120.6609,55.9999]],[[-118.9078,55.7898],[-118.9866,55.7872],[-119.1507,55.8048]],[[-117.8711,55.7901],[-117.8854,55.7526]],[[-117.8711,55.7901],[-117.7784,55.7976]],[[-116.8554,55.7903],[-116.8116,55.7496],[-116.8099,55.6926]],[[-117.7784,55.7976],[-117.7392,55.7155]],[[-119.9428,55.7986],[-120.0064,55.7954],[-120.0987,55.81],[-120.4525,55.8027],[-120.537,55.7885]],[[-119.1507,55.8048],[-119.3617,55.8168]],[[-119.9046,55.8108],[-119.9438,55.8087],[-119.9428,55.7986]],[[-119.9046,55.8108],[-119.913,55.796],[-119.9428,55.7986]],[[-120.8693,55.8111],[-120.8799,55.811]],[[-120.8693,55.8111],[-120.8839,55.8402],[-120.9306,55.8471],[-120.9881,55.8811],[-121.0058,55.9274],[-121.1056,55.9706],[-121.1222,56.0179],[-121.1602,56.0341],[-121.2208,56.0192],[-121.2451,56.0298],[-121.2589,56.0584],[-121.3547,56.0652],[-121.3906,56.0783],[-121.3942,56.0898],[-121.4124,56.087],[-121.4665,56.1104],[-121.601,56.1126],[-121.6231,56.1315],[-121.6418,56.1255],[-121.6675,56.1323],[-121.7473,56.1269],[-121.8222,56.1663],[-121.9226,56.1737],[-121.9449,56.1634],[-122.0815,56.1866],[-122.0908,56.2235],[-122.0777,56.2679],[-122.1097,56.3878],[-122.1022,56.4481],[-122.1312,56.5256],[-122.107,56.5546],[-122.1215,56.5827],[-122.1011,56.6308],[-122.1351,56.681],[-122.1707,56.7046],[-122.1791,56.7548],[-122.0924,56.8125],[-121.9798,56.8235],[-121.9819,56.8636],[-121.9622,56.8759],[-121.9574,56.8947],[-121.916,56.9172],[-121.922,56.9512]],[[-117.7863,55.8116],[-117.7784,55.7976]],[[-119.3637,55.8156],[-119.3666,55.7744]],[[-119.3637,55.8156],[-119.5854,55.824]],[[-119.3617,55.8168],[-119.3637,55.8156]],[[-119.3617,55.8168],[-119.3653,55.8202]],[[-119.3654,55.8173],[-119.3637,55.8156]],[[-117.6791,55.8174],[-117.7863,55.8116]],[[-119.3663,55.8188],[-119.3654,55.8173]],[[-119.3705,55.82],[-119.3663,55.8188]],[[-119.3653,55.8202],[-119.3705,55.82]],[[-119.3653,55.8202],[-119.3663,55.8188]],[[-119.3653,55.8202],[-119.3654,55.8173]],[[-119.1288,55.8205],[-119.1507,55.8048]],[[-119.7601,55.8213],[-119.9046,55.8108]],[[-119.7601,55.8213],[-119.747,55.824]],[[-119.5854,55.824],[-119.6725,55.8337]],[[-119.747,55.824],[-119.7532,55.8239]],[[-110.7928,55.8242],[-110.6809,55.8341]],[[-119.7352,55.8257],[-119.747,55.824]],[[-119.7092,55.8289],[-119.7352,55.8257]],[[-119.7092,55.8289],[-119.6806,55.8344]],[[-119.4033,55.8301],[-119.3705,55.82]],[[-119.4033,55.8301],[-119.4073,55.8482],[-119.4332,55.85]],[[-113.8943,55.8313],[-114.0069,55.8809],[-114.0209,55.9228],[-114.0146,55.9944]],[[-118.9183,55.8322],[-118.9078,55.7898]],[[-119.6782,55.833],[-119.7092,55.8289]],[[-119.6725,55.8337],[-119.6782,55.833]],[[-110.6809,55.8341],[-110.6733,55.7726]],[[-119.6806,55.8344],[-119.6782,55.833]],[[-119.6806,55.8344],[-119.6725,55.8337]],[[-117.3933,55.8366],[-117.4091,55.7756],[-117.4947,55.7689],[-117.4944,55.7026]],[[-111.0933,55.8421],[-111.1109,55.8478],[-111.3173,55.8433]],[[-112.1725,55.8432],[-112.211,55.7387]],[[-111.3173,55.8433],[-111.2751,55.693]],[[-110.6821,55.8475],[-110.6809,55.8341]],[[-111.7579,55.8488],[-111.8836,55.9154],[-111.9301,55.9535]],[[-111.3582,55.8489],[-111.324,55.8493]],[[-111.324,55.8493],[-111.3173,55.8433]],[[-119.4332,55.85],[-119.4286,55.8376],[-119.4033,55.8301]],[[-113.8304,55.8603],[-113.8404,55.8678],[-113.8697,55.867]],[[-119.5832,55.8628],[-119.5854,55.824]],[[-117.0346,55.8639],[-117.0413,55.7743],[-117.0545,55.7661],[-117.0545,55.7372],[-117.0803,55.7305],[-117.0924,55.7011]],[[-119.7189,55.8641],[-119.7291,55.8685]],[[-119.7483,55.8654],[-119.7538,55.8469],[-119.7352,55.8257]],[[-113.8697,55.867],[-113.8943,55.8313]],[[-119.7291,55.8685],[-119.7483,55.8654]],[[-119.7125,55.8741],[-119.7291,55.8685]],[[-110.7439,55.8748],[-110.7252,55.8582],[-110.6821,55.8475]],[[-119.2973,55.8794],[-119.3667,55.8691]],[[-119.4785,55.8833],[-119.4332,55.85]],[[-119.4785,55.8833],[-119.5014,55.8888],[-119.5,55.9018]],[[-112.1234,55.8889],[-112.1725,55.8432]],[[-112.1234,55.8889],[-112.0254,55.9444],[-111.9779,55.9853]],[[-111.7192,55.8918],[-111.7579,55.8488]],[[-119.5,55.9018],[-119.4785,55.8833]],[[-110.8237,55.9066],[-110.8201,55.907]],[[-110.8201,55.907],[-110.8173,55.9078]],[[-110.8173,55.9078],[-110.8055,55.8807],[-110.7439,55.8748]],[[-110.8173,55.9078],[-110.753,55.8938],[-110.7439,55.8748]],[[-110.818,55.9103],[-110.8201,55.907]],[[-110.818,55.9103],[-110.8173,55.9078]],[[-113.866,55.9206],[-113.8697,55.867]],[[-117.8211,55.926],[-117.7993,55.8984],[-117.7863,55.8116]],[[-117.8225,55.9275],[-117.8211,55.926]],[[-117.8225,55.9275],[-117.84,55.9279]],[[-117.84,55.9279],[-117.8711,55.7901]],[[-111.1387,55.9361],[-111.1762,55.9474]],[[-111.3247,55.9364],[-111.3345,55.8885],[-111.324,55.8493]],[[-111.3247,55.9364],[-111.3239,55.9443]],[[-117.8364,55.9446],[-117.84,55.9279]],[[-117.8364,55.9446],[-117.8225,55.9275]],[[-111.1762,55.9474],[-111.3239,55.9443]],[[-111.1762,55.9474],[-110.8803,55.9467],[-110.8318,55.9688]],[[-110.6252,55.9501],[-110.6159,55.8823],[-110.6821,55.8475]],[[-119.9328,55.9511],[-119.9324,55.9859]],[[-117.7113,55.9533],[-117.8211,55.926]],[[-111.9301,55.9535],[-111.8227,55.9439],[-111.6763,55.943],[-111.6406,55.9309],[-111.3247,55.9364]],[[-111.9301,55.9535],[-111.9735,55.9845]],[[-113.8048,55.9605],[-113.8294,55.953],[-113.866,55.9206]],[[-113.7856,55.9618],[-113.8048,55.9605]],[[-113.7856,55.9618],[-113.7996,55.9554],[-113.8048,55.9605]],[[-110.8318,55.9688],[-110.8162,55.9461],[-110.818,55.9103]],[[-117.8826,55.9704],[-117.8364,55.9446]],[[-113.7646,55.9801],[-113.7856,55.9618]],[[-111.9735,55.9845],[-111.9779,55.9853]],[[-111.9779,55.9853],[-111.9761,55.9863]],[[-119.9324,55.9859],[-119.8454,55.9513],[-119.834,55.908],[-119.8026,55.9054],[-119.8012,55.894],[-119.7483,55.8654]],[[-119.9458,55.986],[-119.9324,55.9859]],[[-111.9761,55.9863],[-111.9735,55.9845]],[[-111.9761,55.9863],[-111.9267,56.0237],[-111.8973,56.0668],[-111.828,56.1074]],[[-114.0146,55.9944],[-113.9411,55.9405],[-113.9111,55.9395],[-113.866,55.9206]],[[-114.0146,55.9944],[-114.0187,56.1523]],[[-111.3499,55.9978],[-111.3238,55.9832],[-111.3239,55.9443]],[[-118.5268,55.9994],[-118.4711,56.0032]],[[-118.4711,56.0032],[-118.0898,56.0291]],[[-119.0716,56.0085],[-119.1355,56.0429],[-119.1373,56.0767],[-119.0978,56.1064]],[[-119.3361,56.0195],[-119.3733,56.0248]],[[-119.3733,56.0248],[-119.3653,55.8202]],[[-118.0898,56.0291],[-117.9653,56.0357]],[[-117.9653,56.0357],[-117.9507,55.9973],[-117.8826,55.9704]],[[-117.9653,56.0357],[-117.8954,56.0438]],[[-114.138,56.0387],[-114.08,56.0329],[-114.0146,55.9944]],[[-119.6311,56.0399],[-119.5927,56.0317],[-119.4324,56.0322],[-119.374,56.0429]],[[-119.374,56.0429],[-119.3733,56.0248]],[[-117.8954,56.0438],[-117.8668,55.9861],[-117.8826,55.9704]],[[-118.0877,56.0633],[-118.0898,56.0291]],[[-110.8538,56.0686],[-110.8585,56.0356],[-110.826,55.9962],[-110.8336,55.9893],[-110.8318,55.9688]],[[-112.5366,56.0817],[-112.4795,56.0461],[-112.3921,56.0328],[-112.3257,55.9942],[-112.2708,55.9775],[-112.1234,55.8889]],[[-112.5366,56.0817],[-112.5493,56.0867]],[[-112.5186,56.0831],[-112.5366,56.0817]],[[-119.3852,56.0864],[-119.374,56.0429]],[[-112.5493,56.0867],[-112.5589,56.0913],[-112.5492,56.1002]],[[-110.9815,56.0899],[-110.9594,56.0789],[-110.9058,56.0791],[-110.8538,56.0686]],[[-119.2801,56.0928],[-119.3852,56.0864]],[[-111.8157,56.0934],[-111.828,56.1074]],[[-119.2852,56.0995],[-119.2801,56.0928]],[[-112.5492,56.1002],[-112.5493,56.0867]],[[-112.5492,56.1002],[-112.5567,56.1221]],[[-119.0978,56.1064],[-119.2801,56.0928]],[[-111.828,56.1074],[-111.7506,56.1586],[-111.7238,56.2042]],[[-118.6915,56.1084],[-118.5339,56.0801],[-118.4832,56.0336],[-118.4711,56.0032]],[[-119.0384,56.1116],[-119.0978,56.1064]],[[-112.5567,56.1221],[-112.5964,56.1429]],[[-115.9936,56.1222],[-116.0605,56.1466],[-116.1133,56.2057],[-116.1005,56.2256],[-116.1265,56.2822]],[[-112.5964,56.1429],[-112.562,56.1398],[-112.5567,56.1221]],[[-112.5964,56.1429],[-112.6248,56.1592]],[[-114.0187,56.1523],[-114.0079,56.3448],[-114.1152,56.4867]],[[-119.7702,56.1553],[-119.7641,56.138],[-119.7467,56.1319],[-119.7184,56.0429],[-119.6981,56.0223],[-119.5,55.9018]],[[-119.7436,56.1561],[-119.7702,56.1553]],[[-119.0744,56.1572],[-119.0978,56.1064]],[[-117.9137,56.1575],[-117.9653,56.0357]],[[-117.9137,56.1575],[-117.8954,56.0438]],[[-119.4278,56.168],[-119.3852,56.0864]],[[-110.8364,56.1703],[-110.8527,56.1419],[-110.8538,56.0686]],[[-110.8364,56.1703],[-110.8606,56.1878],[-110.8756,56.2304],[-110.9008,56.2502],[-110.8717,56.278],[-110.8202,56.2791]],[[-110.8137,56.1815],[-110.8364,56.1703]],[[-110.8137,56.1815],[-110.8072,56.2405],[-110.8202,56.2791]],[[-110.6754,56.1982],[-110.7181,56.1812],[-110.8137,56.1815]],[[-112.6942,56.2003],[-112.6248,56.1592]],[[-112.6942,56.2003],[-112.7126,56.2085],[-112.7109,56.2348]],[[-111.7238,56.2042],[-111.7182,56.2114]],[[-111.715,56.2047],[-111.7238,56.2042]],[[-112.3896,56.2108],[-112.4256,56.2403]],[[-111.7182,56.2114],[-111.7332,56.2977]],[[-113.887,56.2337],[-113.8856,56.2101],[-114.0187,56.1523]],[[-112.7109,56.2348],[-112.6942,56.2003]],[[-112.4256,56.2403],[-112.4742,56.232],[-112.4986,56.2085],[-112.6248,56.1592]],[[-117.9387,56.2543],[-117.914,56.2543]],[[-117.914,56.2543],[-117.9137,56.1575]],[[-111.4981,56.271],[-111.6035,56.2735],[-111.7182,56.2114]],[[-119.8759,56.2723],[-119.8747,56.2419],[-119.8307,56.1939],[-119.8084,56.1885],[-119.7702,56.1553]],[[-119.8745,56.2749],[-119.8759,56.2723]],[[-116.1265,56.2822],[-116.2901,56.2913],[-116.4086,56.3388],[-116.5098,56.3428],[-116.5469,56.3536],[-116.6324,56.3524],[-116.763,56.3898]],[[-116.1168,56.2832],[-116.1265,56.2822]],[[-117.9141,56.2965],[-117.914,56.2543]],[[-111.7332,56.2977],[-111.6725,56.3042],[-111.64,56.316]],[[-111.7332,56.2977],[-111.7333,56.3291],[-111.7775,56.4],[-111.7961,56.5694],[-111.8189,56.5939],[-111.747,56.7578],[-111.7207,56.9292]],[[-112.3102,56.3023],[-112.3404,56.2941],[-112.396,56.2453],[-112.4256,56.2403]],[[-111.64,56.316],[-111.6381,56.3113]],[[-111.64,56.316],[-111.6344,56.3173]],[[-111.5982,56.3217],[-111.5833,56.3927]],[[-117.9287,56.3354],[-117.9141,56.2965]],[[-110.831,56.3412],[-110.8426,56.3102],[-110.8202,56.2791]],[[-119.1883,56.3489],[-119.2022,56.3585],[-119.2094,56.4297],[-119.2371,56.4639],[-119.2685,56.4813],[-119.2798,56.5007],[-119.362,56.5353]],[[-112.7943,56.3594],[-112.7619,56.277],[-112.7109,56.2348]],[[-119.9243,56.3655],[-119.9072,56.3516],[-119.9069,56.3133],[-119.8784,56.2986],[-119.8759,56.2723]],[[-119.9867,56.3666],[-119.927,56.3668]],[[-119.927,56.3668],[-119.9243,56.3655]],[[-119.9245,56.3671],[-119.927,56.3668]],[[-119.9245,56.3671],[-119.9243,56.3655]],[[-117.8239,56.3685],[-117.8965,56.335],[-117.9287,56.3354]],[[-112.8348,56.3836],[-112.7943,56.3594]],[[-112.8348,56.3836],[-112.8347,56.3869]],[[-112.8347,56.3869],[-112.8064,56.3874],[-112.7943,56.3594]],[[-112.8347,56.3869],[-112.8375,56.3971]],[[-116.794,56.3872],[-116.858,56.3798],[-117.0712,56.378],[-117.1561,56.3937],[-117.1917,56.3741],[-117.2268,56.3858],[-117.3086,56.3858],[-117.3439,56.3633],[-117.4367,56.3572],[-117.4513,56.3483],[-117.5643,56.349],[-117.6351,56.3338],[-117.7183,56.3276],[-117.7938,56.3084],[-117.8827,56.3052],[-117.9141,56.2965]],[[-118.5116,56.3877],[-118.5055,56.4017],[-118.3582,56.4132],[-118.1846,56.4456],[-118.0009,56.5006]],[[-112.8427,56.3881],[-112.8348,56.3836]],[[-112.8427,56.3881],[-112.8347,56.3869]],[[-116.763,56.3898],[-116.794,56.3872]],[[-112.8375,56.3971],[-112.8427,56.3881]],[[-116.7786,56.3976],[-116.794,56.3872]],[[-116.7786,56.3976],[-116.763,56.3898]],[[-119.9155,56.3999],[-119.9245,56.3671]],[[-119.9155,56.3999],[-119.9053,56.4059],[-119.9123,56.418]],[[-119.6708,56.4168],[-119.6786,56.4215]],[[-119.9123,56.418],[-119.9155,56.3999]],[[-119.6786,56.4215],[-119.7545,56.3942],[-119.9245,56.3671]],[[-112.8449,56.463],[-112.8199,56.4088],[-112.8375,56.3971]],[[-112.8455,56.4647],[-112.8449,56.463]],[[-112.8455,56.4647],[-112.6933,56.5536],[-112.6599,56.5608],[-112.5914,56.5593],[-112.3911,56.6147],[-112.0168,56.843],[-111.8446,56.9296],[-111.8027,56.9292]],[[-114.1152,56.4867],[-113.9729,56.5117],[-113.4944,56.5113],[-113.4443,56.5189],[-113.0991,56.5213],[-113.0315,56.4898],[-112.9524,56.4886],[-112.8449,56.463]],[[-112.864,56.4952],[-112.8455,56.4647]],[[-112.8541,56.4972],[-112.864,56.4952]],[[-118.0009,56.5006],[-117.9287,56.3354]],[[-114.1247,56.5023],[-114.1152,56.4867]],[[-117.9723,56.5068],[-118.0009,56.5006]],[[-113.4809,56.526],[-113.4276,56.5379],[-113.3104,56.6323],[-113.3089,56.7175],[-113.2914,56.7365],[-113.2729,56.7419],[-113.096,56.732],[-113.0316,56.7378]],[[-114.072,56.5279],[-114.1103,56.5178],[-114.1247,56.5023]],[[-119.362,56.5353],[-119.4153,56.5026],[-119.6786,56.4215]],[[-119.3384,56.5476],[-119.362,56.5353]],[[-119.3384,56.5476],[-119.3126,56.5611],[-119.2518,56.562],[-118.7577,56.5565]],[[-118.7577,56.5565],[-118.6286,56.5603],[-118.2478,56.593],[-118.0493,56.5928]],[[-119.3553,56.5583],[-119.3384,56.5476]],[[-118.7599,56.5604],[-118.7577,56.5565]],[[-118.0493,56.5928],[-118.0009,56.5006]],[[-112.949,56.6119],[-112.864,56.4952]],[[-112.8519,56.6135],[-112.949,56.6119]],[[-119.9018,56.6224],[-119.9123,56.418]],[[-119.9018,56.6224],[-119.902,56.6261]],[[-119.9025,56.6243],[-119.9018,56.6224]],[[-119.9466,56.6244],[-119.9025,56.6243]],[[-119.902,56.6261],[-119.9025,56.6243]],[[-113.0316,56.7378],[-112.949,56.6119]],[[-116.6582,56.774],[-116.729,56.6966],[-116.7297,56.5942],[-116.7192,56.5293],[-116.7746,56.4874],[-116.7786,56.3976]],[[-114.3913,56.7947],[-114.3798,56.7955]],[[-114.3798,56.7955],[-114.3374,56.7694],[-114.1649,56.567],[-114.1247,56.5023]],[[-114.3839,56.7991],[-114.3798,56.7955]],[[-118.5667,56.8195],[-118.5253,56.8267],[-118.3218,56.8315],[-118.2827,56.8439]],[[-113.0803,56.8256],[-113.0316,56.7378]],[[-113.1021,56.8345],[-113.0875,56.8369]],[[-118.2757,56.8364],[-118.2827,56.8439]],[[-113.0875,56.8369],[-113.0803,56.8256]],[[-113.0189,56.8416],[-113.0803,56.8256]],[[-118.2827,56.8439],[-118.2369,56.8542],[-118.1342,56.8525]],[[-118.1342,56.8525],[-118.1136,56.7514],[-118.0493,56.5928]],[[-116.5622,56.8593],[-116.6582,56.774]],[[-116.5622,56.8593],[-116.652,56.8679]],[[-116.5326,56.8596],[-116.5622,56.8593]],[[-116.652,56.8679],[-116.6582,56.774]],[[-116.5464,56.8737],[-116.5622,56.8593]],[[-116.5464,56.8737],[-116.5326,56.8596]],[[-111.7207,56.9292],[-111.7159,56.9829]],[[-111.8027,56.9292],[-111.7207,56.9292]],[[-111.8027,56.9292],[-111.8134,56.9798],[-111.8568,57.0143],[-111.8479,57.0273],[-111.8699,57.0804],[-111.9054,57.0956],[-111.9032,57.1649],[-111.8827,57.1683],[-111.8725,57.1846],[-111.8506,57.1918],[-111.7689,57.1929],[-111.7409,57.1985],[-111.7316,57.2133],[-111.7029,57.2209],[-111.6517,57.2104]],[[-115.2542,56.9313],[-115.2561,56.9325]],[[-115.2561,56.9325],[-115.41,56.9332],[-115.4396,56.9233],[-115.5629,56.9195],[-115.8625,56.9188],[-115.9007,56.9059],[-116.095,56.8807],[-116.1483,56.8661],[-116.208,56.883],[-116.3174,56.8789],[-116.367,56.8584],[-116.5326,56.8596]],[[-115.2561,56.9325],[-115.2213,56.9345]],[[-115.2213,56.9345],[-115.1897,56.9236],[-114.8369,56.9233],[-114.7582,56.8766],[-114.6163,56.8284],[-114.4997,56.8035],[-114.3839,56.7991]],[[-115.2213,56.9345],[-115.2075,56.9394],[-115.2065,56.9959],[-115.1719,57.0174],[-115.1219,57.0187],[-115.0375,57.0543],[-115.0069,57.0777]],[[-116.6581,56.9641],[-116.652,56.8679]],[[-116.6581,56.9641],[-116.5464,56.8737]],[[-118.1556,56.9758],[-118.1544,56.9137],[-118.1342,56.8525]],[[-111.515,56.9793],[-111.5583,56.99]],[[-113.5006,56.9811],[-113.458,56.9736],[-113.4059,56.9962],[-113.1882,57.0045]],[[-111.7159,56.9829],[-111.6926,56.9692],[-111.6101,56.9695],[-111.5583,56.99]],[[-111.7159,56.9829],[-111.7233,56.9992],[-111.6914,57.0236],[-111.6521,57.0364],[-111.6496,57.0484],[-111.6091,57.0554],[-111.6033,57.0478]],[[-118.3037,56.9833],[-118.1556,56.9758]],[[-111.5583,56.99],[-111.5597,57.0007],[-111.5834,57.0005],[-111.5997,57.0185],[-111.6117,57.0361],[-111.5968,57.0429]],[[-113.1882,57.0045],[-113.1449,56.9042],[-113.0875,56.8369]],[[-111.5655,57.042],[-111.5968,57.0429]],[[-111.5968,57.0429],[-111.6033,57.0478]],[[-111.6033,57.0478],[-111.6056,57.0472]],[[-111.6033,57.0478],[-111.6018,57.0471]],[[-118.0344,57.067],[-118.1648,57.0682]],[[-118.1648,57.0682],[-118.1556,56.9758]],[[-113.1294,57.0757],[-113.1253,57.0534],[-113.1525,57.0225],[-113.1882,57.0045]],[[-115.0069,57.0777],[-114.9016,57.0269],[-114.895,57.0107],[-114.8258,56.994],[-114.7479,56.9464],[-114.6769,56.9457],[-114.5773,56.9126],[-114.4479,56.8503],[-114.3839,56.7991]],[[-118.1703,57.0945],[-118.1648,57.0682]],[[-118.0632,57.1134],[-118.1703,57.0945]],[[-118.1764,57.1194],[-118.1703,57.0945]],[[-118.1519,57.1224],[-118.1764,57.1194]],[[-113.2817,57.135],[-113.1294,57.0757]],[[-118.1844,57.15],[-118.1764,57.1194]],[[-118.3306,57.1537],[-118.1844,57.15]],[[-118.1938,57.1821],[-118.1844,57.15]],[[-118.1828,57.1836],[-118.1938,57.1821]],[[-118.1828,57.1836],[-118.0277,57.187]],[[-118.0277,57.187],[-117.899,57.1514],[-117.8574,57.1556],[-117.7253,57.1187],[-117.5783,57.1186],[-117.5011,57.105],[-117.3924,57.1038],[-117.3581,57.0857],[-117.3071,57.0756],[-117.169,57.0806],[-117.1711,57.0586],[-117.1565,57.0501],[-116.8741,57.0591],[-116.7646,57.0433],[-116.6581,56.9641]],[[-117.9955,57.1876],[-118.0277,57.187]],[[-118.1957,57.1898],[-118.1938,57.1821]],[[-118.1957,57.1898],[-118.1828,57.1836]],[[-118.2043,57.1919],[-118.1967,57.1923]],[[-118.1967,57.1923],[-118.1957,57.1898]],[[-112.9044,57.1971],[-112.9124,57.1814],[-112.9515,57.1823],[-112.9921,57.1604],[-113.1254,57.1146],[-113.1294,57.0757]],[[-112.9044,57.1971],[-112.8109,57.1725],[-112.7394,57.1906],[-112.7243,57.216],[-112.6484,57.2366],[-112.5931,57.2481],[-112.5036,57.2452],[-112.4942,57.253]],[[-111.4351,57.1971],[-111.304,57.1369],[-111.1788,57.1324],[-111.0427,57.2058]],[[-111.4351,57.1971],[-111.3994,57.2055],[-111.3993,57.2144]],[[-118.2002,57.1978],[-118.1967,57.1923]],[[-112.9028,57.1995],[-112.9044,57.1971]],[[-111.0427,57.2058],[-111.0261,57.2144],[-110.9255,57.216],[-110.8643,57.2425]],[[-111.0427,57.2058],[-111.0466,57.2434],[-111.076,57.2708],[-111.0826,57.3356],[-111.0586,57.398]],[[-111.6517,57.2104],[-111.5967,57.2102],[-111.5929,57.1946],[-111.5519,57.1965],[-111.5387,57.1874],[-111.5213,57.1871],[-111.5111,57.1968],[-111.4351,57.1971]],[[-111.6517,57.2104],[-111.6956,57.3003],[-111.6862,57.3418],[-111.7406,57.3444]],[[-116.5532,57.2104],[-116.5648,57.148],[-116.6615,57.0842],[-116.6581,56.9641]],[[-114.8938,57.2651],[-114.8891,57.2431],[-114.9272,57.2145],[-114.931,57.1518],[-115.0069,57.0777]],[[-118.5535,57.2702],[-118.5395,57.2847],[-118.4998,57.2948]],[[-118.4899,57.2932],[-118.3746,57.264],[-118.2002,57.1978]],[[-118.4998,57.2948],[-118.4899,57.2932]],[[-115.5454,57.2954],[-115.6355,57.2972],[-115.6773,57.278],[-116.187,57.2731],[-116.2827,57.2543],[-116.366,57.2519],[-116.3988,57.229],[-116.398,57.2179],[-116.5532,57.2104]],[[-118.4629,57.3366],[-118.4823,57.3226],[-118.4899,57.2932]],[[-118.654,57.3368],[-118.4998,57.2948]],[[-118.6699,57.3401],[-118.654,57.3368]],[[-118.6699,57.3401],[-118.6585,57.3403]],[[-118.6585,57.3403],[-118.654,57.3368]],[[-119.7511,57.3612],[-119.755,57.3269],[-119.8928,57.2016],[-119.8928,57.1461],[-119.8768,57.1191],[-119.8881,57.0593],[-119.8815,56.9207],[-119.9004,56.8671],[-119.8963,56.6544],[-119.902,56.6261]],[[-119.7511,57.3612],[-119.7278,57.3617]],[[-119.7278,57.3617],[-119.5717,57.3563],[-119.4182,57.3648],[-119.3415,57.3807],[-119.2328,57.3806]],[[-119.7514,57.3661],[-119.7511,57.3612]],[[-119.7514,57.3661],[-119.7278,57.3617]],[[-119.2344,57.3757],[-119.2328,57.3806]],[[-119.2328,57.3806],[-119.1691,57.3807]],[[-119.1691,57.3807],[-119.1269,57.371],[-119.0947,57.3486],[-118.9331,57.3264],[-118.6699,57.3401]],[[-118.8252,57.4356],[-118.6585,57.3403]],[[-118.7404,57.5001],[-118.824,57.4598],[-118.8252,57.4356]],[[-116.4995,57.5035],[-116.5458,57.4089],[-116.5532,57.2104]],[[-119.1087,57.5447],[-119.17,57.4895],[-119.1691,57.3807]],[[-119.1087,57.5447],[-119.0429,57.4933],[-119.0133,57.4937],[-118.8907,57.4454],[-118.8563,57.4467],[-118.8252,57.4356]],[[-119.1087,57.5461],[-119.1087,57.5447]],[[-119.9487,57.6709],[-119.9421,57.6169],[-119.8925,57.5893],[-119.8348,57.4946],[-119.7905,57.4705],[-119.7953,57.3909],[-119.7514,57.3661]],[[-119.9934,57.7406],[-119.9487,57.6709]],[[-119.9934,57.7406],[-119.973,57.7262],[-119.9487,57.6709]],[[-118.3811,57.8134],[-118.2932,57.609],[-118.2002,57.1978]],[[-117.8542,57.84],[-117.9268,57.8559]],[[-118.3985,57.8505],[-118.3811,57.8134]],[[-117.9268,57.8559],[-118.0167,57.822],[-118.1049,57.8069],[-118.3811,57.8134]],[[-118.3016,57.8577],[-118.3985,57.8505]],[[-119.9853,57.868],[-119.98,57.79],[-119.9934,57.7406]],[[-119.7373,57.8769],[-119.761,57.8704],[-119.9853,57.868]],[[-118.5808,57.9713],[-118.4563,57.9728]],[[-118.4563,57.9728],[-118.4424,57.9386],[-118.4583,57.9342],[-118.438,57.9299],[-118.3985,57.8505]],[[-118.4719,58.058],[-118.4563,57.9728]],[[-118.761,58.0751],[-118.476,58.0794]],[[-118.476,58.0794],[-118.4719,58.058]],[[-117.6255,58.0801],[-117.728,58.009],[-117.8617,57.8853],[-117.9268,57.8559]],[[-118.1123,58.1089],[-118.2679,58.1031],[-118.267,58.0765],[-118.295,58.0581],[-118.4719,58.058]],[[-118.4837,58.1218],[-118.476,58.0794]],[[-118.3687,58.1278],[-118.4837,58.1218]],[[-118.8836,58.3049],[-118.8738,58.382]],[[-118.8738,58.382],[-118.5438,58.3887]],[[-118.8738,58.382],[-118.9871,58.3667],[-119.0012,58.381],[-119.1239,58.4375],[-119.2371,58.4467]],[[-118.5438,58.3887],[-118.4837,58.1218]],[[-118.7023,58.6262],[-118.7028,58.6158],[-118.7327,58.6016],[-118.8084,58.5777]],[[-118.7023,58.6262],[-118.7104,58.6291]],[[-118.6241,58.6285],[-118.7023,58.6262]],[[-118.6241,58.6285],[-118.5438,58.3887]],[[-119.9289,58.6382],[-119.9167,58.5566],[-119.9257,58.3927],[-119.9176,58.3837],[-119.9149,58.2516],[-119.9406,58.2057],[-119.9762,58.1872],[-119.9821,58.1692],[-119.9853,57.868]],[[-118.669,58.6839],[-118.6516,58.6885]],[[-121.3103,58.685],[-121.2662,58.6887]],[[-121.3103,58.685],[-121.2798,58.6821],[-121.2662,58.6887]],[[-121.3103,58.685],[-121.288,58.7235],[-121.2915,58.7838],[-121.3088,58.793],[-121.3102,58.8104],[-121.3472,58.834],[-121.4253,58.8651],[-121.4626,58.9166],[-121.4948,58.93],[-121.4971,58.9623],[-121.583,59.0189],[-121.5692,59.0562],[-121.6128,59.088],[-121.6298,59.1986]],[[-121.3166,58.6863],[-121.3103,58.685]],[[-118.6516,58.6885],[-118.6241,58.6285]],[[-121.2662,58.6887],[-120.9647,58.6694],[-120.9552,58.6615],[-120.755,58.6604],[-120.7162,58.6512],[-120.6893,58.6607],[-120.498,58.6521],[-120.4358,58.6564],[-120.2669,58.6375],[-120.0955,58.6397],[-120.0002,58.6322],[-119.9289,58.6382]],[[-118.6935,58.775],[-118.6516,58.6885]],[[-118.6018,58.7806],[-118.6935,58.775]],[[-118.8509,59.0583],[-118.6987,58.8064],[-118.6935,58.775]],[[-118.8715,59.0588],[-118.8509,59.0583]],[[-118.8751,59.0592],[-118.8715,59.0588]],[[-118.8775,59.0626],[-118.8751,59.0592]],[[-118.8507,59.0636],[-118.8509,59.0583]],[[-119.9093,59.1401],[-119.8853,58.9983],[-119.9253,58.7972],[-119.9289,58.6382]],[[-119.9093,59.1401],[-119.3408,59.1352],[-119.2417,59.1187],[-119.0618,59.1174],[-119.0019,59.1116],[-118.9058,59.0644],[-118.8751,59.0592]],[[-121.6298,59.1986],[-121.5954,59.2049]],[[-121.6298,59.1986],[-121.6753,59.2293]],[[-119.9038,59.303],[-119.9093,59.1401]],[[-119.9985,59.3075],[-119.9038,59.303]],[[-119.9584,59.4625],[-119.9123,59.4348],[-119.8925,59.4356],[-119.9031,59.4166],[-119.9038,59.303]],[[-117.4009,59.5991],[-117.7064,59.6058],[-117.7257,59.6155]],[[-117.7257,59.6155],[-117.8188,59.6157],[-117.8684,59.6243],[-118.1577,59.613],[-118.2092,59.6388],[-118.2998,59.6405]],[[-117.7155,59.6204],[-117.7257,59.6155]],[[-118.2998,59.6405],[-118.3037,59.6405]],[[-118.2998,59.6405],[-118.3405,59.5373],[-118.4538,59.3984],[-118.4913,59.333],[-118.5924,59.2641],[-118.6149,59.2344],[-118.7137,59.1764],[-118.7507,59.1378],[-118.8638,59.0795],[-118.8715,59.0588]]]},"properties":{"Pipeline_Name":"NGTL System","Company":"NOVA Gas Transmission Ltd.","Commodity":"Gas"}},{"type":"Feature","geometry":{"type":"LineString","coordinates":[[-102.5901,48.9993],[-102.59,49.0304],[-102.6324,49.0603],[-102.6361,49.2878],[-102.4951,49.2438],[-102.4473,49.2419],[-102.1282,49.3441],[-102.0896,49.3431],[-102.0374,49.3698],[-101.9713,49.3874],[-101.8698,49.3986],[-101.7344,49.4797],[-101.5591,49.5653],[-101.4339,49.6441],[-101.4041,49.6453],[-101.4001,49.6603],[-101.2439,49.7461]]},"properties":{"Pipeline_Name":"Enbridge Bakken System","Company":"Enbridge Bakken Pipeline Company Inc., on behalf of Enbridge Bakken Pipeline Limited Partnership","Commodity":"Liquid"}},{"type":"Feature","geometry":{"type":"MultiLineString","coordinates":[[[-112.08,49.1356],[-112.081,49.1215],[-112.0992,49.0969]],[[-112.0991,49.0942],[-112.1033,49.0862],[-112.1008,49.096]],[[-112.1276,49.0041],[-112.1239,49.0007],[-112.122,49.0107],[-112.1212,49.072],[-112.1033,49.0862]],[[-112.1239,49.0007],[-112.124,48.999]]]},"properties":{"Pipeline_Name":"Milk River Pipeline","Company":"Milk River Pipeline Ltd.","Commodity":"Liquid"}},{"type":"Feature","geometry":{"type":"MultiLineString","coordinates":[[[-122.221,49.0033],[-122.1818,49.0167],[-122.0633,49.1063],[-122.0016,49.1168],[-121.9712,49.138],[-121.7904,49.1948],[-121.7745,49.2147],[-121.7422,49.2276],[-121.7078,49.3174],[-121.6664,49.3508],[-121.5203,49.3762],[-121.4535,49.3663],[-121.4096,49.3791],[-121.3194,49.3795],[-121.3056,49.436],[-121.2571,49.4559],[-121.2424,49.4907],[-121.2017,49.5007],[-121.205,49.5328],[-121.1728,49.5826],[-121.139,49.5968],[-121.0903,49.5933],[-121.0581,49.6188],[-121.0615,49.6361],[-121.0326,49.644],[-121.0149,49.6672],[-121.0101,49.7541],[-120.9474,49.8113],[-120.91,49.9471],[-120.9231,49.9933],[-120.851,50.1384],[-120.8272,50.2779],[-120.7942,50.3707],[-120.8026,50.447],[-120.851,50.5516],[-120.8369,50.6195],[-120.8681,50.7107],[-120.8483,50.7433],[-120.9174,50.7861],[-120.9682,50.8673],[-120.9947,50.9509],[-121.0483,50.9853],[-121.0557,51.033],[-121.1408,51.1032],[-121.2074,51.218],[-121.2753,51.2757],[-121.3106,51.3494],[-121.3143,51.362],[-121.2859,51.4193],[-121.2899,51.4681],[-121.2613,51.5804],[-121.3286,51.7042],[-121.4596,51.8117],[-121.7508,51.9415],[-121.8928,52.0689],[-121.9433,52.1292],[-122.2203,52.3294],[-122.2668,52.4081],[-122.4086,52.4905],[-122.4526,52.567],[-122.4463,52.7194],[-122.4071,52.7984],[-122.4067,52.8474],[-122.4475,52.9534],[-122.4527,53.0067],[-122.4829,53.0601],[-122.4817,53.1075],[-122.5155,53.1377],[-122.5317,53.1771],[-122.5272,53.2124],[-122.5546,53.3351],[-122.5999,53.416],[-122.6097,53.4678],[-122.6269,53.6386],[-122.6077,53.6726],[-122.624,53.8945],[-122.6134,53.9876],[-122.6562,54.0267],[-122.5925,54.1938],[-122.5945,54.2402],[-122.6211,54.2964],[-122.6194,54.3613],[-122.6448,54.4817],[-122.6869,54.5619],[-122.7131,54.6528],[-122.7811,54.7188],[-122.7872,54.7576],[-122.8242,54.8024],[-122.8704,54.8332],[-122.8745,54.8478],[-122.9206,54.903],[-123.0008,54.9774],[-123.0312,55.0342],[-122.975,55.116],[-122.9273,55.1195],[-122.8448,55.1454],[-122.6953,55.2342],[-122.688,55.3032],[-122.6162,55.3549],[-122.6132,55.375],[-122.638,55.4055],[-122.7786,55.4653],[-122.7888,55.4833],[-122.7789,55.5116],[-122.7113,55.5187],[-122.6726,55.5012],[-122.6341,55.5076],[-122.586,55.5002],[-122.5397,55.5202],[-122.4929,55.5247],[-122.4542,55.5512],[-122.3221,55.6024]],[[-120.0014,54.4228],[-119.957,54.41],[-119.8873,54.4245],[-119.8525,54.4079],[-119.8147,54.4045],[-119.6173,54.4454],[-119.5828,54.4181]],[[-122.3221,55.6024],[-122.2892,55.6034],[-122.2557,55.618],[-122.2413,55.6399]],[[-122.0006,55.6039],[-121.9448,55.5736]],[[-122.0006,55.6039],[-122.0035,55.6043]],[[-122.0035,55.6043],[-122.0053,55.6057]],[[-122.0035,55.6043],[-122.0361,55.6063],[-122.0616,55.6289],[-122.1144,55.6434],[-122.2059,55.6493]],[[-122.2413,55.6399],[-122.3221,55.6024]],[[-122.2413,55.6399],[-122.2059,55.6493]],[[-122.2059,55.6493],[-122.2089,55.6497]],[[-122.2089,55.6497],[-122.2774,55.6874],[-122.2664,55.7098],[-122.2401,55.7167],[-122.2456,55.7482],[-122.2175,55.7661]],[[-121.5513,55.7271],[-121.555,55.7272]],[[-121.555,55.7272],[-121.6154,55.7125],[-121.6632,55.6747],[-121.7445,55.6405],[-121.831,55.6184],[-122.0006,55.6039]],[[-119.8872,55.7519],[-119.8019,55.79],[-119.7539,55.8242]],[[-122.2175,55.7661],[-122.1858,55.6713],[-122.2089,55.6497]],[[-122.2175,55.7661],[-122.1553,55.826],[-122.0754,55.9576],[-122.0933,55.9755],[-122.0604,56.053],[-122.0679,56.1547],[-122.0874,56.2154],[-122.0769,56.2673],[-122.0952,56.3052],[-122.0932,56.3526],[-122.1325,56.5364],[-122.2547,56.6922],[-122.2635,56.7223],[-122.3041,56.7583],[-122.366,56.8354]],[[-120.8798,55.8112],[-120.8665,55.8111],[-120.8707,55.8267],[-120.8973,55.8519],[-120.9294,55.8545],[-120.9424,55.8657],[-120.9487,55.9084],[-121.0148,55.9374]],[[-119.7539,55.8242],[-119.9034,55.8985]],[[-121.2031,55.8621],[-121.2028,55.8633]],[[-121.2028,55.8633],[-121.4997,55.7385],[-121.555,55.7272]],[[-121.2028,55.8633],[-121.1924,55.9098],[-121.075,55.917]],[[-119.5674,55.8641],[-119.6648,55.8351],[-119.7539,55.8242]],[[-120.219,55.8693],[-120.1674,55.9406]],[[-119.9034,55.8985],[-120.1674,55.9406]],[[-121.075,55.917],[-121.2028,55.8633]],[[-121.075,55.917],[-121.0148,55.9374]],[[-119.8514,55.9271],[-119.9034,55.8985]],[[-121.0148,55.9374],[-120.7546,56.0381],[-120.6711,56.1254]],[[-120.1674,55.9406],[-120.3927,55.9776],[-120.3992,55.9873],[-120.4573,56.0042]],[[-120.4573,56.0042],[-120.6362,56.0715],[-120.6711,56.1254]],[[-120.313,56.0489],[-120.381,56.0413],[-120.4573,56.0042]],[[-120.6711,56.1254],[-120.6703,56.1401]],[[-119.9871,56.3666],[-120.104,56.363],[-120.2164,56.3338],[-120.3622,56.2739],[-120.4793,56.239],[-120.6066,56.1759],[-120.6555,56.1708],[-120.6641,56.1476]],[[-122.366,56.8354],[-122.194,56.9054],[-122.1541,56.9143],[-122.0905,56.9462],[-121.9202,56.9537]],[[-122.366,56.8354],[-122.4784,56.935],[-122.5498,57.0333],[-122.5789,57.0973]],[[-122.5789,57.0973],[-122.5671,57.1109],[-122.5999,57.1927],[-122.5907,57.2167],[-122.6258,57.2518],[-122.6576,57.3955],[-122.6834,57.4204],[-122.644,57.4449],[-122.6367,57.4658],[-122.7291,57.5924],[-122.6996,57.6223],[-122.6976,57.7747],[-122.7174,57.7976],[-122.7198,57.9065],[-122.6851,58.0458],[-122.6795,58.1124],[-122.7018,58.4841],[-122.6849,58.6532]],[[-123.0129,57.2012],[-123.0076,57.1946],[-122.9487,57.1874],[-122.8771,57.1514],[-122.8145,57.1593],[-122.695,57.1336],[-122.6289,57.1279],[-122.5789,57.0973]],[[-119.8023,59.1652],[-119.808,59.1695]],[[-119.808,59.1695],[-119.9143,59.2562],[-120.0698,59.3159],[-119.9035,59.4819],[-119.8672,59.4997]],[[-119.6828,59.2534],[-119.7185,59.2356],[-119.7148,59.2174],[-119.808,59.1695]],[[-123.8258,60.3972],[-123.8464,60.3498],[-123.9449,60.2481],[-123.9603,60.2454],[-123.9688,60.2135],[-124.0431,60.1445],[-124.0639,60.0794],[-124.1322,60.0607],[-124.2237,59.9708]]]},"properties":{"Pipeline_Name":"Enbridge BC Pipeline","Company":"Westcoast Energy Inc.","Commodity":"Gas"}}]}