tree
version=v4
num_class=8
num_tree_per_iteration=8
label_index=0
max_feature_idx=33
objective=multiclass num_class:8
feature_names=latitude longitude doy_sin doy_cos dist_pipeline_km province operator_group commodity temp_mean_d0 temp_min_d0 temp_max_d0 temp_mean_7d temp_min_7d temp_max_7d temp_mean_30d temp_min_30d temp_max_30d freeze_thaw_30d precip_7d precip_30d ah_n_prior ah_n_sites ah_n_known ah_n_known_sites ah_same_site_n ah_days_since_last ah_mix_corrosion_cracking ah_mix_equipment_failure ah_mix_incorrect_operation ah_mix_third_party_damage ah_mix_geotechnical ah_mix_natural_forces_weather ah_mix_construction_material_defect ah_mix_fire_ignition
feature_infos=[42.280509000000002:65.286034000000001] [-126.88704799999999:-61.612676049999997] [-0.9999994220246925:0.99998555065071859] [-0.99997919295908233:1] [2.7874209999999999e-05:205.25435771779001] -1:0:1:6:8:3:2:7:5 -1:11:18:3:14:16:8:17:12:6:5:0:1:15:10:13:2:9:4 -1:0:1:2 [-38.600000000000001:30] [-46.299999999999997:22.600000000000001] [-31.699999999999999:39.200000000000003] [-30.600000000000001:25.985714285714288] [-45.600000000000001:18] [-19.199999999999999:40.5] [-32.43333333333333:24.414814814814807] [-48.200000000000003:15.5] [-16.100000000000001:40.5] [0:30] [0:349.5] [0:656.89999999999998] [0:110] [0:23] [0:81] [0:23] [0:101] [1:6539] [0:1] [0:1] [0:1] [0:1] [0:1] [0:1] [0:1] [0:1]
tree_sizes=1686 1677 1688 1685 1676 1674 1663 1661 1718 1735 1716 1715 1724 1720 1715 1719 1718 1728 1730 1709 1709 1703 1712 1721 1733 1727 1730 1712 1727 1717 1732 1706 1735 1726 1734 1728 1699 1709 1712 1714 1730 1733 1720 1705 1732 1723 1706 1739 1732 1743 1733 1727 1718 1724 1732 1721 1739 1731 1737 1722 1732 1704 1689 1687 1730 1732 1735 1716 1742 1723 1733 1742 1734 1740 1725 1715 1704 1717 1721 1737 1727 1746 1735 1713 1720 1744 1715 1734 1725 1726 1739 1743 1710 1715 1701 1720 1737 1736 1720 1731 1718 1739 1706 1740 1734 1709 1746 1721 1731 1724 1741 1733 1736 1729 1737 1738 1721 1747 1719 1738 1739 1723 1744 1737 1747 1711 1744 1737 1744 1744 1755 1721 1746 1753 1712 1744 1731 1743 1743 1731 1733 1709 1731 1739 1738 1753 1737 1727 1707 1724 1737 1741 1746 1732 1735 1722 1743 1729 1709 1720 1714 1713 1739 1722 1740 1719 1737 1714 1728 1732 1731 1723 1744 1722 1704 1731 1740 1731 1752 1742 1739 1735 1740 1742 1736 1743 1746 1716 1736 1728 1732 1717 1742 1729 1739 1741 1708 1714 1718 1723 1736 1735 1748 1726 1744 1722 1745 1721 1753 1730 1739 1719 1715 1710 1717 1720 1715 1748 1744 1741 1721 1709 1736 1720 1718 1742 1742 1715 1744 1734 1748 1742 1727 1733 1747 1721 1736 1719 1737 1727 1734 1724 1725 1728 1738 1723 1736 1720 1744 1740 1726 1737 1720 1735 1746 1756 1727 1746 1748 1728 1722 1744 1726 1727 1738 1740 1730 1731 1742 1709 1744 1731 1727 1735 1744 1716 1747 1740 1732 1731 1721 1726 1743 1745 1753 1718 1732 1727 1746 1732 1739 1723 1723 1710 1725 1727 1734 1740 1756 1722 1712 1701 1738 1726 1744 1744 1747 1752 1725 1743 1741 1740 1747 1749 1744 1721 1745 1713 1723 1746 1732 1714 1712 1716 1731 1725 1721 1759 1720 1722 1721 1729 1737 1737 1736 1719 1750 1740 1753 1728 1703 1723 1748 1746 1749 1746 1752 1719 1735 1739 1745 1722 1722 1734 1724 1724 1745 1731 1737 1750 1733 1720 1733 1729 1744 1736 1744 1743 1747 1759 1729 1740 1729 1750 1754 1751 1750 1704 1725 1726 1726 1743 1718 1729 1735 1735 1738 1745 1736 1721 1751 1747 1709 1734 1716 1716 1755 1733 1745 1751 1732 1717 1744 1735 1755 1712 1738 1727 1727 1734 1758 1725 1725 1731 1742 1732 1728 1743 1737 1723 1722 1744 1751 1724 1717 1754 1712 1718 1733 1738 1724 1728 1752 1741 1720 1742 1723 1742 1738 1732 1747 1753 1715 1709 1730 1745 1752 1735 1729 1748 1759 1719 1750 1706 1723 1727 1731 1718 1731 1723 1745 1735 1741 1733 1733 1731 1725 1726 1746 1733 1725 1723 1725 1743 1741 1712 1753 1726 1720 1749 1725 1748 1746 1729 1729 1724 1751 1743 1731 1723 1746 1724 1719 1724 1725 1716 1737 1705 1756 1710 1728 1742 1752 1713 1725 1739 1726 1727 1725 1756 1727 1734 1738 1727 1729 1733 1737 1756 1723 1723 1732 1714 1732 1740 1731 1750 1722 1752 1730 1726 1726 1726 1731 1717 1744 1730

Tree=0
num_leaves=15
num_cat=1
split_feature=6 1 4 9 15 0 9 11 3 32 3 24 11 24
split_gain=42.5792 23.6739 22.2599 18.5751 18.7684 15.3275 12.3384 10.9405 17.1754 10.3384 9.65663 7.39041 8.93581 6.99258
threshold=0 -113.48784549999998 0.016809289460000005 -0.6499999999999998 1.4500000000000002 54.758571500000009 5.3500000000000005 4.1214285714285728 0.81304046271159414 0.52777777777777779 0.93158198870884079 2.5000000000000004 -8.0142857142857125 1.0000000180025095e-35
decision_type=9 2 2 8 10 2 8 10 2 8 2 2 10 2
left_child=1 2 -1 5 -5 7 11 8 -3 13 -10 -4 -13 -6
right_child=-2 3 6 4 9 -7 -8 -9 10 -11 -12 12 -14 -15
leaf_value=-2.0005273013025726 -2.1105773601247306 -1.9289325326846016 -2.0861526685136136 -2.0993352422571059 -2.0909051385219506 -2.1031640496426114 -2.1175120702083809 -2.0705840316509092 -2.0955304664881962 -1.9661212154249017 -1.9846509007927666 -1.9704368139878892 -2.0705208127905128 -2.0096346862336314
leaf_weight=6.5149037912487975 69.725787028670311 8.952907428145414 30.118829935789108 16.817278660833839 5.9073189571499789 2.9595052972435942 25.843564756214619 3.5225012376904479 3.661947362124919 4.2699290588498124 2.7047417685389519 2.3735596016049385 7.1866994723677617 3.47730603069067
leaf_count=49 610 80 230 113 33 21 189 29 31 35 24 18 56 31
internal_value=-2.08208 -2.06467 -2.08214 -2.03821 -2.06431 -2.004 -2.09132 -1.98801 -1.97073 -2.02277 -2.04195 -2.07374 -2.0377 -2.05697
internal_weight=194.037 124.311 72.0376 52.2734 30.4718 21.8016 65.5227 18.8421 15.3196 13.6546 6.36669 39.6791 9.56026 9.38462
internal_count=1549 939 542 397 212 185 493 164 135 99 55 304 74 64
cat_boundaries=0 1
cat_threshold=317473
is_linear=0
shrinkage=1


Tree=1
num_leaves=15
num_cat=0
split_feature=1 10 24 29 28 9 1 18 16 19 0 10 28 11
split_gain=24.0358 16.0455 8.78335 12.743 7.76584 8.29785 7.57499 8.05939 7.85288 6.16736 5.98984 4.79148 4.58935 4.58209
threshold=-66.794485499999993 -4.9499999999999993 1.0000000180025095e-35 0.028174603174603179 1.0000000180025095e-35 -15.249999999999998 -114.85992799999998 0.35000000000000003 28.750000000000004 76.450000000000017 55.257740045000013 14.750000000000002 0.1173769923769924 -5.4642857142857126
decision_type=2 8 2 8 8 10 2 8 10 10 2 10 10 10
left_child=1 4 3 -3 -1 13 10 8 -8 -2 -4 -11 -12 -6
right_child=9 2 6 -5 5 -7 7 -9 -10 11 12 -13 -14 -15
leaf_value=-2.0846309836589585 -2.0583989493345292 -2.1130171578191934 -2.106371134122409 -2.0766463533824959 -2.0304209050927406 -1.9439729326883153 -2.0637633237246469 -2.0677150146419945 -1.9392217784519643 -1.9296190951646919 -2.0196698971969949 -2.044072338680945 -2.0811376107573301 -2.1004080375061678
leaf_weight=7.3477585986256626 3.6137446463108045 52.78079304844141 20.230921275913715 43.352943763136864 10.725734017789362 1.8905256018042536 2.9332564771175411 27.185320965945721 1.696639150381088 2.6096214726567268 3.0403049513697615 2.2971725612878799 12.015346422791479 2.3166974335908899
leaf_count=61 27 356 135 354 103 27 26 244 28 34 33 21 86 14
internal_value=-2.07768 -2.08164 -2.08714 -2.09676 -2.04278 -2.02315 -2.0733 -2.05597 -2.00132 -2.00019 -2.08915 -1.96814 -2.06578 -2.04346
internal_weight=194.037 185.516 163.236 96.1337 22.2807 14.933 67.1018 31.8152 4.6299 8.52054 35.2866 4.90679 15.0557 13.0424
internal_count=1549 1467 1262 710 205 144 552 298 54 82 254 55 119 117
is_linear=0
shrinkage=1


Tree=2
num_leaves=15
num_cat=1
split_feature=7 26 28 25 17 1 1 22 1 12 12 28 4 9
split_gain=66.5542 24.1459 21.4172 17.6492 16.3555 15.8653 10.9782 8.77184 7.61079 5.14153 5.0579 4.87879 4.52592 4.44514
threshold=0 0.0093445980542754738 0.17283549783549787 136.00000000000003 13.500000000000002 -107.30818970499998 -100.00109599999998 30.500000000000004 -98.517571999999987 -15.299999999999999 -7.3999999999999995 0.044642857142857144 0.13440931511000004 6.5500000000000007
decision_type=1 10 10 10 10 2 2 2 2 8 10 8 2 10
left_child=8 2 11 4 7 9 -7 -4 10 -3 -1 -2 -11 -13
right_child=1 5 3 -5 -6 6 -8 -9 -10 12 -12 13 -14 -15
leaf_value=-2.0798960156410629 -2.0988531384152522 -2.1010762512499928 -1.8995088135915257 -2.0641063524738201 -2.0870014088189768 -1.8528787021224806 -2.0186647449988304 -2.0427793956937239 -2.1196438847244981 -2.0630288591987358 -2.1028883637640878 -2.0421155668557565 -1.979024396497632 -2.0918319482720475
leaf_weight=44.63358860462904 15.619550764560698 1.7132684811949728 4.7288344278931636 9.2569809779524785 2.0840626955032349 2.398030087351799 2.8589096814393988 2.0659464821219444 34.374686196446419 3.4067512750625593 50.638683274388313 10.379135541617872 3.0967172160744667 6.7816346809267989
leaf_count=355 104 14 65 68 13 36 31 16 264 29 361 106 35 52
internal_value=-2.07914 -2.03796 -2.05473 -2.0127 -1.96608 -1.98068 -1.91892 -1.93278 -2.09975 -2.03333 -2.09223 -2.07927 -2.01498 -2.06136
internal_weight=194.037 64.3898 50.9161 18.1358 8.87884 13.4737 5.25694 6.79478 129.647 8.21674 95.2723 32.7803 6.50347 17.1608
internal_count=1549 569 424 162 94 145 67 81 980 78 716 262 64 158
cat_boundaries=0 1
cat_threshold=1
is_linear=0
shrinkage=1


Tree=3
num_leaves=15
num_cat=1
split_feature=31 18 29 0 13 13 16 0 11 4 0 7 32 2
split_gain=50.2514 42.3747 34.1767 30.5963 28.2077 21.5373 23.086 19.885 16.1167 14.27 15.7954 18.9042 11.7025 11.1822
threshold=0.11237373737373739 0.35000000000000003 0.0074464153732446423 50.505144500000007 29.050000000000004 12.950000000000001 26.550000000000004 49.291629195000006 -12.878571428571425 0.065843766160000025 45.093910265000012 0 1.0000000180025095e-35 -0.85227431625818906
decision_type=10 8 10 2 8 10 8 2 10 2 2 1 8 2
left_child=1 3 4 -1 7 8 -7 -2 -5 -3 11 -11 -8 -12
right_child=2 9 -4 5 -6 6 12 -9 -10 10 13 -13 -14 -15
leaf_value=-2.1075730507921473 -1.9902714918655942 -2.1235926236239302 -1.9375906112978092 -1.9731933351518642 -1.9667546386844101 -1.9138642627398603 -1.9746148721868078 -2.1138222361562149 -2.1214183311307413 -1.9716925797752975 -2.058965230909068 -2.1167900852768513 -2.0902457052410419 -2.1029901058631335
leaf_weight=9.4274746924638766 3.1970186531543794 37.987253710627556 8.5403809696435911 1.5988534837961195 5.8733165562152889 7.4903704598545984 2.7726012915372875 13.599442467093466 5.2319223955273655 4.9598838314414015 17.392445765435696 2.9521154388785362 4.817789264023304 68.195911407470703
leaf_count=86 23 332 48 8 33 36 18 110 51 30 138 30 33 573
internal_value=-2.07442 -2.08567 -2.01734 -2.03431 -2.05211 -2.00293 -1.97134 -2.08662 -2.07759 -2.09816 -2.08747 -2.02395 -2.04072 -2.09391
internal_weight=194.037 162.827 31.2102 31.339 22.6698 21.9115 15.0808 16.7965 6.83078 131.488 93.5004 7.912 7.59039 85.5884
internal_count=1549 1335 214 232 166 146 87 133 59 1103 771 60 51 711
cat_boundaries=0 1
cat_threshold=1
is_linear=0
shrinkage=1


Tree=4
num_leaves=15
num_cat=1
split_feature=30 24 15 27 19 7 2 16 15 0 16 16 19 2
split_gain=49.8914 37.1941 35.7017 29.0006 39.0302 25.6408 19.7629 19.1131 9.45142 8.81587 11.3413 7.5935 5.53074 6.14095
threshold=0.33974358974358981 1.5000000000000002 -10.949999999999998 0.75961538461538469 42.550000000000018 0 -0.30983472475487867 32.050000000000004 2.9500000000000006 53.357140000000008 27.950000000000003 25.550000000000004 61.400000000000006 -0.72696319516528884
decision_type=10 2 8 8 8 1 2 10 10 2 10 8 8 2
left_child=1 2 -1 4 -4 6 12 -2 -7 -5 11 -11 -6 -14
right_child=7 -3 3 9 5 8 -8 -9 -10 10 -12 -13 13 -15
leaf_value=-2.1075117525670581 -1.9400784275498903 -2.1212689871244099 -2.076290578471887 -2.1029417314041066 -2.0486033909304204 -1.8679454509076789 -2.0906214195692083 -2.0834753233534347 -2.0254252862137978 -2.0308502691206529 -1.9795434963909373 -2.1108383025912811 -1.9149492891979132 -2.0327882789767249
leaf_weight=46.388778664171696 7.2243729010224325 56.993297554552555 20.32488888502121 23.99557588249445 3.1148408204317066 4.595421478152276 6.3552072048187265 3.16214419901371 2.1979245468974113 3.8072632849216452 2.7903515100479117 6.7519802972674361 3.4058212339878065 2.9289119243621853
leaf_count=363 61 485 136 190 20 43 47 18 19 29 28 56 31 23
internal_value=-2.08185 -2.0881 -2.07296 -2.05289 -2.02535 -1.9816 -2.02275 -1.98026 -1.90543 -2.08514 -2.05374 -2.08029 -1.9804 -1.95564
internal_weight=194.037 183.65 126.657 80.2682 42.923 22.5981 15.8048 10.3865 6.79335 37.3452 13.3496 10.5592 9.44957 6.33473
internal_count=1549 1470 985 622 319 183 121 79 62 303 113 85 74 54
cat_boundaries=0 1
cat_threshold=1
is_linear=0
shrinkage=1


Tree=5
num_leaves=15
num_cat=1
split_feature=33 1 3 0 7 15 28 3 8 3 1 2 15 3
split_gain=32.6455 35.3472 21.9725 17.6122 61.5486 13.0378 11.9185 10.4381 12.1212 10.3656 7.95195 7.17429 13.6488 13.846
threshold=0.14834355459355461 -114.52443002 0.51113019672828186 53.647921500000002 0 6.5500000000000007 0.57766848213376776 -0.9497838742125716 -4.4499999999999993 -0.21022037796396451 -121.06916849999998 0.69056404122701587 -6.6499999999999995 0.63755505330306683
decision_type=8 2 2 2 1 10 10 2 10 2 2 2 10 2
left_child=1 2 5 4 -4 7 -3 -1 -9 -8 -5 -2 13 -13
right_child=11 6 3 10 -6 -7 9 8 -10 -11 -12 12 -14 -15
leaf_value=-2.0081061472904218 -2.1149785809028661 -2.0993173081055563 -1.8408383171863183 -2.0052308425473462 -2.0774578905733501 -1.9878961452111172 -1.9743882831629038 -2.0092357635264237 -2.093737247892971 -2.0941804910434803 -2.0844277349916043 -2.1200884965649509 -2.0054058857024657 -2.0077507139642998
leaf_weight=4.6634003520011893 52.806020237505436 52.027549065649509 4.8503839597105998 5.265123225748539 5.2148995846509933 4.4978499561548224 2.8447854965925217 3.9593830332159987 28.44374606013298 2.9994370117783538 6.1772013008594495 14.077883392572408 3.806251034140586 2.4028666764497748
leaf_count=35 455 430 27 44 45 32 24 27 186 34 49 117 27 17
internal_value=-2.07925 -2.06334 -2.03774 -1.99781 -1.95217 -2.05983 -2.09148 -2.07074 -2.08162 -2.02904 -2.04495 -2.10542 -2.08006 -2.10055
internal_weight=194.037 120.944 63.072 21.5076 10.0653 41.5644 57.8718 37.0665 32.4031 5.84422 11.4423 73.093 20.287 16.4808
internal_count=1549 933 445 165 72 280 488 248 213 58 93 616 161 134
cat_boundaries=0 1
cat_threshold=1
is_linear=0
shrinkage=1


Tree=6
num_leaves=15
num_cat=0
split_feature=27 15 8 12 12 14 8 8 16 32 0 0 20 28
split_gain=83.8677 20.3272 20.5372 18.523 13.2744 13.1299 13.6628 11.4424 10.8198 10.8087 13.8776 9.56712 8.0543 9.30029
threshold=0.81666666666666676 -25.049999999999997 18.150000000000002 7.4500000000000011 -7.1499999999999995 6.9236781609195415 11.250000000000002 -1.3999999999999997 13.550000000000002 0.30059523809523819 45.947510000000001 51.591297850000011 51.500000000000007 0.18898809523809526
decision_type=8 8 10 10 8 8 8 10 10 10 2 2 2 10
left_child=9 11 3 4 7 -6 -7 8 -3 12 -11 -2 -1 -14
right_child=1 2 -4 -5 5 6 -8 -9 -10 10 -12 -13 13 -15
leaf_value=-2.1172676293878543 -2.0441989068084925 -1.9868489860095042 -2.1045220540675489 -1.9191753435822416 -2.091852594475776 -1.9716989954033339 -2.052921302117837 -1.9233079893028824 -2.0996904047547598 -1.9975596812947487 -2.0938633771871715 -2.1240518944947411 -2.0061319431440992 -2.1077958580744882
leaf_weight=95.613522924482822 5.366489626467227 4.2867546826601028 6.6554740294814101 3.9241988062858573 9.6926664486527496 7.3486247733235359 16.210263527929779 4.3643753454089147 3.0464083552360535 3.6487173810601261 18.210292138159275 8.2770758718252164 2.8302868083119384 4.5616296678781509
leaf_count=748 49 37 48 28 83 55 140 32 26 36 138 69 20 40
internal_value=-2.08227 -2.03846 -2.02521 -2.01413 -2.02572 -2.04373 -2.02423 -1.98138 -2.03053 -2.10668 -2.07491 -2.09238 -2.1134 -2.06477
internal_weight=194.037 69.1723 55.5288 48.8733 44.9491 33.2516 23.5589 11.6975 7.33316 124.864 21.859 13.6436 103.005 7.39192
internal_count=1549 567 449 401 373 278 195 95 63 982 174 118 808 60
is_linear=0
shrinkage=1


Tree=7
num_leaves=15
num_cat=0
split_feature=0 0 28 16 16 1 25 18 21 18 1 10 33 2
split_gain=26.825 32.402 15.0682 13.9859 15.512 15.4836 25.414 16.03 14.9238 13.4417 12.3436 12.3145 10.3259 14.2999
threshold=50.083290000000005 50.296621845000011 0.74038461538461553 35.900000000000006 22.550000000000004 -120.41944649999998 26.500000000000004 0.15000000000000005 5.5000000000000009 4.9500000000000011 -122.61013849999999 3.0500000000000003 0.11010101010101012 0.83849049182116964
decision_type=2 2 10 10 10 2 8 8 2 10 2 10 10 2
left_child=12 -2 3 4 5 -3 -7 -8 10 11 -6 -9 -1 -14
right_child=1 2 -4 -5 8 6 7 9 -10 -11 -12 -13 13 -15
leaf_value=-2.1081813475393232 -1.9363318055936709 -2.0982589011801314 -1.9915355767686072 -1.9934520442895978 -2.0180120920443989 -1.9437584424937744 -2.1232036374518946 -1.9980267714199305 -2.040564147202685 -2.0922654401136507 -2.1193499820162862 -2.0860303655480661 -2.0916539958889171 -1.9572143497417143
leaf_weight=68.042201273143291 3.7771937549114218 18.091615803539753 4.898637779057025 4.1797529757022849 2.3850658014416686 4.5556373298168173 7.0155406445264807 14.319252185523515 8.1525793522596341 9.1462001353502256 36.377449415624142 5.1765376776456824 6.0957448929548255 1.8233713656663892
leaf_count=558 23 151 35 23 20 31 49 110 69 84 274 46 65 11
internal_value=-2.07886 -2.06399 -2.06941 -2.07367 -2.07763 -2.06055 -2.04354 -2.05965 -2.09881 -2.04313 -2.11173 -2.02057 -2.10187 -2.05047
internal_weight=194.037 118.075 114.298 109.4 105.22 58.3048 40.2132 35.6575 46.9151 28.642 38.7625 19.4958 75.9613 7.91912
internal_count=1549 915 892 857 834 471 320 289 363 240 294 156 634 76
is_linear=0
shrinkage=1


Tree=8
num_leaves=15
num_cat=1
split_feature=26 4 5 16 12 4 25 4 1 2 28 18 10 24
split_gain=29.4955 23.7081 10.0356 23.5452 9.46151 7.63405 6.98451 7.77889 10.8945 7.32468 6.72784 7.9667 6.11618 5.48058
threshold=0.28402777777777782 0.03245461923500001 0 25.350000000000005 -19.549999999999997 0.5019855645500001 129.50000000000003 0.090451652055000012 -112.07526473999998 0.27694220057652758 0.48786549707602339 2.1500000000000008 3.4500000000000006 6.5000000000000009
decision_type=8 2 9 10 8 2 8 2 2 2 8 10 8 2
left_child=4 -2 3 12 5 10 -4 8 9 -8 11 -1 -3 -6
right_child=1 2 6 -5 13 -7 7 -9 -10 -11 -12 -13 -14 -15
leaf_value=-0.0020834479001067391 0.08647511680564994 0.054457271229122577 -0.034459766047921961 -0.0071923732745082618 -0.028943930795213742 -0.039025273707848585 0.018709183292837505 -0.0050203630146665621 -0.017542059622290999 0.13436408412936102 -0.023054361481839342 0.092898707533969754 0.1706989565146122 0.0035329771494812022
leaf_weight=3.4201877638697589 10.827428698539732 3.5907600782811642 12.72133072093129 6.4333682358264923 83.90327488258481 3.5397461540997019 2.8737525455653667 33.760722219944 3.8627148717641813 2.493778683245182 2.8634510226547727 5.013817373663187 2.892584815621376 15.096535660326479
leaf_count=30 91 28 120 41 647 26 25 264 32 21 29 48 23 133
internal_value=-0.00218377 0.021043 0.0096262 0.0359998 -0.0184377 0.017884 -0.00285906 0.00641267 0.0446334 0.0851057 0.0374384 0.0582432 0.122199 -0.0240057
internal_weight=193.293 79.4564 68.629 12.9167 113.837 14.8372 55.7123 42.991 9.23025 5.36753 11.2975 8.43401 6.48334 98.9998
internal_count=1558 645 554 92 913 133 462 342 78 46 107 78 51 780
cat_boundaries=0 1
cat_threshold=64
is_linear=0
shrinkage=0.05


Tree=9
num_leaves=15
num_cat=1
split_feature=10 6 2 28 25 25 4 29 27 25 12 22 0 20
split_gain=21.7915 13.0219 8.42525 9.6421 10.562 7.2501 8.3216 5.21621 5.08519 5.47389 7.36275 3.92787 4.33785 4.73943
threshold=0.55000000000000016 0 0.048362692321690152 0.3861852433281005 18.500000000000004 26.500000000000004 0.26031664148000005 0.0074464153732446423 1.0000000180025095e-35 515.00000000000011 -27.549999999999997 4.5000000000000009 53.544111000000008 27.500000000000004
decision_type=10 9 2 10 8 8 2 10 8 8 10 2 2 2
left_child=2 5 3 4 -1 6 -2 -4 -6 -10 -11 -7 13 -13
right_child=1 -3 7 -5 8 11 -8 -9 9 10 -12 12 -14 -15
leaf_value=-0.018345670778255777 0.0074618161723311767 -0.01929608177212554 0.0015820892858744219 -0.021839906264994154 0.0080557053614215626 0.015850996868763314 0.10386645073676573 0.066041800198866518 0.14168508738093305 0.11639238046706538 0.023045639795913946 -0.01026507815604453 -0.036168751067363225 0.061465838888265983
leaf_weight=2.7751613743603292 5.1109144091606122 92.264801796525717 24.156294252723459 3.239900328218936 2.2561718970537159 26.089048519730568 3.2325583249330521 2.6163915917277327 3.843203615397214 2.7748460844159144 6.3248175457119924 7.8088665828108805 9.2789087407290918 2.1467622481286526
leaf_count=21 42 673 196 25 22 225 40 25 53 36 51 63 62 24
internal_value=0.000464838 -0.00916601 0.0293423 0.0521629 0.0659501 0.00998696 0.0519314 0.0100326 0.0815239 0.0928344 0.0602167 0.00346708 -0.0132833 0.00940107
internal_weight=193.919 145.932 47.9868 21.2141 17.9742 53.6671 8.34347 26.7727 15.199 12.9429 9.09966 45.3236 19.2345 9.95563
internal_count=1558 1129 429 208 183 456 82 221 162 140 87 374 149 87
cat_boundaries=0 1
cat_threshold=262505
is_linear=0
shrinkage=0.05


Tree=10
num_leaves=15
num_cat=0
split_feature=33 25 28 0 20 25 18 13 21 3 21 14 0 1
split_gain=34.7278 25.7444 21.3001 16.769 5.55544 5.53684 5.10903 4.88973 4.50177 4.18374 7.11334 5.26981 4.03558 3.93019
threshold=0.0089886039886039899 97.500000000000014 0.61233211233211249 50.552304865000004 58.500000000000007 657.50000000000011 11.900000000000002 1.0000000180025095e-35 11.500000000000002 0.44312301391210612 7.5000000000000009 15.209629629629632 51.336044000000008 -111.26954349999998
decision_type=10 10 10 2 2 8 8 8 2 2 2 10 2 2
left_child=2 3 7 -2 -5 6 -4 -1 12 11 -11 -3 -9 -14
right_child=1 9 5 4 -6 -7 -8 8 -10 10 -12 -13 13 -15
leaf_value=0.021748998230196864 0.13621058936001543 -0.027164670271692001 0.13241013755523232 0.0032548512328817976 0.088186772917192055 0.011795797865810503 0.023050474849605068 -0.02632914545900979 0.036309807333883462 0.071756679322457093 -0.026635799287367225 0.038320850713655707 -0.012646073430596689 0.029779304601248391
leaf_weight=7.9663482680916804 8.0661646053194982 10.567909192293884 2.5187583044171307 5.997196663171052 1.8938449546694753 3.7276495173573503 2.2615490891039371 70.853523261845112 3.0144320465624324 3.8338149264454833 2.2881718538701534 3.2261228822171679 62.486088573932648 5.0267006084322921
leaf_count=80 79 75 30 51 23 26 17 530 27 38 17 30 494 41
internal_value=0.000217146 0.0439307 -0.00993096 0.0892176 0.0312645 0.0627754 0.0936109 -0.0144629 -0.0166417 0.00511501 0.0364049 -0.010294 -0.0180476 -0.00909872
internal_weight=193.728 35.8732 157.855 15.9572 7.89104 8.50796 4.78031 149.347 141.381 19.916 6.12199 13.794 138.366 67.5128
internal_count=1558 313 1245 153 74 73 47 1172 1092 160 55 105 1065 535
is_linear=0
shrinkage=0.05


Tree=11
num_leaves=15
num_cat=0
split_feature=18 31 29 11 3 27 12 12 19 0 25 9 13 3
split_gain=48.1877 30.9385 35.0478 30.6953 39.8124 25.9398 15.6308 23.2939 13.4523 9.58749 25.2894 9.66543 8.66309 5.40596
threshold=1.0000000180025095e-35 0.11237373737373739 0.0074464153732446423 4.5928571428571443 -0.28519997588938989 0.26038523765796501 2.3500000000000001 2.9500000000000006 2.5500000000000003 45.093910265000012 19.500000000000004 -32.599999999999994 32.250000000000007 -0.45273527932988084
decision_type=8 10 10 8 2 10 8 10 8 2 10 8 10 2
left_child=3 9 6 8 5 -5 -3 -8 -1 10 -2 -11 13 -13
right_child=1 2 -4 4 -6 -7 7 -9 -10 11 -12 12 -14 -15
leaf_value=0.07397647935928435 0.11515308778155929 -0.044989608452576949 0.121026362711667 -0.043344285083057738 0.15987396799071052 0.094643550947479824 0.13458733521318988 -0.017554681595667389 -0.04453378690143648 0.052913468445093106 -0.027072151220368785 -0.044508465799110428 0.042951434107433871 -0.02159614158883956
leaf_weight=2.2689691260457012 3.6066205985844126 9.1998495534062386 7.5745239332318297 6.2985610663890856 9.3902938626706618 5.4787238202989101 3.1160620301961934 5.969915583729744 8.1474047936499119 2.9471218213438988 8.8920603953301889 41.550790343433619 3.3687100484967223 76.284307971596718
leaf_count=14 22 81 35 52 49 29 14 45 76 20 74 354 23 670
internal_value=-0.000516993 -0.011579 0.0376194 0.0550091 0.0883252 0.0232302 -0.0014141 0.0427936 -0.0145004 -0.0210952 0.0194587 -0.0253008 -0.02762 -0.029982
internal_weight=194.094 162.51 25.8604 31.584 21.1676 11.7773 18.2858 9.08598 10.4164 136.65 12.4987 124.151 121.204 117.835
internal_count=1558 1338 175 220 130 81 140 59 90 1163 96 1067 1047 1024
is_linear=0
shrinkage=0.05


Tree=12
num_leaves=15
num_cat=1
split_feature=30 6 32 19 25 25 19 12 1 33 25 29 0 23
split_gain=40.7935 23.2278 32.7574 22.7557 24.2758 22.4629 12.9886 11.9932 11.5579 11.0596 10.5854 13.1324 8.42267 7.65571
threshold=0.17424242424242428 0 0.48809523809523819 129.00000000000003 165.50000000000003 58.500000000000007 35.500000000000007 11.550000000000002 -119.19425 0.078044871794871809 632.50000000000011 0.11815619967793882 57.193717915000001 3.5000000000000004
decision_type=10 9 10 8 8 10 8 8 2 10 10 10 2 2
left_child=1 2 3 7 -5 -2 -7 9 -8 -1 11 12 -3 -11
right_child=5 10 -4 4 -6 6 8 -9 -10 13 -12 -13 -14 -15
leaf_value=-0.029799116519555188 -0.0028686260654554371 -0.036287496602293377 0.14294399210115252 0.0017542199688976206 0.1433047040446935 0.030957893044346697 0.040518828081142974 0.078186772402691396 0.17300506144199368 -0.017288531867386436 0.007463125001030935 0.045024107450331918 0.030263608174978307 0.076279615065789785
leaf_weight=29.645029287785292 8.0178548768162745 78.836120031774044 4.1287319771945468 6.3328009285032723 4.8503336124122152 5.4165873676538441 3.1868026405572882 2.6935665458440772 5.7482602074742326 3.4149504639208308 27.749985508620739 4.9846767075359812 4.3227284066379061 3.8688730038702488
leaf_count=262 57 638 34 44 39 42 23 24 47 27 215 39 36 31
internal_value=0.00264154 -0.00580187 0.0190345 0.0100743 0.0698707 0.06461 0.10004 -0.00810732 0.134587 -0.016297 -0.0177468 -0.027669 -0.0325096 0.0356198
internal_weight=193.197 170.828 54.9343 50.8056 11.1831 22.3695 14.3517 39.6224 8.93506 36.9289 115.894 88.1435 83.1588 7.28382
internal_count=1558 1389 461 427 83 169 112 344 70 320 928 713 674 58
cat_boundaries=0 1
cat_threshold=495616
is_linear=0
shrinkage=0.05


Tree=13
num_leaves=15
num_cat=1
split_feature=18 26 1 3 22 7 0 8 16 11 13 19 4 1
split_gain=37.8493 27.0526 26.784 27.8631 17.1231 16.0173 34.7446 12.8898 9.82117 14.6336 7.922 7.90732 10.8788 7.64186
threshold=154.00000000000003 0.26666666666666672 -114.24164080499999 0.51113019672828186 9.5000000000000018 0 53.927551500000007 13.350000000000003 27.050000000000004 19.271428571428576 7.4500000000000011 90.550000000000011 1.5800276808750005 -120.66916965499998
decision_type=10 8 2 2 2 1 2 8 8 8 8 10 2 2
left_child=1 2 3 4 7 10 -7 -1 -9 -10 -5 -3 -13 -8
right_child=-2 11 -4 5 -6 6 13 8 9 -11 -12 12 -14 -15
leaf_value=-0.0087533135435769616 0.15356814496252108 -0.034400212429302947 -0.016326277650009834 0.068161293005893561 -0.035164283470136851 0.17919699293492591 0.072418478466364247 0.12511461864864523 -0.017963740207950739 0.091660244160849627 -0.039170557444575649 -0.021635200359696908 0.080125780348056994 -0.010953402643362579
leaf_weight=11.258338797837498 2.8117461353540412 66.920512452721596 51.957360744476318 1.73359714820981 14.506832107901571 6.7203827202320161 4.598620187491183 3.4391881451010713 6.245127696543932 4.4847369901835883 3.6329707354307175 7.2289252951741201 2.8851584158837795 4.9529017396271167
leaf_count=77 15 558 445 15 103 34 44 24 44 33 35 66 20 45
internal_value=-0.00246165 -0.00555348 0.00994816 0.0320261 0.00672792 0.0763549 0.0997984 0.0310545 0.0611765 0.0317636 0.000761709 -0.0282338 0.0119908 0.0322455
internal_weight=193.376 190.565 113.53 61.5727 39.9342 21.6385 16.2719 25.4274 14.1691 10.7299 5.36657 77.0346 10.1141 9.55152
internal_count=1558 1543 899 454 281 173 123 178 101 77 50 644 86 89
cat_boundaries=0 1
cat_threshold=2
is_linear=0
shrinkage=0.05


Tree=14
num_leaves=15
num_cat=1
split_feature=1 33 19 19 8 13 12 12 0 10 9 1 7 14
split_gain=121.417 67.985 13.768 16.583 13.4004 12.9826 12.1194 12.3359 10.5454 9.44323 9.13152 7.5117 8.50755 11.2566
threshold=-68.325454499999992 0.41428571428571431 43.850000000000001 81.100000000000009 13.550000000000002 18.250000000000004 -26.449999999999996 -8.2499999999999982 45.272209000000011 7.7500000000000009 -16.949999999999996 -118.64893299999999 0 7.0439655172413795
decision_type=2 8 10 10 10 8 8 8 2 8 8 2 1 8
left_child=1 -1 6 4 5 -4 -3 9 -2 10 -8 -9 13 -13
right_child=8 2 3 -5 -6 -7 7 11 -10 -11 -12 12 -14 -15
leaf_value=-0.028782400522758975 0.065115648536690815 -0.042915971343110003 0.058749068314614177 0.011066639652874424 0.016367015366394892 0.18797270112727454 0.097442265255801963 -0.034705384447286394 0.19489167801883076 0.13883108769367614 -0.0024390034294204171 -0.022059869104749219 -0.027987415869581402 0.082585448045569179
leaf_weight=121.63239730522037 3.6978940293192846 6.2037363015115261 5.2658140547573593 8.9826706536114198 3.9848019778728476 4.2261111587285987 2.6777001768350601 6.7872395962476721 6.9465639963746071 2.610055696219205 5.9324106909334642 3.3076938092708641 4.4404731392860386 6.7951682992279512
leaf_count=986 39 50 43 69 33 29 20 63 52 18 50 22 33 51
internal_value=0.00271074 -0.00722023 0.0353979 0.0657535 0.0989218 0.128716 0.0165945 0.0288774 0.159271 0.0689551 0.0355308 0.00565218 0.0255078 0.0494233
internal_weight=193.491 182.846 61.2139 22.4594 13.4767 9.49193 38.7545 32.5507 10.6445 11.2202 8.61011 21.3306 14.5433 10.1029
internal_count=1558 1467 481 174 105 72 307 257 91 88 70 169 106 73
cat_boundaries=0 1
cat_threshold=1
is_linear=0
shrinkage=0.05


Tree=15
num_leaves=15
num_cat=1
split_feature=6 2 14 25 4 21 11 20 9 28 3 15 15 22
split_gain=24.7705 28.215 17.9127 22.5779 20.4724 31.7479 16.1224 15.8592 15.0357 13.8437 12.4428 21.9069 9.14865 8.63873
threshold=0 -0.65882179392489248 19.29666666666667 175.50000000000003 0.19484184264000004 4.5000000000000009 -8.2154761904761884 2.5000000000000004 11.65 0.50219298245614052 -0.67168186667784702 -14.249999999999998 -31.149999999999995 29.500000000000004
decision_type=9 2 8 8 2 2 10 2 10 8 2 8 8 2
left_child=1 8 3 4 5 6 -3 10 -1 -4 -5 12 -12 -2
right_child=13 2 9 7 -6 -7 -8 -9 -10 -11 11 -13 -14 -15
leaf_value=-0.033608574148074388 -0.032725492840424218 0.10441806951496897 0.13889167949131723 -0.02623283131713626 -0.0016481174612970038 0.1484422698889665 -0.019077801429737983 -0.04083093059104697 0.054221757011595033 0.024017413032966891 0.043544713886552289 0.11976679528872401 -0.023970367116955417 0.044752188487837345
leaf_weight=35.522810857743025 59.008737873286009 2.8476591296494025 5.0312423259019825 10.338871393352745 11.276393003761767 8.5798811912536603 7.7015779167413747 16.392153646796942 4.7066677175462237 5.5418254360556611 8.8468621149659139 5.0783849768340614 9.3091090805828589 2.9767882190644732
leaf_count=293 513 19 35 76 107 61 50 135 35 43 66 33 71 21
internal_value=-0.000872698 0.0113692 0.0275652 0.0189214 0.0521432 0.0823592 0.0204133 -0.00192158 -0.0222669 0.0859588 0.0177074 0.0375357 0.0094835 -0.0244685
internal_weight=193.159 131.173 90.944 80.3709 30.4055 19.1291 10.5492 49.9654 40.2295 10.5731 33.5732 23.2344 18.156 61.9855
internal_count=1558 1024 696 618 237 130 69 381 328 78 246 170 137 534
cat_boundaries=0 1
cat_threshold=116808
is_linear=0
shrinkage=0.05


Tree=16
num_leaves=15
num_cat=1
split_feature=6 0 10 18 18 10 0 15 10 0 32 2 9 18
split_gain=46.7708 20.7248 32.3808 12.8659 9.93483 9.47122 9.83828 8.29596 11.7976 7.153 6.75324 7.28654 23.3344 6.46236
threshold=0 55.031945 9.7500000000000018 0.45000000000000007 9.4500000000000011 -16.599999999999998 46.257888300000005 4.6500000000000012 17.050000000000004 54.830660500000008 0.028174603174603179 0.21862473630160603 -4.9499999999999993 12.050000000000002
decision_type=9 2 10 8 10 8 2 10 8 2 10 2 8 8
left_child=1 2 5 -4 -3 -1 -7 8 -5 -2 11 12 -8 -11
right_child=9 4 3 7 -6 6 10 -9 -10 13 -12 -13 -14 -15
leaf_value=0.00026881844849400847 -0.03084168864682902 -0.031955444613753589 -0.035776050533524215 0.058365515382305569 0.049035698569000252 0.014720213370548837 -0.017256090500738633 0.076254832104695733 -0.016411217917619045 0.016609770260648724 0.044068052781578548 0.15731835947994574 0.14595849895586963 -0.031220192444944714
leaf_weight=3.197432916611433 84.515195228159428 16.823053494095806 10.056749194860457 7.4187213294208076 3.8626743219792834 3.9247704744339051 3.779101587831974 5.8032353147864333 13.296948384493591 17.558596722781662 5.247886683791875 7.7952890247106552 3.6544600538909453 10.40309316664934
leaf_count=20 749 121 53 48 26 30 28 43 92 150 37 56 31 76
internal_value=-0.00154704 0.0248106 0.0415722 0.0101115 -0.0152681 0.0814542 0.0916629 0.0281811 0.0118225 -0.0217465 0.105038 0.122039 0.0707755 -0.00164882
internal_weight=197.337 84.8603 64.1746 36.5757 20.6857 27.5989 24.4015 26.5189 20.7157 112.477 20.4767 15.2289 7.43356 27.9617
internal_count=1560 585 438 236 147 202 182 183 140 975 152 115 59 226
cat_boundaries=0 1
cat_threshold=18432
is_linear=0
shrinkage=0.05


Tree=17
num_leaves=15
num_cat=0
split_feature=10 32 1 25 4 24 24 29 19 16 16 9 19 20
split_gain=15.4611 8.51748 8.42432 7.594 9.89511 5.71278 5.39509 7.65073 5.19727 4.95223 4.93321 5.90792 5.13122 5.38049
threshold=0.55000000000000016 0.017399993778773177 -67.028924999999973 12.500000000000002 0.077786907550000006 1.0000000180025095e-35 1.0000000180025095e-35 0.028174603174603179 5.0500000000000016 14.950000000000001 27.550000000000004 10.450000000000001 58.650000000000013 8.5000000000000018
decision_type=10 8 2 10 2 2 2 8 10 10 10 8 8 2
left_child=1 -1 6 -3 8 -6 7 -2 -5 -4 -8 12 13 -12
right_child=2 3 9 4 5 -7 10 -9 -10 -11 11 -13 -14 -15
leaf_value=-0.0025906453665101915 -0.034136169334922632 0.012074172512171348 -0.01781954348340074 -0.031286838237726371 0.030368241985568253 0.12326505547214495 -0.011735760246097718 -0.0029269137288147678 0.04683777455959226 0.05642867404698812 0.09622349045889253 -0.0088932377013351306 -0.0030977007393316203 0.0066470655392923492
leaf_weight=20.489211052656174 45.20531153678894 15.012461844831707 2.6589265689253789 2.9078865200281134 3.3532158769667131 5.4149949811398983 37.231597080826759 34.504361961036921 3.8020290844142437 6.3990165553987026 4.0815063603222344 10.358323283493521 4.0131142735481271 2.737429603934288
leaf_count=168 313 115 14 15 35 66 270 271 38 58 48 89 32 28
internal_value=-0.00108966 0.0223791 -0.00931435 0.0387078 0.0622398 0.0944845 -0.012453 -0.0208301 0.0133141 0.0350287 -0.000865253 0.0179024 0.0421122 0.0657127
internal_weight=198.169 50.9798 147.19 30.4906 15.4781 8.76821 138.132 79.7097 6.70992 9.05794 58.422 21.1904 10.8321 6.81894
internal_count=1560 437 1123 269 154 101 1051 584 53 72 467 197 108 76
is_linear=0
shrinkage=0.05


Tree=18
num_leaves=15
num_cat=1
split_feature=7 1 4 21 4 1 27 1 21 33 13 12 31 25
split_gain=57.9076 14.713 19.8376 15.7823 10.2268 6.69906 5.81011 5.36309 5.21178 4.50194 5.39188 7.17968 6.80165 4.19437
threshold=0 -101.23873099999999 0.036772867705000011 9.5000000000000018 0.93382592206000015 -121.94466081999998 0.17334054834054838 -122.54164999999999 5.5000000000000009 0.011584813096571217 27.350000000000005 -16.749999999999996 0.091089466089466109 73.500000000000014
decision_type=1 2 2 2 2 2 10 2 2 10 10 8 10 8
left_child=1 3 -3 4 9 7 -5 -2 -4 13 11 -11 -13 -1
right_child=5 2 8 6 -6 -7 -8 -9 -10 10 -12 12 -14 -15
leaf_value=-0.036096559814884945 -0.01804559691208385 0.15663286058695144 0.055488675995582416 0.12401045912907274 0.077849067229933913 -0.022113340802032477 0.016555641392801242 0.044371211951276954 -0.016660039779270462 -0.018478055769768135 -0.029456370515714404 0.094970138290782893 -0.0036261950308998218 0.0055662030403571599
leaf_weight=8.3826668485999125 5.652983583509922 4.6793422326445571 8.1474327780306322 3.90126609802246 4.2225297763943663 122.31139430403709 2.1593940481543541 6.3947985135018808 2.9150035344064227 3.0751350447535515 2.7086047381162635 4.8908644504845125 2.3863143250346184 16.354598343372345
leaf_count=50 46 55 81 40 41 913 15 64 24 23 18 49 17 124
internal_value=1.97397e-06 0.0388621 0.079557 0.0241891 0.0122527 -0.018608 0.0934918 0.0159459 0.0366721 0.00310714 0.0257902 0.0415665 0.0661067 -0.00940592
internal_weight=198.182 63.8232 15.7418 48.0814 42.0207 134.359 6.06066 12.0478 11.0624 37.7982 13.0609 10.3523 7.27718 24.7373
internal_count=1560 537 160 377 322 1023 55 110 105 281 107 89 66 174
cat_boundaries=0 1
cat_threshold=2
is_linear=0
shrinkage=0.05


Tree=19
num_leaves=15
num_cat=0
split_feature=18 31 9 3 25 4 11 4 10 2 14 2 18 8
split_gain=49.8303 36.5639 25.1719 30.4019 25.9143 22.2183 17.7625 17.3515 16.519 15.9105 25.6907 15.8828 17.0814 25.3442
threshold=0.35000000000000003 0.091089466089466109 -5.0499999999999989 -0.28519997588938989 19.500000000000004 0.057402196030000005 4.5928571428571443 0.065843766160000025 7.7500000000000009 0.92273069556937592 3.8293103448275869 -0.85227431625818906 16.850000000000005 1.4500000000000002
decision_type=8 10 10 2 8 2 8 2 8 2 8 2 10 8
left_child=2 7 -1 4 -4 -3 8 -2 -5 11 -11 12 13 -9
right_child=1 5 3 6 -6 -7 -8 9 -10 10 -12 -13 -14 -15
leaf_value=-0.024182060106472843 -0.048160342534708078 0.10622384984091815 0.12174629377337065 0.099788358716648706 -0.018918092070247864 0.01353588716667849 0.14984601850592433 0.10437866561055986 -0.037845858973126013 -0.0030046848363704326 0.15748828466671116 -0.02656420694618929 0.08967759942256727 -0.045524815662333934
leaf_weight=7.857165314257144 34.716887265443802 8.3839652016758937 3.4177635572850678 4.0749907791614532 11.883840177208185 21.964937061071396 11.614471916109325 2.7813706547021875 3.0973039790987968 7.6700130850076658 2.6688407063484192 62.536258105188608 5.7266851365566245 10.128134109079838
leaf_count=71 329 46 16 25 88 139 50 17 23 59 14 550 35 98
internal_value=0.00633665 -0.00670914 0.0540571 0.072266 0.0180417 0.0417128 0.113287 -0.0185875 0.0429939 -0.0069691 0.04866 -0.0145605 0.0250212 -0.00804571
internal_weight=198.523 156.577 41.9455 34.0884 15.3016 30.3489 18.7868 126.228 7.17229 91.5113 10.3389 81.1724 18.6362 12.9095
internal_count=1560 1287 273 202 104 185 98 1102 48 773 73 700 150 115
is_linear=0
shrinkage=0.05


Tree=20
num_leaves=15
num_cat=0
split_feature=24 27 19 2 9 14 1 10 0 14 26 14 1 1
split_gain=42.2791 46.3708 42.1027 20.8105 28.2016 11.9647 11.7209 15.2955 8.01835 6.78105 6.19655 7.86996 7.66786 7.27745
threshold=1.5000000000000002 0.75961538461538469 44.850000000000009 -0.51297808981038739 5.6500000000000012 16.993333333333336 -121.68176279999999 25.450000000000003 45.129073000000012 18.075000000000003 0.13484848484848486 -7.5649999999999986 -89.385641499999977 -116.44402099999998
decision_type=2 8 8 2 8 10 2 10 2 10 10 10 2 2
left_child=1 2 10 -4 -5 -3 -6 -8 -2 -7 12 -12 -1 -13
right_child=8 5 3 4 6 9 7 -9 -10 -11 11 13 -14 -15
leaf_value=-0.016242310476945156 0.031714132635896557 -0.029191982159328181 0.11856622261133776 -0.022761696382796587 0.00088899545620331759 0.091782008708744811 0.1674119327569269 0.020610821881008542 -0.043697728357107807 -0.0032976959464831382 -0.035093897313752724 0.1093481387438363 0.05326168863304287 0.015964884350952589
leaf_weight=29.736977364867922 3.0686385892331591 54.033166322857141 15.374343499541281 9.4055566079914588 2.7237295396625978 2.337844129651784 4.8313545547425747 3.001810185611248 54.467320021241903 4.1282847933471203 2.3892946615815154 2.8583941273391238 3.5712005086243179 5.4572418816387644
leaf_count=208 25 441 111 68 19 19 39 21 473 34 17 27 24 34
internal_value=-0.00350297 0.0113584 0.0363026 0.0761384 0.0393647 -0.0214163 0.0918957 0.119857 -0.0392026 0.0387674 0.00333867 0.0346908 -0.00745506 0.0563566
internal_weight=197.385 139.849 79.3499 35.3368 19.9625 60.4993 10.5569 7.83316 57.536 6.46613 44.0131 10.7049 33.3082 8.31564
internal_count=1560 1062 568 258 147 494 79 60 498 53 310 78 232 61
is_linear=0
shrinkage=0.05


Tree=21
num_leaves=15
num_cat=0
split_feature=33 18 10 12 10 21 3 12 11 19 19 28 2 2
split_gain=22.8728 25.8527 19.7612 16.5342 13.4382 12.5432 12.0684 28.0991 10.6687 10.6302 19.3744 9.40033 8.93998 7.41749
threshold=0.14834355459355461 47.250000000000007 -14.35 3.3500000000000001 25.150000000000002 3.5000000000000004 0.82293497932636284 -18.949999999999996 -15.071428571428569 107.59999999999999 121.50000000000001 0.036375661375661381 0.69056404122701587 0.92273069556937592
decision_type=8 10 8 10 10 2 2 10 8 10 10 10 2 2
left_child=1 2 8 -3 6 11 -4 -8 -1 12 -11 -6 -2 -14
right_child=9 3 4 -5 5 -7 7 -9 -10 10 -12 -13 13 -15
leaf_value=0.13758272072025621 -0.042473994227772573 0.12793639878227667 -0.015975238908248441 -0.0010019996383485571 0.10530226265503073 -0.0104708881044793 -0.043447205961834351 0.086547585964384388 0.0091755408332289089 0.12147457514160145 -0.027092215274403472 0.0031785508289660308 0.02028991415533175 -0.042581956097530675
leaf_weight=3.1382089108228683 44.099574290215969 6.3849813975393754 78.049475349485874 3.7249862961471081 6.349469296634199 7.1813817247748366 6.4859875291585913 8.6331146843731386 2.9066569544374943 2.4731097593903533 5.2220518328249454 3.3417255878448486 12.663130071014168 6.1451556533575049
leaf_count=20 388 36 593 27 41 63 65 59 28 18 52 23 97 50
internal_value=-0.000992453 0.0117375 0.00472204 0.0846153 -0.000471058 0.0392808 -0.0080107 0.031545 0.0859054 -0.0235921 0.0291341 0.073679 -0.0303967 -0.00136463
internal_weight=196.799 126.196 116.086 10.11 110.041 16.8726 93.1686 15.1191 6.04487 70.603 7.69516 9.69119 62.9079 18.8083
internal_count=1560 955 892 63 844 127 717 124 48 605 70 64 535 147
is_linear=0
shrinkage=0.05


Tree=22
num_leaves=15
num_cat=0
split_feature=1 33 19 0 0 10 25 25 14 3 3 12 12 2
split_gain=87.4989 55.0453 17.5635 11.4501 11.1133 8.92388 8.57008 9.42558 6.46888 13.4435 11.8376 5.84757 11.1852 5.58779
threshold=-68.325454499999992 0.41428571428571431 44.250000000000007 48.631232500000003 45.21741200000001 18.550000000000004 75.500000000000014 27.500000000000004 14.082758620689656 1.0000000180025095e-35 -0.42958798411962301 -16.749999999999996 -26.449999999999996 -0.082689790342551819
decision_type=2 8 10 2 2 8 8 10 10 2 2 8 10 2
left_child=1 -1 6 -4 -2 -5 7 -3 9 10 -8 12 -11 -7
right_child=4 2 3 5 -6 13 8 -9 -10 11 -12 -13 -14 -15
leaf_value=-0.028068730823455491 0.030243685216568374 -0.0014424045134275954 0.0083501306852734793 0.1147737542662324 0.1508481419427592 0.066619547509746288 0.0067944000286971097 0.12305609846235857 -0.04342904193726857 -0.041090005530488916 0.12565044768347108 -0.044674748800715751 0.054407459370217695 -0.018265255622446467
leaf_weight=125.12403719127178 3.0926900058984748 2.9158958345651618 7.019142001867297 9.4853842295706237 8.9724484831094724 3.6287626028060913 4.8159844167530537 2.1250978820025921 6.4042223058640948 4.8322852067649382 2.882480792701247 7.7458016052842167 5.5109928324818576 2.7395469322800645
leaf_count=1012 26 28 49 69 64 31 40 18 41 39 23 60 39 21
internal_value=-0.000468895 -0.00924172 0.0297691 0.0632715 0.124614 0.0856494 0.00807132 0.0627238 -0.00211876 0.00937873 0.0606258 -0.0144647 0.0101027 0.0325804
internal_weight=197.295 185.23 60.1056 22.8728 12.0651 15.8537 37.2328 5.04099 32.1918 25.7875 7.69847 18.0891 10.3433 6.36831
internal_count=1560 1470 458 170 90 121 288 46 242 201 63 138 78 52
is_linear=0
shrinkage=0.05


Tree=23
num_leaves=15
num_cat=1
split_feature=6 0 16 24 2 25 3 2 25 30 11 15 3 11
split_gain=25.9613 32.5227 31.9977 19.4699 24.3007 18.2858 31.918 14.0629 17.2034 15.478 15.0893 24.5395 12.7882 11.4501
threshold=0 55.869086500000009 34.850000000000001 21.500000000000004 -0.83847110675477832 327.50000000000006 0.86439018870140905 0.67802080537253961 439.50000000000006 0.15549450549450552 3.2714285714285718 -26.449999999999996 -0.96466008222729416 18.371428571428574
decision_type=9 2 10 2 2 8 2 2 8 8 8 10 2 10
left_child=1 2 7 -2 -5 -3 -7 12 9 10 11 -9 -1 -14
right_child=3 5 -4 4 -6 6 -8 8 -10 -11 -12 -13 13 -15
leaf_value=0.039158914493212307 -0.037009535066152524 0.14031658417096957 0.10653322679928844 0.17017236768257407 -0.018881618939546388 -0.030338452668488558 0.14010373791793052 -0.036607171015620922 -0.017634057640807912 0.10379805540027408 -0.030623937173214551 0.14864627047930343 -0.027290420000933853 0.035981094834540719
leaf_weight=9.3346360661089403 54.45519969984889 6.1111944839358356 6.2621694765985003 1.7011032477021215 4.1242075264453879 6.9762097187340242 3.2634425908327103 2.6079360544681549 13.975184489041565 7.8038564696907988 7.1746075674891463 3.0823837406933334 63.738954473286867 7.1691328696906558
leaf_count=64 475 39 39 8 35 59 22 24 108 47 44 17 528 51
internal_value=0.00122441 0.0130159 0.00474587 -0.0237017 0.0531697 0.0779879 0.0316147 -0.0016737 0.0245249 0.052529 0.0161859 0.0709614 -0.0131473 -0.020482
internal_weight=197.78 137.5 121.149 60.2805 5.82531 16.3508 10.2397 114.887 34.644 20.6688 12.8649 5.69032 80.2427 70.9081
internal_count=1560 1042 922 518 43 120 81 883 240 132 85 41 643 579
cat_boundaries=0 1
cat_threshold=116808
is_linear=0
shrinkage=0.05


Tree=24
num_leaves=15
num_cat=1
split_feature=6 4 19 13 4 32 0 10 15 17 4 27 24 23
split_gain=45.4596 16.0812 15.776 15.9792 9.70647 9.92888 9.75891 11.0344 8.82025 9.47276 7.94869 7.6641 7.61987 6.69363
threshold=0 0.0057179330750000016 196.50000000000003 -0.24999999999999997 0.58245743486500012 0.15331196581196585 55.793729500000005 17.250000000000004 -9.6499999999999968 11.500000000000002 0.32536614605500008 0.40729166666666677 1.5000000000000002 5.5000000000000009
decision_type=9 2 8 10 2 8 2 10 8 8 2 10 2 2
left_child=1 -1 3 -3 5 10 7 8 9 -7 13 -12 -9 -5
right_child=-2 2 -4 4 -6 6 -8 12 -10 -11 11 -13 -14 -15
leaf_value=0.10801933841559741 -0.027836465217118161 0.084232126336509339 -0.040265334272956671 -0.016544645372176835 -0.024975032824774351 0.088866418921552337 -0.018374476673590483 -0.0064812339439539405 0.11527988488698007 0.0048662950445570669 -0.0040040166199127617 0.092821864676243648 0.070406152425084342 0.036823771527199269
leaf_weight=4.074354324489831 76.266425769776106 8.5851677358150464 10.153518125414847 27.664258908480406 11.729546319693325 5.130341321229932 5.724152233451604 11.223467867821453 7.1137108355760601 7.6908966153860101 3.6026055291295043 3.4945087879896164 3.44139839708805 6.4079178720712653
leaf_count=34 699 75 76 179 87 40 46 72 57 52 28 25 28 46
internal_value=-5.71522e-05 0.0190351 0.0165544 0.0225577 0.0160442 0.0221794 0.0395012 0.0493233 0.0727215 0.0424762 0.00467893 0.0492471 0.0149046 -0.00574394
internal_weight=192.302 116.036 111.961 101.808 93.2228 81.4933 40.324 34.5998 19.9349 12.8212 41.1693 7.09711 14.6649 34.0722
internal_count=1544 845 811 735 660 573 295 249 149 92 278 53 100 225
cat_boundaries=0 1
cat_threshold=280576
is_linear=0
shrinkage=0.05


Tree=25
num_leaves=15
num_cat=1
split_feature=6 3 32 8 3 0 2 9 24 25 1 17 9 25
split_gain=20.5775 15.0173 12.3605 12.0835 9.36481 8.91967 7.20607 6.9146 6.67564 6.18647 6.16522 7.00149 8.6528 4.183
threshold=0 0.69521084835931835 1.0000000180025095e-35 -6.0499999999999989 0.95178258287705175 56.107204500000009 0.1849296026015865 -1.3499999999999999 1.0000000180025095e-35 23.500000000000004 -120.66626999999998 9.5000000000000018 7.3500000000000005 77.500000000000014
decision_type=9 2 8 10 2 2 2 10 2 10 2 10 10 10
left_child=3 8 -3 6 5 7 13 -4 9 -2 -10 12 -12 -1
right_child=1 2 4 -5 -6 -7 -8 -9 10 -11 11 -13 -14 -15
leaf_value=0.011666379891074668 0.020480779206196773 0.0044969666533944018 0.16779119324921934 -0.022812209179199558 0.016729795224314815 0.016642588421135935 -0.0057400238374047717 0.025718774797072998 -0.0041681695016267993 -0.02587177911670234 0.11201343320452767 0.0036206560316741376 0.02377114540871228 0.075192328196926561
leaf_weight=5.38826482743025 10.513468865305187 7.123639918863776 4.6271381117403507 86.710309289395809 3.8632839471101752 2.1511321067810059 16.233584482222795 1.4929856769740562 12.154139906167986 18.464702554047108 4.430539187043907 8.0872489325702173 7.1626324355602264 4.9177545607089996
leaf_count=47 90 63 61 644 31 17 122 12 87 132 60 61 68 49
internal_value=0.000571054 0.0185708 0.0581808 -0.0127186 0.0869544 0.114412 0.0152717 0.141613 0.00829311 -0.00893256 0.0237677 0.0403875 0.0637114 0.0459488
internal_weight=193.321 80.0709 19.2582 113.25 12.1345 8.27126 26.5396 6.12012 60.8127 28.9782 31.8346 19.6804 11.5932 10.306
internal_count=1544 682 184 862 121 90 218 73 498 222 276 189 128 96
cat_boundaries=0 1
cat_threshold=256000
is_linear=0
shrinkage=0.05


Tree=26
num_leaves=15
num_cat=1
split_feature=6 33 20 25 9 1 17 3 23 0 1 1 3 20
split_gain=47.4852 15.2182 10.0723 10.3782 6.58747 6.41399 10.5579 10.0175 5.69555 6.45398 5.27345 4.7831 4.04513 3.80606
threshold=0 0.040064102564102567 9.5000000000000018 236.50000000000003 -6.5499999999999989 -107.30818970499998 14.500000000000002 -0.26867065956352881 4.5000000000000009 51.550964150000006 -122.68061999999999 -121.25457754999998 0.77652048701313048 29.500000000000004
decision_type=9 10 2 8 8 2 8 2 2 2 2 2 2 2
left_child=1 5 -3 10 11 8 7 -7 9 -1 -4 -2 -9 -10
right_child=4 2 3 -5 -6 6 -8 12 13 -11 -12 -13 -14 -15
leaf_value=-0.033102795163098837 0.047262909889396798 0.013873947151012084 0.04861247897649934 -0.00072597704837636795 -0.024566892051889545 0.018514316996371211 -0.036341035495213211 0.13123112113713248 0.089371579937857021 0.017635425269528909 0.14415842387278743 -0.0063063669761144253 0.028481959044953438 0.0036196951872791414
leaf_weight=9.9901754148304516 3.9441127404570606 5.2069619894027737 3.5419001579284668 2.1754218712449083 101.66124032065272 7.1676954552531233 2.5990728028118619 4.0113796293735478 2.0492009073495856 13.622885365039108 6.6593000255525077 25.573237352073193 2.0219453237950802 2.4011446498334408
leaf_count=54 42 38 26 14 752 68 21 47 24 119 70 232 17 20
internal_value=-0.000538029 0.0324623 0.0758064 0.098877 -0.0172739 0.0210203 0.0454846 0.0630194 0.00615545 -0.0043036 0.118286 0.00216574 0.105742 0.0522578
internal_weight=192.626 61.4471 17.5836 12.3766 131.179 43.8635 15.8001 13.201 28.0634 23.6131 10.2012 29.5174 6.03332 4.45035
internal_count=1544 518 148 110 1026 370 153 132 217 173 96 274 64 44
cat_boundaries=0 1
cat_threshold=196683
is_linear=0
shrinkage=0.05


Tree=27
num_leaves=15
num_cat=0
split_feature=18 28 31 1 2 18 10 30 19 8 10 19 28 20
split_gain=38.0672 20.6878 20.6154 24.2933 17.0618 32.1393 23.3042 23.2496 15.1934 14.8467 24.3419 26.5258 14.2986 18.3507
threshold=0.35000000000000003 0.42910052910052915 0.091089466089466109 -122.93134098999998 -0.814291907305839 16.850000000000005 4.2500000000000009 0.33974358974358981 27.250000000000004 1.2500000000000002 8.3500000000000032 13.700000000000001 0.20256410256410259 11.500000000000002
decision_type=8 10 10 2 2 10 8 8 10 10 10 10 10 2
left_child=1 8 4 -4 5 6 -2 -7 9 -1 -11 -12 -5 -14
right_child=2 -3 3 12 -6 7 -8 -9 -10 10 11 -13 13 -15
leaf_value=-0.018792437849188996 0.083937063138569218 0.11883881870408085 0.14351769479688678 -0.02403487695199405 -0.028919578770093619 -0.0018290182479988014 -0.046631990987463262 0.1609885522220077 -0.027689021238736452 0.17624307127566133 -0.025838289867589511 0.097151190761096934 -0.016908066308536984 0.099271449031887254
leaf_weight=6.2944643795490292 3.3450124450027952 6.5912726223468772 2.8960805796086815 14.244874253869058 96.218222536146641 3.7090610153973094 15.531840551644567 4.2851407304406166 8.9231714829802495 3.1217065602540996 8.1715840399265272 7.7013933286070815 5.7995478510856611 6.4350388310849667
leaf_count=63 20 30 8 107 868 31 149 17 70 9 60 35 41 36
internal_value=0.00136654 0.0436587 -0.0101627 0.0268594 -0.0191433 0.0156445 -0.0204361 0.0936419 0.026211 0.0455593 0.0667575 0.036056 0.00934193 0.0470827
internal_weight=193.268 40.8036 152.465 29.3755 123.089 26.8711 18.8769 7.9942 34.2123 25.2891 18.9947 15.873 26.4795 12.2346
internal_count=1544 267 1277 192 1085 217 169 48 237 167 104 95 184 77
is_linear=0
shrinkage=0.05


Tree=28
num_leaves=15
num_cat=1
split_feature=24 22 19 7 31 1 14 1 0 19 23 18 3 1
split_gain=42.6254 42.1262 30.9963 21.7515 18.0205 14.4438 20.4861 10.9608 8.59397 9.83989 8.79301 8.28806 6.82524 15.4738
threshold=1.5000000000000002 1.0000000180025095e-35 44.850000000000009 0 0.12731481481481485 -121.59550299999999 4.4600000000000017 -79.315713999999986 54.63871000000001 36.95000000000001 1.5000000000000002 9.4500000000000011 -0.52765736634565841 -114.03913499999997
decision_type=2 2 8 1 8 2 10 2 2 10 2 10 2 2
left_child=1 12 8 4 7 -5 -7 11 -3 10 -10 -4 13 -1
right_child=-2 2 3 5 -6 6 -8 -9 9 -11 -12 -13 -14 -15
leaf_value=0.060450062122340102 -0.037353656207579321 -0.0060841810163584061 0.072447035461338044 0.017474919661071238 0.1184818745422524 0.026786688874536613 0.17055073717695104 -0.042314754040166019 0.0011224546062464783 -0.025641897670833261 0.11194197970223872 0.0049320335508721194 -0.035328412590099049 -0.032877544677030808
leaf_weight=6.2750673703849342 53.568793464452028 35.472213368862867 7.025401636958132 3.8441777154803303 4.2905654944479457 3.8674660585820666 8.9300702437758428 5.3586158342659465 2.7509481944143754 2.9985475093126297 4.2353666760027409 10.850931428372858 32.281012166291475 10.412140503525732
leaf_count=53 488 255 50 30 26 22 65 45 23 16 37 68 284 82
internal_value=0.000116762 0.0147637 0.0350026 0.0643443 0.0349736 0.108188 0.132195 0.0153003 0.00572214 0.0444009 0.0739099 0.0338978 -0.0222379 0.00365095
internal_weight=192.161 138.593 89.6243 44.1672 27.5255 16.6417 12.7975 23.2349 45.4571 9.98486 6.98631 17.8763 48.9682 16.6872
internal_count=1544 1056 637 306 189 117 87 163 331 76 60 118 419 135
cat_boundaries=0 1
cat_threshold=1
is_linear=0
shrinkage=0.05


Tree=29
num_leaves=15
num_cat=0
split_feature=1 3 2 27 10 11 10 10 16 25 1 8 12 1
split_gain=26.6908 20.3021 18.6484 24.6983 16.1541 14.7096 13.9647 12.4103 18.1754 11.3902 7.31439 14.9815 11.0756 6.90485
threshold=-119.26015699999998 0.34033495509342487 0.51297097409535064 0.65714798850574729 18.050000000000004 12.792857142857146 7.4500000000000011 22.650000000000002 27.050000000000004 87.500000000000014 -104.59002760999998 21.350000000000005 4.0500000000000007 -113.48784549999998
decision_type=2 2 2 10 10 10 8 10 8 10 2 8 8 2
left_child=1 4 3 6 -1 -6 -3 13 -9 -7 11 12 -10 -2
right_child=7 2 -4 -5 5 9 -8 8 10 -11 -12 -13 -14 -15
leaf_value=-0.032886253725610319 -0.0042608788315210587 -0.045251732678632958 0.12036785161594017 0.12139381021746497 0.098055234296446192 -0.03454724979638249 0.053989969534908415 0.09639698323767415 0.052467081919535558 0.044274202598440435 -0.032001364549608183 0.11967227710637757 -0.043461636037927201 -0.033145683711920108
leaf_weight=18.106486149132252 29.988055068999529 8.4776825979352015 7.2697314023971549 3.9946193322539321 4.8300058059394386 8.1630652733147162 4.6806208156049278 4.3049260638654232 3.933011628687388 8.1868596337735635 12.052112713456152 1.975340537726878 6.7435362488031378 68.155454535037279
leaf_count=143 231 95 49 20 28 66 35 30 29 44 107 13 54 600
internal_value=-0.00281017 0.0233823 0.0581977 0.0266696 0.000831645 0.0298398 -0.00862992 -0.0160138 0.0123974 0.00519784 -0.00542117 0.0203884 -0.00665659 -0.0244518
internal_weight=190.862 63.7091 24.4227 17.1529 39.2864 21.1799 13.1583 127.152 29.0089 16.3499 24.704 12.6519 10.6765 98.1435
internal_count=1544 480 199 150 281 138 130 1064 233 110 203 96 83 831
is_linear=0
shrinkage=0.05


Tree=30
num_leaves=15
num_cat=1
split_feature=1 29 14 13 1 7 13 15 13 19 21 18 3 2
split_gain=86.4511 44.0188 16.3249 9.58137 8.65175 10.0402 8.90968 7.19296 7.004 6.48387 6.07469 7.30554 8.92533 5.88209
threshold=-67.028924999999973 0.58333333333333337 6.9236781609195415 2.7500000000000004 -118.64893299999999 0 9.1500000000000004 -11.549999999999999 26.750000000000004 63.45000000000001 4.5000000000000009 43.300000000000011 -0.91249077947840473 0.90892735371523092
decision_type=2 8 10 8 2 1 8 8 10 10 2 10 2 2
left_child=1 10 13 -3 -5 7 -7 -6 9 -8 11 -1 -13 -2
right_child=2 3 -4 4 5 6 8 -9 -10 -11 -12 12 -14 -15
leaf_value=-0.021105118296395199 -0.0043584654065565304 -0.025584112071559136 0.16878931327259336 -0.0047077868849834297 0.059885097991787685 -0.00040786137154097299 0.098506231801774147 -0.032929704142723532 0.022769285620680545 0.02341775400901154 -0.041167725368514471 0.092640867220350392 -0.020256322415512066 0.090828992521416407
leaf_weight=77.223408043384552 3.0222220048308355 6.7859772332012653 7.1647081300616264 10.784907422959803 2.0082902014255524 5.6108842715621012 15.303129546344282 5.8486247174441814 7.3394248262047759 4.4049622826278201 39.354945741593838 2.3103231862187386 3.1071118712425223 2.300420381128788
leaf_count=634 32 65 42 88 17 43 95 52 49 32 343 14 27 11
internal_value=0.000988111 -0.00811285 0.123105 0.027412 0.0347774 0.0451483 0.0570353 -0.00512271 0.0685414 0.0836645 -0.0251127 -0.0170663 0.0348233 0.0446401
internal_weight=192.569 180.082 12.4874 58.0862 51.3002 40.5153 32.6584 7.85691 27.0475 19.7081 121.996 82.6408 5.41744 5.32264
internal_count=1544 1459 85 441 376 288 219 69 176 127 1018 675 41 43
cat_boundaries=0 1
cat_threshold=2
is_linear=0
shrinkage=0.05


Tree=31
num_leaves=15
num_cat=2
split_feature=6 14 15 15 15 15 4 1 0 8 9 7 33 19
split_gain=22.3375 16.0979 22.2734 11.7336 18.3909 18.3389 13.5259 13.7672 10.6441 14.5405 13.3813 15.6131 17.3601 15.9137
threshold=0 19.29666666666667 7.3500000000000005 -5.8499999999999988 1.0500000000000003 4.6500000000000012 0.12484242985000001 -110.863525 55.890262020000002 -5.6999999999999984 -5.9499999999999993 1 0.0089886039886039899 22.550000000000004
decision_type=9 8 8 10 10 8 2 2 2 8 8 1 10 10
left_child=1 3 -3 8 -5 6 7 -6 10 -10 -1 13 -13 -12
right_child=-2 2 -4 4 5 -7 -8 -9 9 -11 11 12 -14 -15
leaf_value=-0.014418578746842912 -0.022373479710063215 0.14309381481384717 0.018548339944958633 -0.04010742369035121 0.011895167845456668 -0.028676243397771702 0.0041069194286378098 0.14556957253607694 0.12390352199566289 -0.010744297261556148 -0.044466573261708678 0.11620786655929599 -0.002799069944137918 0.047936908375130365
leaf_weight=24.798609033226967 61.111311297863722 4.3104112818837166 12.237823475152256 26.468360017985106 3.3417750224471092 11.635945107787849 7.9761628843843937 4.2621894478797895 4.2548021748661995 3.0021651647984973 8.2359216362237948 7.7865073196589965 4.6346830576658249 8.4056737348437292
leaf_count=221 533 20 90 208 23 97 65 27 25 24 58 48 51 54
internal_value=0.000331442 0.0117843 0.057295 0.00580362 -0.011146 0.017443 0.0515391 0.095033 0.0206314 0.0736454 0.0122764 0.0347765 0.0749031 0.00227809
internal_weight=192.462 131.351 16.5482 114.803 53.6844 27.2161 15.5801 7.60396 61.1184 7.25697 53.8614 29.0628 12.4212 16.6416
internal_count=1544 1011 110 901 420 212 115 50 481 49 432 211 99 112
cat_boundaries=0 1 2
cat_threshold=84040 1
is_linear=0
shrinkage=0.05


Tree=32
num_leaves=15
num_cat=1
split_feature=6 1 10 15 0 0 4 19 16 15 20 25 16 3
split_gain=42.2092 17.2605 12.2878 13.3587 12.4812 13.922 10.9295 10.216 9.02709 8.29408 7.61387 6.09979 6.63604 6.25049
threshold=0 -113.48784549999998 10.750000000000002 1.4500000000000002 54.758571500000009 46.257888300000005 0.022202282930000001 16.450000000000006 30.750000000000004 -1.7499999999999998 26.500000000000004 3342.5000000000005 32.050000000000004 0.81304046271159414
decision_type=9 2 10 10 2 2 2 10 10 8 2 8 10 2
left_child=1 6 4 -4 5 -3 7 -1 -5 10 -8 -2 13 -13
right_child=11 2 3 8 -6 -7 9 -9 -10 -11 -12 12 -14 -15
leaf_value=-0.010901868478316727 -0.037339498035096161 -8.8035261130455563e-05 -0.017380395057394277 0.093183220347125464 -0.015663470761827281 0.10091447749394998 0.0018269969658037271 0.10345145092501984 0.010172766900162035 -0.027215442691695724 0.067749689054272741 -0.038228424468273875 0.062555009729539687 0.040882868462699097
leaf_weight=2.9688963741064063 61.745861887931824 4.2505469880998197 13.574825298041107 5.7107702046632749 3.6124888807535163 16.253097593784332 36.228656120598316 3.872850127518177 6.9398439452052116 22.826624598354101 3.992086384445428 8.10082173720002 2.3279175311326972 2.5270482264459124
leaf_count=18 598 29 79 35 25 106 266 31 42 182 34 68 19 27
internal_value=6.83493e-06 0.0178295 0.0413147 0.016631 0.0664265 0.0809456 0.00308386 0.0587669 0.0517267 -0.00378194 0.00985496 -0.0272858 0.000319845 -0.0175195
internal_weight=194.932 120.231 50.3416 26.2254 24.1161 20.5036 69.8891 6.84175 12.6506 63.0474 40.2207 74.7016 12.9558 10.6279
internal_count=1559 847 316 156 160 135 531 49 77 482 300 712 114 95
cat_boundaries=0 1
cat_threshold=280576
is_linear=0
shrinkage=0.05


Tree=33
num_leaves=15
num_cat=0
split_feature=8 24 16 31 20 0 22 32 1 18 32 9 0 12
split_gain=12.432 8.8198 9.63118 8.33218 6.74098 6.72763 6.73215 6.28598 5.95185 7.23473 5.15754 4.63181 7.40778 5.22308
threshold=-3.5499999999999994 1.0000000180025095e-35 27.050000000000004 0.091089466089466109 21.500000000000004 50.393167350000006 3.5000000000000004 0.13413345410628022 -75.33375199999999 7.5500000000000007 0.61250000000000016 -19.599999999999998 57.308620000000005 -14.249999999999998
decision_type=10 2 10 10 2 2 2 8 2 10 8 10 2 8
left_child=3 10 7 4 8 -4 -7 -3 9 11 -2 12 -1 -13
right_child=1 2 5 -5 -6 6 -8 -9 -10 -11 -12 13 -14 -15
leaf_value=0.06187507727599037 -0.030781006583859162 -0.027878458990700253 0.0016475793812728218 -0.029522298454742475 0.088925723416286906 0.097566634774705258 0.021443290512141056 0.014050523192631224 0.074087857380774072 -0.016752718464299432 -0.0049428696047726824 -0.015333383756451933 -0.0091422007939530349 0.049206855273348456
leaf_weight=12.60222725197673 45.047076445072889 21.194777622818947 12.002813577651979 7.021807834506034 2.9853571765124789 4.3356176912784568 8.0810960456728917 14.161023255437611 3.6459249667823306 12.843670248985289 34.036303605884314 9.6865826435387117 4.7093488462269297 3.4427652359008816
leaf_count=121 343 151 107 47 36 49 69 107 40 93 262 67 35 32
internal_value=-0.000942594 -0.00900595 0.00544619 0.0185382 0.0257461 0.0289828 0.0533146 -0.0111601 0.0199556 0.013826 -0.0198612 0.0268502 0.0431117 0.00387513
internal_weight=195.796 138.859 59.7753 56.9377 49.9159 24.4195 12.4167 35.3558 46.9305 43.2846 79.0834 30.4409 17.3116 13.1293
internal_count=1559 1088 483 471 424 225 118 258 388 348 605 255 156 99
is_linear=0
shrinkage=0.05


Tree=34
num_leaves=15
num_cat=1
split_feature=7 26 0 3 3 27 1 1 18 27 18 27 0 10
split_gain=54.6671 14.7401 9.24193 9.09945 7.61239 7.58929 7.36935 6.82793 5.95458 4.70709 4.5274 4.59092 4.36801 4.69574
threshold=0 0.017232645075638476 49.268229685000001 -0.6391983530350368 0.78724360164103002 1.0000000180025095e-35 -100.00109599999998 -113.88444999999997 4.5500000000000016 0.19946236559139788 15.250000000000002 0.40609702797202807 51.622421900000006 13.950000000000001
decision_type=1 10 2 2 2 10 2 2 10 8 10 10 2 8
left_child=1 2 3 -1 12 -3 -7 10 -5 -6 11 -2 -4 -14
right_child=7 5 4 8 9 6 -8 -9 -10 -11 -12 -13 13 -15
leaf_value=0.0043773978889472117 -0.0096285968864644796 0.003507382987664179 -0.017418268131221479 0.021663492832462744 0.10915559038008465 0.12305045122621723 0.010841018959891686 -0.030755657159385115 0.11007325584560715 0.014280556146967547 -0.031318773305002358 0.022458311219205569 -0.0078052972280448392 0.045891880320799827
leaf_weight=5.7047989927232257 40.572496190667152 2.4166103191673747 16.018026888370517 3.3995582237839681 1.8320933021605004 7.7221258506178847 2.0054324492812148 61.927480690181255 6.1316850259900093 3.0902754366397858 14.965745601803063 14.234108526259659 7.7333844751119623 7.0552789270877811
leaf_count=42 327 17 95 29 21 83 18 489 60 33 107 120 47 71
internal_value=-0.000477154 0.037438 0.0246761 0.0560276 0.0101454 0.0850436 0.103084 -0.018791 0.083591 0.0620614 -0.00788698 -0.00104204 0.000159736 0.0190963
internal_weight=194.809 63.1093 50.9651 15.236 35.7291 12.1442 9.72756 131.7 9.53124 4.92237 69.7724 54.8066 30.8067 14.7887
internal_count=1559 516 398 131 267 118 101 1043 89 54 554 447 213 118
cat_boundaries=0 1
cat_threshold=2
is_linear=0
shrinkage=0.05


Tree=35
num_leaves=15
num_cat=1
split_feature=29 31 19 6 0 2 9 12 2 12 12 0 10 0
split_gain=27.6049 21.7352 23.0517 20.401 41.5364 18.9924 17.3987 16.4043 13.8298 45.2933 13.3912 39.8047 11.9275 10.6756
threshold=0.0074464153732446423 0.11237373737373739 29.050000000000004 0 51.381349500000006 0.31799963745711152 -5.0499999999999989 -34.849999999999987 0.55656748448714433 2.8500000000000001 -0.14999999999999999 55.155137220000007 8.0500000000000025 44.717211785000011
decision_type=10 10 10 9 2 2 10 8 2 8 10 2 8 2
left_child=3 2 6 4 5 -1 -2 -6 -5 13 -9 -12 -8 -10
right_child=1 -3 -4 8 7 -7 12 10 9 -11 11 -13 -14 -15
leaf_value=0.11768654488789576 -0.037246022611801884 0.09389429776465269 -0.044842936863542932 -0.034486411801433588 0.08419439317164025 -0.0056204280267321376 0.14789900359701522 -0.036061604085919664 0.049282965892848446 0.10721652318113228 -0.043652724775255711 0.13527108155858755 0.025279535226094135 -0.039774725750334305
leaf_weight=10.881666678935288 3.011839020997285 11.472066100686787 9.5213472023606283 71.810596287250519 3.3357947319746017 4.1165388189256182 3.701756156980994 28.566699534654617 3.0623309090733555 7.1836388371884814 7.2283334583044034 4.0476318672299385 4.2995005249977103 22.197624906897545
leaf_count=54 32 46 98 667 16 34 15 239 19 33 58 18 32 198
internal_value=7.74567e-05 0.041785 0.00966455 -0.00834627 0.01434 0.0856068 0.056599 -0.00854633 -0.020442 0.00463305 -0.0181823 0.0263612 0.0921376 -0.0275124
internal_weight=194.437 32.0065 20.5344 162.431 58.1767 14.9982 11.0131 43.1785 104.254 32.4436 39.8427 11.276 8.00126 25.26
internal_count=1559 223 177 1336 419 88 79 331 917 250 315 76 47 217
cat_boundaries=0 1
cat_threshold=38912
is_linear=0
shrinkage=0.05


Tree=36
num_leaves=15
num_cat=0
split_feature=24 27 2 19 23 0 14 20 1 0 26 16 0 2
split_gain=43.2651 37.1601 24.1682 30.4868 23.6107 10.9518 9.02625 8.99047 9.192 7.44778 6.58662 6.35142 3.89465 5.60761
threshold=1.0000000180025095e-35 0.75961538461538469 0.22700754078277605 62.750000000000007 12.500000000000002 44.677578600000011 16.993333333333336 11.500000000000002 -115.05504988 49.991552000000006 0.014087301587301589 31.750000000000004 44.717211785000011 0.39827038710620805
decision_type=2 8 2 8 2 2 10 2 2 2 8 10 2 2
left_child=1 2 3 7 12 -4 -3 8 -1 -10 -5 -8 13 -2
right_child=4 6 5 10 -6 -7 11 -9 9 -11 -12 -13 -14 -15
leaf_value=0.086711324831877878 -0.037450780031892179 -0.019449809518581301 0.097716582488291515 0.14557652169671617 0.1033780569742082 -0.0062626594493911045 0.084896623837085392 -0.017689315487491742 0.057011320640244459 -0.018064899879029768 0.060723024825438225 -0.0068244356451483586 -0.03605533920090203 0.047709383409973272
leaf_weight=7.9260763525962856 2.8789033256471148 44.541976183652878 1.8414627164602304 10.160033546388146 2.3662757202982894 22.483768343925476 2.8455678783357135 6.3024607188999644 5.1210508197546023 6.408894345164299 5.7078396305441865 3.4379085637629032 68.94121078401804 2.8696658983826637
leaf_count=64 23 380 12 66 18 157 20 40 31 33 33 26 636 20
internal_value=0.00153205 0.0206568 0.0451444 0.0678431 -0.0273445 0.00515641 -0.0113765 0.0321373 0.0483535 0.0171691 0.120463 0.040666 -0.0327971 0.00583108
internal_weight=193.833 116.777 65.9516 41.6264 77.0561 24.3252 50.8255 25.7585 19.456 11.5299 15.8679 6.28348 74.6898 5.74857
internal_count=1559 862 436 267 697 169 426 168 128 64 99 46 679 43
is_linear=0
shrinkage=0.05


Tree=37
num_leaves=15
num_cat=0
split_feature=33 1 8 1 0 28 0 25 26 25 22 25 19 28
split_gain=23.4419 16.4483 19.0764 16.2125 20.7042 11.2454 10.6569 11.1074 9.77867 13.0516 12.8446 8.72517 8.54209 7.95258
threshold=0.25125000000000003 -114.24164080499999 -2.4499999999999997 -122.31451069499998 50.255532250000009 0.15729166666666669 53.647921500000002 250.50000000000003 0.037268518518518527 818.00000000000011 7.5000000000000009 77.500000000000014 90.550000000000011 0.57766848213376776
decision_type=8 2 8 2 2 10 2 10 10 10 2 8 10 10
left_child=1 2 6 -4 5 -5 -1 -8 9 -6 -10 -12 -2 -3
right_child=12 13 3 4 8 -7 7 -9 10 -11 11 -13 -14 -15
leaf_value=0.12353344558874879 -0.031901726159605598 -0.014048990436208789 -0.038325202807970166 0.1201030471305792 -0.036450830460991589 0.013280621183823907 -0.01313388345613925 0.085527146282437461 -0.025383074890799624 0.050355901394575131 0.11599335887659196 0.018813913514608632 0.019141661646771391 0.040909109862201642
leaf_weight=5.9930331148207179 53.816595520824194 51.406624831259251 10.930140245705841 6.7104247100651246 15.623973943293096 4.0235353372991085 5.2512420676648599 4.7011507004499435 4.7031183913350096 4.9030248783528796 4.2110396064817879 4.9887109026312837 8.9509749636054021 6.5503145046532145
leaf_count=27 485 443 80 35 113 39 44 30 33 39 26 33 76 56
internal_value=0.000427888 0.0125284 0.0283211 0.0139977 0.0272163 0.0846058 0.0749095 0.0370239 0.00744143 -0.0143404 0.0384057 0.0703073 -0.0244367 -0.00724908
internal_weight=192.764 129.996 72.0394 56.094 45.1638 10.734 15.9454 9.95239 34.4299 20.527 13.9029 9.19975 62.7676 57.9569
internal_count=1559 998 499 398 318 74 101 74 244 152 92 59 561 499
is_linear=0
shrinkage=0.05


Tree=38
num_leaves=15
num_cat=0
split_feature=1 33 10 12 10 3 11 0 27 10 16 2 0 4
split_gain=58.897 41.6547 12.7821 10.3323 8.98586 14.0128 12.433 9.80544 7.28369 10.8145 9.31412 7.39789 6.4725 6.4666
threshold=-68.325454499999992 0.41428571428571431 3.4500000000000006 -26.449999999999996 18.550000000000004 -0.065537083312030994 -1.6499999999999997 51.940737000000006 0.49021464646464652 22.750000000000004 7.2500000000000009 -0.99815974739704505 51.448323000000009 0.20952890359500004
decision_type=2 8 10 8 8 2 8 2 10 10 10 2 2 2
left_child=1 8 -2 -3 5 7 13 -5 -1 10 -10 -12 -11 -7
right_child=2 3 -4 4 -6 6 -8 -9 9 12 11 -13 -14 -15
leaf_value=-0.032745060996507494 -0.00074609759798840297 -0.032861906221552564 0.1186382812150451 0.11830578182940304 0.0067824746418534967 0.086146169636560424 -0.013763076257791438 0.021769666478499497 0.045158565891419367 -0.0017596145380633279 0.054427973316946876 -0.038203872305056383 0.096620347418514482 0.0086423265123928943
leaf_weight=82.876004833728075 2.7369642704725257 6.1607001125812531 11.095250625163315 7.970447685569523 23.102708239108324 6.537280321121214 11.67392183467746 4.4757991433143616 3.9852740243077305 2.9828315973281851 1.5035783015191579 22.051417469978333 2.7047230042517185 4.5665696896612644
leaf_count=721 25 55 63 46 171 48 83 39 36 23 12 176 25 36
internal_value=0.000762124 -0.00706661 0.0965582 0.0249148 0.0314685 0.0470253 0.0219947 0.0877912 -0.0248911 -0.00491756 -0.018194 -0.0303152 0.0524771 0.0576193
internal_weight=194.423 180.591 13.8322 64.4874 58.3267 35.224 22.7778 12.4462 116.104 33.2278 27.5403 23.555 5.68755 11.1039
internal_count=1559 1471 88 478 423 252 167 85 993 272 224 188 48 84
is_linear=0
shrinkage=0.05


Tree=39
num_leaves=15
num_cat=0
split_feature=16 14 0 1 18 27 0 0 3 24 11 18 0 18
split_gain=24.1192 17.575 27.4195 19.37 16.7743 11.2558 17.0233 13.7691 10.9759 10.5045 10.1038 6.9681 12.9773 10.8335
threshold=35.500000000000007 -8.8680000000000003 53.563335000000002 -119.92832049999998 0.25000000000000006 1.0000000180025095e-35 49.323516130000009 52.871788500000008 -0.013976481981245173 1.0000000180025095e-35 1.7428571428571431 15.350000000000003 44.107446000000003 5.4500000000000011
decision_type=10 10 2 2 8 8 2 2 2 2 8 10 2 8
left_child=1 2 -1 -4 -2 6 -3 10 -5 -9 -8 12 13 -7
right_child=4 5 3 8 -6 11 7 9 -10 -11 -12 -13 -14 -15
leaf_value=-0.030568060051643961 0.14360238273134551 -0.04457700318627103 -0.0058917404296203457 -0.0047974437619685709 0.0030924948578810491 -0.010676211946811962 -0.0010229130808819035 -0.043609920785543654 0.10867640666869548 0.049277768572732153 0.087441561865270107 -0.038793578346597329 -0.017416224620437511 0.11419719390156574
leaf_weight=12.774307433515785 3.7337427660822859 8.8062251806259138 7.5950556807219973 2.4424609541892996 3.9345805570483208 3.0474466495215884 4.4737770222127455 7.1550754867494089 12.219649348407986 3.8810751400887966 10.378560077399014 33.687930822372437 77.772099647670984 2.6104191280901432
leaf_count=125 19 79 64 21 24 26 29 61 72 29 55 280 659 16
internal_value=-0.00137018 -0.00512619 0.026323 0.0588855 0.0801812 -0.012508 0.0122459 0.0325138 0.0906742 -0.009564 0.062411 -0.0198826 -0.0118776 0.0554364
internal_weight=194.512 186.844 35.0315 22.2572 7.66832 151.813 34.6947 25.8885 14.6621 11.0362 14.8523 117.118 83.43 5.65787
internal_count=1559 1516 282 157 43 1234 253 174 93 90 84 981 701 42
is_linear=0
shrinkage=0.05


Tree=40
num_leaves=15
num_cat=1
split_feature=6 9 26 11 28 10 26 10 19 10 15 3 13 24
split_gain=35.865 19.1108 14.0721 11.2968 12.2931 10.9647 9.11441 8.0356 13.3867 8.39873 7.97429 6.49444 8.80625 7.71833
threshold=0 3.3500000000000001 0.30384615384615393 8.0571428571428587 0.15729166666666669 17.050000000000004 0.34848484848484856 21.550000000000004 16.850000000000005 20.550000000000004 4.1500000000000012 0.82293497932636284 0.45000000000000007 2.5000000000000004
decision_type=9 8 8 8 10 8 10 10 10 8 10 2 10 2
left_child=1 3 10 6 5 -5 11 8 -4 -10 -3 12 -1 -13
right_child=-2 2 7 4 -6 -7 -8 -9 9 -11 -12 13 -14 -15
leaf_value=0.093401834059901934 -0.025055619725951397 -0.040848429583232419 -0.016330192955060201 0.15048768104520016 -0.0018018448826513671 0.025636213113326062 0.079244387633665786 -0.011159082637555077 0.036279177326891059 0.13788577813736216 0.018344632180312251 -0.02490925641424472 0.019161908179723231 0.047959453145909513
leaf_weight=3.8055057153105727 74.11908145621419 22.866068806499246 5.2979969233274486 4.8632554300129405 3.3953520171344271 3.2019028030335894 5.9585740752518168 9.8623719401657564 6.3784094080328932 2.9717712551355353 6.8243645988404742 13.561455648392441 29.636469732969999 3.8581986315548411
leaf_count=28 723 154 43 33 22 24 42 60 40 21 52 99 190 31
internal_value=0.000338858 0.0164792 -0.00434928 0.0352155 0.0788209 0.109217 0.0252093 0.0231775 0.0455316 0.0787748 -0.0270885 0.017473 0.0300766 -0.0070424
internal_weight=196.601 122.482 54.201 68.2807 11.4605 8.06516 56.8202 24.5105 14.6482 9.35018 29.6904 50.8616 33.442 17.4197
internal_count=1562 839 370 469 79 57 390 164 104 61 206 348 218 130
cat_boundaries=0 1
cat_threshold=288768
is_linear=0
shrinkage=0.05


Tree=41
num_leaves=15
num_cat=1
split_feature=6 8 32 11 1 17 18 11 2 16 4 18 4 19
split_gain=20.6999 12.18 11.5829 7.68755 6.46779 4.58369 5.03517 5.25038 4.57396 11.0643 4.37445 9.50626 7.66704 5.45283
threshold=0 -3.5499999999999994 0.092708333333333351 8.4071428571428601 -120.71616899999998 1.5000000000000002 16.450000000000006 15.616666666666669 0.06553689391773225 7.8500000000000005 0.5019855645500001 13.350000000000003 0.21942877338000003 27.250000000000004
decision_type=9 10 8 10 2 10 8 10 2 10 2 10 2 10
left_child=2 8 4 10 -1 6 7 -5 9 -2 12 -12 13 -4
right_child=1 -3 3 5 -6 -7 -8 -9 -10 -11 11 -13 -14 -15
leaf_value=-0.024701277783014022 0.10233005215928395 -0.024136180982293393 0.019913233471070116 0.097880543410099413 0.017106085168027998 -0.025342815982269253 -0.010600569595980635 0.016635434704307662 -0.003255076577954832 0.0028691379725977132 0.12393728614131164 0.0097142669695617113 -0.015617175105967929 0.10021994217696061
leaf_weight=14.801074035465716 3.0955708138644686 90.00621971487999 4.9417167939245719 2.6037196256220341 21.317011676728725 4.6695310585200778 4.9264711663126954 5.6157420128583908 21.215819597244263 9.003684211522339 4.9522997625172129 2.8871463313698769 4.3372022584080687 3.761447723954916
leaf_count=106 34 666 44 29 186 33 33 49 161 71 56 21 32 41
internal_value=-0.00143465 -0.0135575 0.0178919 0.0388942 -0.000230346 0.0136209 0.0282743 0.0501971 0.0109424 0.0341853 0.0588502 0.0877286 0.0364776 0.0613728
internal_weight=198.135 123.321 74.8134 38.6953 36.1181 17.8155 13.1459 8.21946 33.3151 12.0993 20.8798 7.83945 13.0404 8.70316
internal_count=1562 932 630 338 292 144 111 78 266 105 194 77 117 85
cat_boundaries=0 1
cat_threshold=262507
is_linear=0
shrinkage=0.05


Tree=42
num_leaves=15
num_cat=1
split_feature=7 25 31 20 0 1 4 10 8 8 1 24 19 19
split_gain=41.7253 13.4376 14.6883 11.6118 9.24815 6.13365 8.00188 6.63476 6.12541 4.7161 4.34411 3.6558 4.34638 3.30151
threshold=0 161.50000000000003 0.091089466089466109 3.5000000000000004 51.381349500000006 -101.663849515 0.037881117150000011 2.5500000000000003 19.150000000000002 0.55000000000000016 -120.19335069499998 1.5000000000000002 50.050000000000011 122.65000000000002
decision_type=1 8 8 2 2 2 2 8 10 8 2 2 8 8
left_child=4 2 3 -2 -1 6 -5 -8 -9 -6 -3 12 -4 -12
right_child=1 10 11 5 9 -7 7 8 -10 -11 13 -13 -14 -15
leaf_value=-0.036063896906978955 -0.012341799481403062 -0.025361738754180286 0.065792847583115419 -0.0067554136761225868 0.010214991593184296 0.13499951642764338 -2.8344152928222696e-05 0.11929083515753458 0.018618883776417593 -0.016649022561063705 0.02096099436856011 -0.020175839411071234 -0.0039047306058153952 -0.026515526983345385
leaf_weight=49.75898551940918 3.1838605254888561 7.5970514565706244 3.1265134476125223 3.1284662261605289 23.155999556183815 4.9517533741891375 2.104562692344186 6.7977935262024403 2.3938105367124081 50.354770999401808 26.381285768002275 5.9986229799687862 4.6561252623796463 3.3550187423825255
leaf_count=398 16 53 34 19 193 49 21 65 15 390 209 44 29 27
internal_value=-0.00188397 0.0276652 0.0488858 0.0728882 -0.0196252 0.0868113 0.0625893 0.0807818 0.0974718 -0.0081633 0.00627201 0.00732051 0.028398 0.014916
internal_weight=196.945 73.6749 36.3415 22.5602 123.27 19.3764 14.4246 11.2962 9.1916 73.5108 37.3334 13.7813 7.78264 29.7363
internal_count=1562 581 292 185 981 169 120 101 80 583 289 107 63 236
cat_boundaries=0 1
cat_threshold=1
is_linear=0
shrinkage=0.05


Tree=43
num_leaves=15
num_cat=0
split_feature=18 1 23 19 0 19 9 10 14 30 4 27 8 18
split_gain=26.5275 18.5728 19.5073 21.4098 20.9382 17.6091 15.2146 13.9988 19.9077 14.4648 12.5572 12.1818 10.546 8.768
threshold=0.35000000000000003 -122.93134098999998 7.5000000000000009 54.100000000000009 45.093910265000012 83.600000000000023 -5.0499999999999989 8.0500000000000025 8.4166666666666696 0.091608391608391612 0.21829576048000005 0.49021464646464652 12.350000000000003 2.5500000000000007
decision_type=8 2 2 10 2 8 10 8 10 8 2 8 8 10
left_child=6 -2 4 12 5 10 -1 -8 -9 11 -3 -10 -4 -6
right_child=1 2 3 -5 13 -7 7 8 9 -11 -12 -13 -14 -15
leaf_value=-0.023233995668706754 0.069365957024786706 0.00060604353617210597 0.019566702813559666 -0.041161461393980435 -0.043319830300310606 -0.039588996949117126 0.11216815442747052 -0.043604504943983984 0.10794262174236798 -0.014177948424968759 0.11829991056442979 0.013143110524236973 0.12293661529158043 -0.013965625117413276
leaf_weight=7.6319616772234431 6.6676464788615695 3.4749936126172507 4.7505871690809718 4.5980634391307822 36.314382154494524 3.9598607309162626 6.8181938864290723 5.7355263642966774 10.354204561561346 5.2422295920550814 5.5721266157925129 5.268180664628745 5.3825943544507018 85.27898620814085
leaf_count=71 34 26 28 45 332 38 28 42 43 40 29 35 23 748
internal_value=0.00284399 -0.00661743 -0.0104489 0.0423838 -0.0165011 0.0416819 0.0381016 0.0523772 0.0335428 0.0557743 0.0776535 0.0786882 0.0805856 -0.0230142
internal_weight=197.05 155.999 149.332 14.7312 134.6 13.007 41.0503 33.4183 26.6001 20.8646 9.04712 15.6224 10.1332 121.593
internal_count=1562 1303 1269 96 1173 93 259 188 160 118 55 78 51 1080
is_linear=0
shrinkage=0.05


Tree=44
num_leaves=15
num_cat=1
split_feature=24 28 19 7 27 1 12 14 11 18 18 10 28 3
split_gain=41.67 36.2355 26.4148 22.6199 15.3472 10.3446 14.2204 7.69621 7.34291 6.77728 6.35612 6.00611 8.27031 5.82729
threshold=1.5000000000000002 0.5590277777777779 33.050000000000004 0 0.23273809523809527 -121.34985499999998 -3.6499999999999999 14.905769230769234 4.9071428571428592 3.8500000000000001 15.350000000000003 29.350000000000005 0.1236607142857143 -0.52765736634565841
decision_type=2 8 8 1 10 2 10 8 10 8 10 8 10 2
left_child=1 2 8 4 7 -5 -7 10 -1 -6 -4 12 -10 -3
right_child=-2 13 3 5 9 6 -8 -9 11 -11 -12 -13 -14 -15
leaf_value=-0.025860997453403617 -0.038353859042975613 0.0047074688894982644 -0.0014191817118749553 0.019237216499740997 0.051206075866581019 0.018700779122958599 0.13423386280127134 0.092401524211509767 0.0026101901119144899 -0.020483748184965882 0.071030906863217266 -0.029858974059987532 0.081772181892313334 -0.030269817299428695
leaf_weight=16.68019200116396 51.835672240704298 17.19023808836937 7.5663370750844461 4.3599166683852699 3.1831546053290394 3.7506666369736257 12.717147320508952 8.1044077798724192 7.9650672338902933 14.690812498331068 4.0042884834110737 3.8137628100812462 4.7166990861296654 36.052860759198666
leaf_count=124 500 145 41 32 24 25 74 46 53 100 28 22 34 314
internal_value=-0.000313124 0.0134748 0.0324197 0.0523878 0.0279478 0.0931502 0.110497 0.0572944 -0.00322141 -0.00567998 0.0273099 0.0198413 0.0358775 -0.0190983
internal_weight=196.631 144.796 91.5525 58.3767 37.549 20.8277 16.4678 19.675 33.1757 17.874 11.5706 16.4955 12.6818 53.2431
internal_count=1562 1062 603 370 239 131 99 115 233 124 69 109 87 459
cat_boundaries=0 1
cat_threshold=1
is_linear=0
shrinkage=0.05


Tree=45
num_leaves=15
num_cat=1
split_feature=5 1 4 21 25 10 2 21 15 4 8 1 23 1
split_gain=21.5986 13.7727 16.2679 23.6972 14.3514 10.3899 16.2776 10.142 13.3374 10.5243 10.7215 9.98599 9.29039 8.17287
threshold=0 -121.94360965499997 0.14227735120000004 1.5000000000000002 380.50000000000006 22.650000000000002 0.60555468348150676 3.5000000000000004 -8.2499999999999982 0.13513705588500005 -4.9499999999999993 -121.34985499999998 1.5000000000000002 -105.01487249999998
decision_type=9 2 2 2 10 10 2 2 8 2 10 2 2 2
left_child=1 4 3 -3 -1 7 13 -2 9 -9 -11 -4 -13 -7
right_child=5 2 11 -5 -6 6 -8 8 -10 10 -12 12 -14 -15
leaf_value=-0.025458196588713122 -0.030125537746842446 -0.02309085713746542 0.063417243716673039 0.11047919341999429 0.069817900810115116 0.022863512624898174 0.098830565352385172 -0.0085007027842989042 -0.036351168228768181 0.0031309946082930329 0.11943405646690408 0.041336344526378466 -0.027594106318681894 -0.031795591202445447
leaf_weight=19.550883196294311 76.641700677573681 4.0347046107053783 6.5404633767902878 12.15431337058544 3.9025124348700038 13.371911138296131 3.5983184278011313 6.7930700778961164 9.645037420094015 3.324745737016201 4.1151517741382122 6.4563406445086029 13.220751345157622 12.060459475964308
leaf_count=158 668 31 47 63 27 91 24 61 87 30 24 44 95 112
internal_value=-0.00127202 0.0201681 0.0398794 0.0777835 -0.00739796 -0.0128065 0.0122469 -0.0213529 0.00688391 0.0366454 0.0739895 0.0144761 -0.00407171 -0.00327903
internal_weight=195.41 65.86 42.4066 16.189 23.4534 129.55 29.0307 100.52 23.878 14.233 7.4399 26.2176 19.6771 25.4324
internal_count=1562 465 280 94 185 1097 227 870 202 115 54 186 139 203
cat_boundaries=0 1
cat_threshold=2
is_linear=0
shrinkage=0.05


Tree=46
num_leaves=15
num_cat=0
split_feature=27 1 32 4 16 25 2 11 16 16 10 1 2 10
split_gain=53.9572 31.7372 16.8942 7.40703 5.53877 5.10999 7.96717 10.1468 9.03237 15.3057 8.45632 8.85331 7.18611 4.74859
threshold=0.49021464646464652 -66.618070999999986 0.091287878787878807 10.596773284745003 30.050000000000004 77.500000000000014 0.90162119223771331 12.428571428571429 15.250000000000002 9.7500000000000018 23.950000000000003 -115.30163549999999 0.81428061195174062 27.950000000000003
decision_type=8 2 8 2 8 8 2 10 10 10 8 2 2 10
left_child=-1 2 4 5 -2 12 7 8 9 -7 11 -9 -4 -12
right_child=1 -3 3 -5 -6 6 -8 10 -10 -11 13 -13 -14 -15
leaf_value=-0.027892532415678368 -0.028860247938734863 0.10600520568574914 0.082881681386307193 -0.028873122378325129 0.02453973767461233 -0.011601377751932498 0.078783522184739524 -0.0018098916167387871 -0.024254993554764209 0.087267094994697397 -0.0274662731791913 0.098914016227077642 -0.012668490878317574 0.0435815488512456
leaf_weight=89.755003213882446 21.741472352296114 9.7684449143707734 8.3055274710059148 4.5528353936970225 5.3491548597812679 9.4119629040360469 5.3248264566063872 2.8630991652607927 16.342545542865992 5.4680166393518439 4.2367300949990776 7.7122729606926415 2.1890979632735243 3.283839974552393
leaf_count=780 171 60 75 36 46 80 38 20 109 35 33 39 17 23
internal_value=0.000502132 0.0244581 0.0152273 0.0281432 -0.017818 0.0325047 0.0255006 0.0182964 0.000714053 0.0279378 0.0470067 0.0738442 0.0635825 0.00503052
internal_weight=196.305 106.55 96.7814 69.6908 27.0906 65.1379 54.6433 49.3185 31.2225 14.88 18.0959 10.5754 10.4946 7.52057
internal_count=1562 782 722 505 217 469 377 339 224 115 115 59 92 56
is_linear=0
shrinkage=0.05


Tree=47
num_leaves=15
num_cat=1
split_feature=6 0 16 4 28 12 3 28 9 24 20 2 2 30
split_gain=18.7597 18.4554 14.0041 12.8809 12.8525 16.9009 11.3838 11.9566 10.2613 9.53101 14.9473 9.08516 11.9032 15.3729
threshold=0 55.869086500000009 34.850000000000001 0.0069901032900000007 0.49801587301587308 -1.9499999999999997 -0.30164489695395946 0.24010025062656645 -6.1499999999999995 34.500000000000007 54.500000000000007 0.091259403071267925 0.1849296026015865 0.15831244778613204
decision_type=9 2 10 2 10 10 2 8 10 2 2 2 2 10
left_child=3 2 4 -1 11 8 -3 -8 -6 -5 -11 -2 -13 -14
right_child=1 6 -4 9 5 -7 7 -9 -10 10 -12 12 13 -15
leaf_value=0.066457224176957472 -0.023195179117972923 -0.016372011569102864 0.066131651043242826 -0.030358899873921066 0.015134291176950743 -0.022730424325664748 0.12763688622773864 0.033385959540226703 0.13720757245469781 0.096623157399271437 -0.038451238961894084 0.08815022091338863 -0.013957203100868855 0.062417030496108021
leaf_weight=3.169839944690465 42.023275554180145 3.6541828438639667 7.7349825873970977 63.843315154314041 3.0835430212318897 4.8405546657741052 5.9287836328148815 8.4976891204714775 3.8883873969316483 3.0438317507505408 3.3367170542478561 3.2937017790973178 33.587659027427435 7.1393241807818404
leaf_count=21 340 29 38 608 24 37 30 54 19 18 34 19 238 53
internal_value=0.00121701 0.0126866 0.00547201 -0.0173885 5.67556e-05 0.0468111 0.0589738 0.0778829 0.0918881 -0.0244945 0.0303467 -0.00682593 0.00896868 0.000605974
internal_weight=197.066 123.672 105.591 73.3937 97.8564 11.8125 18.0807 14.4265 6.97193 70.2239 6.38055 86.044 44.0207 40.727
internal_count=1562 881 768 681 730 80 113 84 43 660 52 650 310 291
cat_boundaries=0 1
cat_threshold=405769
is_linear=0
shrinkage=0.05


Tree=48
num_leaves=15
num_cat=1
split_feature=7 8 3 14 25 3 0 26 12 19 9 24 25 9
split_gain=24.8076 12.4249 21.8505 14.7361 9.76379 13.481 8.42888 8.12997 7.62149 6.59061 10.6252 5.82871 7.01156 5.81284
threshold=0 8.4500000000000011 0.14888728888808328 -13.433333333333332 554.50000000000011 0.7487283477006671 47.363704000000006 0.029891774891774896 -6.6499999999999995 20.050000000000004 2.4500000000000006 3.5000000000000004 264.00000000000006 10.800000000000002
decision_type=1 8 2 10 10 2 2 8 8 10 10 2 8 10
left_child=1 2 6 -4 -5 -6 -1 13 -8 -9 -11 12 -12 -3
right_child=-2 7 3 4 5 -7 8 9 -10 10 11 -13 -14 -15
leaf_value=-0.016475857104770172 -0.028685466240308016 -0.041386459064511383 0.071388572885476148 -0.01606225929198014 0.093610326359167453 -0.010167327657310312 0.031298865997919631 -0.021824938010650795 0.10879300573150519 0.091483229584425368 -0.043104972260455364 0.060473269344529082 0.015629176858498874 0.019038113182096708
leaf_weight=2.1088114492595222 57.277352474629879 18.023739833384756 6.819508157670497 34.543175153434277 4.5355585366487485 6.8016639091074467 6.0339080989360809 12.310405462980269 9.7351531162857992 3.4952788203954723 6.4042958319187226 3.3404784090816966 15.219687059521673 4.3975064978003493
leaf_count=16 586 140 41 253 30 44 37 88 67 23 39 24 106 39
internal_value=-0.00143553 0.0103586 0.0246309 0.00793639 -0.00281654 0.0355723 0.0708153 -0.0057173 0.0827752 0.00760268 0.0206405 0.00758041 -0.0029023 -0.0292285
internal_weight=191.047 133.769 70.5778 52.6999 45.8804 11.3372 17.8779 63.1914 15.7691 40.7701 28.4597 24.9645 21.624 22.4212
internal_count=1533 947 488 368 327 74 120 459 104 280 192 169 145 179
cat_boundaries=0 1
cat_threshold=1
is_linear=0
shrinkage=0.05


Tree=49
num_leaves=15
num_cat=1
split_feature=6 25 33 10 24 1 1 33 1 9 19 33 13 2
split_gain=18.8246 8.87522 9.08182 8.02049 6.13061 6.35921 4.92403 4.81649 7.3054 4.80147 3.72313 3.64135 3.55696 5.50819
threshold=0 35.500000000000007 0.096230158730158735 0.55000000000000016 1.0000000180025095e-35 -67.028924999999973 -119.30894499999998 0.19485930735930737 -120.84940304999999 1.8500000000000003 28.850000000000005 0.052777777777777785 1.5500000000000003 0.22700754078277605
decision_type=9 8 10 10 2 2 2 8 2 10 8 8 10 2
left_child=3 2 -2 6 5 -3 10 -5 9 -9 -1 -6 13 -8
right_child=1 4 -4 7 11 -7 12 8 -10 -11 -12 -13 -14 -15
leaf_value=0.021823180089729922 0.10348549671316323 -0.015424316428676402 -0.015825260026057553 -0.02543439425809399 0.051862018696369597 0.060036959861725449 0.076861362353864884 0.0016751867288589467 -0.012058972835094583 0.089842620606205653 -0.026891636256855929 0.003072783960788715 0.0043328629825390872 0.0090753313666412146
leaf_weight=4.761023465543988 5.7424676790833464 15.041223492473366 1.7742347158491609 65.473388947546482 12.955564595758917 2.381580412387847 4.7957732230424899 3.0882153734564772 34.221300423145294 2.1681680344045162 11.925738323479889 5.4494155794382086 14.651879563927649 6.8475634194910526
leaf_count=40 60 120 22 503 117 22 51 24 259 26 79 40 113 57
internal_value=-0.000563247 0.0248971 0.076772 -0.00919457 0.018985 -0.00241033 0.00824513 -0.0172151 -0.00329188 0.04659 -0.0125444 0.0383191 0.0214143 0.0408666
internal_weight=191.278 43.3445 7.5167 147.933 35.8278 17.4228 42.982 104.951 39.4777 5.25638 16.6868 18.405 26.2952 11.6433
internal_count=1533 381 82 1152 299 142 340 812 309 50 119 157 221 108
cat_boundaries=0 1
cat_threshold=514048
is_linear=0
shrinkage=0.05


Tree=50
num_leaves=15
num_cat=1
split_feature=7 25 31 12 0 0 27 21 14 19 19 32 19 30
split_gain=38.5635 10.1073 10.6755 10.1181 8.69788 6.67792 6.64821 5.32365 4.89091 4.61224 4.8909 4.45773 5.34602 8.50865
threshold=0 133.50000000000003 0.07417582417582419 -4.9499999999999993 51.381349500000006 49.181151500000006 0.56344827586206903 8.5000000000000018 10.758333333333338 6.8500000000000014 121.50000000000001 0.031317640692640696 21.050000000000008 0.25735294117647062
decision_type=1 8 8 10 2 2 10 2 8 10 10 10 10 8
left_child=4 2 3 -2 -1 -5 -6 -4 -7 -3 11 12 -11 -14
right_child=1 9 7 5 6 8 -8 -9 -10 10 -12 -13 13 -15
leaf_value=-0.033782363197320808 0.11015285960570582 -0.031818002833519342 -0.0098717368082211019 0.08262813698598151 -0.011555067732777657 -0.02314365122296394 0.034712474686683079 0.057119416419965208 0.041604282442900355 0.00024848042108530094 -0.026768130405117642 -0.010023805181937739 0.092132715287538081 0.018058364359624129
leaf_weight=46.371141120791435 8.1205423884093761 4.6052542701363555 9.4844968952238542 4.4548014774918565 61.881886765360832 4.5809808075428018 7.8787598311901084 3.1748323291540137 5.2509553618729088 7.9127299413085046 4.6306787207722655 6.8669470511376849 6.1073071286082294 9.9333922155201417
leaf_count=384 76 24 74 37 494 27 69 24 39 57 36 50 57 85
internal_value=0.000775388 0.0284774 0.0477239 0.0677685 -0.0172345 0.0380475 -0.0059129 0.0098807 0.0120848 0.0108763 0.0171433 0.0243747 0.0342426 0.0500129
internal_weight=191.255 75.1229 35.0666 22.4073 116.132 14.2867 69.7606 12.6593 9.83194 40.0563 35.4511 30.8204 23.9534 16.0407
internal_count=1533 586 277 179 947 103 563 98 66 309 285 249 199 142
cat_boundaries=0 1
cat_threshold=1
is_linear=0
shrinkage=0.05


Tree=51
num_leaves=15
num_cat=0
split_feature=31 19 12 15 3 2 19 32 13 3 26 21 2 9
split_gain=27.1313 23.418 19.4967 23.0443 16.6928 19.7846 24.6196 22.0559 16.4728 15.424 13.9609 12.3137 11.2366 12.4535
threshold=0.36397058823529421 71.300000000000011 -0.54999999999999993 0.75000000000000011 -0.16799793862756093 0.95998215779580554 5.8500000000000005 1.0000000180025095e-35 12.950000000000001 -0.83375966452616657 0.30384615384615393 10.500000000000002 -0.87395131947920313 5.9500000000000011
decision_type=10 10 10 10 2 2 8 8 8 2 10 2 2 10
left_child=1 2 4 9 -1 6 7 -6 -7 -4 12 -8 13 -5
right_child=-2 -3 3 10 5 8 11 -9 -10 -11 -12 -13 -14 -15
leaf_value=-0.047198245514788767 0.084845747495223708 -0.035555101187427565 -0.0076407688061874762 -0.037071852765513592 -0.038771424143664461 -0.0072273708810098982 -0.026961962483807 0.10474939806185145 0.11585218602693459 0.096394505471832384 0.073031767745012563 0.074430146252531346 -0.030199755704581045 0.081828446175573652
leaf_weight=18.889034982770681 8.3985942006111127 40.000007044523954 4.4149831570684936 2.8257178477943006 3.3425092995166752 4.4100220836698991 48.370727196335793 7.1776775903999814 5.6505737639963627 14.856633104383944 5.1575185284018508 2.2361448071897021 19.239895448088646 4.735484953969717
leaf_count=175 44 368 37 22 29 41 465 31 20 71 28 12 154 36
internal_value=0.0020103 -0.0022712 0.00733418 0.0316497 -0.00669071 0.00456255 -0.00647099 0.0597422 0.0661251 0.0733596 0.00503522 -0.0211264 -0.0102061 0.0382539
internal_weight=189.706 181.307 141.307 51.2302 90.0767 71.1877 61.1271 10.5202 10.0606 19.2716 31.9586 50.6069 26.8011 7.5612
internal_count=1533 1489 1121 348 773 598 537 60 61 108 240 477 212 58
is_linear=0
shrinkage=0.05


Tree=52
num_leaves=15
num_cat=1
split_feature=24 27 19 7 19 0 1 14 2 10 27 15 25 25
split_gain=41.776 38.3492 20.1159 12.0596 15.9053 11.9611 14.3861 9.66062 8.89689 8.89528 7.94497 6.6391 6.52645 6.5101
threshold=1.5000000000000002 0.50681818181818195 64.350000000000023 0 91.65000000000002 53.961155000000012 -80.771999999999977 -4.464999999999999 0.21862473630160603 15.750000000000002 0.23722943722943726 2.7500000000000004 275.00000000000006 359.50000000000006
decision_type=2 8 8 1 8 2 2 10 2 10 8 10 10 10
left_child=1 2 5 4 -3 6 9 -7 11 -1 -9 -4 -10 -11
right_child=-2 3 8 -5 -6 7 -8 10 12 13 -12 -13 -14 -15
leaf_value=-0.037571942431002647 -0.039262718088309195 -0.0059872907327174025 0.11242523953352715 -0.025081420698498409 0.11166315613692833 -0.0037062619131450849 0.075304424652356497 0.12164300475677525 -0.027669338798223794 -0.016457464640997985 0.017402462228401954 0.04586878289810456 0.057005941784967255 0.04090233689908538
leaf_weight=14.302031319588421 48.184299416840076 9.8547927848994714 11.691908489912754 51.261104550212622 3.0018719807267198 4.1479883752763262 4.900441024452447 4.9892005063593361 3.2657567113637915 8.7216643616557139 3.1795468516647825 8.4476023726165277 4.1319580525159836 9.2996196635067445
leaf_count=102 492 93 73 418 22 33 34 32 30 52 21 48 26 57
internal_value=0.000460274 0.0141969 0.0377527 -0.0142651 0.0275586 0.0180625 0.003419 0.058738 0.071302 -0.0094121 0.0873924 0.0879983 0.020782 0.0137364
internal_weight=189.38 141.195 77.0777 64.1178 12.8567 49.5405 37.2238 12.3167 27.5372 32.3233 8.16875 20.1395 7.39771 18.0213
internal_count=1533 1041 508 533 115 331 245 86 177 211 53 121 56 109
cat_boundaries=0 1
cat_threshold=2
is_linear=0
shrinkage=0.05


Tree=53
num_leaves=15
num_cat=1
split_feature=1 33 2 2 25 12 13 4 4 9 28 9 7 13
split_gain=27.0335 20.4988 16.2253 13.7202 12.1432 12.9394 18.6095 11.042 10.0907 11.1838 9.96403 9.36476 11.8507 11.6146
threshold=-119.26015699999998 0.085622710622710638 -0.79902248885025529 0.90162119223771331 1167.5000000000002 3.5500000000000003 8.9500000000000011 0.035155613695000011 3.1463201895800004 -29.499999999999996 0.45773809523809533 8.9500000000000011 0 29.750000000000004
decision_type=2 8 2 2 10 8 10 2 2 8 10 8 1 10
left_child=1 2 -1 7 8 6 -6 -4 9 -2 -3 12 -9 -13
right_child=4 10 3 -5 5 -7 -8 11 -10 -11 -12 13 -14 -15
leaf_value=-0.021697206208830561 0.059693031064777663 -0.028369186060411361 -0.015859056917494362 -0.013637221879799386 -0.02593511024606799 -0.03213257455072964 0.08945354730989219 0.015051511686100661 0.02691763029945686 -0.029215474729162499 0.061685830586669543 -0.014451221324641484 0.11649948009179661 0.095002645885825868
leaf_weight=7.169553577899932 2.7700063735246658 18.352146532386545 3.0330712459981468 5.3936820812523356 4.9606037363409987 6.910387888550761 8.4534097835421544 3.8639771342277527 9.1525345146656019 91.004641711711884 2.686596803367137 5.4336319938302058 15.849149074405434 3.0784678086638451
leaf_count=58 21 159 26 31 36 56 55 28 82 820 19 37 84 21
internal_value=-0.000381507 0.0255179 0.0446707 0.0578845 -0.0141066 0.0204869 0.0479431 0.0702659 -0.0210689 -0.0259871 -0.0145922 0.0797468 0.0983013 0.0309597
internal_weight=188.112 64.8603 43.8215 36.652 123.252 20.3244 13.414 31.2583 102.927 93.7746 21.0387 28.2252 19.7131 8.5121
internal_count=1533 463 285 227 1070 147 91 196 923 841 178 170 112 58
cat_boundaries=0 1
cat_threshold=2
is_linear=0
shrinkage=0.05


Tree=54
num_leaves=15
num_cat=1
split_feature=6 29 25 31 10 1 1 19 4 1 25 10 17 25
split_gain=48.8082 25.9398 20.5339 13.5275 12.6036 14.4971 19.2168 10.6606 7.93062 7.65614 7.47975 6.00245 5.21658 7.6107
threshold=0 0.58333333333333337 1618.5000000000002 0.034523809523809533 25.050000000000004 -98.517571999999987 -68.325454499999992 40.050000000000004 0.077786907550000006 -118.19432291499999 75.500000000000014 16.950000000000003 5.5000000000000009 125.50000000000001
decision_type=9 8 10 10 8 2 2 8 2 2 8 10 10 10
left_child=1 -1 3 4 5 -2 12 10 -9 -10 -3 -11 13 -7
right_child=2 7 -4 -5 -6 6 -8 8 9 11 -12 -13 -14 -15
leaf_value=-0.03162373237254254 0.13072607756822427 0.050502812748282055 -0.04211133349261291 -0.037178046507934305 -0.0092415604439437613 0.090154796398885517 0.10162559927069535 0.083814287214105679 -0.030231672423202696 0.074973658813294958 -0.019680198685766676 -0.002073219962959384 -0.0061699344326655711 0.0025921378143931289
leaf_weight=94.400500264018774 7.7559834942221597 3.6071111448109177 5.4495469853281966 3.0785975679755202 5.2155441120266905 3.826632324606182 11.305629365146165 6.0918169170618084 4.7786657623946676 4.920487474650141 20.961658142507076 4.3199519887566566 9.5507555603981 5.2335950769484043
leaf_count=853 54 31 41 24 43 26 62 42 35 35 153 35 63 36
internal_value=-0.000329912 -0.015751 0.0368611 0.0547692 0.0620661 0.0719219 0.0529415 0.0142954 0.0403842 0.0171883 -0.00780396 0.0422688 0.0196933 0.0448601
internal_weight=190.496 139.08 51.4163 45.9667 42.8881 37.6726 29.9166 44.6797 20.1109 14.0191 24.5688 9.24044 18.611 9.06023
internal_count=1533 1184 349 308 284 241 187 331 147 105 184 70 125 62
cat_boundaries=0 1
cat_threshold=464968
is_linear=0
shrinkage=0.05


Tree=55
num_leaves=15
num_cat=0
split_feature=16 15 10 13 19 0 1 13 15 27 10 16 33 16
split_gain=19.4389 10.7938 17.2028 16.5923 16.6104 16.2714 16.5068 21.5998 9.61456 10.2988 9.25668 9.65202 14.812 8.28113
threshold=34.850000000000001 -5.4499999999999993 11.050000000000002 20.650000000000002 14.749999999999998 53.961155000000012 -118.14444599999999 7.5500000000000007 -35.54999999999999 0.26038523765796501 18.900000000000002 26.850000000000005 0.16836734693877553 21.450000000000003
decision_type=10 10 10 10 10 2 2 10 10 8 10 10 8 8
left_child=1 2 5 4 -4 -1 7 -7 -8 -10 -3 12 -12 -6
right_child=-2 10 3 -5 13 6 8 -9 9 -11 11 -13 -14 -15
leaf_value=-0.023974197402691685 0.061225200876403152 -0.040484150904690534 -0.034323834730626543 -0.0057222700565436047 0.059528014107672528 -0.034917319237852455 0.10321200993423724 0.070951858529953074 0.073406767288426003 -0.038731301166227958 -0.019466264646705412 -0.015216808882620489 0.10697986801442348 0.16302181477831865
leaf_weight=47.110445071011782 10.954348955303429 29.151761524379253 2.2060135304927853 9.8835115022957307 7.3685271032154551 16.405973937362436 6.3057490549981594 5.6673123873770228 2.8942955434322339 3.3963204249739647 4.2769965641200534 38.157777801156044 3.4676847159862518 3.3017210364341727
leaf_count=420 55 259 21 67 53 144 34 38 18 30 31 327 20 16
internal_value=-0.000526034 -0.00461072 0.0057668 0.0432292 0.0785077 -0.00505541 0.0206036 -0.00583843 0.0639607 0.015855 -0.0189509 -0.00470396 0.0429094 0.102777
internal_weight=190.548 179.594 104.54 22.7598 12.8763 81.7801 34.6697 22.0733 12.5964 6.29062 75.0542 45.9025 7.74468 10.6702
internal_count=1533 1478 841 157 90 684 264 182 82 48 637 378 51 69
is_linear=0
shrinkage=0.05


Tree=56
num_leaves=15
num_cat=1
split_feature=6 28 19 2 25 14 12 4 12 27 31 24 4 2
split_gain=27.5496 13.4537 9.71814 8.52745 8.82446 6.83397 12.3804 10.9636 7.6108 9.10329 6.43845 6.66056 6.33037 6.03541
threshold=0 0.35389610389610399 196.50000000000003 -0.98930078251469888 19.500000000000004 -7.796666666666666 -30.549999999999997 0.050929117390000007 -11.949999999999998 0.078681077694235602 0.078144078144078158 2.5000000000000004 0.10425742613500001 -0.61913973745509387
decision_type=9 10 8 2 8 10 8 2 10 8 8 2 2 2
left_child=1 2 3 -1 -5 6 -6 8 -7 -10 11 13 -8 -9
right_child=-2 -3 -4 4 5 7 12 10 9 -11 -12 -13 -14 -15
leaf_value=0.080361000274590783 -0.024637617785809515 -0.03698225143721396 -0.031733454441828811 -0.027891385074453347 -0.011265658158311624 -0.022149953872975098 0.025389632878627166 0.043359677047421885 -0.0048266858551023195 0.084774259346531697 -0.010794001141658877 0.067874506797703377 0.10173771137736105 -0.010693815212081369
leaf_weight=5.0868755616247645 71.304406438022852 11.2508741132915 8.1168899983167631 8.4356495440006238 5.5808129459619522 2.5942567028105286 5.1839041784405726 6.9783959053456845 3.5951193012297127 10.794264152646065 29.792674407362938 5.2825043946504584 7.7162478789687157 13.835980307310818
leaf_count=30 722 78 71 62 31 18 34 49 23 74 195 43 54 85
internal_value=-0.00201046 0.0120717 0.0182966 0.0224318 0.0187108 0.0232695 0.0497738 0.0159651 0.0499375 0.0635289 0.00494525 0.0226487 0.0750911 0.00858551
internal_weight=195.549 124.244 112.994 104.877 99.7898 91.3542 18.481 72.8732 16.9836 14.3894 55.8896 26.0969 12.9002 20.8144
internal_count=1569 847 769 698 668 606 119 487 115 97 372 177 88 134
cat_boundaries=0 1
cat_threshold=280576
is_linear=0
shrinkage=0.05


Tree=57
num_leaves=15
num_cat=1
split_feature=6 8 1 3 19 2 25 4 18 19 12 4 32 18
split_gain=16.8788 11.2963 7.37363 6.66887 5.90671 5.25278 5.02063 5.80942 4.72108 4.17131 4.10493 4.0142 3.93737 3.78188
threshold=0 -6.3999999999999995 -113.36664174999999 0.45082531555062549 52.750000000000007 0.1849296026015865 87.500000000000014 0.20784871593500001 4.4500000000000011 12.850000000000003 2.5500000000000003 0.053728770740000008 0.31101190476190482 29.650000000000002
decision_type=9 10 2 2 8 2 8 2 8 10 10 2 8 8
left_child=2 5 4 6 9 -2 13 11 -5 -1 -11 -8 -10 -4
right_child=1 -3 3 8 -6 -7 7 -9 12 10 -12 -13 -14 -15
leaf_value=-0.017574656048661267 0.03755857716442057 -0.021633988121068173 0.060561696819468519 0.026197609946282115 -0.021530534383054262 -0.00393330779611617 -0.0034575653702231916 -0.02454666364872236 0.024529989706027981 0.043964065354882002 -0.0087689048130957844 0.060830880121843303 0.12313829940691481 -0.0081004642549654723
leaf_weight=5.4767410010099438 12.006321188062431 91.550661101937294 7.7068874537944803 5.8340108469128582 14.602145887911318 18.040991973131895 4.511957064270975 9.0066912882029992 2.1049333214759836 12.456442497670652 4.6809829771518698 4.0133217759430408 3.356717512011528 2.3240307494997987
leaf_count=38 99 715 72 47 109 133 33 58 23 114 30 45 35 18
internal_value=-0.000826832 -0.0119808 0.0163579 0.0334265 0.00240826 0.0133218 0.0189285 0.00217332 0.0643867 0.0181229 0.029871 0.0300156 0.0948121 0.0453614
internal_weight=197.673 121.598 76.0749 38.8586 37.2163 30.0473 27.5629 17.532 11.2957 22.6142 17.1374 8.52528 5.46165 10.0309
internal_count=1569 947 622 331 291 232 226 136 105 182 144 78 58 90
cat_boundaries=0 1
cat_threshold=262507
is_linear=0
shrinkage=0.05


Tree=58
num_leaves=15
num_cat=1
split_feature=7 32 0 30 0 12 3 27 27 18 21 25 18 15
split_gain=35.3601 13.7143 10.5753 12.1212 8.83047 6.01353 8.01114 7.82422 5.81666 5.69155 4.85303 4.75908 4.62044 4.48244
threshold=0 0.1056547619047619 49.828075000000005 0.28869047619047622 51.381349500000006 -16.749999999999996 -0.26867065956352881 0.44487344487344488 0.40609702797202807 11.450000000000001 8.5000000000000018 161.50000000000003 21.650000000000002 -10.049999999999999
decision_type=1 8 2 10 2 8 2 10 10 10 2 10 10 10
left_child=4 2 3 12 -1 -4 -7 -8 -6 11 -3 13 -2 -10
right_child=1 10 5 -5 8 6 7 -9 9 -11 -12 -13 -14 -15
leaf_value=-0.034903095325926697 0.095896603041399936 -0.011217668518610576 -0.021814433730065114 0.0018509034517527039 -0.015109911976656287 -0.0022889452755024643 0.10597182552280685 -0.00032572136751423569 0.10049176368363651 -0.024200974929281277 0.048164070683626325 0.0016504208078002994 0.035675998810606839 0.017264373333684406
leaf_weight=46.974763512611389 13.90255449339748 24.292863477021459 7.083599541336298 6.5806321054697028 56.015197470784187 8.2554773390293139 3.9220456257462493 2.6609183996915817 2.7352414242923269 5.1603109948337069 2.9863114804029456 6.2332496084272861 6.2205774560570708 3.7582743912935266
leaf_count=396 115 197 41 43 451 54 38 20 31 35 20 52 47 29
internal_value=-0.00143447 0.0251205 0.0407775 0.0613901 -0.018179 0.0140861 0.0315195 0.0686283 -0.00722452 0.016962 -0.00324373 0.0341994 0.0798511 0.0610541
internal_weight=196.782 75.905 48.6258 26.7038 120.877 21.922 14.8384 6.58296 73.9023 17.8871 27.2792 12.7268 20.1231 6.49352
internal_count=1569 575 358 205 994 153 112 58 598 147 217 112 162 60
cat_boundaries=0 1
cat_threshold=1
is_linear=0
shrinkage=0.05


Tree=59
num_leaves=15
num_cat=0
split_feature=18 1 18 18 26 24 9 3 25 28 3 25 11 10
split_gain=23.8832 19.8495 18.6433 19.6801 21.6489 11.8438 11.7629 21.4113 15.5445 11.1741 14.104 9.85665 9.2478 9.09088
threshold=0.35000000000000003 -122.93134098999998 2.5500000000000007 3.7000000000000006 0.048809523809523817 1.0000000180025095e-35 -5.0499999999999989 -0.27694043983797384 19.500000000000004 0.3320802005012532 -0.15101602693478741 1733.0000000000002 4.5928571428571443 -3.6499999999999999
decision_type=8 2 8 8 8 2 10 2 8 10 2 10 8 8
left_child=6 -2 -3 4 -4 9 -1 8 -8 13 -11 -10 -9 -5
right_child=1 2 3 5 -6 -7 7 12 11 10 -12 -13 -14 -15
leaf_value=-0.021464440845847879 0.072985569078118331 -0.047676539680425539 0.10262365750617948 0.044604595718643891 -0.038180058673160891 -0.02874925359075664 0.088519197709025776 0.026519659494962523 -0.045697826062422002 0.10006637516584022 -0.011420824275344216 0.045766397800341523 0.10496310257703539 -0.012647245413616877
leaf_weight=7.0963724851608267 6.371858660131692 27.239775866270065 7.4146578609943363 7.0837153494358063 3.4038952812552461 44.139531943947077 3.1324111409485367 6.3760234341025352 9.8462358973920328 5.249020654708147 4.8572853989899141 3.1449435576796523 12.56345919519663 48.059354826807976
leaf_count=69 28 244 41 57 36 433 15 40 80 30 41 14 41 400
internal_value=0.00199616 -0.00718344 -0.0111162 -0.00250644 0.0588399 -0.00905164 0.0348785 0.0465606 0.00349503 0.00450611 0.0502797 -0.0218674 0.0812093 -0.00462915
internal_weight=195.979 153.819 147.447 120.207 10.8186 109.389 42.1594 35.0631 16.1236 65.2494 10.1063 12.9912 18.9395 55.1431
internal_count=1569 1310 1282 1038 77 961 259 190 109 528 71 94 81 457
is_linear=0
shrinkage=0.05


Tree=60
num_leaves=15
num_cat=1
split_feature=27 6 19 22 33 11 13 28 23 19 28 32 13 25
split_gain=25.3688 14.7977 14.5862 11.1292 11.0235 6.78829 14.4595 8.16486 8.51808 6.37823 5.96894 7.51561 7.66202 5.63119
threshold=0.32052068302068309 0 64.350000000000023 4.5000000000000009 0.12310606060606062 8.1857142857142886 30.250000000000004 0.51484213250517608 1.5000000000000002 91.65000000000002 0.31311274509803927 0.87500000000000011 23.150000000000002 133.50000000000003
decision_type=8 9 8 2 10 10 8 10 2 10 10 10 10 10
left_child=2 3 5 9 10 -1 7 8 -7 -2 11 12 -4 -10
right_child=1 -3 4 -5 -6 6 -8 -9 13 -11 -12 -13 -14 -15
leaf_value=-0.014290848285499341 0.022906227260254233 -0.021370724101008935 0.12488456660532068 -0.011515303603459141 -0.015022258577820045 0.012555977299755355 -0.022730023207518955 -0.023514223626643377 0.018395337980916898 0.12063074882209548 0.021695896113134466 0.015701287553514673 0.039254707620412714 0.11594424276284745
leaf_weight=25.434847857803106 3.5516339987516385 99.233844045549631 7.5918665304780095 5.1309870891273022 5.5806311331689349 5.6458777785301235 10.916058644652368 2.7325375340878955 2.4221364259719831 3.5501958951354027 8.4285212457180005 4.5133581720292559 5.6051654331386089 5.9908445477485657
leaf_count=200 33 879 47 36 45 33 63 28 21 21 60 30 32 41
internal_value=-0.000142543 -0.0157667 0.0203245 0.0250746 0.0465944 0.0040735 0.0208421 0.0488538 0.063547 0.0806181 0.0598183 0.0758318 0.0938418 0.0927973
internal_weight=196.329 111.467 84.8618 12.2328 31.7195 53.1423 27.7075 16.7914 14.0589 7.10183 26.1389 17.7104 13.197 8.41298
internal_count=1569 969 600 90 214 386 186 123 95 54 169 109 79 62
cat_boundaries=0 1
cat_threshold=196608
is_linear=0
shrinkage=0.05


Tree=61
num_leaves=15
num_cat=0
split_feature=18 1 31 19 10 15 3 10 20 25 1 18 1 13
split_gain=21.0108 14.7409 23.9646 13.9232 11.8616 17.6931 11.8163 12.6835 9.97447 9.13935 8.89743 7.4275 8.31489 10.4337
threshold=154.00000000000003 -114.52443002 0.14625850340136057 4.950000000000002 22.650000000000002 0.95000000000000007 0.24164313636530552 16.650000000000002 3.5000000000000004 523.50000000000011 -121.91640469999997 3.2500000000000004 -120.66916965499998 4.8500000000000005
decision_type=10 2 8 8 10 8 2 10 2 10 2 8 2 8
left_child=1 2 6 -4 -3 8 7 -1 -6 10 -9 -8 -13 -14
right_child=-2 4 3 -5 5 -7 11 9 -10 -11 -12 12 13 -15
leaf_value=-0.036154659429633688 0.10374218513912532 -0.025593480444896934 0.082384977650785271 -0.029255339945825323 0.11643471869451212 -0.013572290096108436 0.0059049141241109375 -0.041526106685140875 0.0037757440014887034 0.075845480518215991 0.032342111459098793 0.092740241108070554 0.078804109590561458 -0.024455923937245834
leaf_weight=9.3264144062995893 3.8703734576702109 70.566685926169157 2.0872907117009154 32.256981428712606 4.2054656222462654 18.069270655512813 6.1944878958165672 5.048878192901614 3.2667634710669518 6.5540325455367556 11.632086735218765 12.904602568596605 3.5717336013913119 4.5092331282794476
leaf_count=78 14 664 12 273 27 152 51 43 22 39 61 75 25 33
internal_value=0.00119401 -0.00142449 0.012577 -0.0203314 -0.0151197 0.0136915 0.0315187 0.0106358 0.0734408 0.0301342 0.00890008 0.0552709 0.0689113 0.0248363
internal_weight=194.064 190.194 94.0857 34.3443 96.1082 25.5415 59.7415 32.5614 7.47223 23.235 16.681 27.1801 20.9856 8.08097
internal_count=1569 1555 690 285 865 201 405 221 49 143 104 184 133 58
is_linear=0
shrinkage=0.05


Tree=62
num_leaves=15
num_cat=0
split_feature=32 27 12 1 1 16 0 1 19 4 19 10 4 3
split_gain=50.8757 17.9952 11.8469 11.31 9.98227 8.5112 6.6388 8.22934 9.18141 10.9112 8.50517 8.40638 7.68112 6.41482
threshold=0.30059523809523819 0.40098039215686282 -26.449999999999996 -67.028924999999973 -68.325454499999992 5.9500000000000011 56.558040000000013 -98.517571999999987 44.250000000000007 0.190016059855 65.550000000000011 18.550000000000004 0.190016059855 -0.8611288361322974
decision_type=8 8 8 2 2 8 2 2 8 2 8 10 2 2
left_child=3 13 -3 5 6 -1 7 8 9 -4 -10 -12 -9 -2
right_child=1 2 4 -5 -6 -7 -8 12 10 -11 11 -13 -14 -15
leaf_value=0.024868526965528336 0.034333693357163506 -0.0250166011423371 -0.0040709923087991961 0.056229553959921179 0.088014410868670734 -0.032201422317070898 -0.010394419221662874 0.040337149371771075 0.11904119829846674 0.064016417998174355 0.077066522715460675 -0.01292106377747613 -0.02346784130305539 -0.033064356121912601
leaf_weight=6.3209303691983232 3.6870535053312805 6.6464736983180046 11.968787070363762 3.2256754487752906 9.4645663574337942 89.914416085928679 7.2030820958316317 8.6559316627681273 7.0129996947944191 10.365031953901051 5.3663465827703458 3.9584740772843361 8.3027505651116353 14.539683710783718
leaf_count=63 22 57 86 19 50 819 54 53 38 74 33 26 54 121
internal_value=5.089e-05 0.0256487 0.0359105 -0.024964 0.0417766 -0.0282357 0.0335421 0.0393141 0.0518051 0.0289174 0.0796202 0.0413144 0.00953173 -0.0183539
internal_weight=196.632 97.1712 78.9444 99.461 72.298 96.2353 62.8334 55.6303 38.6716 22.3338 16.3378 9.32482 16.9587 18.2267
internal_count=1569 668 525 901 468 882 418 364 257 160 97 59 107 143
is_linear=0
shrinkage=0.05


Tree=63
num_leaves=15
num_cat=0
split_feature=0 0 16 1 29 3 14 24 12 25 3 25 1 4
split_gain=14.1022 24.2239 14.3768 15.4396 15.4608 16.5152 14.948 16.4221 9.4155 9.07603 8.78755 7.69016 7.52068 7.90055
threshold=50.083290000000005 50.296621845000011 13.15 -120.14002999999998 1.0000000180025095e-35 0.92191100909954782 19.183045977011499 24.500000000000004 -30.549999999999997 189.50000000000003 0.89309379682046119 1301.0000000000002 -110.863525 0.22717687943000001
decision_type=2 2 10 2 8 2 10 2 10 8 2 10 2 2
left_child=-1 -2 3 -3 5 9 7 12 10 -5 -6 -11 -4 -14
right_child=1 2 6 4 8 -7 -8 -9 -10 11 -12 -13 13 -15
leaf_value=-0.016230161758551628 0.10527089680869262 -0.02068441725408705 -0.029864516165120772 0.1308635943773033 -0.0065426675769153196 -0.0065113721635664621 0.06942653835753991 0.063580084781067622 -0.03189508943428726 -0.012566986387253648 0.085698445584622321 0.087021592516532228 0.048331951039362206 -0.038023429148971846
leaf_weight=72.318493951112032 5.5166791640222064 12.117923039942978 51.09274522960186 8.1397162303328514 4.9851162582635862 4.9118270091712466 4.7344640418887129 5.1457332409918299 7.6251096315681961 3.1508577503263959 4.0795738399028778 3.2612255774438381 6.1160326115787012 3.3121373765170574
leaf_count=645 21 116 417 36 34 42 20 37 71 23 18 18 50 21
internal_value=0.00119031 0.0113833 0.0061756 0.0269109 0.0429912 0.0721386 -0.00821955 -0.0147751 0.00684317 0.0973978 0.0393607 0.0429913 -0.0223624 0.017258
internal_weight=196.508 124.189 118.672 48.2713 36.1534 19.4636 70.4011 65.6666 16.6898 14.5518 9.06469 6.41208 60.5209 9.42817
internal_count=1569 924 903 358 242 119 545 525 123 77 52 41 488 71
is_linear=0
shrinkage=0.05


Tree=64
num_leaves=15
num_cat=1
split_feature=6 26 1 1 1 18 19 18 3 1 32 2 0 9
split_gain=33.1341 13.7581 8.95328 8.78083 9.24581 8.58433 8.47385 6.48268 6.2345 6.16527 6.1078 7.00761 6.391 5.94643
threshold=0 0.28402777777777782 -97.554773499999996 -111.86918999999999 -112.31966999999999 0.25000000000000006 5.0500000000000016 33.650000000000006 -0.61915584096709908 -121.28823719999998 0.081675906675906698 0.3261394409934788 54.104810500000006 -1.7499999999999998
decision_type=9 8 2 2 2 8 10 10 2 2 10 2 2 8
left_child=1 6 3 4 9 -4 -1 10 -7 -3 13 12 -12 -8
right_child=-2 2 5 -5 -6 8 7 -9 -10 -11 11 -13 -14 -15
leaf_value=-0.044013014099861601 -0.024399274318284037 0.056358311462006865 -0.01335846621695919 -0.020825000564787404 0.098297643257055048 0.021053270699558025 0.025833761641316757 -0.041035032883621397 0.093003127518024212 0.0070745805752669439 0.021061482967194213 0.00088386823383582657 0.10257425455469354 -0.020672698799958374
leaf_weight=8.2422947324812394 68.699356380850077 7.9645311906933776 2.9847435802221325 9.4507343135774118 3.634352300316098 4.8671222999692008 10.828337281942366 4.9981642477214328 11.78489630669355 22.964771326631308 5.678979370743038 8.2204299159347993 4.2408904023468494 15.411801889538767
leaf_count=64 725 58 15 57 23 28 74 36 68 162 41 52 36 102
internal_value=0.00118957 0.016419 0.0335957 0.0202752 0.0317828 0.0610235 -3.79771e-06 0.00807007 0.0743574 0.0211331 0.0143827 0.0358615 0.0621115 -0.00123736
internal_weight=189.971 121.272 63.6512 44.0144 34.5637 19.6368 57.6209 49.3786 16.652 30.9293 44.3804 18.1403 9.91987 26.2401
internal_count=1541 816 411 300 243 111 405 341 96 220 305 129 77 176
cat_boundaries=0 1
cat_threshold=280576
is_linear=0
shrinkage=0.05


Tree=65
num_leaves=15
num_cat=1
split_feature=6 10 14 25 4 19 18 0 18 4 24 26 19 3
split_gain=13.1628 8.4693 7.1839 6.11139 9.47516 6.99418 6.34853 6.08817 5.97755 6.66388 3.72122 3.43044 3.22987 3.07162
threshold=0 3.2500000000000004 18.778076923076927 35.500000000000007 0.27150768832500005 17.950000000000003 20.050000000000004 47.519536000000009 2.4500000000000006 0.30246048372000006 1.5000000000000002 0.056623931623931631 59.150000000000013 0.86869874770991873
decision_type=9 10 8 8 2 10 10 2 8 2 2 10 10 2
left_child=2 10 3 4 11 -5 8 -8 -7 12 13 -1 -10 -2
right_child=1 -3 -4 5 -6 6 7 -9 9 -11 -12 -13 -14 -15
leaf_value=0.037692167276746708 -0.01075477977217632 -0.020216623178302025 -0.023241951133132668 -0.011620181139763094 0.093331947064531906 0.0059622466564559287 0.045743209847748989 -0.031534997190856201 0.12095061020934916 0.022979814669658469 0.035489418649338605 -0.019867168338924907 0.038668252610020909 0.021476420856659972
leaf_weight=5.0413340963423234 21.833015687763695 77.964615933597088 8.6544744297862035 16.636843807995319 6.1636931896209708 8.4610806368291396 2.8142043724656087 6.7422528639435768 3.7146632857620707 8.0751036144793016 8.388717442750929 3.6917025670409203 3.4279655404388905 9.9306806921958906
leaf_count=43 162 619 58 124 63 72 23 42 45 64 80 32 31 83
internal_value=0.000189561 -0.00986709 0.0155231 0.0233378 0.0505199 0.014385 0.0273618 -0.00660051 0.0407806 0.0585783 0.007834 0.0138189 0.0910594 -0.000330004
internal_weight=191.54 118.117 73.4233 64.7688 14.8967 49.8721 33.2353 9.55646 23.6788 15.2177 40.1524 8.73304 7.14263 31.7637
internal_count=1541 944 597 539 138 401 277 65 212 140 325 75 76 245
cat_boundaries=0 1
cat_threshold=262506
is_linear=0
shrinkage=0.05


Tree=66
num_leaves=15
num_cat=1
split_feature=6 32 0 13 14 0 9 11 1 31 9 31 12 31
split_gain=37.0893 7.72446 8.14246 8.27027 7.53302 6.95631 6.45262 6.2325 5.05146 4.96861 6.28591 3.9443 3.37476 3.51144
threshold=0 0.23065476190476195 49.882284000000006 9.8500000000000032 11.998666666666669 51.550964150000006 -7.5999999999999988 -6.89047619047619 -122.42507654999999 0.1223646723646724 12.050000000000002 0.021637426900584799 9.0500000000000025 1.0000000180025095e-35
decision_type=9 8 2 10 10 2 8 10 2 10 10 10 8 8
left_child=1 2 3 -1 11 -2 -7 -4 -6 10 -9 -5 13 -3
right_child=5 12 7 4 8 6 -8 9 -10 -11 -12 -13 -14 -15
leaf_value=0.10188391156158175 -0.033425232477164113 -0.027016782403249281 -0.021498843743918899 0.03672881687384659 0.0081616992287574051 0.017007662347962714 -0.01740717746104516 0.061987204356933737 0.08156744415341545 -0.0088723643387172129 -0.016494627992413632 -0.02092862984555445 -0.034911056173718445 0.025174956974642407
leaf_weight=6.7406121678650406 47.841343700885773 3.4484060555696461 7.0217184424400356 4.3218800313770789 3.412304729223254 17.470164228230715 51.776287816464901 10.973153237253429 8.6557004898786492 5.3093955367803565 2.781928163021802 5.7354174442589283 4.0282413847744492 11.391567587852478
leaf_count=55 424 28 42 33 18 158 402 89 72 32 18 34 29 107
internal_value=-0.000535345 0.0251632 0.0378558 0.0558078 0.0379717 -0.0174652 -0.00860616 0.016664 0.0630244 0.0310908 0.0460723 0.00492917 0.000817101 0.0121071
internal_weight=190.908 73.8203 54.9521 28.8659 22.1253 117.088 69.2465 26.0862 12.068 19.0645 13.7551 10.0573 18.8682 14.84
internal_count=1541 557 393 212 157 984 560 181 90 139 107 67 164 135
cat_boundaries=0 1
cat_threshold=200776
is_linear=0
shrinkage=0.05


Tree=67
num_leaves=15
num_cat=0
split_feature=19 14 10 30 23 12 15 15 12 3 16 15 3 17
split_gain=21.2155 22.3788 18.2211 17.0384 20.4031 24.8435 26.1442 15.1952 15.0892 10.4635 11.1303 10.2642 15.9371 9.41741
threshold=71.300000000000011 -1.073333333333333 -3.6499999999999999 0.11237373737373739 7.5000000000000009 -1.9499999999999997 1.6500000000000001 -4.3499999999999988 -34.849999999999987 -0.6905596507703472 34.350000000000001 6.2500000000000009 -0.5129677127369543 21.500000000000004
decision_type=10 8 8 8 2 10 10 10 8 2 8 8 2 10
left_child=1 8 -3 4 5 13 7 -7 -1 10 -8 -5 -13 -4
right_child=-2 2 3 11 -6 6 9 -9 -10 -11 -12 12 -14 -15
leaf_value=0.053762915380797617 -0.035207433024723143 0.11574649659188208 -0.046711105961651553 -0.026037777693715222 0.10328493216738138 -0.0071344486739519973 -0.013988387101968086 0.09655004532823816 -0.03496662667690164 -0.044759380689824588 0.094338484322440186 -0.039896002970138997 0.074358042571774377 0.036365924813977248
leaf_weight=4.553835928440094 39.196087021380663 3.567232646048069 14.31861884519458 30.536620140075684 7.2409700043499461 4.2350650466978577 5.3145261146128178 16.966373037546873 38.301897630095482 7.9797609075903901 2.9898596778512001 4.3496377691626549 6.4324868954718095 3.582427740097045
leaf_count=29 374 22 133 253 27 31 41 70 381 63 12 44 39 22
internal_value=-0.00293036 0.00566017 0.0178083 0.0133763 0.0296366 0.0183472 0.0411438 0.0764502 -0.0245273 -0.00658761 0.0309604 -0.0113876 0.0287924 -0.029041
internal_weight=189.565 150.369 107.514 103.946 62.6276 55.3866 37.4856 21.2014 42.8557 16.2841 8.30439 41.3187 10.7821 17.901
internal_count=1541 1167 757 735 399 372 217 101 410 116 53 336 83 155
is_linear=0
shrinkage=0.05


Tree=68
num_leaves=15
num_cat=1
split_feature=30 12 6 25 29 25 0 4 2 18 29 10 2 0
split_gain=23.5562 18.2352 14.2209 15.7951 11.1557 11.3127 9.06776 10.5195 10.5129 8.68414 11.7374 8.12298 7.54738 8.51072
threshold=0.33974358974358981 -4.2499999999999991 0 218.00000000000003 0.11815619967793882 632.50000000000011 57.193717915000001 18.907889688520005 -0.36647417525074694 20.450000000000003 1.0000000180025095e-35 24.550000000000004 -0.50556189049999822 56.463615030000007
decision_type=10 8 9 8 10 10 2 2 2 8 8 8 2 2
left_child=1 12 3 9 5 6 7 -4 -8 -3 -11 -2 13 -1
right_child=11 2 4 -5 -6 -7 8 -9 -10 10 -12 -13 -14 -15
leaf_value=-0.013456361939105342 0.086099205437188311 -0.016951180527461127 -0.032026066907130994 0.09800522575995424 0.059173862327737525 0.022646665852908879 0.089519898240728424 0.051406853235751726 -0.026528142891917308 0.1083557162258475 -0.015075146782461961 -0.00091883011436773093 -0.036332889753845028 0.072485135451624938
leaf_weight=15.956153187900783 9.007629528641699 8.8669702373445034 51.9681077003479 8.5291101150214654 5.4159602820873252 19.939891014248133 2.942378181964159 3.1822659075260153 3.1723146177828303 3.3303580097854146 3.0811846517026424 3.6350322254002085 47.397411901503801 2.4705598205327979
leaf_count=139 53 66 420 58 35 139 22 27 25 23 31 18 464 21
internal_value=-0.000466263 -0.00533663 0.00708159 0.033738 -0.00394638 -0.00930487 -0.0199008 -0.0263821 0.0340475 0.0147703 0.0550081 0.0628463 -0.025964 0.00120431
internal_weight=188.895 176.253 110.429 23.8076 86.6209 81.205 61.2651 55.1504 6.11469 15.2785 6.41154 12.6427 65.8241 18.4267
internal_count=1541 1470 846 178 668 633 494 447 47 120 54 71 624 160
cat_boundaries=0 1
cat_threshold=196608
is_linear=0
shrinkage=0.05


Tree=69
num_leaves=15
num_cat=1
split_feature=27 1 8 4 7 0 22 3 25 10 13 13 15 10
split_gain=18.8206 13.727 14.8496 12.3954 12.1014 21.4553 9.48648 9.82106 8.85646 8.57597 8.46737 7.72156 10.8637 7.21657
threshold=0.75961538461538469 -114.24164080499999 -2.4499999999999997 1.2805869549050002 0 51.923904500000006 7.5000000000000009 -0.73284120334876357 1167.5000000000002 21.650000000000002 29.750000000000004 29.950000000000003 -19.849999999999998 20.750000000000004
decision_type=8 2 8 2 1 2 2 2 10 10 10 8 10 10
left_child=1 2 -1 9 5 -4 7 -7 -3 -2 -6 12 -10 -8
right_child=3 8 4 -5 10 6 13 -9 11 -11 -12 -13 -14 -15
leaf_value=0.069006977748174006 -0.042817075971875868 -0.017195919779440724 0.10202373226735165 0.024101771663113336 -0.035185471812439292 0.036105788592868379 0.054775574557024614 -0.038643927797495981 -0.034180843754260608 0.006560706257820197 0.036028751210280832 -0.035910239263792103 0.07809073484043931 -0.019968533805145308
leaf_weight=15.751011990010737 36.308204665780067 40.088523704558611 7.4149793423712245 11.960120156407354 14.569450095295908 5.809197235852479 13.037136539816858 11.625106744468214 2.2771138437092295 11.188191194087265 4.800458598881959 2.6594729684293261 7.1578496918082228 3.6235590800642958
leaf_count=95 360 396 34 93 129 38 80 82 23 91 26 20 51 23
internal_value=0.00312849 0.0138447 0.027182 -0.0199334 0.0154206 0.0304178 0.0123817 -0.0131295 -0.00588402 -0.0312903 -0.0166341 0.0300605 0.0503153 0.0383092
internal_weight=188.27 128.814 76.6309 59.4565 60.8799 41.51 34.095 17.4343 52.183 47.4964 19.3699 12.0944 9.43496 16.6607
internal_count=1541 997 507 544 412 257 223 120 490 451 155 94 74 103
cat_boundaries=0 1
cat_threshold=1
is_linear=0
shrinkage=0.05


Tree=70
num_leaves=15
num_cat=1
split_feature=32 25 10 7 3 1 4 1 18 13 3 15 23 17
split_gain=46.2538 12.5828 12.7278 12.9396 13.3129 13.3492 10.9348 8.75995 8.51076 6.61466 6.09722 5.98697 5.74539 6.40777
threshold=0.30059523809523819 1092.5000000000002 2.0500000000000003 0 -0.49812626372919411 -78.574496259999989 2.0269816507950007 -67.028924999999973 25.350000000000005 8.9500000000000011 -0.3744658827978154 5.0500000000000007 2.5000000000000004 17.500000000000004
decision_type=8 10 10 1 2 2 2 2 10 10 2 8 2 8
left_child=7 2 10 4 5 11 9 12 -5 -6 -2 -4 13 -1
right_child=1 -3 3 8 6 -7 -8 -9 -10 -11 -12 -13 -14 -15
leaf_value=-0.023098741676840791 0.056923440363089398 -0.035563863808526296 -0.021092057538701935 -0.02664395725803799 0.032153844695344956 0.075344819289216339 -0.00097852151091905185 0.050883769540782234 0.056309469566410947 0.1028626350746331 -0.01260816225016031 0.048860176860713395 -0.040286576039259094 0.02583447141359832
leaf_weight=38.848637394607067 2.7028897963464287 7.3329055942594996 12.093933042138815 9.7712812758982164 5.4640676602721312 6.7692811414599374 3.9854951389133921 2.7506590560078612 3.3394063971936694 17.657155320048332 20.278413958847523 2.9993191249668607 47.385619681328535 7.174790669232606
leaf_count=349 21 60 80 82 33 34 20 17 23 98 172 18 462 72
internal_value=-0.00125295 0.0238795 0.0293576 0.0409648 0.0525662 0.0220712 0.0755012 -0.0253984 -0.00302181 0.0881783 -0.00239772 -0.00501891 -0.0281599 -0.0150832
internal_weight=188.554 92.3941 85.0612 62.0799 48.9693 21.8625 27.1067 96.1597 13.1107 23.1212 22.9813 15.0933 93.409 46.0234
internal_count=1541 641 581 388 283 132 151 900 105 131 193 98 883 421
cat_boundaries=0 1
cat_threshold=1
is_linear=0
shrinkage=0.05


Tree=71
num_leaves=15
num_cat=1
split_feature=16 18 18 28 0 27 11 25 8 3 25 2 6 14
split_gain=15.24 13.7594 13.2523 12.1463 11.7961 11.1917 10.1114 8.78622 8.23083 7.50166 7.39618 7.30587 8.77639 11.5496
threshold=34.850000000000001 16.050000000000004 14.450000000000003 0.76478494623655935 56.145060000000008 0.30145502645502648 -13.135714285714281 136.00000000000003 -7.0499999999999989 0.92191100909954782 453.00000000000006 -0.95995996396290595 0 -4.1149999999999993
decision_type=10 10 10 10 2 8 10 10 10 2 10 2 9 8
left_child=1 2 4 -3 11 -6 9 8 -8 -7 -2 -1 -13 -14
right_child=10 3 -4 -5 5 6 7 -9 -10 -11 -12 12 13 -15
leaf_value=-0.04486470581463059 0.018274586418055454 -0.036383799451189192 0.067966439099749462 0.06599254599421428 -0.019580419768099742 -0.026343669347756012 0.090203358039355808 0.13217803199521699 -0.015213999841938454 0.058913158455663986 0.098850753354015913 -0.01699445121014281 -0.025096523552689504 0.026232716028304372
leaf_weight=10.326528161764143 7.3532437086105329 36.5928352214396 6.7276612222194663 2.2312075458466998 7.5642801560461548 5.4297706000506913 2.3808443695306805 4.0171727389097214 3.5638243108987746 3.3364773355424404 4.3425360135734081 42.271878890693188 14.162831369787453 39.288692593574524
leaf_count=103 38 331 44 15 58 40 12 21 32 23 19 370 146 289
internal_value=0.000689448 -0.00307089 0.00432049 -0.0289909 0.000599577 0.0299384 0.0499177 0.0819834 0.0339152 0.00881524 0.0536214 -0.00688595 -0.00236736 0.0104939
internal_weight=189.59 177.894 139.07 38.824 132.342 26.2924 18.7281 9.96184 5.94467 8.76625 11.6958 106.05 95.7234 53.4515
internal_count=1541 1484 1138 346 1094 186 128 65 44 63 57 908 805 435
cat_boundaries=0 1
cat_threshold=399616
is_linear=0
shrinkage=0.05


Tree=72
num_leaves=15
num_cat=1
split_feature=6 26 4 3 18 1 1 1 18 3 25 25 28 4
split_gain=24.7198 16.0873 11.4597 8.07384 7.83563 6.17543 11.1736 7.28946 6.92079 6.16562 6.45752 4.81138 5.63599 5.74106
threshold=0 0.28402777777777782 0.14891644417000002 -0.97315270831292444 0.35000000000000003 -113.35169699999999 -121.28823719999998 -121.82382433499998 9.4500000000000011 0.81304046271159414 710.50000000000011 12.500000000000002 0.3861852433281005 0.32536614605500008
decision_type=9 8 2 2 8 2 2 2 8 2 8 10 10 2
left_child=1 11 3 -3 -5 6 7 -4 -7 10 -6 -1 13 -13
right_child=-2 2 5 4 9 8 -8 -9 -10 -11 -12 12 -14 -15
leaf_value=-0.04263304718504915 -0.021157527694601913 -0.023779263447663922 -0.019346018837395281 0.0035720991491549532 0.040209671843837676 0.0029249405459776372 -0.045364787840606595 0.088588526653541388 0.067044448961508823 0.018707313461326834 0.10286375783585076 -0.0019069042409275644 -0.030523905981879842 0.038899090407958137
leaf_weight=6.1029085963964453 67.474506683647633 2.8171675056219092 2.3189217485487461 5.7330974005162707 8.6997389458119923 10.607895940542223 9.2800342552363855 2.4542939029634026 6.0829081460833541 5.832107186317443 12.753608487546442 30.709701303392649 10.103671230375765 10.936686079949139
leaf_count=40 717 20 21 31 49 58 71 20 34 34 82 212 72 81
internal_value=0.00130593 0.0141196 0.0318163 0.0506536 0.0575166 0.00895517 -0.014917 0.0418836 0.028762 0.0683242 0.0803787 -0.00404206 0.00123093 0.00946994
internal_weight=191.907 124.433 66.5798 35.8357 33.0186 30.7441 14.0532 4.77322 16.6908 27.2855 21.4533 57.853 51.7501 41.6464
internal_count=1542 825 420 216 196 204 112 41 92 165 131 405 365 293
cat_boundaries=0 1
cat_threshold=280576
is_linear=0
shrinkage=0.05


Tree=73
num_leaves=15
num_cat=1
split_feature=6 24 8 27 13 0 2 2 1 1 13 1 15 20
split_gain=13.2905 6.23096 5.96072 4.39037 4.03421 4.69975 5.36217 3.95862 5.88666 4.27525 3.36963 3.39775 3.22906 3.0994
threshold=0 1.0000000180025095e-35 -2.7499999999999996 0.14311315924219151 25.550000000000004 56.997599795000006 -0.54220184589352438 0.878110924644389 -120.66626999999998 -107.68806149999999 7.0500000000000007 -119.37875849999999 -1.3499999999999999 1.0000000180025095e-35
decision_type=9 2 10 10 8 2 2 2 2 2 8 2 10 2
left_child=1 3 10 4 5 6 -1 8 12 -10 -2 -12 -3 -13
right_child=2 7 -4 -5 -6 -7 -8 -9 9 -11 11 13 -14 -15
leaf_value=0.002462426765253769 -0.0093765406447715877 -0.0040321044358517062 -0.020129614929593906 -0.025857896847146223 -0.01538926577792347 -0.027000210124762614 0.077052245831940328 -0.0035543260623078082 0.080670359706556477 0.029553137404732144 -0.015945449073084712 0.0010450254119545011 0.044406054620777152 0.049664868601027548
leaf_weight=4.2539409510791319 22.475208722054958 10.968594394624231 81.855173125863075 10.716890677809713 7.0245764181017902 2.1397961080074301 4.7700689807534218 7.816894005984067 7.6865595430135718 11.453475352376701 4.4701230525970486 5.301362104713915 3.9199379459023467 7.7775823324918747
leaf_count=39 164 83 663 78 49 16 47 51 74 99 30 36 37 76
internal_value=-0.0019558 0.0141156 -0.0115342 -0.00179592 0.0129905 0.0306449 0.0456438 0.0281865 0.0353712 0.0530678 0.00329519 0.0191545 0.0107132 0.0314315
internal_weight=192.63 70.7507 121.879 28.9053 18.1884 11.1638 9.02401 41.8455 34.0286 19.14 40.0243 17.5491 14.8885 13.0789
internal_count=1542 573 969 229 151 102 86 344 293 173 306 142 120 112
cat_boundaries=0 1
cat_threshold=262442
is_linear=0
shrinkage=0.05


Tree=74
num_leaves=15
num_cat=1
split_feature=7 24 2 12 17 0 0 27 15 9 9 18 10 3
split_gain=28.3978 7.40157 9.49268 6.4008 10.4345 6.47636 6.07478 6.51705 5.80132 5.78274 4.88361 4.82941 4.7023 3.97826
threshold=0 9.5000000000000018 0.54219432480460406 1.4500000000000002 9.5000000000000018 50.178422000000005 51.381349500000006 0.45584415584415588 5.4500000000000011 -5.5499999999999989 16.050000000000004 11.450000000000001 23.550000000000004 0.83258597624099873
decision_type=1 2 2 8 10 2 2 10 8 10 10 10 8 2
left_child=6 3 -3 4 5 -2 -1 9 -5 13 12 -9 -10 -8
right_child=1 2 -4 8 -6 -7 7 11 10 -11 -12 -13 -14 -15
leaf_value=-0.02919097803206044 0.092606166088999589 0.092843178703328297 0.0056864748514987087 -0.017940499353920326 0.0067137169532730055 0.023407946806633509 -0.011976202635821984 0.038989737666093482 0.0041178132208379865 -0.02752388885563133 -0.018662428863719414 -0.01768371422044494 0.075455391106267949 0.028020004715089655
leaf_weight=43.434432070702314 7.3767510056495649 7.0585955083370191 5.3275700807571411 17.576008453965187 19.262348879128695 7.1837970390915871 13.928959522396328 11.058307360857723 4.2524832785129574 30.999972343444824 3.819363221526145 4.7639720402657977 4.396066289395093 9.6968077048659307
leaf_count=398 66 67 36 121 133 53 118 96 28 243 21 35 39 88
internal_value=0.0010694 0.0245051 0.0585804 0.0170955 0.0316843 0.0621639 -0.0146993 -0.00548104 0.000179976 -0.0136597 0.0251598 0.0218889 0.044441 0.00491081
internal_weight=190.135 76.253 12.3862 63.8668 33.8229 14.5605 113.882 70.448 30.0439 54.6257 12.4679 15.8223 8.64855 23.6258
internal_count=1542 564 103 461 252 119 978 580 209 449 88 131 67 206
cat_boundaries=0 1
cat_threshold=1
is_linear=0
shrinkage=0.05


Tree=75
num_leaves=15
num_cat=0
split_feature=18 31 0 1 20 4 16 19 4 1 9 1 33 30
split_gain=25.4105 21.964 16.6933 15.6356 15.6044 13.3587 19.155 13.0152 12.8999 12.8428 12.3181 14.4143 15.0429 10.6632
threshold=0.35000000000000003 0.091089466089466109 45.093910265000012 -122.93134098999998 10.500000000000002 22.683579917220005 8.3500000000000032 84.450000000000017 0.30774732178000003 -88.423611999999977 -5.0499999999999989 -119.37875849999999 0.10790909518676318 0.30384615384615393
decision_type=8 10 2 2 2 2 10 10 2 2 10 2 10 10
left_child=9 2 7 -3 -5 13 -7 8 -2 10 -1 12 -12 -4
right_child=1 3 5 4 -6 6 -8 -9 -10 -11 11 -13 -14 -15
leaf_value=-0.019968685333275296 -0.004755764008503225 0.099243329914740816 -0.036827233445272362 -0.032270914157552642 0.045957274292368636 0.13012714279312387 -0.036710455618877362 -0.038770872703493178 0.11142516815470166 -0.041613659209396366 -0.044218846728069319 0.071353595816664367 0.070700414204398362 0.025544230378989043
leaf_weight=6.7047389335930339 3.9793876484036428 4.9829257279634502 90.575893390923738 11.41276489198208 12.150581147521732 2.2286522947251788 2.9719699509441853 3.8267837837338439 4.6969915181398392 4.6675539016723624 6.3278607353568024 24.603451289236549 3.6576795615255833 6.7180846817791453
leaf_count=66 32 9 908 89 73 12 31 38 21 39 54 100 16 54
internal_value=-0.00124415 -0.0116192 -0.0213542 0.0269936 0.00829665 -0.0280306 0.0442411 0.0313977 0.0631546 0.0307161 0.0396824 0.0514813 0.000479751 -0.0323045
internal_weight=189.505 143.544 114.998 28.5463 23.5633 102.495 5.20062 12.5032 8.67638 45.9613 41.2937 34.589 9.98554 97.294
internal_count=1542 1267 1096 171 162 1005 43 91 53 275 236 170 70 962
is_linear=0
shrinkage=0.05


Tree=76
num_leaves=15
num_cat=0
split_feature=24 16 28 0 18 19 18 19 11 0 0 0 25 14
split_gain=27.0939 24.3808 18.3895 9.6114 12.278 12.0589 12.1621 7.18351 7.00494 8.59915 6.86623 6.17156 6.27457 6.13074
threshold=1.5000000000000002 12.750000000000002 0.34644918573490008 56.176290000000002 4.3500000000000005 47.400000000000013 1.7500000000000002 33.050000000000004 12.507142857142858 49.001369925000013 49.740005830000008 53.747097000000004 398.50000000000006 14.99331034482759
decision_type=2 8 8 2 8 10 10 8 8 2 2 2 8 8
left_child=1 -1 7 5 -5 -4 -7 11 -9 -10 -11 12 -3 -12
right_child=-2 2 3 4 -6 6 -8 8 9 10 13 -13 -14 -15
leaf_value=-0.031401264682614505 -0.034324606814995384 -0.042381877201014141 -0.034527181415135819 0.1145308122445295 -0.0018598239926934685 0.08722711290045855 -0.0041626126288530959 0.07005599536488516 0.069995378401777511 -0.031959444979843064 -0.016100071645233038 0.05677622047877251 0.020865746559731023 0.054000772981249737
leaf_weight=28.062961790710688 45.13923953846097 5.8325929194688806 24.557909425348043 2.7021896764636013 5.7598059810698041 3.7613737061619785 15.115084275603293 19.907865449786186 7.6458672061562565 5.9449480995535877 4.2686389125883526 4.2459274493157855 8.2562046349048615 7.7332561500370538
leaf_count=251 479 45 201 18 49 30 129 116 47 24 25 28 53 47
internal_value=-0.000963329 0.00967399 0.0198177 -0.00232076 0.0434837 -0.0120223 0.0175202 0.0375739 0.0480577 0.028955 0.0086991 0.0104167 -0.00639153 0.0297477
internal_weight=188.934 143.795 115.732 51.8964 8.462 43.4344 18.8765 63.8353 45.5006 25.5927 17.9468 18.3347 14.0888 12.0019
internal_count=1542 1063 812 427 67 360 159 385 259 143 96 126 98 72
is_linear=0
shrinkage=0.05


Tree=77
num_leaves=15
num_cat=0
split_feature=2 26 1 9 25 18 18 4 26 1 1 0 0 19
split_gain=18.6127 16.758 15.8509 14.7047 11.1891 17.6848 13.1151 12.1358 10.6646 9.85437 9.29587 7.97629 13.2716 11.4541
threshold=-0.78326540922535159 0.28402777777777782 -92.672411999999994 -22.449999999999996 208.50000000000003 47.250000000000007 5.4500000000000011 0.055788487130000002 0.70833333333333337 -121.94360965499997 -115.78155649999998 53.242395115000001 51.676351000000004 90.550000000000011
decision_type=2 8 2 10 10 10 10 2 10 2 2 2 2 10
left_child=3 2 4 -1 5 6 9 -6 11 -2 -11 12 13 -3
right_child=1 8 -4 -5 7 -7 -8 -9 -10 10 -12 -13 -14 -15
leaf_value=0.0776035644056986 -0.04077793873962407 -0.033797430981219144 -0.02004354544456358 -0.034392982870252352 -0.0023865843167017631 0.085988002154870333 -0.039880244249526173 0.068959026714386279 0.054805977103601015 0.059056360934938802 -0.014590483943889274 -0.042286526725050358 0.065872661313079062 0.043133846258712673
leaf_weight=2.2261066921055308 4.154724918305873 20.342933759093292 16.291863907128572 39.165312051773071 7.4771448373794547 6.3047744110226622 12.063292261213062 27.167650986462831 4.6108024865388861 13.311036434024574 5.6322023198008564 19.305907778441906 4.9352412149310103 5.3337313272058955
leaf_count=19 36 191 160 345 56 27 99 169 26 83 50 193 47 41
internal_value=0.00254361 0.0109011 0.0237781 -0.026681 0.0332966 0.0151968 0.000476321 0.053926 -0.0109552 0.0223335 0.037526 -0.0179865 -0.00180843 -0.0167989
internal_weight=188.323 146.931 92.4027 41.3914 76.1108 41.466 35.1613 34.6448 54.5286 23.098 18.9432 49.9178 30.6119 25.6767
internal_count=1542 1178 680 364 520 295 268 225 498 169 133 472 279 232
is_linear=0
shrinkage=0.05


Tree=78
num_leaves=15
num_cat=0
split_feature=1 33 4 19 19 15 9 17 17 11 12 28 24 11
split_gain=41.615 30.0942 9.10687 7.94724 7.28467 6.31155 8.20585 8.21979 7.40107 6.25563 5.49869 7.6382 6.7425 7.29776
threshold=-67.028924999999973 0.41428571428571431 3.6937516419150005 59.150000000000013 66.40000000000002 -33.649999999999999 4.6500000000000012 4.5000000000000009 15.500000000000002 3.5642857142857154 -0.94999999999999984 0.12574404761904764 1.5000000000000002 5.8785714285714299
decision_type=2 8 2 8 8 10 8 10 10 10 8 10 2 10
left_child=1 10 3 5 -5 -3 7 -7 -9 -10 11 12 -1 -14
right_child=-2 2 -4 4 -6 6 -8 8 9 -11 -12 -13 13 -15
leaf_value=-0.015128723725439042 0.068471716151644754 -0.040538423197438868 -0.030099488813278431 0.10495255233029517 0.030281569809626908 0.088307463530766961 -0.017823801224379539 -0.0056631975606087929 0.077504603955545273 -0.0064395867168131442 -0.037079811851793806 -0.034486457502595158 0.0083142173374228506 0.098253215425700646
leaf_weight=17.137624833732847 18.559347700327635 4.3872290924191466 8.2827601842582208 3.7048424705863026 15.791723966598509 4.3240173496306005 11.005932636559004 13.609921019524338 5.8276960998773557 3.0748232156038284 51.621161889284849 22.569765903055668 8.4591768719255906 2.1878829449415198
leaf_count=142 93 34 59 17 112 23 78 94 37 20 485 240 89 19
internal_value=-0.000660242 -0.00847317 0.0166293 0.0232795 0.0488992 0.0105939 0.0174129 0.031985 0.0178713 0.0507889 -0.0257008 -0.0135406 0.00408086 0.033645
internal_weight=190.544 171.985 70.0089 61.7262 19.4966 42.2296 37.8424 26.8365 22.5124 8.90252 101.976 50.3545 27.7847 10.6471
internal_count=1542 1449 474 415 129 286 252 174 151 57 975 490 250 108
is_linear=0
shrinkage=0.05


Tree=79
num_leaves=15
num_cat=1
split_feature=6 0 14 15 24 13 0 27 25 4 2 4 15 9
split_gain=18.271 12.9235 12.7059 16.605 12.5589 12.1702 12.1685 9.58892 8.79025 9.30414 10.1117 8.97348 13.5193 11.7206
threshold=0 55.869086500000009 18.505000000000003 3.8500000000000001 21.500000000000004 30.550000000000004 56.512366500000006 0.1408730158730159 342.50000000000006 0.21516458721500001 1.0000000180025095e-35 0.087939025920000011 -12.649999999999997 1.8500000000000003
decision_type=9 2 10 8 2 10 2 10 8 2 2 2 10 10
left_child=1 2 8 -4 -2 -5 -3 -8 9 10 -1 12 -12 -14
right_child=4 6 3 5 -6 -7 7 -9 -10 -11 11 -13 13 -15
leaf_value=-0.0069856959414856291 -0.033286899355876656 0.093799627800758387 0.11772337810675054 0.054590405503923183 0.041456169588496503 -0.043892591209047156 -0.020121966295137548 0.068002815914362399 -0.016949074490972087 -0.017142340428339283 -0.041508512273232913 0.091129992596993184 0.10898012608898842 -0.0016216714136978918
leaf_weight=12.822552632540463 50.633962750434875 7.3980405218899277 4.3322172313928586 5.6407204605638963 5.4501826576888552 4.9712185338139534 7.4958047308027727 3.8989824540913105 50.308330535888672 16.886421799659729 4.6542113423347464 6.9750325307250014 4.048464450985195 4.5029874294996262
leaf_count=117 497 35 16 38 41 31 60 22 412 151 34 44 17 27
internal_value=-6.66649e-05 0.00992583 0.00420756 0.045669 -0.0216345 0.00864863 0.0479934 0.0130855 -0.00236644 0.0123827 0.0275493 0.0487862 0.0215802 0.0566676
internal_weight=190.019 133.935 115.142 14.9442 56.0841 10.6119 18.7928 11.3948 100.198 49.8897 33.0032 20.1807 13.2057 8.55145
internal_count=1542 1004 887 85 538 69 117 82 802 390 239 122 78 44
cat_boundaries=0 1
cat_threshold=84040
is_linear=0
shrinkage=0.05


Tree=80
num_leaves=15
num_cat=1
split_feature=6 19 13 8 8 29 4 10 10 12 11 10 13 12
split_gain=20.7288 10.6197 11.0339 7.32223 9.47496 5.82477 9.518 5.02516 4.8554 8.71383 7.06879 6.7912 6.76572 7.02218
threshold=0 86.800000000000026 -0.44999999999999996 -10.749999999999998 -7.0499999999999989 0.0074464153732446423 0.58245743486500012 -4.5499999999999989 12.750000000000002 -6.4499999999999993 12.507142857142858 8.6000000000000014 4.0500000000000007 -10.399999999999999
decision_type=9 8 10 8 8 10 2 8 10 8 10 8 10 8
left_child=1 2 7 -4 -5 6 8 -1 9 11 -10 12 -6 -14
right_child=-2 -3 3 4 5 -7 -8 -9 10 -11 -12 -13 13 -15
leaf_value=0.024266532736667606 -0.0226664395092704 -0.019095486738847665 -0.026896623249015594 0.087466053522874815 -0.01550070828705081 -0.023409782726923595 -0.031995545176511979 0.10390742451353392 -0.017179255241003312 0.07517274986380193 0.028593265844481026 -0.032381460244136961 0.079172808524412941 -0.0049206986727396368
leaf_weight=4.5467337518930435 63.994755782186985 23.063257042318583 9.650498762726782 3.58163196220994 4.5203678905963889 8.8140790909528715 7.6145453974604598 4.108199864625929 12.995609875768421 9.8333031423389929 20.58119135722518 4.3225818574428585 7.1225532367825508 3.4142339900135976
leaf_count=36 697 179 75 22 22 51 55 26 80 60 126 26 46 19
internal_value=-0.00174784 0.0101298 0.0179103 0.0124489 0.0173009 0.0130778 0.0179096 0.0689161 0.0243684 0.0389835 0.0108929 0.0178335 0.033368 0.0538594
internal_weight=188.164 124.169 101.106 92.4506 82.8001 79.2185 70.4044 8.65493 62.7898 29.213 33.5768 19.3797 15.0572 10.5368
internal_count=1520 823 644 582 507 485 434 62 379 173 206 113 87 65
cat_boundaries=0 1
cat_threshold=280576
is_linear=0
shrinkage=0.05


Tree=81
num_leaves=15
num_cat=1
split_feature=10 1 32 19 8 6 3 19 16 10 10 12 9 32
split_gain=11.2167 10.0438 7.95005 6.64847 6.5358 4.72826 6.97538 5.37927 4.91 5.42612 4.60258 3.71625 4.65037 3.83244
threshold=-4.1499999999999995 -66.794485499999993 1.0000000180025095e-35 77.350000000000023 -12.549999999999999 0 0.95691861501572195 101.60000000000001 28.450000000000003 19.150000000000002 -9.9499999999999975 7.2500000000000009 -4.7499999999999991 0.023133116883116887
decision_type=8 2 8 10 10 9 2 8 8 10 10 8 10 10
left_child=2 5 -1 -3 10 7 8 11 -7 -10 -4 12 -2 -14
right_child=1 3 4 -5 -6 6 -8 -9 9 -11 -12 -13 13 -15
leaf_value=-0.0021015653871183349 -0.0078193761529716972 -0.0046899700818825935 0.047604709481957636 0.073002209742221158 0.10186178744772681 -0.026571418818086973 0.050864738114930474 -0.025798410126059129 0.022117510809482831 -0.017101123586411398 -0.020783840961724948 -0.02014515894005707 0.042617451722995886 0.0038367548794949868
leaf_weight=10.468283947557213 11.808839060366148 4.5043793357908708 6.8969242796301833 5.6513022854924202 4.0637739412486544 58.291977170854807 2.9121720604598513 10.74942311644554 12.744913678616284 23.66081190481782 2.8909190297126761 6.7468336708843699 17.29874715954066 10.100815735757349
leaf_count=79 85 28 59 49 42 448 28 81 112 195 17 50 159 88
internal_value=8.1186e-05 -0.00466161 0.031073 0.0412117 0.0545979 -0.00792651 -0.0137575 0.00388603 -0.0176932 -0.00314723 0.0273514 0.0120587 0.0179634 0.0289595
internal_weight=188.79 164.47 24.3199 10.1557 13.8516 154.315 97.6099 56.7047 94.6977 36.4057 9.78784 45.9552 39.2084 27.3996
internal_count=1520 1323 197 77 118 1246 783 463 755 307 76 382 332 247
cat_boundaries=0 1
cat_threshold=266281
is_linear=0
shrinkage=0.05


Tree=82
num_leaves=15
num_cat=1
split_feature=6 4 16 33 2 1 1 28 14 19 21 28 26 20
split_gain=29.3097 10.0523 5.77396 6.52408 5.61033 5.3573 5.17789 5.0997 4.33603 4.27183 3.86157 3.81946 3.45896 3.22144
threshold=0 1.0335694186100002 34.850000000000001 0.026709401709401715 0.49812943072827093 -121.94466081999998 -122.54164999999999 0.65833333333333344 -7.3276190476190468 52.750000000000007 2.5000000000000004 0.34231886534518119 0.021527777777777781 2.5000000000000004
decision_type=9 2 10 10 2 2 2 10 10 8 2 10 8 2
left_child=1 2 3 7 9 6 -2 12 13 -5 -9 -6 -1 -7
right_child=5 -3 -4 4 11 8 -8 10 -10 -11 -12 -13 -14 -15
leaf_value=-0.01058687199471286 -0.018886830539211509 0.089447009328239846 -0.033985816829439019 0.09921256269869419 0.041243400285205421 -0.014588266925701941 0.044896358535671789 0.0075579837015325377 -0.02355264818675341 0.022430744580085291 0.085987981492622531 -0.02498124792862148 0.021956883773726205 0.02085552407202651
leaf_weight=16.28564161062241 5.0151649080216885 5.3416947871446601 3.4518010132014743 5.7975791059434423 4.2987016029655924 14.367259975522758 6.0513353794813138 2.9976562336087218 89.344999752938747 3.4588412642478952 2.8669459745287895 2.8313705995678902 14.555812891572712 9.9994537048041803
leaf_count=111 44 43 19 45 30 125 64 20 749 28 22 16 115 89
internal_value=-0.000454008 0.0251691 0.0220218 0.0262241 0.0516058 -0.0141383 0.0168211 0.0138249 -0.0185042 0.0755059 0.0528399 0.0151074 0.00497956 0.00020569
internal_weight=186.664 61.886 56.5444 53.0925 16.3865 124.778 11.0665 36.7061 113.712 9.25642 5.8646 7.13007 30.8415 24.3667
internal_count=1520 449 406 387 119 1071 108 268 963 73 42 46 226 214
cat_boundaries=0 1
cat_threshold=196616
is_linear=0
shrinkage=0.05


Tree=83
num_leaves=15
num_cat=0
split_feature=2 31 2 13 27 1 9 4 11 2 2 13 2 1
split_gain=22.7703 22.424 19.6052 15.6387 15.6118 15.5623 12.493 12.4523 11.347 11.3606 10.9599 10.5922 10.139 9.89419
threshold=0.95752911693909493 0.11237373737373739 -0.80924678377697201 7.5500000000000007 0.24985224586288418 -116.44402099999998 11.550000000000002 0.043810125250000005 3.6642857142857146 -0.97113884758256674 -0.90893996196865023 34.350000000000009 0.34235194516023087 -111.54009139499998
decision_type=2 10 2 10 10 2 8 2 10 2 2 10 2 2
left_child=1 2 4 -3 7 -2 10 -1 -9 -10 -5 -4 -12 -14
right_child=5 3 11 6 -6 -7 -8 8 9 -11 12 -13 13 -15
leaf_value=-0.039527855043535585 0.086379319345763692 -0.042475564235195384 -0.03055914242904452 -0.010594258856408885 -0.032118599846129414 -0.0046209716854176608 -0.039689568621013714 -0.035837058155160945 0.005178313289122027 0.088225266123735879 0.10103019072385955 0.056066993646129749 -0.038146214782594327 0.069023402784725282
leaf_weight=3.8489396721124676 10.699120666831734 5.2781929522752788 95.765231963247061 4.3917141854763129 11.402131244540213 7.6887646205723277 3.0246420912444618 2.6759881041944054 5.9980744309723439 13.118944246321911 11.826608929783101 2.7706095762550822 3.0991426445543855 3.6997849792241952
leaf_count=40 48 42 941 36 101 56 22 28 44 66 40 13 27 16
internal_value=-0.00126002 -0.00717771 -0.0160017 0.0303333 0.0147235 0.0500525 0.0461153 0.0359764 0.0504606 0.0637215 0.0585738 -0.0275846 0.0745918 0.0215451
internal_weight=185.288 166.9 135.58 31.3201 37.0441 18.3879 26.0419 25.6419 21.793 19.117 23.0173 98.5358 18.6255 6.79893
internal_count=1520 1416 1233 183 279 104 141 178 138 110 119 954 83 43
is_linear=0
shrinkage=0.05


Tree=84
num_leaves=15
num_cat=0
split_feature=24 28 19 3 2 0 16 15 2 1 3 0 26 26
split_gain=28.8645 19.0588 14.2482 7.96107 7.88156 6.42455 6.42215 5.29046 5.23072 5.07673 6.19591 5.13013 7.36963 4.83214
threshold=1.5000000000000002 0.76478494623655935 64.350000000000023 0.71353761266622884 -0.9731273977605811 44.717211785000011 30.150000000000002 4.7500000000000009 0.79383249484937135 -103.25454399999998 0.44312301391210612 53.747097000000004 0.13484848484848486 0.26666666666666672
decision_type=2 8 8 2 2 2 10 10 2 2 2 2 10 10
left_child=1 2 4 8 -1 -2 -3 -8 13 11 -11 -6 -13 -4
right_child=5 6 3 -5 9 -7 7 -9 -10 10 -12 12 -14 -15
leaf_value=0.060005336537359504 0.033725282227742862 -0.02384130778907757 0.071484187511617822 -0.0081230492124758046 -0.022154806511798748 -0.040357900719429324 -0.0078274173667746399 0.065175300820723689 0.001817647658067748 0.048691049664872532 -0.021338174409779705 -0.009279399617181305 0.062022650145607705 0.015027737792049273
leaf_weight=5.3134520053863517 2.4101465679705134 38.352996911853552 24.294837128371004 5.5121911019086829 24.060728661715984 40.516080781817436 5.8397505730390531 3.0919677428901196 4.1084389723837367 8.8060515783727151 3.9666695408523074 10.50065318122506 4.3719515092670909 5.1880264803767195
leaf_count=38 21 364 133 41 157 454 52 27 28 50 27 72 32 24
internal_value=-3.43107e-05 0.0107617 0.0234665 0.0463191 0.00726611 -0.0355253 -0.0150165 0.0214623 0.0552294 0.000810821 0.0269727 -0.00823252 0.0142676 0.0623686
internal_weight=186.334 143.408 96.123 39.1035 57.0195 42.9262 47.2847 8.93172 33.5913 51.7061 12.7727 38.9333 14.8726 29.4829
internal_count=1520 1045 602 226 376 475 443 79 185 338 77 261 104 157
is_linear=0
shrinkage=0.05


Tree=85
num_leaves=15
num_cat=1
split_feature=5 30 19 26 9 26 28 2 10 16 12 16 10 3
split_gain=13.5846 15.556 16.3217 13.9562 9.92451 8.31635 8.12231 15.9984 10.1621 9.03438 9.20566 7.12698 6.6333 6.13122
threshold=0 0.091608391608391612 41.050000000000011 0.080128205128205135 -29.499999999999996 0.70833333333333337 0.57766848213376776 -0.33425342068356556 21.550000000000004 27.050000000000004 5.0500000000000007 12.050000000000002 -1.0000000180025095e-35 -0.7444366621422277
decision_type=9 8 8 10 8 10 10 2 10 8 8 10 10 2
left_child=1 2 11 -3 -2 6 8 -8 -6 13 -11 12 -1 -10
right_child=4 3 -4 -5 5 -7 7 -9 9 10 -12 -13 -14 -15
leaf_value=-0.01447509960724221 0.066851945955825456 -0.026334549315627294 0.064838200343026023 0.0667209214697803 -0.026609020940681623 0.053670989662674778 -0.039488281385053468 0.085859876364240958 0.09838821766459338 0.027195158666333957 -0.033227152707798017 -0.027744864632447359 0.083764402984688902 0.0040173126808102722
leaf_weight=2.7402804270386696 3.276198148727417 20.425311211496595 24.924939449876547 3.9765621088445178 77.342700473964214 3.8478408753871909 3.8082041144371033 4.6711511574685556 2.9576301835477352 10.21075478568673 13.47193662077189 8.9963407665491086 2.698786810040473 3.2028784342110157
leaf_count=27 26 180 121 23 731 26 34 39 18 69 123 66 15 22
internal_value=0.00221731 0.0190882 0.0411113 -0.00914047 -0.0075583 -0.0107631 -0.0133483 0.0313372 -0.0171403 0.00746633 -0.00712981 -0.00140336 0.0397085 0.0567374
internal_weight=186.552 63.7622 39.3603 24.4019 122.789 119.513 115.665 8.47936 107.186 29.8432 23.6827 14.4354 5.43907 6.16051
internal_count=1520 432 229 203 1088 1062 1036 73 963 232 192 108 42 40
cat_boundaries=0 1
cat_threshold=2
is_linear=0
shrinkage=0.05


Tree=86
num_leaves=15
num_cat=0
split_feature=28 1 29 4 16 19 21 19 10 1 13 25 1 18
split_gain=35.8746 24.3386 14.6449 9.172 9.89875 9.18459 8.06006 7.34836 10.3704 6.88632 8.54169 5.72728 5.63249 5.46612
threshold=0.13361823361823363 -66.618070999999986 1.0000000180025095e-35 0.16217934516000002 25.950000000000003 42.550000000000018 1.5000000000000002 67.200000000000031 17.550000000000004 -98.517571999999987 5.3500000000000005 260.50000000000006 -116.92683049999998 33.650000000000006
decision_type=10 2 8 2 8 8 2 10 8 2 10 8 2 10
left_child=1 2 13 5 9 6 -4 -7 -9 10 -5 -3 -12 -1
right_child=-2 11 3 4 -6 7 -8 8 -10 -11 12 -13 -14 -15
leaf_value=-0.021298045203278951 -0.038296181497690311 0.088695634319994207 -0.0089562024404712913 -0.014380290147477394 -0.027591722798851095 0.084922818874059697 0.073006778821688378 0.065510599705642297 -0.039817370965175153 -0.016954394094251375 0.0086154230001610349 0.019583380351362895 0.089077421374050308 0.026201895679923766
leaf_weight=46.331220917403698 46.057300060987473 10.57630135864019 13.341997209936382 4.3553349003195754 15.655733887106175 10.975988019257786 2.8097868263721457 4.1049833223223677 3.4066190645098686 6.6383237801492276 3.3528528064489329 4.9740911200642595 6.7105885371565837 6.0814220793545237
leaf_count=421 480 47 99 43 111 58 20 23 26 44 29 32 37 50
internal_value=-0.000519972 0.0121527 0.00450003 0.0191281 0.001545 0.0371975 0.0087274 0.0603464 0.0186769 0.0234766 0.0419832 0.0691077 0.0654716 -0.0153993
internal_weight=185.373 139.315 123.765 71.3522 36.7128 34.6394 16.1518 18.4876 7.5116 21.0571 14.4188 15.5504 10.0634 52.4126
internal_count=1520 1040 961 490 264 226 119 107 49 153 109 79 66 471
is_linear=0
shrinkage=0.05


Tree=87
num_leaves=15
num_cat=1
split_feature=6 17 15 12 2 15 2 26 8 10 2 24 9 8
split_gain=21.6148 22.5124 18.7202 16.1444 16.1347 14.5969 15.185 11.42 10.8334 11.1156 9.42392 9.26396 8.84998 20.8798
threshold=0 13.500000000000002 1.0500000000000003 -8.9499999999999975 -0.62588817255938378 3.8500000000000001 -0.82897401153126982 0.16074534161490686 18.850000000000005 27.850000000000005 0.24372619187392155 21.500000000000004 1.5500000000000003 5.0500000000000007
decision_type=9 10 8 10 2 8 2 10 8 8 2 2 8 10
left_child=1 2 10 4 -3 6 -4 -2 -7 -10 -1 -9 13 -12
right_child=7 3 5 -5 -6 8 -8 11 9 -11 12 -13 -14 -15
leaf_value=-0.04263381784420954 -0.036200874577298099 -0.012873413487825709 -0.0083374969463862244 0.011304085383364434 0.1057770716742478 -0.035854221498023787 0.090626734760556452 -0.010763807642118237 0.081414293722109149 0.00059292887469393994 -0.0047094763674477664 0.091114387391684204 -0.036184237390552598 0.1202016470209107
leaf_weight=22.065504789352417 45.713615778833628 3.344229560345414 5.3959667943418053 15.526155453175305 13.079209078103306 10.508518718183039 11.467634327709673 5.9873143918812257 5.0871785245835799 14.177634146064522 18.631427504122261 2.3967963010072708 10.647268339991568 3.0599136762320986
leaf_count=224 463 26 39 115 71 92 64 60 27 97 137 12 81 12
internal_value=0.00171528 0.0123578 0.00156079 0.0491704 0.0822646 0.0245299 0.0602664 -0.0223785 0.00298809 0.0248994 -0.0182164 0.0249663 -0.000776666 0.017432
internal_weight=187.088 132.991 101.041 31.9496 16.4234 46.6369 16.8636 54.0977 29.7733 19.2648 54.4041 8.38411 32.3386 21.6913
internal_count=1520 985 773 212 97 319 103 535 216 124 454 72 230 149
cat_boundaries=0 1
cat_threshold=84040
is_linear=0
shrinkage=0.05


Tree=88
num_leaves=15
num_cat=0
split_feature=27 25 25 1 1 9 3 16 14 12 15 24 2 10
split_gain=18.0697 8.25822 7.38333 7.8199 15.5167 7.61037 9.6049 7.1381 10.1796 7.01231 6.00974 5.25386 5.81094 4.85043
threshold=0.24985224586288418 531.50000000000011 595.00000000000011 -79.376951999999974 -93.390853999999976 4.9500000000000011 0.12332734741173625 18.050000000000004 8.7097701149425308 -21.549999999999997 -1.7499999999999998 1.0000000180025095e-35 -0.35041564478062465 -11.049999999999999
decision_type=8 10 8 2 2 8 2 8 10 8 10 2 2 8
left_child=1 -1 5 4 13 6 7 -2 -9 -3 -10 -11 -13 -4
right_child=2 9 3 -5 -6 -7 -8 8 10 11 -12 12 -14 -15
leaf_value=-0.038357502503280211 0.085305113298216051 0.055978809214094316 -0.038717181268858453 -0.028355589309369024 0.081570235699896923 -0.023713047763372876 -0.0072729438986944926 -0.040931065186645493 0.085495011732701076 -0.029751190278140757 -0.0064941746482460264 0.055367676557633839 -0.020918673202831355 0.018686315685868857
leaf_weight=37.814790699630976 4.825404938310383 3.4135739654302597 3.0936328396201134 6.3401228301227084 9.6525090932846052 25.764072015881538 28.492801856249571 4.1324428841471654 3.6651996076107007 14.743395496159797 2.6528259441256541 3.9760352708399296 4.2177767157554609 42.051024779677391
leaf_count=346 38 27 25 57 53 221 250 24 26 113 21 27 32 311
internal_value=-0.00216608 -0.0236903 0.00850306 0.0210303 0.0271501 -0.00265363 0.00999561 0.0406731 0.0144145 -0.00200929 0.051261 -0.0126173 0.0180951 0.0139988
internal_weight=194.836 64.1656 130.67 61.1373 54.7972 69.5327 43.7687 15.2759 10.4505 26.3508 6.31803 22.9372 8.19381 45.1447
internal_count=1571 545 1026 446 389 580 359 109 71 199 47 172 59 336
is_linear=0
shrinkage=0.05


Tree=89
num_leaves=15
num_cat=0
split_feature=1 3 24 28 19 16 22 15 0 3 29 14 23 4
split_gain=11.399 8.24805 7.44315 6.30784 6.28056 5.42855 8.21994 9.44406 8.52187 6.63015 5.35686 4.84777 4.72107 4.15193
threshold=-66.794485499999993 0.84658398682345093 1.0000000180025095e-35 0.22270114942528738 77.350000000000023 26.550000000000004 5.5000000000000009 5.9500000000000011 49.80145000000001 0.71952396275653763 0.03033088235294118 -5.3998850574712627 2.5000000000000004 0.034110115030000006
decision_type=2 2 2 8 10 8 2 10 2 2 8 10 2 2
left_child=1 2 10 -3 -2 9 7 8 -7 -4 -1 -11 -5 -12
right_child=4 3 5 12 -6 6 -8 -9 -10 11 13 -13 -14 -15
leaf_value=-0.030353059052799475 0.0028112183571387178 -0.0059053727458969691 -0.0166277106183455 0.023810587845667745 0.073673648214133164 0.0027785589050045995 -0.008508082971614107 -0.017866489428884004 0.093052016218394082 -0.0075565388502441952 0.035656798065102378 0.071338432876215635 0.090345487724197926 -0.010915342909873208
leaf_weight=42.986545883119106 5.4331783987581712 11.949071470648052 34.829344242811203 12.13317785412073 6.6384905427694321 3.8413599841296691 13.480280973017214 4.1748300977051249 7.6273403465747833 3.338718518614769 4.4508744068443766 3.1552977934479705 2.9463768899440756 39.134338397532701
leaf_count=352 34 90 252 101 55 34 112 31 77 25 43 33 38 294
internal_value=-0.00069376 -0.00387789 -0.00829249 0.021149 0.0444351 0.00375767 0.0199373 0.0434876 0.0654634 -0.00784704 -0.0180292 0.035181 0.0416209 -0.00546637
internal_weight=196.119 184.048 157.019 27.0286 12.0717 70.4472 29.1238 15.6435 11.4687 41.3234 86.5718 6.49402 15.0796 43.5852
internal_count=1571 1482 1253 229 89 564 254 142 111 310 689 58 139 337
is_linear=0
shrinkage=0.05


Tree=90
num_leaves=15
num_cat=1
split_feature=6 1 18 0 32 33 10 15 12 28 3 17 19 18
split_gain=24.0198 7.87571 9.79413 7.57804 14.3571 7.63382 6.88577 5.66838 5.20894 4.97242 4.49483 5.45897 3.6986 5.60408
threshold=0 -118.82834649999999 15.250000000000002 49.753999000000007 0.040382205513784471 0.036375661375661381 4.2500000000000009 -26.049999999999997 -4.3499999999999988 0.036375661375661381 -0.59867820553660911 9.5000000000000018 57.95000000000001 1.1500000000000004
decision_type=9 2 10 2 8 10 10 8 8 8 2 8 8 8
left_child=3 2 7 4 10 8 -5 -2 -6 -8 -1 -12 13 -11
right_child=1 -3 -4 6 5 -7 9 -9 -10 12 11 -13 -14 -15
leaf_value=0.021518582698461321 0.065874247561391652 -0.02515749921810222 -0.037282621864422841 -0.020651805449503638 0.037206676986093111 0.068493001046810026 -0.014907702779863571 0.0072802065373448856 -0.027454773921478839 0.0034540679394155626 0.09516125670984589 0.0223586441119135 -0.0030135814631195856 0.067813672285930382
leaf_weight=5.8063753917813328 4.0679834075272083 76.182990569621325 10.209784571081398 14.419317834079264 3.1907850131392479 2.6128920242190352 6.4778391905128982 24.077320177108053 11.640998966991903 5.2743205875158319 11.084730684757229 4.2242578417062768 5.0278136543929568 9.0224824734032154
leaf_count=45 48 665 76 99 27 21 44 211 74 37 88 26 34 76
internal_value=-0.000619563 -0.0146827 0.00250254 0.0191893 0.0371485 0.00305385 0.00614369 0.0177187 -0.0120726 0.0213298 0.0639044 0.0776753 0.0336128 0.0458484
internal_weight=193.32 114.538 38.3551 78.7818 38.56 17.4447 40.2218 28.1453 14.8318 25.8025 21.1154 15.309 19.3246 14.2968
internal_count=1571 1000 335 571 281 122 290 259 101 191 159 114 147 113
cat_boundaries=0 1
cat_threshold=200777
is_linear=0
shrinkage=0.05


Tree=91
num_leaves=15
num_cat=1
split_feature=6 2 27 15 12 4 19 2 18 26 19 26 27 18
split_gain=19.79 24.3464 23.8537 27.1482 22.9551 14.9563 16.7026 14.6609 13.6215 16.4339 21.9518 21.5656 13.6903 12.2237
threshold=0 -0.71504373327588355 0.23273809523809527 -14.549999999999999 -34.849999999999987 0.065843766160000025 69.850000000000009 0.99818282439137029 24.850000000000005 0.056623931623931631 12.550000000000002 0.041103603603603607 0.37533068783068785 4.3500000000000005
decision_type=9 2 10 10 8 2 10 2 8 8 10 8 8 10
left_child=1 -1 4 -4 -3 -2 8 -6 9 10 -7 -12 -10 -5
right_child=5 2 3 13 7 6 -8 -9 12 -11 11 -13 -14 -15
leaf_value=0.057659239065502514 -0.047092874697006709 0.094675879041583685 -0.041498500418475096 0.12434134226680589 -0.042242239050305858 0.088439307986541496 -0.039228091475912823 0.068882899030439773 -0.011257933758693011 -0.032382436661393475 -0.02791998188300638 0.10524458856577322 0.091373377171683354 0.025849112780678224
leaf_weight=29.392751928418875 22.944023739546537 2.9400199912488461 5.5175136812031296 7.1209506839513761 32.341216403990984 8.0741164684295672 21.55408862605691 2.3615634553134432 4.7795957997441265 22.32976895198226 16.827279474586252 2.6678061112761489 7.9778365790843973 6.2167040817439556
leaf_count=155 264 11 49 17 311 39 211 9 35 221 162 9 43 35
internal_value=0.00284819 0.0193459 0.00212216 0.0466301 -0.0208015 -0.0111867 -0.00227873 -0.0329625 0.0108486 -0.00127089 0.0241795 -0.00545109 0.054899 0.0834387
internal_weight=193.045 85.8907 56.498 18.8552 37.6428 107.155 84.2105 34.7028 62.6564 49.899 27.5692 19.4951 12.7574 13.3377
internal_count=1571 587 432 101 331 984 720 320 509 431 210 171 78 52
cat_boundaries=0 1
cat_threshold=108544
is_linear=0
shrinkage=0.05


Tree=92
num_leaves=15
num_cat=0
split_feature=24 27 23 0 19 1 3 3 13 11 31 4 28 0
split_gain=27.5318 21.7978 17.846 10.2505 8.73849 8.8352 7.39579 10.6523 6.60628 9.10837 7.31068 6.68765 5.38798 4.71463
threshold=1.0000000180025095e-35 0.75961538461538469 12.500000000000002 56.463615030000007 67.200000000000031 -121.13187349999998 -0.60555643346685839 -0.80417042486635371 28.950000000000003 5.2452380952380961 0.12731481481481485 0.24970636287 0.06458333333333334 52.293305000000011
decision_type=2 8 2 2 8 2 2 2 8 10 10 2 10 2
left_child=1 3 -2 4 8 -6 7 -3 9 -1 11 12 -11 -9
right_child=2 6 -4 -5 5 -7 -8 13 -10 10 -12 -13 -14 -15
leaf_value=-0.0072361593505908088 -0.029279170252551452 -0.017606547862531578 0.083491361302983874 0.080399885337621657 -0.0082896795161577965 0.063239444625155045 -0.025589440881009319 0.010729434606937545 -0.022927821055949576 0.0013084238705412983 0.097792414017608104 -0.0234571264498496 0.083490862958798914 0.098034459192775814
leaf_weight=14.495655678212648 71.206864044070244 9.2626724764704687 2.7370004206895819 8.5321788005530816 5.2897477187216309 18.244704734534025 31.418940078467131 2.9490550868213168 10.696042567491526 3.4543993026018125 4.0107421725988379 4.3268730267882347 3.8255583271384239 3.0461628437042236
leaf_count=110 715 76 18 46 27 93 293 23 60 21 26 22 22 19
internal_value=-0.000250049 0.0145456 -0.0240467 0.0314684 0.0238488 0.0474795 -0.0119815 0.0158904 0.0094114 0.0212658 0.0465638 0.0225088 0.0493624 0.0627621
internal_weight=193.497 119.553 73.9439 72.8759 64.3437 23.5345 46.6768 15.2579 40.8093 30.1132 15.6176 11.6068 7.27996 5.99522
internal_count=1571 838 733 427 381 120 411 118 261 201 91 65 43 42
is_linear=0
shrinkage=0.05


Tree=93
num_leaves=15
num_cat=0
split_feature=21 27 2 11 11 10 1 16 8 15 15 26 19 19
split_gain=14.0037 16.9013 18.8545 11.6843 8.51711 8.40692 7.34523 11.2433 11.1397 19.0369 9.40507 8.24929 6.86459 7.36483
threshold=4.5000000000000009 0.47010073260073265 0.75014288946266361 -3.342857142857143 6.7285714285714295 28.950000000000003 -114.24164080499999 9.4500000000000011 12.850000000000003 0.95000000000000007 5.6500000000000012 0.50925925925925941 41.750000000000007 16.450000000000006
decision_type=2 10 2 10 10 10 2 8 10 8 10 10 10 10
left_child=5 2 -2 -4 -5 6 7 12 -8 -10 11 -9 13 -1
right_child=1 -3 3 4 -6 -7 8 10 9 -11 -12 -13 -14 -15
leaf_value=0.050446516083343412 -0.020476034809107212 0.065134828526630897 0.11817790290477487 -0.038141669850717222 0.059436386288667743 0.0359010032387473 -0.038430885223262053 -0.024196763689919784 0.073839100075306224 -0.02688798647881049 0.048077945037235524 0.050965966068531557 0.087594780489670745 -0.038907162769454016
leaf_weight=3.9169987477362138 27.264131475239992 13.472004290670155 3.528569407761097 3.4250964894890767 3.5855864211916924 7.9906895272433749 47.765801839530468 45.975220110267401 5.9477344863116741 13.472561817616226 4.9472576342523089 3.0289465673267832 3.8571277260780334 3.3779027201235294
leaf_count=24 233 75 18 30 26 56 486 358 42 134 24 15 18 32
internal_value=-0.0029437 0.0191838 0.00155166 0.0553716 0.012954 -0.0111103 -0.014198 -0.00215124 -0.0256685 0.00606634 -0.0117445 -0.0186246 0.0414065 0.00936885
internal_weight=191.556 51.2754 37.8034 10.5393 7.01068 140.28 132.29 65.1035 67.1861 19.4203 53.9514 49.0042 11.152 7.2949
internal_count=1571 382 307 74 56 1189 1133 471 662 176 397 373 74 56
is_linear=0
shrinkage=0.05


Tree=94
num_leaves=15
num_cat=0
split_feature=27 1 32 32 12 13 3 12 3 18 16 3 19 13
split_gain=38.8341 14.9274 8.6373 7.03099 6.986 6.66658 9.96845 6.36464 6.99585 7.73633 6.16056 6.06924 6.03884 4.95623
threshold=0.51940476190476204 -67.028924999999973 0.05694444444444445 0.48809523809523819 -26.449999999999996 10.65 -0.33426211444629356 -16.749999999999996 -0.099822328936730861 2.2500000000000004 30.050000000000004 -0.85225707553516283 45.250000000000007 -4.8999999999999995
decision_type=8 2 8 10 8 10 2 8 2 8 8 2 10 8
left_child=3 2 10 13 -4 -5 11 -6 9 -9 -2 -7 -10 -1
right_child=1 -3 4 5 7 6 -8 8 12 -11 -12 -13 -14 -15
leaf_value=0.035532168837923775 -0.034335375151723982 0.071888698584943289 -0.030168720425634083 -0.040636526894311999 0.061626824046265939 0.042043652413479939 0.079427465300468278 -0.0063789987003632894 -0.023622569034720969 0.04511635323546781 0.039565881430655869 -0.03469156140503054 0.026770875170000499 -0.031253985438714701
leaf_weight=2.0890983901917934 12.017270330339668 12.393088191747664 5.1705387681722641 4.6348622813820866 9.885563623160122 3.094975221902132 4.1364273764193031 9.4560492672026069 13.299133207649001 27.864855900406837 2.7030342556536189 6.0062236301600933 9.1838593743741495 71.436085347086191
leaf_count=21 102 57 49 43 62 19 27 63 100 173 24 49 51 731
internal_value=0.00139647 0.0225057 0.0149555 -0.022144 0.021818 0.00572808 0.0236756 0.0260473 0.0192492 0.0322429 -0.0191115 -0.00701789 -0.00277441 -0.028905
internal_weight=193.371 101.973 89.5803 91.3977 74.86 17.8725 13.2376 69.6895 59.8039 37.3209 14.7203 9.1012 22.483 73.5252
internal_count=1571 681 624 890 498 138 95 449 387 236 126 68 151 752
is_linear=0
shrinkage=0.05


Tree=95
num_leaves=15
num_cat=1
split_feature=6 17 8 27 16 25 19 26 4 9 12 4 2 3
split_gain=15.3684 19.5276 22.5354 16.0943 13.5618 11.5322 9.7469 9.67854 9.2945 8.74346 8.68461 10.5935 7.29536 7.18016
threshold=0 13.500000000000002 20.050000000000004 0.20416666666666669 8.7500000000000018 4.5000000000000009 21.450000000000003 0.12517806267806272 0.30246048372000006 3.2500000000000004 -4.6499999999999995 0.190016059855 0.73865729060996166 0.83258597624099873
decision_type=9 8 10 8 8 8 10 10 2 8 8 2 2 2
left_child=1 2 5 -4 -3 -1 9 -2 -9 13 11 -8 -11 -6
right_child=7 4 3 -5 6 -7 10 8 -10 12 -12 -13 -14 -15
leaf_value=0.06137326345195504 -0.031063383306729447 0.11336469253889876 0.092512795836237421 -0.01124806433571858 -0.036769234335249985 -0.016077322524898244 0.018871220253754026 0.052438198058901569 -0.038088171996460529 0.0002901976231832123 -0.00027967549547973196 0.12503403311941017 0.077587842656973979 0.041089848767234871
leaf_weight=4.1475914642214766 44.837742105126381 4.5241748616099358 8.9519342742860282 5.6687453575432309 10.687213663011788 76.667465586215258 4.3654328510165197 6.8509695343673211 3.5591489635407925 6.0397285930812359 4.2944856137037268 5.4031985588371754 5.1872757524251938 3.0547244064509878
leaf_count=23 462 20 40 37 77 637 37 49 41 43 33 25 24 23
internal_value=0.00242107 0.0110574 -0.000903085 0.0541379 0.0391778 -0.0114008 0.0279618 -0.0179 0.0208623 0.00843232 0.0597744 0.0837497 0.0394291 -0.0178485
internal_weight=194.24 138.992 95.4357 14.6207 43.5562 80.8151 39.0321 55.2479 10.4101 24.9689 14.0631 9.76863 11.227 13.7419
internal_count=1571 1019 737 77 282 660 262 552 90 167 95 62 67 100
cat_boundaries=0 1
cat_threshold=84040
is_linear=0
shrinkage=0.05


Tree=96
num_leaves=15
num_cat=1
split_feature=26 4 25 12 3 25 4 18 32 4 27 20 7 18
split_gain=19.8622 17.652 8.33327 7.52374 6.85282 6.43855 7.79121 7.0789 6.38846 5.43211 8.25115 5.65204 5.14231 6.5554
threshold=0.28402777777777782 0.12027015171000001 531.50000000000011 -21.099999999999998 -0.97315270831292444 129.50000000000003 0.036191710775000004 0.25000000000000006 0.12867647058823531 0.33433584587000004 0.81666666666666676 11.500000000000002 0 11.900000000000002
decision_type=8 2 10 8 2 8 2 8 8 2 10 2 1 10
left_child=3 4 -3 -1 -2 6 -6 -7 -9 -5 11 -11 -13 -14
right_child=1 2 -4 9 5 7 -8 8 -10 10 -12 12 13 -15
leaf_value=0.018357626044607375 -0.018801028034530667 -0.012835058396904435 0.045841986688820814 -0.029076022542493363 0.047650706096571328 0.0023727347207471287 -0.039953416877330131 0.018369725128661873 0.083125556983710838 -0.03654598812467344 0.062578063395156591 -0.022893915173485421 0.074818181200595496 -0.019812845421441579
leaf_weight=12.874765537679194 3.962433122098445 42.225942805409431 6.0443017892539492 64.822125993669033 4.3326249010860902 4.9129777252674129 3.8612195365130901 5.6508842371404198 17.468532994389534 11.566852714866405 3.2103601172566405 5.2076404504477978 3.6874242871999723 2.4399886392056942
leaf_count=109 28 313 42 561 23 33 46 31 119 113 26 66 34 17
internal_value=-0.00159564 0.015718 -0.00470634 -0.0163583 0.0397681 0.0465073 0.00651316 0.0575706 0.0687157 -0.0214197 -0.0020419 -0.0133394 0.0113847 0.0396425
internal_weight=192.268 88.4589 48.2702 103.809 40.1887 36.2262 8.19384 28.0324 23.1194 90.9344 26.1123 22.9019 11.3351 6.12741
internal_count=1561 635 355 926 280 252 69 183 150 817 256 230 117 51
cat_boundaries=0 1
cat_threshold=2
is_linear=0
shrinkage=0.05


Tree=97
num_leaves=15
num_cat=1
split_feature=6 8 24 2 25 25 2 11 3 11 18 19 20 25
split_gain=14.9841 7.60193 6.95938 5.79562 4.29903 3.85848 4.47256 3.93441 3.634 3.38721 3.36585 3.58657 2.89112 2.72013
threshold=0 -3.5499999999999994 1.0000000180025095e-35 0.21862473630160603 29.500000000000004 108.00000000000001 -0.54220184589352438 -7.4500000000000002 0.87291090774974645 18.371428571428574 3.5500000000000003 12.050000000000002 4.5000000000000009 2278.0000000000005
decision_type=9 10 2 2 10 10 2 10 2 10 8 10 2 10
left_child=2 5 4 9 -1 10 -7 12 -3 -4 11 -2 13 -8
right_child=1 8 3 -5 -6 6 7 -9 -10 -11 -12 -13 -14 -15
leaf_value=0.034285395111675082 -0.014403405497671828 -0.01830532697163827 0.081541896401709626 0.018789905441664003 -0.016444793162368253 0.069122105297240125 0.033335244300842656 0.045065364844624145 0.023152271510658372 0.0058053692665994208 -0.014661076901403395 0.053266908511117123 -0.027023241308578416 -0.022409199413948505
leaf_weight=5.7365476489067069 2.904366813600066 100.462112698704 9.3797418959438819 11.666365522891281 10.010346625000237 3.2285234779119518 5.6118691414594668 5.048608344048259 4.7457302510738364 1.9085694551467884 21.298601694405079 3.4197749421000481 5.9695944525301465 2.4363991394639015
leaf_count=50 19 813 93 89 75 34 50 46 49 16 149 32 33 13
internal_value=-0.00103118 -0.00813886 0.0231617 0.045973 0.0029798 0.00730978 0.0223193 0.0113444 -0.0162349 0.0702512 -0.00516128 0.0244659 -0.00299242 0.0158485
internal_weight=193.827 155.126 38.7016 22.9547 15.7469 49.9177 22.295 19.0665 105.208 11.2883 27.6227 6.32414 14.0179 8.04827
internal_count=1561 1238 323 198 125 376 176 142 862 109 200 51 96 63
cat_boundaries=0 1
cat_threshold=298
is_linear=0
shrinkage=0.05


Tree=98
num_leaves=15
num_cat=1
split_feature=7 26 28 2 19 12 9 19 14 1 18 28 14 8
split_gain=25.4117 6.24474 8.63151 6.96227 4.83197 4.27736 4.0428 4.61697 6.06199 4.53048 4.38718 3.5304 3.37152 3.24959
threshold=0 0.025462962962962968 0.044642857142857144 -0.96235977360714686 97.65000000000002 2.8500000000000001 -5.5499999999999989 17.350000000000005 -8.8680000000000003 -121.94466081999998 1.5500000000000005 0.63194444444444453 -3.3466666666666662 10.15
decision_type=1 10 8 2 8 10 10 8 10 2 10 10 8 10
left_child=1 2 -1 -4 13 12 7 8 -2 10 -8 -11 -3 -5
right_child=6 5 3 4 -6 -7 9 -9 -10 11 -12 -13 -14 -15
leaf_value=-0.017524133287301031 -0.010836628541489019 0.02942640050585207 0.082890193048123562 -0.0039382399112910266 0.05136103696242024 0.016544358431247057 0.06006992057934947 -0.011529515161171506 0.053793932797578117 -0.026523985114697175 -0.012531109406828268 0.020780004793857651 0.10008786659978262 0.027944375539731781
leaf_weight=13.659359157085417 6.4881480932235718 4.0835713446140289 4.0452946946024886 18.409206390380863 8.1770254522562009 6.157998874783515 2.3878751732408992 30.226510841399431 6.4986245892941934 65.616302531212568 4.7061315178871155 3.47755267843604 4.5970126837491971 12.844057533890007
leaf_count=94 48 29 36 124 64 43 26 277 69 553 42 24 39 93
internal_value=0.000996053 0.024273 0.0162223 0.0269805 0.0193362 0.0522906 -0.0131201 -0.000854773 0.0230385 -0.0199757 0.016309 -0.0238806 0.0733204 0.00962462
internal_weight=191.375 71.9735 57.1349 43.4756 39.4303 14.8386 119.401 43.2133 12.9868 76.1879 7.09401 69.0939 8.68058 31.2533
internal_count=1561 522 411 317 281 111 1039 394 117 645 68 577 68 217
cat_boundaries=0 1
cat_threshold=2
is_linear=0
shrinkage=0.05


Tree=99
num_leaves=15
num_cat=1
split_feature=2 6 16 12 11 12 3 11 0 13 10 16 18 32
split_gain=16.0083 15.4137 16.5311 19.077 17.8697 16.7058 20.318 15.9367 11.1927 13.0711 8.5702 7.60369 10.025 9.04481
threshold=0.95752911693909493 0 21.650000000000002 -33.349999999999987 13.335714285714287 0.25000000000000006 0.35645927230573393 16.00714285714286 49.268229685000001 12.950000000000001 21.650000000000002 29.450000000000003 0.8500000000000002 0.017399993778773177
decision_type=2 9 10 8 8 10 2 10 2 8 10 8 8 8
left_child=1 2 3 -1 5 6 10 -6 -2 -10 -4 -9 13 -13
right_child=8 -3 4 -5 7 -7 -8 11 9 -11 -12 12 -14 -15
leaf_value=0.059908523446023702 -0.037558926499229123 -0.021283085925529511 -0.045153149192121156 -0.03227238868688205 -0.046709440814526923 0.09180881974677417 0.072852806056538183 0.069998563986190712 -0.010241102926091157 0.084410075354796485 0.040608424506934998 0.084670998036677173 -0.028692730299553954 -0.010089672414690921
leaf_weight=5.7753072828054428 2.9587480500340488 63.219298023730516 9.1755369640886801 32.91647731885314 11.970696773380039 12.6370702534914 9.0394826829433423 5.1489008851349372 4.7979237101972076 11.965155594050888 3.1983545348048201 4.4413387328386316 9.5485111102461797 4.3328061699867257
leaf_count=30 27 658 71 333 101 52 42 24 40 43 17 14 80 29
internal_value=0.00125592 -0.0037414 0.00784149 -0.0173504 0.0230272 0.0483429 0.0197398 -0.00195345 0.0427726 0.0582676 -0.0216069 0.0218485 0.00539531 0.041632
internal_weight=191.126 171.404 108.184 38.6918 69.4927 34.0504 21.4134 35.4423 19.7218 16.7631 12.3739 23.4716 18.3227 8.77414
internal_count=1561 1451 793 363 430 182 130 248 110 83 88 147 123 43
cat_boundaries=0 1
cat_threshold=129024
is_linear=0
shrinkage=0.05


Tree=100
num_leaves=15
num_cat=2
split_feature=24 27 14 19 7 19 18 27 28 3 16 25 7 31
split_gain=26.0733 23.7254 11.2559 6.01812 5.21038 6.81353 6.69343 4.79694 4.59384 4.54779 5.33314 9.24357 4.35871 5.12866
threshold=1.5000000000000002 0.50681818181818195 1.7933333333333337 64.350000000000023 0 32.45000000000001 3.350000000000001 0.65714798850574729 0.3320802005012532 0.34033495509342487 23.050000000000004 359.50000000000006 1 0.069047619047619066
decision_type=2 8 8 10 1 8 10 10 10 2 10 10 1 10
left_child=1 2 -1 9 5 -3 -7 -2 12 10 -4 -12 13 -5
right_child=7 4 3 8 -6 6 -8 -9 -10 -11 11 -13 -14 -15
leaf_value=-0.0092262083779175823 -0.039941619280580917 -0.031493281104975394 0.066265284504327254 0.0092461668180188472 -0.021801270595973258 0.091835301414703002 0.003579675471318218 0.018860637469440625 0.013729216234738793 -0.0145708208092616 -0.015995771479926989 0.041536044410950441 0.089935231234213167 0.07613309021728977
leaf_weight=17.587494343519211 39.200401522219181 4.5449564158916465 6.7725145742297164 7.1071790121495724 49.103620413690805 2.6291338875889778 5.4752154015004635 3.2181211486458769 6.4216914325952521 6.4742682687938204 11.191215183585884 15.866992495954035 9.1768518909812009 4.2014675959944725
leaf_count=140 454 47 41 41 420 27 43 42 37 38 72 93 47 19
internal_value=-0.00109626 0.00893143 0.0259715 0.035182 -0.0145091 0.0133218 0.0391529 -0.0351489 0.0533237 0.0220729 0.0293025 0.018019 0.0645189 0.0382629
internal_weight=188.971 146.553 84.7997 67.2122 61.7529 12.6493 8.10435 42.4185 26.9072 40.305 33.8307 27.0582 20.4855 11.3086
internal_count=1561 1065 528 388 537 117 70 496 144 244 206 165 107 60
cat_boundaries=0 1 2
cat_threshold=2 1
is_linear=0
shrinkage=0.05


Tree=101
num_leaves=15
num_cat=1
split_feature=5 33 24 1 2 2 11 8 4 23 16 28 2 2
split_gain=12.8106 12.7895 14.0485 13.6794 9.34283 7.1633 8.17945 7.70391 7.53392 7.9718 5.20089 4.77924 4.60635 8.31195
threshold=0 0.046536796536796543 6.5000000000000009 -119.90807749999999 0.70290292807158605 -0.78326540922535159 20.06428571428572 21.050000000000004 0.15229513432500005 6.5000000000000009 9.7500000000000018 0.89272030651341006 -0.23537230790205757 -0.57780908558020239
decision_type=9 8 2 2 2 2 8 10 2 2 8 10 2 2
left_child=1 2 4 10 -1 -2 7 8 11 12 -3 -7 13 -10
right_child=5 3 -4 -5 -6 6 -8 -9 9 -11 -12 -13 -14 -15
leaf_value=0.060539138018915944 -0.029550747250206053 0.021767571340114159 -0.014841962648109981 0.0624507272736404 -0.011636878505769575 -0.020300290399556775 -0.038332290217940469 0.070610887270677034 -0.019654321803249324 0.071509726419487135 -0.041174391532674021 0.041838007743076909 -0.0042935445220828343 0.070177817187454763
leaf_weight=29.589359559118748 29.804277893155813 3.4436420276761064 10.319491665810345 4.1901651807129374 4.9122335463762274 34.940357446670532 12.102434638887642 3.1492407619953147 3.7100143395364285 4.5296921953558913 15.127921517938379 2.4562277533113948 26.06727746874094 5.413534361869095
leaf_count=161 288 25 79 24 34 325 122 19 29 27 141 21 222 44
internal_value=0.00159379 0.0174574 0.0352469 -0.010235 0.0502246 -0.00801832 -0.00168723 0.00424175 0.00066221 0.0156365 -0.0289875 -0.0152357 0.00666747 0.0353153
internal_weight=189.756 67.5828 44.8211 22.7617 34.5016 122.173 92.3688 80.2663 77.1171 39.7205 18.5716 37.3966 35.1908 9.12355
internal_count=1561 464 274 190 195 1097 809 687 668 322 166 346 295 73
cat_boundaries=0 1
cat_threshold=2
is_linear=0
shrinkage=0.05


Tree=102
num_leaves=15
num_cat=0
split_feature=32 19 9 0 1 3 10 15 12 4 4 15 17 20
split_gain=31.5712 8.15001 10.6719 11.9455 7.44747 7.2662 9.34245 6.50361 5.96668 5.45333 7.9279 11.9601 4.56999 10.0494
threshold=0.31101190476190482 43.850000000000001 13.450000000000001 45.21741200000001 -67.028924999999973 0.57605713708605399 19.250000000000004 0.35000000000000003 -26.449999999999996 6.2654356463650016 0.24970636287 -18.149999999999995 17.500000000000004 4.5000000000000009
decision_type=8 10 8 2 2 2 10 10 8 2 2 10 8 2
left_child=4 8 3 -3 12 6 -5 -8 -2 10 11 -10 -1 -14
right_child=1 2 -4 5 -6 -7 7 -9 9 -11 -12 -13 13 -15
leaf_value=-0.029295394666460223 -0.04110398248000223 -0.017339480681756763 -0.025285112049291819 0.083926138330753769 0.041404187140212323 -0.0046555356585482729 -0.026436070693286441 0.048443922836037268 0.034647388455354568 -0.039901983642996963 0.044882419017113928 -0.02762394413586788 0.052544967483084883 -0.029225889943250812
leaf_weight=71.779282674193382 5.0450548529624939 6.3433286696672431 5.8477924466133109 19.077708560973409 3.6573469936847678 4.3518775701522818 3.6209586150944215 7.5026380829513073 13.303375966846941 3.7372319474816313 15.117136046290396 15.730891074985268 5.0408683605492106 8.9430723711848241
leaf_count=757 51 35 43 94 18 35 25 43 95 28 92 109 51 85
internal_value=0.000295782 0.0195541 0.0345464 0.043501 -0.0211505 0.0548437 0.0632918 0.0238989 0.0059198 0.0116132 0.0167609 0.00111211 -0.0242646 0.00179006
internal_weight=189.099 99.678 46.7443 40.8965 89.4206 34.5532 30.2013 11.1236 52.9337 47.8886 44.1514 29.0343 85.7632 13.9839
internal_count=1561 650 275 232 911 197 162 68 375 324 296 204 893 136
is_linear=0
shrinkage=0.05


Tree=103
num_leaves=15
num_cat=1
split_feature=6 14 9 9 33 12 16 4 25 4 0 24 33 33
split_gain=16.921 10.7501 14.2829 17.7084 16.4022 10.6484 10.2271 9.09104 7.99988 6.28387 9.4515 5.98132 9.83613 5.9892
threshold=0 18.505000000000003 1.5500000000000003 -0.44999999999999996 0.14834355459355461 -7.1499999999999995 6.5500000000000007 0.0069901032900000007 73.500000000000014 0.025305861195000005 49.359725000000005 34.500000000000007 0.0048440065681444999 0.34166666666666673
decision_type=9 8 8 8 8 10 10 2 10 2 2 2 10 8
left_child=1 2 3 4 5 6 -1 -2 -3 10 -4 13 -13 -9
right_child=7 8 9 -5 -6 -7 -8 11 -10 -11 -12 12 -14 -15
leaf_value=-0.017180259143706744 0.046325352950083748 0.0046053262328052845 0.066121896121659848 0.090319201102861402 -0.023229447478793824 -0.016357731456291002 0.071414496062862307 -0.038535980529834299 0.064221005678942705 -0.026541259576669071 -0.037177893043767757 0.078086917251555421 -0.037265959452081859 -0.005403539595176244
leaf_weight=3.6593974791467216 3.958413776010274 9.2529363520443457 4.0815444923937312 6.9376071020960799 20.730847470462322 6.8228022344410446 15.08057428896427 44.8418023660779 14.044312570244072 33.807597100734711 3.0617882236838341 2.7088326886296263 2.8176895789802074 19.936337664723396
leaf_count=29 26 57 24 37 161 51 90 481 72 252 31 15 30 205
internal_value=-0.000392323 0.0111071 0.00434589 0.0212515 0.00921007 0.0354019 0.0541205 -0.0176237 0.0417076 -0.0176121 0.0227171 -0.024295 0.0225758 -0.0285762
internal_weight=191.742 117.479 94.1822 53.2312 46.2936 25.5628 18.74 74.2631 23.2972 40.9509 7.14333 70.3047 5.52652 64.7781
internal_count=1561 804 675 368 331 170 119 757 129 307 55 731 45 686
cat_boundaries=0 1
cat_threshold=84032
is_linear=0
shrinkage=0.05


Tree=104
num_leaves=15
num_cat=1
split_feature=6 19 8 3 10 28 15 18 13 3 24 8 9 0
split_gain=20.7183 9.5815 6.79825 10.7313 8.99377 6.76935 8.02705 6.68422 6.19522 7.08539 11.2564 6.01024 6.00985 5.32841
threshold=0 196.50000000000003 8.0500000000000025 0.14888728888808328 8.0500000000000025 0.15729166666666669 -13.949999999999998 4.6500000000000012 11.450000000000001 0.82293497932636284 2.5000000000000004 -8.2499999999999982 -14.949999999999998 49.828075000000005
decision_type=9 8 10 2 10 10 8 8 10 2 2 10 10 2
left_child=1 2 3 5 8 6 -1 -4 9 -5 13 12 -2 -11
right_child=11 -3 7 4 -6 -7 -8 -9 -10 10 -12 -13 -14 -15
leaf_value=0.021793676046698567 -0.0076957672384253793 -0.032850421567002019 -0.019799182472535828 0.050178015542147028 -0.036970132118541714 0.006916801319512317 0.098691956376094736 0.01893311426407112 -0.021638651943536914 0.032890687213585457 0.065866265560976356 -0.029156453260787713 0.083195993390974499 -0.032662030102855129
leaf_weight=5.9667270816862583 6.784281425178051 8.966442331671713 18.164233554154634 19.91995619609952 6.3700677193701258 5.4083045423030844 9.8040823154151457 25.628494888544083 6.0294185578823081 3.3260179907083538 4.8652407042682162 52.461320303380489 1.4170699380338172 10.658425789326428
leaf_count=34 85 86 119 125 41 30 56 170 33 24 32 597 22 80
internal_value=0.00222283 0.0134652 0.0184403 0.0277497 0.0148165 0.0569198 0.0726325 0.00278447 0.0228265 0.0301119 0.00744694 -0.019781 0.0153439 -0.0159167
internal_weight=185.77 125.107 116.141 72.3482 51.1691 21.1791 15.7708 43.7927 44.7991 38.7696 18.8497 60.6627 8.20135 13.9844
internal_count=1534 830 744 455 335 120 90 289 294 261 136 704 107 104
cat_boundaries=0 1
cat_threshold=280576
is_linear=0
shrinkage=0.05


Tree=105
num_leaves=15
num_cat=2
split_feature=6 16 2 5 9 33 8 18 9 30 2 9 9 25
split_gain=10.9246 8.01847 4.81078 6.7397 6.24445 4.6902 4.23712 3.88552 3.74577 3.57307 2.8541 2.83854 3.80626 4.23183
threshold=0 6.5500000000000007 0.91596454896554913 1 7.3500000000000005 0.19485930735930737 -13.35 22.300000000000001 12.450000000000001 0.11237373737373739 0.06553689391773225 3.9500000000000006 -3.4499999999999997 157.00000000000003
decision_type=9 10 2 9 10 8 8 8 10 8 2 10 8 8
left_child=2 10 3 7 6 -3 -5 -1 -6 -9 -2 12 13 -7
right_child=1 5 -4 4 8 11 -8 9 -10 -11 -12 -13 -14 -15
leaf_value=0.011358810420877778 0.056737773882098858 -0.027560194753993635 -0.014387495276966231 0.011189558714260542 -0.012125945885022768 -0.031982599726254633 0.074761529435051405 -0.032586091642794031 0.050304772514114519 0.018731640995874242 0.0066211888156946681 0.018442255647444575 -0.034881454299638931 0.033344970873959649
leaf_weight=45.649988103657961 3.4430404454469672 48.422311723232269 13.105176877230404 3.6685985624790192 6.1155338101088983 3.0085017345845673 13.687794283032423 10.244704548269507 2.6818367093801498 4.0887998864054689 8.7653827257454378 9.9982659928500635 8.9129698723554664 5.6343707405030736
leaf_count=379 29 403 87 24 46 16 125 75 24 37 70 94 75 50
internal_value=0.00111362 -0.0110427 0.0118385 0.0173065 0.0336239 -0.0183435 0.062666 0.00364576 0.0100977 -0.0176802 0.0239807 -0.00174845 -0.0136215 0.00964656
internal_weight=187.427 88.1848 99.2424 86.1373 26.1538 75.9764 17.3564 59.9835 8.79737 14.3335 12.2084 27.5541 17.5558 8.64287
internal_count=1534 737 797 710 219 638 149 491 70 112 99 235 141 66
cat_boundaries=0 1 2
cat_threshold=278890 450
is_linear=0
shrinkage=0.05


Tree=106
num_leaves=15
num_cat=1
split_feature=7 20 25 1 19 18 28 1 19 21 18 30 15 25
split_gain=23.9427 7.11429 7.2182 4.33799 4.30885 4.85324 4.26875 3.92269 3.63478 3.59556 4.43609 4.80709 2.65873 4.37892
threshold=0 13.500000000000002 139.50000000000003 -120.29122619499999 17.350000000000005 0.65000000000000013 0.63194444444444453 -121.94466081999998 15.250000000000002 4.5000000000000009 1.8500000000000003 1.0000000180025095e-35 -21.949999999999996 175.50000000000003
decision_type=1 2 10 2 10 8 10 2 10 2 10 8 10 8
left_child=1 3 -3 -1 5 -2 7 -6 12 10 11 -5 -7 -14
right_child=4 2 -4 9 6 8 -8 -9 -10 -11 -12 -13 13 -15
leaf_value=-0.016331943535359744 -0.020788434153325652 0.057664770698147197 -0.00035781569182120714 0.037152722734222633 0.010659698389607447 -0.0047105717613316299 0.026717430491827926 -0.026633153955030627 0.063670453496112528 -0.010388833977449344 0.043425491320607169 -0.025087464326339244 -0.017736324525650861 0.061160433048959961
leaf_weight=10.431958161294459 14.972284059971569 20.372121963649992 7.1380655393004409 4.4825358577072629 7.3656564354896537 15.138161711394789 3.8278484828770152 64.427042357623577 2.2921716645359984 7.430325996130704 16.089551366865635 6.1510897949337968 2.2599354535341289 3.5975558906793594
leaf_count=61 111 145 47 35 70 129 30 593 24 47 134 44 23 41
internal_value=0.00118833 0.0235531 0.0431252 0.0107956 -0.0130522 0.000634857 -0.019895 -0.0227132 0.0146972 0.0193104 0.0276451 0.00208778 0.00669902 0.032573
internal_weight=185.976 72.0956 27.5102 44.5855 113.881 38.2601 75.6205 71.7927 23.2878 34.1535 26.7232 10.6336 20.9957 5.85749
internal_count=1534 513 192 321 1021 328 693 663 217 260 213 79 193 64
cat_boundaries=0 1
cat_threshold=2
is_linear=0
shrinkage=0.05


Tree=107
num_leaves=15
num_cat=0
split_feature=11 18 1 23 11 4 21 16 23 3 15 0 20 1
split_gain=26.9311 24.4612 17.2904 14.0073 13.8086 8.44085 7.85068 8.9801 7.67752 7.48678 12.1642 11.4656 9.89228 13.0953
threshold=4.5928571428571443 1.0000000180025095e-35 -122.93134098999998 7.5000000000000009 17.150000000000002 0.065843766160000025 10.500000000000002 25.050000000000004 9.5000000000000018 -0.52765736634565841 0.25000000000000006 44.717211785000011 3.5000000000000004 -115.78155649999998
decision_type=8 8 2 2 8 2 2 10 2 2 8 2 2 2
left_child=6 4 -3 5 -2 -4 7 -1 -5 -7 11 -11 13 -12
right_child=1 2 3 8 -6 9 -8 -9 -10 10 12 -13 -14 -15
leaf_value=-0.041398451199840834 0.067155972492486324 0.072540008344576509 -0.045964094236047956 0.074581147859814442 -0.017211187016262272 -0.024514553644180412 0.032302043639595539 0.032144851000079563 -0.0081670852676120672 0.056526579246707134 0.10958911201122656 -0.045096961464731092 -0.013678411903163754 -0.0049214144958808093
leaf_weight=53.023886408656836 21.885921947658062 5.98492782190442 17.814409449696541 6.1098494157195073 5.7048013657331493 29.45268493890762 3.7730724327266207 3.7746011167764655 4.3298777900636196 2.6984112858772304 5.8922071978449813 10.893445666879414 5.1264559701085082 3.784977056086066
leaf_count=565 78 18 197 26 42 289 23 23 41 13 30 113 48 28
internal_value=-0.00443896 0.00931643 -0.00319315 -0.0092297 0.0497199 -0.0168356 -0.0313269 -0.0360395 0.0425474 -0.00723679 0.0109085 -0.0224303 0.0410008 0.0685351
internal_weight=180.25 119.678 92.0872 86.1023 27.5907 75.6626 60.5716 56.7985 10.4397 57.8482 28.3955 13.5919 14.8036 9.67718
internal_count=1534 923 803 785 120 718 611 588 67 521 232 126 106 58
is_linear=0
shrinkage=0.05


Tree=108
num_leaves=15
num_cat=1
split_feature=6 30 29 16 19 12 31 29 12 4 25 16 25 4
split_gain=21.0667 13.4436 12.1734 12.5773 12.5267 10.214 8.57736 7.07109 6.99575 5.38803 5.89024 5.13626 5.10471 4.5382
threshold=0 0.15831244778613204 0.11180555555555556 13.15 33.050000000000004 6.7500000000000009 0.38750000000000007 0.13485251450676985 1.5500000000000003 14.890521919465002 82.500000000000014 30.350000000000005 632.50000000000011 0.060595442185000008
decision_type=9 10 10 10 10 10 10 10 8 2 10 8 10 2
left_child=2 6 3 -1 -5 13 7 9 -9 12 -11 -3 -2 -6
right_child=1 11 -4 4 5 -7 -8 8 -10 10 -12 -13 -14 -15
leaf_value=-0.025247035040501915 -0.031491601211848991 0.050755033911894669 -0.039466927252563518 -0.010970304573776669 0.037301752569510689 0.023075232586261454 0.036988325945862273 -0.011414060448802114 0.087751717021063214 -0.021217597242977511 0.059020609725348075 -0.010640958172575397 -0.0063247245212008189 0.11398106030337229
leaf_weight=4.8559699803590766 82.764230377972126 10.074276007711886 4.1337888538837424 5.1398554295301464 3.8866558074951199 7.7725634016096583 6.1122109033167353 3.8895393610000601 1.999247148633003 4.1333989650011054 3.2570677809417248 4.4840962365269652 27.303820017725229 10.58037508279085
leaf_count=44 839 57 37 50 26 42 35 33 11 40 31 27 204 58
internal_value=-0.00227989 -0.0109689 0.0271661 0.0448152 0.0576931 0.0733512 -0.0168949 -0.0198409 0.0301039 -0.0225779 0.0169641 0.0323761 -0.0253618 0.0971243
internal_weight=180.387 144.018 36.3692 32.2354 27.3794 22.2396 129.46 123.347 5.88879 117.459 7.39047 14.5584 110.068 14.467
internal_count=1534 1277 257 220 176 126 1193 1158 44 1114 71 84 1043 84
cat_boundaries=0 1
cat_threshold=197632
is_linear=0
shrinkage=0.05


Tree=109
num_leaves=15
num_cat=1
split_feature=33 1 0 7 19 17 20 19 14 2 4 4 23 19
split_gain=17.1655 12.2216 13.24 13.2835 16.569 13.1102 12.3351 11.7674 11.5695 13.1263 11.701 11.4858 6.85668 6.61892
threshold=0.25125000000000003 -94.164537999999979 49.966888835000013 0 83.600000000000023 12.500000000000002 5.5000000000000009 90.550000000000011 -5.3998850574712627 0.51297097409535064 0.15229513432500005 1.5800276808750005 2.5000000000000004 51.750000000000007
decision_type=8 2 2 1 10 10 2 10 8 2 2 2 2 10
left_child=1 2 3 -1 6 -3 -5 -2 9 -4 -11 -9 -7 -10
right_child=7 5 8 4 -6 12 -8 11 13 10 -12 -13 -14 -15
leaf_value=0.086918165887920784 -0.034802575877578443 -0.045941262887563519 -0.0031957126918326449 0.11629307589932734 -0.043449251226614888 -0.015327642568080183 0.0028384954405140908 -0.016893034518055277 -0.014937107493648774 0.0059745682788392446 0.1068242581530114 0.088229675644764138 0.080797568362677125 0.020184607989770294
leaf_weight=10.924760095775127 42.250998862087727 16.118928570300344 10.994896471500399 3.5922326035797578 6.2265904508531102 3.0483533106744281 5.1164684221148491 5.9715574085712415 43.332671079784632 4.6189416311681253 7.2087166458368301 3.278471577912569 2.8731044679880142 18.266030952334404
leaf_count=47 460 171 82 22 58 27 47 60 327 32 39 19 24 119
internal_value=0.000495559 0.0100293 0.0168285 0.0474271 0.0148988 -0.0232452 0.0567951 -0.0237239 0.00701001 0.0366094 0.0709764 0.0253382 0.0362475 -0.0043663
internal_weight=183.823 132.322 110.281 25.8601 14.9353 22.0404 8.7087 51.501 84.4213 22.8226 11.8277 9.25003 5.92146 61.5987
internal_count=1534 995 773 174 127 222 69 539 599 153 71 79 51 446
cat_boundaries=0 1
cat_threshold=1
is_linear=0
shrinkage=0.05


Tree=110
num_leaves=15
num_cat=1
split_feature=27 1 17 26 0 0 7 15 11 27 26 17 17 22
split_gain=24.3374 10.402 7.39486 7.28456 6.83341 6.46105 6.04154 7.25696 5.84421 5.83027 5.14279 4.71272 5.70858 4.08642
threshold=0.49021464646464652 -66.618070999999986 17.500000000000004 0.11287262872628727 56.481368500000009 49.565431020000013 0 -34.04999999999999 -3.6928571428571426 0.55873015873015885 0.49242424242424249 1.0000000180025095e-35 7.5000000000000009 40.500000000000007
decision_type=8 2 10 10 2 2 1 8 8 10 10 8 10 2
left_child=2 3 10 4 6 -4 8 -8 -2 -9 13 -12 -13 -1
right_child=1 -3 5 -5 -6 -7 7 9 -10 -11 11 12 -14 -15
leaf_value=-0.038051634252831895 0.045822613336577195 0.058661823186912154 0.078910695909142181 -0.04112705451472181 -0.02545665771551113 -0.0058042413084884274 -0.038285391929892089 0.036613502453921393 -0.021127800072334446 -0.0022749708873037798 -0.036415715922911623 0.071400736802613704 -0.017391630172411708 0.0085244166751346512
leaf_weight=49.390091681852937 3.1353732086718082 11.329534120857714 2.0162278786301604 5.6329229623079291 9.3130718842148763 8.404593311250208 3.4235135056078434 48.848385512828827 14.66186033934355 11.808402236551045 3.0680051967501614 2.9146827496588239 2.7786965779960155 4.8322518467903128
leaf_count=559 33 54 13 57 81 74 33 284 127 93 26 27 25 48
internal_value=0.000298743 0.0153286 -0.0217544 0.00971027 0.0132626 0.0160607 0.0179207 0.0249942 -0.00752276 0.0291288 -0.0281643 0.00672591 0.031941 -0.0338216
internal_weight=181.558 108.153 73.4045 96.8235 91.1906 10.4208 81.8775 64.0803 17.7972 60.6568 62.9837 8.76138 5.69338 54.2223
internal_count=1534 762 772 708 651 87 570 410 160 377 685 78 52 607
cat_boundaries=0 1
cat_threshold=2
is_linear=0
shrinkage=0.05


Tree=111
num_leaves=15
num_cat=1
split_feature=0 1 4 27 7 0 2 15 3 15 4 32 10 17
split_gain=13.0961 12.6403 11.8539 9.55337 21.2519 9.82513 10.0843 8.32929 7.78708 7.35949 7.02575 6.45757 8.98796 6.10716
threshold=49.991552000000006 -111.07369499999999 0.25628418023500005 1.0000000180025095e-35 0 56.145060000000008 -0.97113884758256674 -24.949999999999996 0.86439018870140905 -43.249999999999993 0.023103093510000002 0.1384943181818182 -11.049999999999999 13.500000000000002
decision_type=2 2 2 8 1 2 2 10 2 10 2 10 10 10
left_child=13 3 10 4 -2 9 -7 11 -6 -5 -3 12 -8 -1
right_child=1 2 -4 5 8 6 7 -9 -10 -11 -12 -13 -14 -15
leaf_value=-0.02586620287683682 0.0807546946477532 -0.0060900861197544344 -0.020806012192187997 0.05222300633778526 -0.024442208677066885 0.10532687620818881 -0.02050290141373139 -0.031435681277074655 0.049684616008740246 -0.022642722946535694 0.082513814353640927 0.082522582709252432 0.070862541274127305 0.011022766756973628
leaf_weight=47.449103679507971 10.499604653567076 2.5405144020915058 4.4691588208079329 2.5793676115572444 13.527039077132942 2.0670139268040684 7.6805317886173752 7.662826590239999 3.6991618983447543 48.733788471668959 12.076643001288174 3.252898484468461 2.9187779985368243 13.975552290678023
leaf_count=484 51 23 34 15 109 11 57 73 22 437 70 15 19 114
internal_value=0.00122081 0.0106996 0.0469798 0.00356359 0.028095 -0.00576831 0.0203968 0.00792168 -0.00667154 -0.0179531 0.0677103 0.0303442 0.00859693 -0.017431
internal_weight=183.132 121.707 19.0863 102.621 27.7258 74.8952 23.582 21.515 17.2262 51.3132 14.6172 13.8522 10.5993 61.4247
internal_count=1534 936 127 809 182 627 175 164 131 452 93 91 76 598
cat_boundaries=0 1
cat_threshold=2
is_linear=0
shrinkage=0.05


Tree=112
num_leaves=15
num_cat=1
split_feature=6 28 16 25 24 8 12 11 0 18 12 17 15 25
split_gain=18.6369 9.35667 7.6539 7.6907 5.64582 5.3431 9.99057 10.5037 8.79079 7.61874 6.72552 6.55165 6.20198 9.53103
threshold=0 0.3861852433281005 32.550000000000004 19.500000000000004 74.000000000000014 8.4500000000000011 -6.6499999999999995 -5.5928571428571408 49.291629195000006 1.0000000180025095e-35 -32.449999999999996 12.500000000000002 4.1500000000000012 260.50000000000006
decision_type=9 10 8 8 2 10 8 10 2 8 8 10 10 8
left_child=1 2 3 -1 -2 6 7 10 -8 -10 -5 -12 -7 -14
right_child=4 -3 -4 5 -6 12 8 -9 9 -11 11 -13 13 -15
leaf_value=-0.022944522023138431 -0.026613008337883916 -0.031082182962632623 -0.019241205880183552 -0.013212440933438627 0.048282780092724589 -0.0049879358106958427 -0.0068478435975826398 -0.010625272524292378 0.0038775458474390617 0.095516872630078312 0.066423515112825945 -0.0064991063126573672 -0.036565922697943475 0.06336699294035171
leaf_weight=8.4270847104489786 58.754365898668766 10.569579184055327 12.713814049959181 4.3521558716893196 1.7345644794404496 24.403933543711901 3.438730068504813 16.75726034864784 2.8473404645919773 12.117664959281683 15.189618259668348 3.5962529852986327 2.4787243492901299 8.2369581274688244
leaf_count=63 697 80 99 25 20 159 20 110 13 69 94 24 18 48
internal_value=0.000305453 0.0111307 0.0162239 0.0207951 -0.0203977 0.024942 0.0341252 0.0192225 0.0637754 0.079416 0.0403838 0.0528407 0.00917513 0.0391028
internal_weight=185.618 125.129 114.56 101.846 60.4889 93.4186 58.299 39.8953 18.4037 14.965 23.138 18.7859 35.1196 10.7157
internal_count=1539 822 742 643 717 580 355 253 102 82 143 118 225 66
cat_boundaries=0 1
cat_threshold=280576
is_linear=0
shrinkage=0.05


Tree=113
num_leaves=15
num_cat=0
split_feature=24 1 29 21 2 32 10 3 32 4 2 12 26 16
split_gain=9.28791 8.31094 5.1849 3.74237 3.9956 3.73899 4.51931 5.89706 6.64156 3.4867 3.42436 3.34473 3.72139 6.88123
threshold=1.0000000180025095e-35 -66.794485499999993 0.028174603174603179 11.500000000000002 -0.29343379936893921 0.092708333333333351 12.850000000000003 0.94636490295939868 0.37638888888888894 0.026901697625000002 -0.23537230790205757 10.750000000000002 0.11287262872628727 29.250000000000004
decision_type=2 2 8 2 2 10 8 2 10 2 2 10 10 8
left_child=1 2 10 4 11 -6 7 8 -7 -4 -1 12 13 -2
right_child=3 -3 9 -5 5 6 -8 -9 -10 -11 -12 -13 -14 -15
leaf_value=-0.035867765900695563 0.021765998182131176 0.055003717070384463 0.035788690044837895 -0.029352772617130426 -0.0018641246005623342 0.11330519027321931 -0.0010060798872749137 -0.013913245094954658 0.0021336109927793663 -0.0048739226406554932 -0.0081104761639616465 -0.018435998960171042 0.0044517356378075048 0.079615832246768936
leaf_weight=24.342170149087906 15.167434722185137 3.9714395627379409 4.9515930935740462 3.8527168855071059 35.567328307777643 3.1901468709111196 7.363478347659111 2.098865482956171 2.0349105894565582 45.161644477397203 21.112273320555687 2.7481008507311335 8.2931989505887014 7.7875842489302185
leaf_count=203 117 31 46 42 276 37 51 13 15 358 185 20 69 76
internal_value=0.00220553 -0.00822415 -0.011394 0.013949 0.0162502 0.00705389 0.0273921 0.0526345 0.077307 -0.000234549 -0.0234274 0.0292546 0.0338903 0.0438961
internal_weight=187.643 99.5391 95.5677 88.1038 84.251 50.2547 14.6874 7.32392 5.22506 50.1132 45.4544 33.9963 31.2482 22.955
internal_count=1539 823 792 716 674 392 116 65 52 404 388 282 262 193
is_linear=0
shrinkage=0.05


Tree=114
num_leaves=15
num_cat=1
split_feature=6 9 20 25 12 3 28 1 18 20 9 11 17 4
split_gain=20.5992 6.30943 5.64056 7.14893 4.84745 4.56341 8.47469 4.15515 4.40915 4.8312 3.5562 7.32112 3.51813 3.29593
threshold=0 -6.5499999999999989 13.500000000000002 139.50000000000003 -10.549999999999999 0.94353349168649059 0.18217893217893219 -119.82220149999999 1.8500000000000003 7.5000000000000009 -8.0499999999999989 12.428571428571429 13.500000000000002 35.121631750540011
decision_type=9 10 2 10 10 2 8 2 10 2 10 10 10 2
left_child=2 4 7 -4 5 -2 -7 -1 -9 10 -10 12 -12 -3
right_child=1 13 3 -5 -6 6 -8 8 9 -11 11 -13 -14 -15
leaf_value=-0.010574935187150421 -0.011501642320236963 -0.023090866657402655 0.05549419060865627 -0.0048739570875981899 0.053249555660674679 -0.024375194057515311 0.077818805701496005 -0.0039328013619201758 0.0074076406958611136 -0.012674836770579021 0.13052234615017511 0.019281158311532445 0.03343230266572135 0.025791883690411768
leaf_weight=13.425256405025719 27.27211095020175 73.417093588039279 19.896411713212732 6.2085376456379882 3.4202362746000281 3.0847747549414626 3.396565917879343 10.678380928933622 4.7019143700599733 3.8650049269199362 2.9134981855750066 6.4907763302326202 2.4212199784815311 2.8162210062146178
leaf_count=82 249 646 142 44 43 27 39 84 28 26 29 57 19 24
internal_value=0.00112992 -0.0117932 0.0205415 0.0414867 0.00400193 -0.00237695 0.0324231 0.0121265 0.0219594 0.0350677 0.0463187 0.0600062 0.0986908 -0.0209745
internal_weight=184.008 113.407 70.601 26.1049 37.1737 33.7535 6.48134 44.4961 31.0708 20.3924 16.5274 11.8255 5.33472 76.2333
internal_count=1539 1028 511 186 358 315 66 325 243 159 133 105 48 670
cat_boundaries=0 1
cat_threshold=196681
is_linear=0
shrinkage=0.05


Tree=115
num_leaves=15
num_cat=1
split_feature=6 18 9 8 25 8 8 16 25 28 9 19 17 12
split_gain=21.8476 16.5983 19.6485 22.7405 14.953 11.3071 11.2587 10.0363 8.02722 8.77871 10.7231 12.8622 7.28022 17.8189
threshold=0 0.25000000000000006 4.6500000000000012 17.950000000000003 510.50000000000006 11.050000000000002 13.750000000000002 38.050000000000004 243.00000000000003 0.33583959899749377 -18.949999999999996 34.400000000000013 4.5000000000000009 0.45000000000000007
decision_type=9 8 10 8 8 10 10 8 8 10 10 10 10 10
left_child=1 -1 8 4 6 -6 -4 12 -3 10 11 -10 -2 -14
right_child=7 2 3 -5 5 -7 -8 -9 9 -11 -12 -13 13 -15
leaf_value=0.047735427027507937 -0.04287728487232724 -0.046283933051492775 0.016690625013906443 -0.043261693958227342 0.077962115377859575 -0.040882079106365848 0.1144262445399253 0.040095868400662621 -0.018123331970761856 0.054977687534604094 -0.04515255033224503 0.095415271259226664 -0.024755984370626389 0.066384144502116854
leaf_weight=26.337225507944822 35.99082544259727 16.127363245934248 4.6096205078065422 6.5436952821910408 1.9886973202228535 5.0605535432696342 9.6370823346078378 5.1931639313697806 6.2672386653721368 4.4436238482594481 12.128549244254827 2.8897805213928223 36.806961391121149 5.2726679258048526
leaf_count=115 402 172 31 59 4 56 32 28 60 31 122 14 388 25
internal_value=-0.00238193 0.0133401 0.00173814 0.0336229 0.0581283 -0.00183407 0.085972 -0.0197031 -0.0197588 -0.00202295 -0.0158555 0.0235736 -0.0266295 -0.0120601
internal_weight=179.297 96.0334 69.6962 27.8396 21.296 7.04925 14.2467 83.2636 41.8566 25.7292 21.2856 9.15702 78.0705 42.0796
internal_count=1539 696 581 182 123 60 63 843 399 227 196 74 815 413
cat_boundaries=0 1
cat_threshold=112705
is_linear=0
shrinkage=0.05


Tree=116
num_leaves=15
num_cat=0
split_feature=24 28 17 28 15 31 1 1 19 14 13 1 16 11
split_gain=20.221 11.6651 8.85152 5.2732 8.22425 6.56327 8.39324 9.25098 5.17095 5.12616 10.1163 4.80782 3.83502 3.62633
threshold=1.5000000000000002 0.5590277777777779 16.500000000000004 0.1236607142857143 7.3500000000000005 0.29464285714285715 -92.672411999999994 -74.125687754999987 163.30000000000001 3.8293103448275869 10.050000000000002 -111.54009139499998 30.550000000000004 16.55714285714286
decision_type=2 8 10 10 8 10 2 2 8 10 10 2 10 10
left_child=1 2 3 5 -5 6 8 -8 13 -3 -11 12 -12 -1
right_child=-2 9 -4 4 -6 -7 7 -9 -10 10 11 -13 -14 -15
leaf_value=-0.03140028131075983 -0.032963812573498529 -0.030985471328667292 -0.023196240517185648 0.050292351065238966 -0.015807565497888282 0.056197077015966448 0.056692063741915988 -0.02485931874527339 0.029846912206091286 0.079510763983068444 -0.0051266729099688109 -0.029098805446962729 0.053124625699094388 0.012985986019419452
leaf_weight=17.877703651785854 39.629019195213914 20.575142603367567 10.997502718120812 25.818290077149868 5.2126163914799717 6.4277779906988135 11.043932825326918 4.2192498669028309 5.3909871131181708 2.6398441493511227 8.5654158145189303 13.293863393366333 3.1088319867849359 5.4630377963185301
leaf_count=126 490 217 75 160 32 33 65 35 29 23 77 123 26 28
internal_value=-0.00187824 0.0070522 0.0173849 0.0230788 0.0390419 0.0126867 0.005222 0.0340062 -0.0106985 -0.0127239 0.00149308 -0.00949984 0.0133532 -0.0209047
internal_weight=180.263 140.634 92.4511 81.4536 31.0309 50.4227 43.9949 15.2632 28.7317 48.1831 27.608 24.9681 11.6742 23.3407
internal_count=1539 1049 583 508 192 316 283 100 183 466 249 226 103 154
is_linear=0
shrinkage=0.05


Tree=117
num_leaves=15
num_cat=1
split_feature=18 25 2 2 26 0 1 28 7 25 18 19 28 25
split_gain=9.23966 7.73735 9.45398 9.96686 8.70039 6.84088 10.1114 8.81492 8.53877 15.3316 10.2417 9.98848 11.4749 7.21793
threshold=154.00000000000003 792.50000000000011 -0.2102246306142678 0.61915405168109316 0.50925925925925941 54.389036470000008 -104.59002760999998 0.15039682539682542 0 58.500000000000007 18.550000000000004 5.6500000000000012 0.57766848213376776 59.500000000000007
decision_type=10 10 2 2 10 2 2 10 1 8 10 10 10 10
left_child=1 4 -3 -4 5 6 8 -7 11 -10 -11 -1 -13 -9
right_child=-2 2 3 -5 -6 7 -8 13 9 10 -12 12 -14 -15
leaf_value=0.06288187056029583 0.067767327480813142 -0.0064826729713499398 0.073166391063627836 -0.0010099777628423149 0.064911146796811925 -0.043606915045596661 -0.020560034553000886 0.036555446591696308 0.0824933899934535 -0.010244517132352167 0.065665450145655502 -0.031790394224141295 0.053759007266377994 -0.023637233997436419
leaf_weight=3.4460935965180424 4.1866156831383696 16.453137218952179 10.846031203866007 7.287766456604003 3.3155242577195159 23.377713806927204 36.244501177221537 7.6887958757579353 8.759316775947811 18.446392875164751 4.7748270072042933 22.515690121799711 3.7654776237905017 10.675831150263546
leaf_count=23 13 120 72 61 23 240 388 46 33 158 27 232 30 73
internal_value=0.00198562 6.41482e-05 0.0209408 0.044861 -0.0050952 -0.00720629 7.5911e-05 -0.0238966 0.0123312 0.0298681 0.00743099 -0.00689313 -0.0180119 0.00215023
internal_weight=181.784 177.597 34.5869 18.1338 143.01 139.695 97.9523 41.7423 61.7078 31.9805 23.2212 29.7273 26.2812 18.3646
internal_count=1539 1526 253 133 1273 1250 891 359 503 218 185 285 262 119
cat_boundaries=0 1
cat_threshold=2
is_linear=0
shrinkage=0.05


Tree=118
num_leaves=15
num_cat=0
split_feature=27 1 2 3 10 12 16 18 18 11 18 1 33 22
split_gain=29.4479 7.05769 6.66772 6.15679 9.81505 7.41395 7.22913 6.88216 12.4244 7.02756 6.6198 5.7927 6.41457 5.36153
threshold=0.49021464646464652 -68.325454499999992 -0.97876850416056738 -0.70900320270980455 16.400000000000002 -9.7499999999999982 32.150000000000013 0.65000000000000013 11.900000000000002 -7.6999999999999984 5.6500000000000012 -66.294908499999991 0.41428571428571431 3.5000000000000004
decision_type=8 2 2 2 10 8 10 8 10 10 8 2 10 2
left_child=11 2 -2 4 -4 7 10 9 -9 -5 -6 12 -1 -3
right_child=1 13 3 5 6 -7 -8 8 -10 -11 -12 -13 -14 -15
leaf_value=-0.031925192197913635 0.054480688285342353 0.067753600322096028 0.085732885336736897 -0.0041419927877605345 0.034216800408744273 -0.014859137207862368 0.072787384844394537 -0.019191130917072391 0.065686611884041721 0.087806066235243646 -0.028036869172609325 0.026286500175444844 0.027154417073638561 0.0045095638712529798
leaf_weight=63.145903516560793 7.263546396046876 9.7295607328414899 4.8064434453845051 3.1100808642804623 6.0183975026011476 37.857467077672482 2.7794105522334567 15.990331288427116 4.7790641859173766 4.7775226086378124 9.9300837367773056 4.5456011034548274 4.204747859388589 5.0920803174376479
leaf_count=713 48 40 26 25 42 265 20 134 31 26 79 23 35 32
internal_value=0.000631841 0.0165969 0.0114252 0.00739198 0.0288004 -0.000497188 0.0105838 0.018337 0.00245958 0.0551642 -0.00391175 -0.0241544 -0.0278935 0.047684
internal_weight=184.03 112.134 97.3123 90.0488 23.5343 66.5145 18.7279 28.657 20.7694 7.8876 15.9485 71.8963 67.3507 14.8216
internal_count=1539 768 696 648 167 481 141 216 165 51 121 771 748 72
is_linear=0
shrinkage=0.05


Tree=119
num_leaves=15
num_cat=1
split_feature=6 17 15 15 2 25 4 30 25 14 2 11 1 1
split_gain=18.9406 12.8063 13.2258 16.3175 11.9891 12.1695 9.63871 9.91508 8.54307 9.88117 10.5349 12.2792 13.9409 13.3876
threshold=0 13.500000000000002 1.0500000000000003 4.0500000000000007 0.69056404122701587 439.50000000000006 0.12636491275500003 0.52450980392156865 2103.0000000000005 -4.1149999999999993 -0.73866753694953124 3.3642857142857152 -113.35571386999999 -119.02355999999999
decision_type=9 8 10 10 2 8 2 8 10 8 2 10 2 2
left_child=1 2 4 6 -1 -6 -4 -8 9 -3 -11 12 13 -12
right_child=-2 8 3 -5 5 -7 7 -9 -10 10 11 -13 -14 -15
leaf_value=-0.035983880837018548 -0.026243294724025409 -0.041619522207036436 0.077687500425400013 -0.010997922761825003 0.040752252959608375 -0.042316702963612285 -0.040412625092148456 0.061902207451947494 0.094406049002959291 -0.026766418198649552 0.070471958017584879 -0.0045380908964583692 0.10888001014697224 -0.028543430594529212
leaf_weight=34.237434349954128 46.653825491666794 4.5109668746590614 11.642582532018425 21.829602010548115 12.256892774254085 5.66370079293847 4.3343344591557971 3.2667756080627441 3.7168852575123301 5.9064277783036223 6.2769017033278942 9.3798965252935869 8.5876979343593138 5.6439784057438391
leaf_count=341 510 39 61 170 78 50 34 18 15 50 32 65 32 44
internal_value=-0.00212022 0.00756122 -0.00244161 0.0185305 -0.0189946 0.0136498 0.0509156 0.00564443 0.0300083 0.021928 0.0308499 0.0427337 0.06356 0.0250119
internal_weight=183.908 137.254 93.2313 41.0733 52.158 17.9206 19.2437 7.60111 44.0228 40.3059 35.7949 29.8885 20.5086 11.9209
internal_count=1539 1029 752 283 469 128 113 52 277 262 223 173 108 76
cat_boundaries=0 1
cat_threshold=117320
is_linear=0
shrinkage=0.05


Tree=120
num_leaves=15
num_cat=1
split_feature=6 9 11 26 4 14 19 11 4 8 3 25 8 11
split_gain=16.7359 8.48571 10.3238 10.1675 8.32848 5.6015 4.70515 7.99159 4.19999 5.25899 6.09954 5.2588 5.32969 3.24499
threshold=0 3.3500000000000001 12.507142857142858 0.28831168831168835 0.028249519735000003 16.740000000000006 34.850000000000001 16.178571428571434 0.58245743486500012 7.0500000000000007 0.054805126479326886 79.500000000000014 -6.0499999999999989 -7.8785714285714272
decision_type=9 8 8 8 2 10 10 10 2 8 2 10 10 10
left_child=1 2 8 5 -5 -3 -6 -8 9 10 -1 12 13 -12
right_child=-2 3 -4 4 6 -7 7 -9 -10 -11 11 -13 -14 -15
leaf_value=0.054824466289933642 -0.0217016642578945 -0.039301709699874988 0.081244581532415386 0.061664658496522008 -0.027492588331371484 0.0086655413930619377 0.057168513788333743 -0.01762450526238302 -0.01745227860533367 -0.020069129722044915 0.038992607901512211 0.029592706849316336 -0.025843417869694393 -0.015447917401102544
leaf_weight=11.412701189517973 54.294530803337693 20.555706985294822 5.323315914720296 6.3733969032764461 8.317800100892784 8.0420243032276613 5.8201068267226201 6.7577601447701454 8.4430431537330133 7.1151203028857699 7.1124427877366543 26.260390728712082 11.376704599708317 3.4629504941403884
leaf_count=55 663 165 31 36 58 51 44 34 63 44 43 152 68 24
internal_value=-0.000695591 0.00871037 0.0196404 -0.005577 0.0159778 -0.0259757 -0.000137094 0.0186457 0.0142694 0.0184807 0.0233361 0.0149197 -0.00315763 0.0213714
internal_weight=190.668 136.373 80.5067 55.8668 27.2691 28.5977 20.8957 12.5779 75.1834 66.7403 59.6252 48.2125 21.9521 10.5754
internal_count=1531 868 480 388 172 216 136 78 449 386 342 287 135 67
cat_boundaries=0 1
cat_threshold=321537
is_linear=0
shrinkage=0.05


Tree=121
num_leaves=15
num_cat=0
split_feature=3 32 1 22 24 10 3 16 4 9 14 3 12 17
split_gain=5.8106 6.10777 5.35383 5.24146 4.1745 4.70439 3.77845 3.72362 3.67562 3.25383 2.95027 2.87892 3.43909 2.57988
threshold=0.86869874770991873 0.076638878363016305 -65.994411499999984 22.500000000000004 1.5000000000000002 -1.7499999999999998 0.89691351184655443 31.750000000000004 0.034110115030000006 13.550000000000002 -10.226666666666665 -0.8739740505118182 3.0500000000000003 16.500000000000004
decision_type=2 8 2 2 2 8 2 8 2 8 8 2 10 10
left_child=1 10 4 6 8 -6 -2 -7 -3 -10 -1 12 -12 -13
right_child=3 2 -4 -5 5 7 -8 -9 9 -11 11 13 -14 -15
leaf_value=0.024008455892773891 0.052509632745918161 0.023672630731047251 0.058002545462387638 0.077099510783244285 0.071027335383030674 -0.0013646832807676862 0.001919944823368952 0.050369605811334275 -0.015818751886666961 0.017243085094203831 0.046469379187507938 -0.028708725600801434 -0.011222161373676147 0.000138854974829672
leaf_weight=3.3829512484371662 3.4355840198695722 7.8393201231956473 3.1813200041651717 2.3917339928448191 2.5353996381163597 18.5031504817307 22.489515028893948 3.2694234736263814 49.072558648884296 7.8919986374676219 2.3832610920071593 45.652610089629889 9.9568803310394269 9.2828815989196283
leaf_count=32 32 74 27 26 24 125 163 28 378 67 27 366 83 79
internal_value=-0.00211346 -0.00576915 0.00270717 0.0184028 0.000111346 0.0173678 0.0103253 0.00827458 -0.00652712 -0.0110198 -0.0167241 -0.0190939 0.00256805 -0.0239188
internal_weight=191.269 162.952 92.2932 28.3168 89.1119 24.308 25.9251 21.7726 64.8039 56.9646 70.6586 67.2756 12.3401 54.9355
internal_count=1531 1310 723 221 696 177 195 153 519 445 587 555 110 445
is_linear=0
shrinkage=0.05


Tree=122
num_leaves=15
num_cat=1
split_feature=6 33 15 15 15 4 15 0 9 1 28 18 25 2
split_gain=16.9308 4.57631 4.24244 7.30691 4.30463 4.11492 4.07705 4.23321 3.79688 3.36192 5.70455 4.81479 2.96444 3.087
threshold=0 0.046536796536796543 -1.7499999999999998 -6.1499999999999995 5.5500000000000007 0.13999746461000004 -21.949999999999996 50.879417850000003 8.4500000000000011 -118.82834649999999 0.63194444444444453 15.250000000000002 236.50000000000003 -0.12546116083924153
decision_type=9 10 10 8 10 2 8 2 8 2 10 10 10 2
left_child=1 2 3 6 8 -6 7 -1 -4 11 -11 -2 13 -3
right_child=9 12 4 -5 5 -7 -8 -9 -10 10 -12 -13 -14 -15
leaf_value=0.068293094405950841 0.0063851166739706247 0.070036986578933216 0.0042165618751574411 0.070847131245054512 -0.0072190491672035331 0.060384311400197704 -0.010764347465517554 0.0027755792985310135 -0.041138940752987935 -0.023944586244892346 0.043570260623547657 -0.034688815661699041 -0.0021568090194949013 0.025237643241772648
leaf_weight=3.4036792963743192 30.083210621029139 6.2575588822364869 8.3220299556851387 4.9445417374372509 4.7876665145158759 2.9588187448680401 12.378492914140226 5.8043884374201298 8.9050141423940694 74.17917918972671 2.3718594051897517 8.2700369507074338 4.3480916470289221 12.506335891783236
leaf_count=30 256 45 57 47 26 25 72 50 54 683 20 62 30 74
internal_value=-0.00269169 0.0147576 0.00811098 0.0216762 -0.00658 0.0225541 0.00777525 0.0313112 -0.0201994 -0.0141085 -0.0213179 -0.00312799 0.0347392 0.0429655
internal_weight=189.521 74.6166 51.5046 26.5311 24.9735 7.74649 21.5866 9.20807 17.227 114.904 76.551 38.3532 23.112 18.7639
internal_count=1531 510 361 199 162 51 152 80 111 1021 703 318 149 119
cat_boundaries=0 1
cat_threshold=196681
is_linear=0
shrinkage=0.05


Tree=123
num_leaves=15
num_cat=1
split_feature=6 10 33 30 1 0 19 26 19 33 8 20 15 10
split_gain=21.6894 12.8734 15.8146 12.9167 13.1002 12.1218 11.9098 21.5387 12.987 14.8916 8.51758 8.51237 7.89905 7.74973
threshold=0 3.5500000000000003 0.011584813096571217 0.12828947368421054 -111.86918999999999 51.336044000000008 12.550000000000002 0.12517806267806272 10.350000000000003 0.018532818532818535 18.250000000000004 11.500000000000002 -1.9499999999999997 5.8500000000000005
decision_type=9 10 8 8 2 2 10 8 10 10 8 2 10 10
left_child=1 5 10 11 -5 -1 7 8 9 -2 12 -4 13 -3
right_child=6 2 3 4 -6 -7 -8 -9 -10 -11 -12 -13 -14 -15
leaf_value=0.057897537289885115 -0.040970025568725837 0.069804172140969054 -0.0063789502016306735 -0.045750747640564582 0.043609663495546153 -0.027979010573888699 -0.023303082846369214 -0.044164539461183913 0.12868146130021582 0.067344244628172581 -0.010086418936423055 0.083396953883357522 0.078735602630955442 -0.0061214079977268774
leaf_weight=4.2362625412642982 4.6253987327218073 4.8216950036585313 4.2025500759482401 13.286420702934267 4.854834619909524 18.382409602403641 73.964652426540852 8.0990576446056348 3.2073847129940978 6.495708841830492 4.4442395232617846 5.5458372756838799 22.320420064032078 7.607568696141243
leaf_count=29 43 18 33 145 23 185 762 83 17 27 24 16 80 46
internal_value=0.00361949 0.019962 0.0330381 0.0039609 -0.0208078 -0.0101248 -0.0124127 0.0176662 0.0532167 0.0226316 0.0531156 0.0477017 0.0612547 0.0263371
internal_weight=186.094 89.7022 67.0836 27.8896 18.1413 22.6187 96.3922 22.4275 14.3285 11.1211 39.1939 9.74839 34.7497 12.4293
internal_count=1531 599 385 217 168 214 932 170 87 70 168 49 144 64
cat_boundaries=0 1
cat_threshold=108544
is_linear=0
shrinkage=0.05


Tree=124
num_leaves=15
num_cat=1
split_feature=24 6 19 16 33 27 0 0 25 18 30 3 0 19
split_gain=22.3204 15.9015 16.1048 10.3674 8.37385 6.26469 5.5925 5.53594 6.14382 5.20717 6.18441 4.88254 6.37541 4.5639
threshold=1.5000000000000002 0 36.050000000000004 12.450000000000001 0.41428571428571431 0.35391260162601629 44.717211785000011 57.193717915000001 342.50000000000006 3.5500000000000003 0.52450980392156865 -0.64580103137750788 53.563335000000002 17.050000000000004
decision_type=2 9 8 8 10 8 2 2 10 10 8 2 2 8
left_child=1 2 5 -4 7 -1 -2 8 11 -5 -11 12 -3 -10
right_child=6 4 3 9 -6 -7 -8 -9 13 10 -12 -13 -14 -15
leaf_value=0.020451796801068695 0.02908742461554302 -0.024525919262769855 -0.028518731737606908 0.081626064585610406 0.063351447454853715 -0.032339737314859972 -0.038743289138009673 0.044392560962728984 -0.026780402394955341 0.051593518690061041 -0.0072668453695580934 -0.036592844295313003 0.043419054443723508 0.012422198947654834
leaf_weight=10.209986045956613 2.5961009860038748 8.5411216989159566 3.5029372237622738 12.423937942832707 3.0920629277825347 10.324784290045498 35.994064006954432 3.4818173646926871 9.0732682943344098 19.855247482657436 5.3887298814952365 29.390198292210698 4.4102075807750216 27.273962810635567
leaf_count=88 23 65 30 74 22 100 447 26 52 104 42 260 29 169
internal_value=-0.000215794 0.00870736 0.0255815 0.0473525 -0.00593695 -0.0063607 -0.0335606 -0.00998844 -0.0129216 0.0549632 0.0392307 -0.0256374 6.46044e-05 0.00218112
internal_weight=185.558 146.968 61.7056 41.1709 85.2626 20.5348 38.5902 82.1706 78.6888 37.6679 25.244 42.3415 12.9513 36.3472
internal_count=1531 1061 438 250 623 188 470 601 575 220 146 354 94 221
cat_boundaries=0 1
cat_threshold=462856
is_linear=0
shrinkage=0.05


Tree=125
num_leaves=15
num_cat=0
split_feature=33 1 1 25 1 10 12 2 0 28 9 27 0 12
split_gain=10.6329 13.2935 9.82252 9.57744 9.52264 9.21233 9.94669 8.23824 8.11002 8.64037 7.91438 9.16369 6.70378 6.55115
threshold=0.12761111111111115 -114.52443002 -121.93079499999997 380.50000000000006 -121.28823719999998 24.150000000000002 5.7500000000000009 0.86113431103781346 56.145060000000008 0.43992794486215542 6.0500000000000007 0.042892156862745105 54.30991190000001 5.7500000000000009
decision_type=8 2 2 10 2 10 8 2 2 10 10 10 2 10
left_child=1 2 3 -1 -4 7 -7 -3 9 10 11 -6 -2 -12
right_child=12 5 4 -5 8 6 -8 -9 -10 -11 13 -13 -14 -15
leaf_value=-0.029938121975637277 -0.0085640522794235181 -0.036094540375367454 0.073581056225730621 0.044961060296356631 0.09717372378342741 0.067776845425016718 -0.018153283206994251 0.019963179039205858 -0.02010916670646809 -0.027119885182325793 -0.041605969859025482 0.028775268111734139 -0.045523224129887109 0.036781075975457357
leaf_weight=14.854695133864881 44.768591579049826 31.219897381961346 9.5594076067209226 4.8732537701725951 7.6360998116433683 5.4908068329095823 6.3181881345808506 7.5348200425505629 9.285286393016575 4.8630858846008769 4.0527546331286413 14.390244815498589 16.251154407858849 4.6414575055241585
leaf_count=116 442 322 41 27 36 35 55 69 65 31 18 75 176 23
internal_value=-0.00205053 0.00631862 0.0196907 -0.0101598 0.0304983 -0.0132943 0.0239736 -0.0249676 0.0199154 0.0306237 0.0403314 0.055678 -0.0189825 -0.000281186
internal_weight=185.74 124.72 74.1563 19.7279 54.4283 50.5637 11.809 38.7547 44.8689 35.5836 30.7206 22.0263 61.0197 8.69421
internal_count=1531 913 432 143 289 481 90 391 248 183 152 111 618 41
is_linear=0
shrinkage=0.05


Tree=126
num_leaves=15
num_cat=1
split_feature=27 1 16 3 28 26 6 21 16 9 18 13 10 2
split_gain=29.2619 13.1588 7.36085 9.23627 6.25888 5.23127 5.78639 6.92662 8.86552 5.77838 6.40439 5.44019 5.39152 4.89108
threshold=0.49021464646464652 -68.325454499999992 28.750000000000004 -0.94137724084408114 0.1236607142857143 0.028174603174603179 0 1.5000000000000002 15.750000000000002 -9.7499999999999982 2.5500000000000007 2.9500000000000006 4.5500000000000007 -0.97876850416056738
decision_type=8 2 8 2 10 10 9 2 8 10 10 10 8 2
left_child=2 5 3 -1 -5 6 12 8 11 -9 -11 -8 -2 -10
right_child=1 -3 -4 4 -6 -7 7 9 13 10 -12 -13 -14 -15
leaf_value=0.05830894862088512 -0.030748748318218718 0.05798988172331318 -0.045941011761381156 0.00054056244229023522 -0.036568436592622079 -0.031802613177022737 0.00034336445432858737 0.0029278711593119133 0.045137705854844612 0.023467395122494326 0.10999926800156408 0.07035828576701196 0.0078161267105731277 -0.010924046777862607
leaf_weight=3.317143201828002 11.897089459002016 15.530406944453715 23.934423945844173 22.152739651501179 22.266202116385102 6.1557941734790793 4.0600548870861566 3.8917623236775389 3.633607584983106 4.4248036518692953 4.9024602733552456 7.8293362557888031 29.587416313588619 23.309815514832735
leaf_count=26 90 67 268 199 283 59 35 36 19 39 37 40 191 142
internal_value=0.00105852 0.0166144 -0.0238347 -0.0120355 -0.0184569 0.00965687 0.0126929 0.0215289 0.014223 0.0556223 0.0751963 0.0483308 -0.00300078 -0.00201876
internal_weight=186.893 115.223 71.6705 47.7361 44.4189 99.6921 93.5363 52.0518 38.8328 13.219 9.32726 11.8894 41.4845 26.9434
internal_count=1531 755 776 508 482 688 629 348 236 112 76 75 281 161
cat_boundaries=0 1
cat_threshold=198720
is_linear=0
shrinkage=0.05


Tree=127
num_leaves=15
num_cat=1
split_feature=6 4 25 3 15 15 18 20 8 27 2 18 18 31
split_gain=12.1899 9.44286 8.08981 12.589 19.3749 13.7399 12.4901 9.76464 8.68713 8.10148 7.84411 7.45985 14.6563 6.94752
threshold=0 0.0069901032900000007 56.500000000000007 0.67007489853957602 1.0500000000000003 3.8500000000000001 8.8500000000000032 1.5000000000000002 21.050000000000004 0.16121031746031747 -0.82897401153126982 4.6500000000000012 30.550000000000004 0.0094347826086956538
decision_type=9 2 8 2 8 8 10 2 8 10 2 8 8 8
left_child=2 -2 11 4 -4 10 7 -5 -7 -9 -6 -1 -13 -3
right_child=1 13 3 6 5 8 -8 9 -10 -11 -12 12 -14 -15
leaf_value=0.0036439727321925853 0.056520488356023982 -0.034726346271139089 -0.028744915315257802 0.079604983422324138 0.0024372914696039753 -0.035280999339190565 -0.03945764566320014 -0.027257706457498566 0.027800088133257812 0.051773468200311014 0.087022438454001039 0.088844995374937424 -0.018658020252032236 -0.0022194958636796588
leaf_weight=9.6467187926173228 3.4521447494626036 33.139349840581417 37.555536866188049 11.581918530166154 3.9365306235849848 9.6032382398843783 3.9763474389910689 5.471623629331587 10.25571785122156 5.6122398674488068 8.4919279813766462 10.488233026117083 3.9590984769165525 31.979771895334125
leaf_count=63 21 379 292 59 25 71 41 42 60 31 41 52 39 315
internal_value=0.00315327 -0.0126565 0.0122108 0.00656254 -0.00467818 0.0233379 0.0351335 0.0493337 -0.00293317 0.0137321 0.0624079 0.0385327 0.0600845 -0.0190374
internal_weight=189.15 68.5713 120.579 96.4851 69.843 32.2874 26.6421 22.6658 19.859 11.0839 12.4285 24.0941 14.4473 65.1191
internal_count=1531 715 816 662 489 197 173 132 131 73 66 154 91 694
cat_boundaries=0 1
cat_threshold=84544
is_linear=0
shrinkage=0.05


Tree=128
num_leaves=15
num_cat=1
split_feature=6 26 12 12 15 24 8 10 1 0 12 18 18 8
split_gain=17.121 10.0589 6.62732 5.7938 6.10573 5.42446 5.22024 5.16002 6.04259 5.68467 4.70116 4.67786 4.62983 8.49295
threshold=0 0.28402777777777782 9.3500000000000032 -21.099999999999998 -8.2499999999999982 74.000000000000014 8.0500000000000025 -2.0499999999999994 -121.28823719999998 56.030390500000003 -28.749999999999996 24.850000000000005 0.15000000000000005 -16.249999999999996
decision_type=9 8 10 8 10 2 8 10 2 2 10 8 10 8
left_child=1 2 3 10 -5 -2 -6 12 -9 11 -1 -10 -3 -14
right_child=5 7 -4 4 6 -7 -8 8 9 -11 -12 -13 13 -15
leaf_value=-0.016486107054109557 -0.026569319601272474 0.0075503912637431506 0.059394081952550637 -0.035312754564907581 0.031370455924814161 0.046164030769515897 -0.013764413315105445 0.056915611747825091 0.0039887372935698134 -0.041605456750215992 0.051648486267134489 0.043104784379522615 -0.00043018304585611843 0.085283313549600198
leaf_weight=3.4805518351495266 56.82774006575346 6.1711285486817387 2.8621217645704737 20.385017406195399 8.2601340934634262 1.796011772006749 19.787140015512705 6.3149698339402667 31.406631983816624 4.2583503909409037 5.602857153862713 9.2078437395393831 4.0320341661572456 9.1149598956108075
leaf_count=22 696 51 21 148 51 20 145 46 182 27 43 47 28 52
internal_value=0.000104107 0.010059 -0.00414228 -0.00826498 -0.0151883 -0.0202139 0.000150508 0.0235148 0.0146936 0.00764052 0.0264951 0.0136796 0.0450149 0.0608237
internal_weight=189.507 130.884 60.3778 57.5157 48.4323 58.6238 28.0473 70.5059 51.1878 44.8728 9.08341 40.6145 19.3181 13.147
internal_count=1579 863 430 409 344 716 196 433 302 256 65 229 131 80
cat_boundaries=0 1
cat_threshold=280608
is_linear=0
shrinkage=0.05


Tree=129
num_leaves=15
num_cat=1
split_feature=6 8 1 3 32 8 18 12 24 12 13 11 19 25
split_gain=10.4811 8.41608 4.22987 3.96475 3.73101 4.88447 3.82346 3.15765 4.51808 3.82444 2.96869 3.94556 2.72518 3.11826
threshold=0 -6.9499999999999993 -119.30894499999998 0.94066717844141279 0.10055210489993101 8.3500000000000032 21.900000000000006 -1.2499999999999998 1.0000000180025095e-35 7.2500000000000009 10.750000000000002 -6.049999999999998 44.250000000000007 1864.5000000000002
decision_type=9 10 2 2 8 10 8 10 2 10 10 10 10 8
left_child=4 2 -2 -3 6 -6 7 10 -9 -10 11 -1 13 -4
right_child=1 3 12 -5 5 -7 -8 8 9 -11 -12 -13 -14 -15
leaf_value=-0.0051623599414260318 -0.020585604120942024 -0.017910561018135016 0.050435888030843694 0.040428336796718735 0.041084453982218765 0.0074616445939235084 -0.02407597771504897 -0.011497281641508462 0.087524404872769745 0.00027771419373195662 -0.021941294462949179 0.054825110280077242 -0.0078694605558743483 0.0088656888179844667
leaf_weight=6.9054528437554854 5.960346773266795 84.229310393333435 9.8337134346365982 2.0956266745924941 23.823378499597311 20.069596599787474 8.0932367853820306 2.7552257440984276 3.3167627416551113 1.7805261723697183 7.1340368278324595 3.3860026597976685 4.896437879651784 8.6078215278685075
leaf_count=47 38 723 90 24 189 141 60 28 36 16 53 36 35 63
internal_value=0.00183245 -0.00757721 0.0145851 -0.0160476 0.0148955 0.0262194 0.00400544 0.0135703 0.0378897 0.0620922 0.00114955 0.0176817 0.0240442 0.0324865
internal_weight=192.887 115.623 29.2983 86.3249 77.2642 43.893 33.3712 25.278 7.85251 5.09729 17.4255 10.2915 23.338 18.4415
internal_count=1579 973 226 747 606 330 276 216 80 52 136 83 188 153
cat_boundaries=0 1
cat_threshold=262506
is_linear=0
shrinkage=0.05


Tree=130
num_leaves=15
num_cat=1
split_feature=6 28 26 29 19 27 10 25 4 2 27 23 26 27
split_gain=13.4274 8.72239 6.08576 4.80233 4.55975 5.70752 8.3424 3.81044 3.72556 3.57038 3.00207 2.83149 3.38586 2.74131
threshold=0 0.63194444444444453 0.017232645075638476 0.16851851851851854 20.050000000000004 0.40098039215686282 4.8500000000000005 255.00000000000003 0.22218584868000002 0.57782244426053786 0.10555555555555557 1.5000000000000002 0.11287262872628727 0.20416666666666669
decision_type=9 10 10 10 10 8 8 10 2 2 10 2 8 10
left_child=1 2 3 13 5 7 -7 8 -2 -3 -4 -12 -13 -1
right_child=4 9 10 -5 -6 6 -8 -9 -10 -11 11 12 -14 -15
leaf_value=0.0064793394027303705 -0.015278921726971048 0.084969575223834221 -0.0026059803433841735 0.048910518153979898 -0.019890854570610003 0.060641137738140949 -0.0035748177457725714 -0.034756410892186618 0.045883074924837029 0.011203616591573628 0.085727760073976589 0.053765278225757551 -0.0020705936780116142 -0.017218961203008944
leaf_weight=29.760838259011507 6.0412416309118289 5.0434509813785544 3.8507862612605122 3.8936396315693846 69.965774677693844 6.7414732798933983 14.293863404542209 11.848764542490242 2.8812824748456478 2.7195685729384422 2.7941825985908499 5.0245341807603809 4.8124325200915345 19.270066112279892
leaf_count=219 43 39 21 26 677 70 130 96 30 18 20 41 36 113
internal_value=-0.000545172 0.0143963 0.010143 0.00166215 -0.0111822 0.000904174 0.0188234 -0.0172739 0.00710531 0.0633551 0.0357227 0.0467416 0.0287789 -0.00299254
internal_weight=188.942 77.1695 69.4065 52.9245 111.772 41.8066 21.0353 20.7713 8.92252 7.76302 16.4819 12.6311 9.83697 49.0309
internal_count=1579 533 476 358 1046 369 200 169 73 57 118 97 77 332
cat_boundaries=0 1
cat_threshold=200712
is_linear=0
shrinkage=0.05


Tree=131
num_leaves=15
num_cat=0
split_feature=9 4 18 0 10 12 11 28 13 9 10 0 9 18
split_gain=14.3739 13.2091 11.4197 11.4999 9.58038 13.9099 19.7588 11.0049 18.9703 11.7772 11.2715 10.0733 9.26236 15.5731
threshold=-10.649999999999997 0.03245461923500001 39.850000000000009 56.954125000000012 -1.4499999999999997 -4.1499999999999995 -12.878571428571425 0.58143363728470121 17.550000000000004 11.950000000000001 30.850000000000005 44.997992980000006 3.4500000000000006 3.2500000000000004
decision_type=8 2 10 2 8 8 10 8 8 10 10 2 8 8
left_child=-1 -2 3 4 -3 6 -6 9 -9 12 -11 -10 13 -7
right_child=1 2 -4 -5 5 7 -8 8 11 10 -12 -13 -14 -15
leaf_value=-0.037984459300748903 -0.031789855688142049 0.081156745810060396 -0.042836635331027648 -0.043117944536967032 0.090756668911267491 0.050812771162027696 -0.029689346708084874 0.07763876037730004 0.052512560407442149 -0.043799819884079952 0.064098888448262725 -0.037780965994605599 0.055181005592957189 -0.042961289918183411
leaf_weight=20.815405026078224 20.107855528593063 4.7474327310919762 8.4238455444574338 7.3116975687444201 2.9103361703455475 9.0309304483234882 26.283852444961667 4.7452307865023613 2.7655909545719686 7.6006475239992124 2.4001707509160042 18.567737733945251 41.872645737603307 6.9591911993920812
leaf_count=267 198 38 96 77 11 40 249 27 13 76 10 180 229 68
internal_value=0.000155354 0.0052054 0.010569 0.0141868 0.0177723 0.0146944 -0.0150741 0.0240069 -0.00352658 0.034485 -0.0144316 -0.0242484 0.0430411 0.00987411
internal_weight=184.543 163.727 143.619 135.195 127.884 123.136 29.1942 93.9421 26.0786 67.8636 10.0008 21.3333 57.8628 15.9901
internal_count=1579 1312 1114 1018 941 903 260 643 220 423 86 193 337 108
is_linear=0
shrinkage=0.05


Tree=132
num_leaves=15
num_cat=1
split_feature=24 6 1 27 2 18 15 0 12 30 10 28 18 24
split_gain=18.7418 17.3437 16.8423 9.49535 7.98635 6.14259 5.60804 5.40624 17.5512 5.3781 5.25983 5.95413 6.14239 4.89573
threshold=3.5000000000000004 0 -79.376951999999974 0.32052068302068309 -0.26866367175705824 1.0500000000000003 -9.6499999999999968 55.979731275000006 -19.949999999999996 0.38194444444444448 28.750000000000004 0.26458333333333339 1.7500000000000002 1.0000000180025095e-35
decision_type=2 9 2 8 2 8 8 2 10 8 8 10 8 2
left_child=1 2 4 10 5 -1 -7 -5 -9 -6 11 13 -13 -3
right_child=-2 3 -4 7 9 6 -8 8 -10 -11 -12 12 -14 -15
leaf_value=-0.020807688551673614 -0.043379204931778902 0.041558867030676044 0.086904718052610519 -0.026938358444685853 -0.021310949346521668 -0.0060723198484833683 0.055401466591209925 -0.041177832167082547 0.09010836884663237 0.029408090839756887 -0.031327889562318703 0.042589624582207969 -0.036134017248306373 -0.0019665926470156317
leaf_weight=3.7591285333037403 21.902038842439651 19.019851099699739 9.2342864535748941 52.107106797397137 16.00699840113521 4.3725623898208141 18.13786876574159 5.1720472574234009 3.365309111773966 6.5730029791593543 5.9462592527270308 2.4921080805361244 7.9557467885315427 9.4099740497767907
leaf_count=29 299 110 48 512 128 37 106 52 24 53 38 16 50 77
internal_value=-0.00100591 0.00489763 0.0242936 -0.00749027 0.0158254 0.0340532 0.04371 -0.0209495 0.0145952 -0.00592569 0.00914454 0.0159651 -0.0152762 0.0275751
internal_weight=185.454 163.552 58.0838 105.468 48.8496 26.2696 22.5104 60.6445 8.53736 22.58 44.8239 38.8777 10.4479 28.4298
internal_count=1579 1280 401 879 353 172 143 588 76 181 291 253 66 187
cat_boundaries=0 1
cat_threshold=459776
is_linear=0
shrinkage=0.05


Tree=133
num_leaves=15
num_cat=1
split_feature=6 9 16 29 18 24 32 25 10 12 31 28 24 3
split_gain=12.3629 11.8641 9.16282 11.6318 10.8525 10.1512 10.1266 12.1037 8.90916 18.3998 11.0165 9.99641 9.20757 7.19677
threshold=0 -34.199999999999996 12.350000000000003 0.1025320512820513 1.3500000000000003 1.0000000180025095e-35 0.085317460317460334 574.50000000000011 16.750000000000004 0.25000000000000006 1.0000000180025095e-35 0.57766848213376776 1.5000000000000002 0.86004965528756494
decision_type=9 8 8 8 10 2 10 10 10 8 8 10 2 2
left_child=1 -1 4 5 -2 6 7 -4 11 10 -10 -3 -13 -6
right_child=2 8 3 -5 13 -7 -8 -9 9 -11 -12 12 -14 -15
leaf_value=0.072474199620676222 -0.015841453063540012 -0.035620679197344178 0.080968114080014628 -0.033549314445796299 0.088459174811373442 -0.0059521828693048897 -0.0077965826170466592 -0.010174007817337816 0.10083496605497128 -0.017615380226514363 0.0017724438606242952 -0.034472168740923521 0.083922535143085231 0.016472830599828778
leaf_weight=2.9803387187421322 5.4775981381535557 50.013591062277555 13.125850707292562 14.184242043644188 9.3778123371303064 26.028864424675703 8.2113720215857011 4.6310602538287631 5.2464713789522621 31.590218462049961 5.1623372025787839 2.1820073127746573 2.7141718305647373 6.0373780503869048
leaf_count=16 49 525 73 152 60 186 56 40 31 264 38 19 23 47
internal_value=8.35217e-05 -0.0113623 0.0130071 0.00512544 0.0425402 0.0161095 0.0376233 0.0579228 -0.015815 0.00155111 0.0561658 -0.0288881 0.0342615 0.0629867
internal_weight=186.963 99.8891 87.0742 66.1814 20.8928 51.9971 25.9683 17.7569 96.9088 41.999 10.4088 54.9098 4.89618 15.4152
internal_count=1579 916 663 507 156 355 169 113 900 333 69 567 42 107
cat_boundaries=0 1
cat_threshold=157770
is_linear=0
shrinkage=0.05


Tree=134
num_leaves=15
num_cat=0
split_feature=27 1 17 4 16 0 1 19 15 1 16 4 24 18
split_gain=23.4168 9.84972 6.75216 6.57535 6.25296 5.85724 8.91655 11.5363 8.55642 6.81591 6.70982 6.67926 5.54014 5.43708
threshold=0.49021464646464652 -68.325454499999992 15.500000000000002 3.3922770451200006 17.100000000000005 49.793200555000006 -109.98993249999999 34.050000000000004 -3.8499999999999992 -114.11687899499998 27.850000000000005 0.48497761498000008 1.5000000000000002 3.0500000000000007
decision_type=8 2 10 2 10 2 2 8 10 2 10 2 2 8
left_child=2 3 -1 5 13 -2 7 12 -8 11 -11 -9 -7 -4
right_child=1 -3 4 -5 -6 6 8 9 -10 10 -12 -13 -14 -15
leaf_value=-0.029772302075427276 -0.0068930795392407491 0.048029110693667637 0.087635803606215923 -0.031612525427500544 -0.023575767221724248 -0.029624469566763081 0.087973320565464377 -0.0043959448013804973 0.0029884394910565468 0.092632943816811864 0.0098810818829145816 0.064102957039914574 0.0222844363324586 0.0014496299979738997
leaf_weight=57.635663671419024 29.095888838171959 16.750762656331062 2.4338312782347185 8.7803702019155008 6.4205060005187988 17.076407343149189 7.2185742557048798 14.674806583672764 4.7436758838593942 5.9355839155614394 4.194992370903492 3.6519343480467787 6.3449945375323287 3.991163931787014
leaf_count=660 186 74 24 68 60 132 47 127 29 27 29 23 59 34
internal_value=7.82563e-05 0.0136218 -0.0225584 0.00754316 0.00962174 0.0115396 0.0199172 0.0104251 0.0571027 0.0313366 0.0623324 0.0118642 -0.0152254 0.0415033
internal_weight=188.949 118.468 70.4812 101.717 12.8455 92.9369 63.841 51.8787 11.9623 28.4573 10.1306 18.3267 23.4214 6.425
internal_count=1579 801 778 727 118 659 473 397 76 206 56 150 191 58
is_linear=0
shrinkage=0.05


Tree=135
num_leaves=15
num_cat=1
split_feature=6 14 17 12 25 22 22 14 32 18 19 13 33 26
split_gain=16.1448 11.2377 11.4552 12.4928 10.6925 10.3124 10.1293 7.14526 7.93677 7.1015 8.66855 9.91577 5.99036 5.7988
threshold=0 18.505000000000003 13.500000000000002 -8.9499999999999975 165.50000000000003 36.500000000000007 1.5000000000000002 20.045000000000005 0.1384943181818182 32.100000000000009 70.050000000000026 12.950000000000001 1.0000000180025095e-35 0.50925925925925941
decision_type=9 8 10 10 8 2 2 8 10 10 10 10 8 8
left_child=1 2 4 -4 6 -2 -1 -3 13 10 11 12 -8 -9
right_child=5 7 3 -5 -6 -7 9 8 -10 -11 -12 -13 -14 -15
leaf_value=-0.042463943402427984 -0.033302972435833807 0.067016965233272566 0.051718125602358826 -0.008046293496777511 -0.023858913835989624 0.058279637238171624 0.086414565388695366 -0.044549360677329904 0.069382899216462401 -0.03696397635952306 0.083786946519971206 -0.016685156005986326 0.0038870192280046918 0.021291816001168726
leaf_weight=5.8166237771511069 45.402320548892021 10.736754480749367 18.811894960701466 15.22944665327668 46.901650559157133 2.3942452669143668 4.5878505744040092 4.8537883572280416 3.6444885842502108 3.1456022039055815 5.7326412275433531 10.110993061214684 3.7876094803214082 6.8631791509687909
leaf_count=58 519 52 107 115 412 15 17 32 14 40 38 76 41 43
internal_value=-0.000758675 0.00796254 0.00163881 0.0255141 -0.00869948 -0.0229183 0.0127994 0.0374729 0.0139894 0.0256291 0.0349021 0.0162211 0.0534887 -0.00734146
internal_weight=188.019 140.223 114.124 34.0413 80.083 47.7966 33.1813 26.0982 15.3615 27.3647 24.2191 18.4865 8.37546 11.717
internal_count=1579 1045 904 222 682 534 270 141 89 212 172 134 58 75
cat_boundaries=0 1
cat_threshold=84041
is_linear=0
shrinkage=0.05


Tree=136
num_leaves=15
num_cat=0
split_feature=27 25 0 27 8 9 24 32 13 9 13 10 17 13
split_gain=10.535 8.11168 6.66468 6.83062 7.14213 6.12104 5.5727 6.03674 5.31171 13.1073 6.03572 6.41645 5.84939 12.2661
threshold=0.21817815839554974 165.50000000000003 52.110402500000006 0.37434210526315798 17.250000000000004 -0.44999999999999996 1.0000000180025095e-35 0.048809523809523817 24.150000000000002 5.9500000000000011 -0.44999999999999996 0.65000000000000002 14.500000000000002 18.050000000000004
decision_type=8 10 2 10 8 10 2 10 10 8 8 8 10 8
left_child=1 -1 3 4 5 -2 -3 -8 10 -10 -4 -12 -13 -14
right_child=2 6 8 -5 -6 -7 7 -9 9 -11 11 12 13 -15
leaf_value=-0.042241269622621369 0.013379616971899997 -0.019639429379518146 0.048523984285887778 -0.027274844732022952 0.043186138463235609 -0.028873456748239348 -0.008858951726564309 0.054601926705075465 0.11651717337785583 0.011660860422538236 -0.031587303843874273 -0.0010419822953571911 0.075616457500747317 -0.037662246439629288
leaf_weight=22.359480563551188 19.344363391399384 21.402924560010433 7.3576957136392593 21.850263185799122 9.1817606221884471 13.8457615673542 7.8191056549549085 5.8045180216431618 3.3879410736262781 10.120040480047463 9.8241524249315262 24.240759681910276 6.9494458511471731 2.6977391429245472
leaf_count=234 130 167 51 188 79 115 70 46 22 84 92 189 54 18
internal_value=-0.00177979 -0.0194105 0.00616449 -0.00521257 0.00653101 -0.00457584 -0.00406836 0.0200642 0.0173859 0.0441784 0.00958687 0.00209423 0.0124841 0.0433771
internal_weight=186.186 57.386 128.8 64.2221 42.3719 33.1901 35.0265 13.6236 64.5778 13.508 51.0698 43.7121 33.8879 9.64718
internal_count=1539 517 1022 512 324 245 283 116 510 106 404 353 261 72
is_linear=0
shrinkage=0.05


Tree=137
num_leaves=15
num_cat=1
split_feature=6 25 32 4 3 4 2 10 10 27 25 10 1 16
split_gain=9.075 5.65044 5.56529 5.42153 4.60962 6.58801 4.13275 4.42781 3.46107 2.48255 2.47972 2.40523 2.57488 2.51689
threshold=0 22.500000000000004 0.062916666666666676 0.23699454760000002 0.86869874770991873 0.22218584868000002 0.85226249403558707 21.350000000000005 -3.9499999999999997 0.25320512820512825 103.50000000000001 -4.1499999999999995 -120.67148049999999 29.950000000000003
decision_type=9 8 8 2 2 2 2 10 8 8 8 10 2 10
left_child=1 2 -1 6 11 10 7 8 -3 -7 -6 12 -2 -13
right_child=4 3 -4 -5 5 9 -8 -9 -10 -11 -12 13 -14 -15
leaf_value=0.0017688603143594722 -0.020569375595380777 0.0047767102196781541 0.088839683842105388 -0.0060216092008269825 -0.032903596059967691 0.0036454345837608829 -0.0091585949637600222 0.0014805142650598799 0.07117333341616365 0.070436260606898046 0.0082169251948932664 -0.019753492892839238 0.014276890679901275 -0.0013143521488096107
leaf_weight=2.9334938935935488 6.8555621281266239 2.6700849868357182 4.0935360565781593 22.379432592540979 4.4654295668005952 2.046727266162633 5.1598590798676005 5.2109385207295409 8.4207500293850952 4.2574195861816406 10.295254305005074 70.987197525799274 15.376714024692772 25.111621547490358
leaf_count=29 48 21 35 159 29 24 35 43 78 40 75 574 115 234
internal_value=-0.0006807 0.0155088 0.0572398 0.0111513 -0.0072455 0.0133425 0.0285294 0.0402983 0.0569057 0.0522196 -0.00552134 -0.0115988 0.0031088 -0.0149983
internal_weight=190.264 50.8681 7.02703 43.8411 139.396 21.0648 21.4616 16.3018 11.0908 6.30415 14.7607 118.331 22.2323 96.0988
internal_count=1539 400 64 336 1139 168 177 142 99 64 104 971 163 808
cat_boundaries=0 1
cat_threshold=4427
is_linear=0
shrinkage=0.05


Tree=138
num_leaves=15
num_cat=1
split_feature=6 0 20 0 1 3 27 17 8 16 9 10 12 12
split_gain=12.426 8.51746 5.76971 5.98032 5.56715 4.43187 6.4099 4.10101 3.79531 3.68207 3.65501 3.37446 3.11558 2.87034
threshold=0 51.433145000000003 13.500000000000002 51.868546050000013 -114.42124099999999 -0.57782411410281842 0.41853464963221071 13.500000000000002 21.050000000000004 12.050000000000002 0.25000000000000006 9.7500000000000018 0.15000000000000005 -34.04999999999999
decision_type=9 2 2 2 2 2 10 8 8 10 10 10 8 8
left_child=2 -2 4 -4 -1 -3 10 8 -6 -8 13 -5 -13 -7
right_child=1 5 3 11 7 6 9 -9 -10 -11 -12 12 -14 -15
leaf_value=-0.013762180230234356 -0.030191420333229399 -0.021070583767877432 0.049541441251703983 -0.020135390993858457 0.03650684877476023 -0.036594054803271769 0.011094695295278859 -0.014604849672206356 -0.012428223538840422 0.068733464348321185 -0.036959831432559986 0.060431363758188722 -0.0071022579823726483 0.0093763222201281408
leaf_weight=21.830148059874773 38.331527234986424 18.152501463890076 18.379601038992408 6.1536577492952329 20.282581459730864 2.8594580143690109 6.3856075368821603 6.6765140518546096 4.3437442407012048 4.6272688247263432 5.5609720945358267 2.6472137942910194 2.8589326292276382 27.786344941705469
leaf_count=136 389 159 118 40 165 18 51 47 30 47 47 20 20 252
internal_value=0.000304288 -0.0107767 0.0137332 0.0325087 0.00525077 -0.000732946 0.00736022 0.0185257 0.0277272 0.0390184 -0.003059 0.00386714 0.0296641 0.00406616
internal_weight=186.876 103.704 83.1724 30.0394 53.133 65.3722 47.2197 31.3028 24.6263 11.0129 36.2068 11.6598 5.50615 30.6458
internal_count=1539 963 576 198 378 574 415 242 195 98 317 80 40 270
cat_boundaries=0 1
cat_threshold=200777
is_linear=0
shrinkage=0.05


Tree=139
num_leaves=15
num_cat=1
split_feature=2 6 27 2 2 9 11 25 2 2 4 13 15 10
split_gain=14.8071 10.8604 14.4558 12.1428 18.2752 13.8223 13.2813 13.7096 10.822 11.631 9.57174 9.33292 9.31392 9.1786
threshold=0.95752911693909493 0 0.65714798850574729 0.67802080537253961 0.55656748448714433 11.850000000000003 16.407142857142862 103.50000000000001 -0.814291907305839 -0.93545489084327571 0.0091263690749999998 12.950000000000001 -18.549999999999997 26.950000000000003
decision_type=2 9 10 2 2 8 10 8 2 2 2 8 10 8
left_child=1 3 -3 4 5 6 8 -8 9 -1 -10 -2 -13 -5
right_child=11 2 -4 13 -6 -7 7 -9 10 -11 -12 12 -14 -15
leaf_value=-0.0074087576407153594 -0.01294308125796975 -0.031505528079395238 0.039686468678775261 -0.045457430235665723 0.075320116029997802 -0.035528199103354655 0.12732972650075666 0.010181400442778973 0.064546917688327737 0.060640180597583027 -0.025949039865781561 0.097785962294203152 0.01575010319483822 0.040723960910431747
leaf_weight=11.16610084846616 5.2783538065850735 50.215569825842977 7.4088613279163829 14.643538184463976 10.029610358178614 14.791522931307552 4.0811021700501415 5.286567699164153 2.3497373387217619 12.796270437538615 23.799532637000084 7.3173818923532981 6.703415684401989 3.0219497904181507
leaf_count=74 51 593 64 144 40 149 9 37 13 57 236 23 32 17
internal_value=0.00181257 -0.00328369 -0.0186501 0.00666154 0.0152385 0.00623217 0.017033 0.0685768 0.00624444 0.0299039 -0.0157392 0.0420407 0.0622239 -0.0293229
internal_weight=178.89 159.59 57.6244 101.966 84.3004 74.2708 59.4793 9.36767 50.1116 23.9624 26.1493 19.2992 14.0208 17.6655
internal_count=1539 1433 657 776 615 575 426 46 380 131 249 106 55 161
cat_boundaries=0 1
cat_threshold=129024
is_linear=0
shrinkage=0.05


Tree=140
num_leaves=15
num_cat=1
split_feature=24 27 7 21 0 2 15 2 23 12 15 33 20 0
split_gain=20.0479 13.6771 10.3754 8.28239 7.68512 10.0589 7.1382 6.56783 11.5255 7.37217 9.14339 4.9036 3.988 6.32519
threshold=1.0000000180025095e-35 0.40098039215686282 0 14.500000000000002 56.37539979000001 -0.50556189049999822 -10.949999999999998 -0.50556189049999822 6.5000000000000009 3.2500000000000004 2.7500000000000004 0.0048440065681444999 2.5000000000000004 50.505144500000007
decision_type=2 8 1 2 2 2 10 2 2 8 10 10 2 2
left_child=1 7 6 -2 -4 -6 -3 8 12 11 -11 -9 13 -1
right_child=3 2 4 -5 5 -7 -8 9 -10 10 -12 -13 -14 -15
leaf_value=0.071946090071367472 -0.027097475569890186 -0.026951546373461234 -0.028080451779406351 0.054646975043663039 0.095241929025807151 -0.016235066778974416 0.049880646441426688 -0.022925770189573588 -0.018475673595841048 0.084574500567231051 0.0017810409133741372 0.024544115871765287 0.079049992270044889 -0.0043897358995505491
leaf_weight=4.0813925266265922 60.336381249129772 3.4090151526033887 35.070720130577683 2.3518197685480109 2.2235766761004925 4.8132499866187564 10.247300833463667 13.758353147655727 5.2419258579611769 5.4137096181511861 7.0380562022328377 7.6502244137227526 12.588786099106072 5.5933113843202591
leaf_count=20 703 38 309 16 17 41 70 88 25 28 30 59 69 26
internal_value=-0.000612281 0.011582 -0.00630768 -0.0232209 -0.0185638 0.0264583 0.0301708 0.0276791 0.045448 0.0123555 0.0413888 -0.00562439 0.060646 0.0315366
internal_weight=179.818 117.13 55.7639 62.6882 42.1075 7.03683 13.6563 61.3658 27.5054 33.8603 12.4518 21.4086 22.2635 9.6747
internal_count=1539 820 475 719 367 58 108 345 140 205 58 147 115 46
cat_boundaries=0 1
cat_threshold=2
is_linear=0
shrinkage=0.05


Tree=141
num_leaves=15
num_cat=0
split_feature=33 0 0 0 19 2 15 12 1 31 11 9 12 9
split_gain=11.4763 11.1382 11.8954 11.4701 9.95546 9.58145 11.5835 9.03596 8.064 6.13606 6.08854 7.87598 13.0366 6.71858
threshold=0.085622710622710638 53.529862500000007 51.591297850000011 52.293305000000011 52.750000000000007 0.52766072109828632 -5.2499999999999991 10.450000000000001 -120.14002999999998 0.1223646723646724 17.428571428571434 5.1500000000000012 0.8500000000000002 -10.649999999999997
decision_type=8 2 2 2 10 2 10 10 2 10 8 10 8 8
left_child=8 2 4 -4 -2 7 -7 -6 9 -1 11 13 -13 -10
right_child=1 -3 3 -5 5 6 -8 -9 10 -11 -12 12 -14 -15
leaf_value=0.036647187765869803 -0.039903589449378309 -0.040292265350168416 0.10229451500223036 -0.0070450468115616704 -0.04237304373912993 -0.01325310355577502 0.11254296908092642 0.060316292860302427 0.024370555520718155 -0.0034417415768805688 -0.031571001284208144 0.094360902161816029 0.0056070674312244974 -0.019556762044417742
leaf_weight=35.26667719706893 15.69069652631879 25.733326194807887 4.0433110594749433 4.3444692678749561 7.2425560317933542 2.9117824994027615 3.1921910457313052 1.9396292120218275 11.514622401446102 12.735412199050186 11.780229039490221 4.911042682826519 14.257782343775036 27.8169572558254
leaf_count=193 176 272 30 45 89 26 18 18 99 83 113 28 105 244
internal_value=0.001335 -0.0153849 0.0014923 0.050944 -0.0130724 0.0152279 0.059116 -0.0168878 0.0105888 0.026158 -0.000262904 0.00646625 0.0318969 -0.00641131
internal_weight=183.381 65.098 39.3646 8.38778 30.9769 15.2862 6.10397 9.18219 118.283 48.0021 70.2806 58.5004 19.1688 39.3316
internal_count=1539 674 402 75 327 151 44 107 865 276 589 476 133 343
is_linear=0
shrinkage=0.05


Tree=142
num_leaves=15
num_cat=1
split_feature=28 6 0 20 9 13 0 0 0 18 4 1 0 9
split_gain=22.4901 14.6374 11.6144 7.97317 7.02746 7.22639 10.5043 5.99822 7.23658 10.1157 5.31677 3.93304 10.3611 3.84949
threshold=0.13361823361823363 0 45.176331500000011 51.500000000000007 13.050000000000002 10.050000000000002 49.828075000000005 54.04207000000001 56.107204500000009 11.900000000000002 0.11528734911000001 -81.658867499999985 49.991552000000006 6.9500000000000011
decision_type=10 9 2 2 10 8 2 2 2 8 2 2 2 8
left_child=1 3 10 7 5 6 -4 -1 9 -9 -3 12 -7 -11
right_child=-2 2 4 -5 -6 11 -8 8 -10 13 -12 -13 -14 -15
leaf_value=-0.021651137523916106 -0.03574640822584426 0.026735037987822504 -0.016567344917598575 0.067389089785000633 -0.026134060211363254 -0.0070784032995740362 0.077077112763419303 -0.0055536283945836181 -0.018793648382403452 0.090897302135801133 -0.044947916001786131 0.071139584975499354 0.075282145301806061 0.01414040171203648
leaf_weight=48.779000099748373 38.694995149970055 3.1685843132436258 9.7397786639630812 2.4236175231635562 3.3535625077784053 7.8016499318182451 3.1743957325816146 10.827823594212534 15.780074510723351 4.6846680752933016 6.3833415918052197 17.852526612579823 6.1987030282616615 2.8892829529941082
leaf_count=400 493 20 68 17 27 53 23 105 132 28 44 75 31 23
internal_value=-0.00243456 0.00676144 0.0237419 -0.00681009 0.0376794 0.0429264 0.0103363 -0.0105657 0.00541958 0.0260816 -0.0208889 0.0554226 0.0319747 0.0666807
internal_weight=181.752 143.057 57.6725 85.3845 48.1206 44.7671 12.9142 82.9608 34.1818 18.4018 9.55193 31.8529 14.0004 7.57395
internal_count=1539 1046 341 705 277 250 91 688 288 156 64 159 84 51
cat_boundaries=0 1
cat_threshold=493640
is_linear=0
shrinkage=0.05


Tree=143
num_leaves=15
num_cat=1
split_feature=6 14 9 14 28 2 24 0 1 12 14 12 33 14
split_gain=16.8994 8.879 14.1969 13.5807 10.3978 9.36841 6.83752 6.22426 10.8138 6.03619 8.50624 6.84838 5.95874 8.10924
threshold=0 19.29666666666667 5.1500000000000012 20.045000000000005 0.3320802005012532 -0.63921128368950708 1.5000000000000002 49.753999000000007 -104.33978449999999 -21.099999999999998 -8.8680000000000003 -28.749999999999996 0.19962406015037595 4.3577586206896557
decision_type=9 10 10 10 10 2 2 2 2 8 10 8 8 10
left_child=7 2 5 -3 -4 6 -2 -1 -9 10 11 -7 -11 -14
right_child=1 3 4 -5 -6 9 -8 8 -10 12 -12 -13 13 -15
leaf_value=-0.045346095827260402 -0.030993875200310536 0.092455399712975284 -0.037925540762089489 -0.0036303765547752473 0.031875497878464887 0.051454434966768915 0.034155424753409207 -0.017901870275773023 0.06915273364644603 0.048904292916018083 -0.043742670682451773 -0.021480167242459429 -0.0098768369367489388 0.054224453934111273
leaf_weight=17.667520930990577 13.438852597028019 7.174251873046158 22.061363849788908 6.5524017587304115 6.1078380942344657 7.6164845861494541 4.6617167070507994 37.965673685073853 2.9428035095334044 30.380369832739234 5.8519893363118163 4.4229975678026694 13.267973385751249 6.634821541607379
leaf_count=253 130 24 182 35 39 41 37 393 17 165 46 40 100 37
internal_value=0.00207513 0.011935 0.00807891 0.049457 -0.0222169 0.0181118 -0.0133052 -0.0182736 -0.0101388 0.0265249 0.0014369 0.0250677 0.0352495 0.0130639
internal_weight=186.747 128.171 114.444 13.7267 28.1692 86.2752 18.1006 58.576 40.9085 68.1746 17.8915 12.0395 50.2832 19.9028
internal_count=1539 876 817 59 221 596 167 663 410 429 127 81 302 137
cat_boundaries=0 1
cat_threshold=405768
is_linear=0
shrinkage=0.05


Tree=144
num_leaves=15
num_cat=1
split_feature=6 4 0 31 18 18 0 9 25 24 29 33 18 12
split_gain=16.5538 10.0418 7.28527 7.24896 6.82841 5.77084 8.41936 8.21326 5.65188 8.58562 8.15281 8.12411 5.40443 5.18975
threshold=0 0.62461575324000007 55.81944450000001 0.18688725490196081 7.8500000000000014 0.45000000000000007 46.257888300000005 -1.9499999999999997 2581.0000000000005 6.5000000000000009 0.0096880131362889997 0.018532818532818535 6.8500000000000014 -29.049999999999997
decision_type=9 2 2 10 10 8 2 8 8 2 8 8 8 8
left_child=1 2 3 5 -4 7 -7 -1 9 -2 11 -11 -10 -8
right_child=8 -3 4 -5 -6 6 13 -9 12 10 -12 -13 -14 -15
leaf_value=0.033135652489896139 -0.035121254692679425 -0.038675270104013448 -0.039514157220087387 -0.027389117817140519 0.037962417870987995 -0.012072848733947743 -0.012374870237824914 -0.037430541201045053 0.033068444390289317 0.045581616112519777 -0.036831978108990499 -0.037484676966146532 -0.020590162392036919 0.045285865525379464
leaf_weight=7.4509153924882412 51.690333602949977 7.8282654806971541 8.8484829291701299 5.8962071090936652 3.0987984836101523 8.269170578569172 3.8259801492094994 7.0539315640926343 8.6852826811373252 10.41171445325017 7.358979418873786 3.1240258868783721 8.1703932620584947 48.388806656002998
leaf_count=36 594 52 73 34 16 47 23 43 72 86 84 46 87 263
internal_value=-0.00199744 0.0114605 0.0172767 0.0226497 -0.0180389 0.0268928 0.0335858 -0.00138256 -0.016541 -0.0243643 0.00263529 0.0251502 0.00736222 0.0409077
internal_weight=190.101 100.661 92.8323 80.885 11.9473 74.9888 60.484 14.5048 89.4407 72.5851 20.8947 13.5357 16.8557 52.2148
internal_count=1556 587 535 446 89 412 333 79 969 810 216 132 159 286
cat_boundaries=0 1
cat_threshold=18432
is_linear=0
shrinkage=0.05


Tree=145
num_leaves=15
num_cat=1
split_feature=6 13 24 1 25 14 33 33 32 10 12 11 12 3
split_gain=8.9249 6.3173 5.1387 3.78208 3.44811 3.36158 3.13396 3.52259 3.10754 5.24294 6.10656 5.67955 4.39234 4.12451
threshold=0 1.2000000000000004 1.0000000180025095e-35 -66.794485499999993 178.50000000000003 -12.093333333333332 0.19485930735930737 0.30625000000000008 0.10055210489993101 -1.8499999999999999 -8.9499999999999975 13.335714285714287 -1.2499999999999998 -0.63257203029273779
decision_type=9 10 2 2 8 10 8 8 8 10 10 10 10 2
left_child=2 -2 3 4 -1 -3 -7 -8 12 -10 -11 -12 -4 -14
right_child=1 5 8 -5 -6 6 7 -9 9 10 11 -13 13 -15
leaf_value=-0.037333680091618943 0.015524677759830309 0.023754086740028869 -0.0039102756018107691 0.034703060747693797 0.0019515744212573048 -0.024203662691980855 0.040011213075825898 -0.010109970290153984 0.079451696846314965 -0.019656778336691293 0.07530547793086162 0.0069700716242340269 0.011663647179123771 0.088218115210456291
leaf_weight=6.9951038099825444 20.605646349489689 4.6106103509664527 15.976256813853981 4.7914118021726599 18.231038171797991 54.114736828953028 2.8987043872475615 34.881192807108164 4.8458624482154873 5.3385545238852545 5.2545984387397731 6.3583012148737907 5.2192494533956051 1.9781537987291802
leaf_count=53 163 39 120 33 152 466 32 274 40 30 46 44 41 23
internal_value=-5.06974e-06 -0.00836813 0.012456 -0.00193362 -0.00995022 -0.0144348 -0.0165859 -0.00533178 0.0246035 0.0378186 0.0221541 0.0414095 0.011123 0.0408991
internal_weight=192.099 117.111 74.9885 30.0176 25.2261 96.5052 91.8946 37.7799 44.971 21.7973 16.9515 11.6129 23.1737 7.1974
internal_count=1556 974 582 238 205 811 772 306 344 160 120 90 184 64
cat_boundaries=0 1
cat_threshold=262442
is_linear=0
shrinkage=0.05


Tree=146
num_leaves=15
num_cat=1
split_feature=7 0 14 0 12 11 32 17 18 25 25 32 15 28
split_gain=12.4175 4.46702 4.88702 3.86602 4.60726 5.81214 6.81342 4.42194 3.7534 3.29593 3.2457 2.96167 3.34205 2.87513
threshold=0 54.830660500000008 6.3730459770114951 49.828075000000005 1.4500000000000002 15.616666666666669 0.1056547619047619 13.500000000000002 3.350000000000001 11.500000000000002 29.500000000000004 0.052638888888888895 -27.649999999999995 0.50219298245614052
decision_type=1 2 8 2 8 8 8 10 10 10 8 8 8 8
left_child=3 -2 9 4 7 -6 -7 -1 -5 -3 -4 12 -11 -10
right_child=1 2 10 8 5 6 -8 -9 13 11 -12 -13 -14 -15
leaf_value=0.054221729971326751 -0.020536465049505421 -0.0087944004604492265 0.023349082767290294 0.016265130995063947 -0.024508267138241491 0.046493944690041505 -0.027559723083493727 -0.0087673997235188095 -0.026941444854520859 0.048080510994615695 -0.023049105587604646 0.059841449737930111 -0.013971172112397623 0.013437057062958732
leaf_weight=13.983855940401556 68.091896064579487 6.7769466526806381 3.7613988183438805 20.621512483805418 7.7551460340619087 10.281191319227219 3.5269106402993211 3.1110816001892081 12.477251011878254 2.5089227519929409 19.636128511279821 4.8405413590371618 4.8611595220863792 5.8103391900658599
leaf_count=95 663 53 37 146 49 68 21 19 80 23 161 58 37 46
internal_value=-0.00197713 -0.0126971 7.98984e-05 0.0132583 0.0242467 0.00820685 0.0269951 0.0429074 0.00200684 0.0184083 -0.0149388 0.0330287 0.0103731 -0.0140809
internal_weight=188.044 110.477 42.3851 77.5673 38.6582 21.5632 13.8081 17.0949 38.9091 18.9876 23.3975 12.2106 7.37008 18.2876
internal_count=1556 1032 369 524 252 138 89 114 272 171 198 118 60 126
cat_boundaries=0 1
cat_threshold=2
is_linear=0
shrinkage=0.05


Tree=147
num_leaves=15
num_cat=0
split_feature=13 13 19 12 13 29 28 28 30 2 12 10 2 12
split_gain=12.2202 13.7411 10.1896 15.6395 20.9058 14.7189 12.3479 11.4467 10.5438 9.88437 9.18863 9.00779 8.70733 16.5552
threshold=2.1000000000000005 3.2500000000000004 71.300000000000011 -1.5499999999999998 17.550000000000004 0.0088904694167852068 0.24010025062656645 0.46664285714285719 0.31534090909090912 0.98372640911059162 -34.849999999999987 8.0500000000000025 -0.89015004145349408 -7.7499999999999991
decision_type=8 8 10 10 8 10 10 10 10 2 8 8 2 8
left_child=-1 -2 3 5 -5 9 -6 -8 -4 10 -3 -7 13 -12
right_child=1 2 8 4 6 11 7 -9 -10 -11 12 -13 -14 -15
leaf_value=-0.044155983328225637 0.082379129121781067 0.049215087221508136 -0.031250961357204163 0.1048034615588011 0.0004857106226674111 0.070582547098984968 0.075010932744791869 -0.0039167007700530287 0.041800113764700331 0.031173123147932282 0.089290513048240205 -0.014127722349034847 -0.0468603100572548 -0.030873034063436666
leaf_weight=11.819767959415911 4.7621128521859664 2.8020705208182335 29.797025730833411 6.7291373908519745 39.472296392545104 7.6642003506422025 12.554488539695742 6.8043545223772517 4.9858056046068659 7.7450506389141074 2.9560891054570675 4.4686301872134209 30.878287941217426 9.4104871023446268
leaf_count=167 38 12 331 17 287 39 48 56 37 40 10 31 361 82
internal_value=0.00296039 0.00645432 0.00380025 0.0101739 0.0272815 -0.00699257 0.0168111 0.0484393 -0.0199042 -0.0182921 -0.0270978 0.0406829 -0.0330431 0.0023819
internal_weight=182.85 171.03 166.268 131.485 65.5603 65.9248 58.8311 19.3588 34.7828 53.792 46.0469 12.1328 43.2449 12.3666
internal_count=1556 1389 1351 983 408 575 391 104 368 505 465 70 453 92
is_linear=0
shrinkage=0.05


Tree=148
num_leaves=15
num_cat=0
split_feature=24 3 2 16 23 16 33 13 14 0 0 14 16 12
split_gain=20.0739 15.5458 12.6262 9.83869 8.05282 10.8473 8.0151 10.4114 7.31872 6.47507 5.77807 5.32587 4.85692 4.73653
threshold=1.5000000000000002 -0.59867820553660911 -0.50556189049999822 31.950000000000003 1.5000000000000002 30.150000000000002 0.25125000000000003 27.950000000000003 12.105 45.736055760000006 44.717211785000011 10.665000000000003 26.350000000000005 3.6500000000000008
decision_type=2 2 2 10 2 10 8 8 10 2 2 8 10 10
left_child=1 3 6 4 5 8 7 -3 11 -8 -2 -1 -6 -14
right_child=10 2 -4 -5 12 -7 9 -9 -10 -11 -12 -13 13 -15
leaf_value=-0.0058511505751619548 0.030729022387454293 0.037549285614111035 -0.024606413975413754 -0.0090297263002163414 0.10482016323182626 0.078065464684261426 0.046464124276245897 -0.023444184862202053 -0.03842442611858226 -0.030248156570490264 -0.039117161843754786 0.068494487520954717 -0.00031813979224115869 0.062442417242647479
leaf_weight=5.2423012405633962 2.5098399855196467 29.792997434735298 41.63789676874876 12.032909147441385 5.1494034342467812 4.6147112101316443 2.436103897169235 8.3078066855669004 6.8774775508791199 14.026370313018559 33.486402096226811 3.2440655231475812 4.3014906197786322 8.9066465944051725
leaf_count=39 23 157 389 71 27 34 18 42 51 139 474 26 19 47
internal_value=-0.000618529 0.00764121 -0.00417679 0.0298547 0.0419789 0.0185808 0.0115756 0.0239903 -0.0029649 -0.0168856 -0.0335482 0.0267932 0.0651679 0.0434194
internal_weight=182.566 146.57 96.2012 50.369 38.3361 19.9786 54.5633 38.1008 15.3638 16.4625 35.9962 8.48637 18.3575 13.2081
internal_count=1556 1059 745 314 243 150 356 199 116 157 497 65 93 66
is_linear=0
shrinkage=0.05


Tree=149
num_leaves=15
num_cat=1
split_feature=5 4 19 25 8 14 2 1 10 25 1 4 18 18
split_gain=14.9854 7.81354 10.1678 7.36531 9.53786 6.86857 8.54974 6.57414 7.43707 6.60131 6.57862 6.05844 5.8387 14.5726
threshold=0 0.33829825170000011 94.450000000000017 1167.5000000000002 -23.249999999999996 -5.0650000000000004 0.42179998225932674 -122.15299062999999 4.5500000000000007 58.500000000000007 -121.13187349999998 0.24970636287 18.300000000000001 22.450000000000003
decision_type=9 2 10 10 8 8 2 2 8 8 2 2 10 10
left_child=1 7 -3 4 -2 -5 11 8 -1 -9 -11 -7 -6 -14
right_child=3 2 -4 5 12 6 -8 9 -10 10 -12 -13 13 -15
leaf_value=0.055372438365792913 0.052440010235076856 -0.029524136571092752 0.045518106945308265 -0.039343249000846459 -0.0267356551945594 -0.023596153007232942 0.071619169127302693 0.065572499884561458 -0.020905420857519039 -0.02872818629496195 0.036869662739871065 0.044112766003515234 0.073805621567900742 -0.021434481092194948
leaf_weight=3.5012502893805486 3.7597023397684097 13.59724608436227 5.550065714865922 3.8964697048068047 74.283727267757058 7.8245307318866306 5.9539488069713107 15.5382839217782 10.019450869411228 4.382033046334981 13.292137924581768 4.2826740294694901 4.5015978589653995 13.906512025743721
leaf_count=20 25 123 35 35 761 67 29 64 84 34 70 29 36 144
internal_value=-1.93357e-05 0.0174666 -0.00659267 -0.0104044 -0.0172047 0.0143831 0.0274298 0.0309149 0.00130014 0.0425806 0.0199382 0.00189273 -0.0205591 0.00445873
internal_weight=184.29 65.8805 19.1473 118.409 96.4515 21.9576 18.0612 46.7332 13.5207 33.2125 17.6742 12.1072 92.6918 18.4081
internal_count=1556 430 158 1126 966 160 125 272 104 168 104 96 941 180
cat_boundaries=0 1
cat_threshold=2
is_linear=0
shrinkage=0.05


Tree=150
num_leaves=15
num_cat=1
split_feature=28 5 10 27 24 2 1 1 1 2 14 18 19 10
split_gain=27.3482 13.3104 10.4249 7.8875 7.28375 8.37656 6.24939 6.12859 7.79357 8.81542 4.92741 4.56459 4.27179 5.41702
threshold=0.13361823361823363 0 0.8500000000000002 0.11437908496732027 1.5000000000000002 0.89017062131308955 -121.91640469999997 -116.92683049999998 -112.31966999999999 0.14250626876356556 2.3400000000000003 14.450000000000003 34.050000000000004 23.050000000000004
decision_type=10 9 10 8 2 2 2 2 2 2 8 8 10 8
left_child=1 2 -1 -3 6 -6 10 -8 9 -9 -5 12 -10 -14
right_child=-2 3 -4 4 5 -7 7 8 11 -11 -12 -13 13 -15
leaf_value=-0.02001213697117387 -0.035679304588546824 -0.026228470257383396 0.056743384667306364 0.082796113594393733 0.050185487839947612 -0.036141030159824609 -0.028893921798963107 0.055179572561420559 -0.0160503120313009 -0.016253561071969597 -0.0028483429176811535 -0.03277543281285978 0.043732864368239949 -0.024063125501694049
leaf_weight=4.7315555177629021 38.915765782818198 20.367331240326166 27.006819359958172 2.9323534071445456 14.694642610847952 2.6663847155868998 17.097982984036207 11.52186815813184 12.493426222354175 6.021739996969699 2.8190354406833649 11.811180811375378 8.6936588883399946 3.4777873698621979
leaf_count=55 491 202 132 15 117 25 140 67 91 39 25 80 45 32
internal_value=0.00103817 0.0109785 0.0345006 0.00113878 0.00738695 0.0356808 0.00062057 -0.00369372 0.00466268 0.0311063 0.0466135 -0.00854636 0.00388111 0.0240051
internal_weight=185.252 146.336 31.7384 114.597 94.2301 17.361 76.869 71.1176 54.0197 17.5436 5.75139 36.4761 24.6649 12.1714
internal_count=1556 1065 187 878 676 142 534 494 354 106 40 248 168 77
cat_boundaries=0 1
cat_threshold=296
is_linear=0
shrinkage=0.05


Tree=151
num_leaves=15
num_cat=1
split_feature=6 18 28 8 0 18 27 9 28 18 13 0 17 30
split_gain=13.9707 8.17065 14.1804 10.1643 11.4431 9.96763 8.94079 9.14864 7.06774 7.56961 6.35778 6.74261 5.80599 5.65861
threshold=0 2.5500000000000007 0.41898148148148157 21.050000000000004 56.176290000000002 0.15000000000000005 0.11437908496732027 10.550000000000002 0.089682539682539711 16.850000000000005 28.450000000000003 49.536962655000004 12.500000000000002 0.15831244778613204
decision_type=9 8 10 10 2 10 10 8 8 10 10 2 8 10
left_child=1 5 3 4 13 -1 7 -7 10 -10 -2 -12 -4 -3
right_child=8 2 12 -5 -6 6 -8 -9 9 -11 11 -13 -14 -15
leaf_value=0.0022900305855239394 -0.042783282241851378 -0.039841262347884959 0.0091898414702314187 0.071890314339311825 0.027163189476383472 0.0030625456667907665 0.1037075557536849 0.093420387628858265 0.005234968392002038 -0.036796362965629756 0.048085630574409066 -0.039336970927210523 0.080801060556684984 0.010380024564702141
leaf_weight=13.711247630417345 25.678507417440414 25.939791837707162 5.1334161497652504 2.6670850068330756 11.187601462006567 9.6245024576783198 6.1200945340096942 2.9935921579599372 52.015909288078547 12.433926833793519 3.9087717439979306 3.0412817895412445 6.207843855023385 6.6308458447456351
leaf_count=83 298 222 39 9 62 65 26 13 480 126 30 29 20 54
internal_value=0.000722017 0.0140003 0.00407275 -0.00842219 -0.0148141 0.0352089 0.0579602 0.0297854 -0.0118535 -0.0033122 -0.0316494 0.00969422 0.0517586 -0.0296124
internal_weight=187.294 90.216 57.7666 46.4253 43.7582 32.4494 18.7382 12.6181 97.0784 64.4498 32.6286 6.95005 11.3413 32.5706
internal_count=1556 593 406 347 338 187 104 78 963 606 357 59 59 276
cat_boundaries=0 1
cat_threshold=68160
is_linear=0
shrinkage=0.05


Tree=152
num_leaves=15
num_cat=1
split_feature=6 28 19 10 30 23 3 14 28 25 19 2 25 0
split_gain=14.9759 6.82935 4.70277 5.87026 4.68339 5.17677 4.92386 7.25926 4.44289 4.38028 6.60936 4.3612 5.58708 5.18608
threshold=0 0.3861852433281005 87.750000000000014 30.250000000000004 1.0000000180025095e-35 5.5000000000000009 0.83730377313544024 -8.8680000000000003 0.48125000000000001 359.50000000000006 96.800000000000011 0.38243310158943505 236.50000000000003 49.417752500000006
decision_type=9 10 8 8 8 2 2 10 8 8 10 2 10 2
left_child=1 2 3 4 5 11 7 -6 -2 -4 -11 12 -1 -14
right_child=8 -3 9 -5 6 -7 -8 -9 -10 10 -12 -13 13 -15
leaf_value=0.0036531973684622988 -0.037073880335170027 -0.027172987820652961 -0.034190666133079278 0.069522852032816204 0.052596624255658843 0.065606086266373223 -0.029872395855566503 -0.00016132087007703381 -0.0075485998602663126 -0.031287152473006417 0.041551823970165352 -0.00056830713332481299 -0.003707396767791301 0.065789853139124374
leaf_weight=11.221209749579431 29.734431633725762 11.016708452254532 8.7372660525143164 4.0559543035924426 7.0855599641799918 5.77066496759653 8.4804125390946847 33.645796906203032 22.835694245994091 4.4794254023581725 6.3354949578642845 18.978299524635077 3.3267589397728434 10.983807958662508
leaf_count=78 411 85 75 27 30 35 57 200 295 43 37 99 18 65
internal_value=-0.000573344 0.00835022 0.0123955 0.0166224 0.0137955 0.0243729 0.00271812 0.0100568 -0.0207546 -0.00970972 0.0112881 0.017703 0.030794 0.050447
internal_weight=186.687 134.117 123.101 103.548 99.4925 50.2807 49.2118 40.7314 52.5701 19.5522 10.8149 44.5101 25.5318 14.3106
internal_count=1555 849 764 609 582 295 287 230 706 155 80 260 161 83
cat_boundaries=0 1
cat_threshold=321536
is_linear=0
shrinkage=0.05


Tree=153
num_leaves=15
num_cat=2
split_feature=6 8 5 15 17 3 26 11 1 11 25 10 23 0
split_gain=8.99229 4.58024 4.12559 4.13329 6.7065 3.61217 3.4015 3.99691 3.21436 3.19159 4.355 3.08937 3.57756 2.54936
threshold=0 -6.0499999999999989 1 -26.449999999999996 8.5000000000000018 -0.83849291496497236 0.018863278171788813 15.107142857142858 -119.30894499999998 -10.378571428571425 32.500000000000007 21.050000000000004 3.5000000000000004 51.676351000000004
decision_type=9 10 9 8 10 2 8 10 2 8 10 8 2 2
left_child=2 8 3 4 -1 11 -4 -8 -2 -10 -11 -5 -13 -3
right_child=1 13 6 5 -6 -7 7 -9 9 10 -12 12 -14 -15
leaf_value=-0.0071986769505663038 -0.025210840300721567 -0.0076285405948149088 0.015602430244016502 -0.013451092154054531 0.077333654216291792 -0.010817975903951014 0.065166093614242693 0.0053468799380530785 -0.0076016774632110184 -0.0027912856440570704 0.047288188748050741 0.076875570040077765 -0.0039631560381334884 -0.026159749826092728
leaf_weight=4.6779682375490648 5.4103988967835894 47.579875737428665 14.609344009310009 2.7879232950508586 3.4162687957286835 35.105382040143013 10.84199909493327 3.9028146490454665 10.108670663088558 7.1606282256543698 9.6260400749742967 2.6278222985565662 2.0474216565489769 30.800272937864065
leaf_count=40 36 450 101 21 34 256 88 26 71 47 83 31 16 255
internal_value=0.00103573 -0.00796172 0.012826 0.00204219 0.0330597 -0.00401036 0.0258079 0.0506777 0.00701535 0.0141695 0.0269701 0.025506 0.0470136 -0.0151484
internal_weight=190.703 110.686 80.0169 50.6628 8.09424 42.5685 29.3542 14.7448 32.3057 26.8953 16.7867 7.46317 4.67524 78.3801
internal_count=1555 942 613 398 74 324 215 114 237 201 130 68 47 705
cat_boundaries=0 1 2
cat_threshold=262507 326
is_linear=0
shrinkage=0.05


Tree=154
num_leaves=15
num_cat=1
split_feature=7 4 26 25 28 13 9 3 8 0 4 32 3 10
split_gain=12.0664 9.78824 5.6173 5.14052 4.64251 4.16279 4.93065 5.00901 3.96526 3.2625 2.79415 2.54159 2.49058 2.35152
threshold=0 1.1811873983000003 0.048809523809523817 226.00000000000003 0.48125000000000001 0.95000000000000007 -13.299999999999999 0.95178258287705175 25.350000000000005 52.635026500000002 0.13999746461000004 0.1056547619047619 0.12332734741173625 29.100000000000005
decision_type=1 2 10 10 10 10 10 2 8 2 2 10 2 10
left_child=1 2 4 -3 13 6 7 11 -7 -4 12 -2 -6 -1
right_child=5 3 9 -5 10 8 -8 -9 -10 -11 -12 -13 -14 -15
leaf_value=-0.0037093323147027722 -0.02532667721563063 0.087906393197483751 0.050655685202151648 0.0043237846144095369 -0.016285431730004126 -0.018004562823422929 0.06229264997286036 0.049171046465046671 0.042447000183072119 -0.0093294794099361544 0.044600820055577126 0.025886509500641752 0.031266305484266073 -0.040904337654340199
leaf_weight=38.15693898499012 11.13962154090405 5.276422865688799 9.0284299850463849 2.7546782940626144 5.6435678750276583 87.480918576940894 2.5874999016523352 2.7501507699489585 1.8748726844787587 2.5692096501588813 6.9198756068944922 2.1660689674317828 3.7199431359767914 3.8231064043939105
leaf_count=268 92 42 66 14 33 822 34 27 24 20 46 25 23 19
internal_value=-0.00104821 0.0138512 0.00740577 0.0628907 0.000845086 -0.0118226 0.00928436 -0.00240967 -0.0162804 0.0376815 0.0227163 -0.0157628 0.00380005 -0.00796956
internal_weight=185.891 77.8922 69.8611 8.0311 58.2634 107.999 18.6433 16.0558 89.3558 11.5976 16.2834 13.3057 9.36351 41.98
internal_count=1555 531 475 56 389 1024 178 144 846 86 102 117 56 287
cat_boundaries=0 1
cat_threshold=2
is_linear=0
shrinkage=0.05


Tree=155
num_leaves=15
num_cat=0
split_feature=2 26 2 10 10 12 9 30 8 19 1 4 9 10
split_gain=11.7038 14.3784 12.593 15.4566 11.4207 11.0519 13.6195 12.9369 11.4185 10.1592 20.0215 9.12986 8.55448 7.40313
threshold=-0.83847110675477832 0.12019230769230771 0.95752911693909493 13.950000000000001 3.8500000000000001 -33.349999999999987 3.7500000000000004 0.33974358974358981 18.150000000000002 71.300000000000011 -122.31451069499998 0.034110115030000006 12.550000000000002 22.250000000000004
decision_type=2 10 2 8 10 8 8 8 10 8 2 2 8 10
left_child=1 11 5 4 -4 -2 -7 8 9 13 -11 -1 -13 -8
right_child=2 -3 3 -5 -6 6 7 -9 -10 10 -12 12 -14 -15
leaf_value=-0.03751312504689059 0.051144587276675348 -0.042798901637620679 0.05112339551517539 0.084855632551649587 -0.043819131255343285 -0.032985140864451111 0.017735885577656041 -0.035355322106273006 -0.029772950772356494 0.072616204014502569 -0.04408971774637313 0.049638891342250628 -0.035114286455321601 0.075455127707479377
leaf_weight=3.092310791835188 6.1959161162376404 5.7866518460214129 4.4503026064485294 7.5230396762490299 6.5738079398870468 46.961587242782116 11.626766279339792 15.924700897186993 10.07334150187671 4.5664259493350938 9.8285080343484896 35.349272208288312 2.5455692000687113 11.267515879124401
leaf_count=37 36 57 32 19 54 558 76 176 108 18 114 193 31 46
internal_value=0.00459702 0.025869 -0.00290961 0.0342755 -0.00442775 -0.00907381 -0.0128874 0.00230709 0.0154395 0.0281119 -0.00475566 0.0363521 0.0431892 0.0481117
internal_weight=181.766 46.7738 134.992 18.5472 11.0241 116.445 110.249 63.2873 47.3626 37.2892 14.3949 40.9872 37.8948 22.8943
internal_count=1555 318 1237 105 86 1132 1096 538 362 254 132 261 224 122
is_linear=0
shrinkage=0.05


Tree=156
num_leaves=15
num_cat=1
split_feature=6 30 1 29 13 18 4 14 33 1 25 15 10 18
split_gain=15.6102 13.4477 11.5098 10.2364 11.0946 9.24794 8.30543 7.55698 6.96633 6.54581 6.11307 6.44166 5.54989 5.30469
threshold=0 0.18783068783068788 -122.19070992999998 0.13485251450676985 17.950000000000003 1.5500000000000005 17.513210641035005 3.2579629629629632 0.41428571428571431 -122.20721620999998 2278.0000000000005 -8.2499999999999982 26.750000000000004 26.950000000000003
decision_type=9 10 2 10 8 8 2 8 10 2 10 10 8 8
left_child=2 3 -1 6 -5 -4 8 -7 9 13 -11 -12 -9 -2
right_child=1 -3 5 4 -6 7 -8 12 -10 10 11 -13 -14 -15
leaf_value=-0.031323483778184377 -0.026349832196883329 0.031795869222595252 -0.017301150988217332 -0.036518882850189907 0.078632656142373164 -0.0041845897612386466 0.026863013670748205 0.074302988939141321 0.031426545131075061 -0.033309934615277245 -0.029073390153070089 0.056422868925871145 0.010150406807302337 0.050885352635919028
leaf_weight=6.3682531453669062 3.1688498742878428 15.020837984979151 5.6629029959440222 2.5939728841185561 4.5868885517120361 5.0989792812615651 7.832867130637168 17.742939969524741 4.6112226545810691 93.037783229723573 3.6100486516952515 3.3048932217061511 4.5360702872276333 3.9814285449683666
leaf_count=57 40 79 51 21 32 44 63 100 30 946 26 20 24 22
internal_value=-0.00313773 -0.0107943 0.0213702 -0.0168969 0.0376567 0.0384259 -0.020459 0.0501561 -0.0239859 -0.0266403 -0.0299499 0.0137543 0.0622385 0.0176231
internal_weight=181.158 141.749 39.4091 126.728 7.18086 33.0409 119.547 27.378 111.714 107.103 99.9527 6.91494 22.279 7.15028
internal_count=1555 1279 276 1200 53 219 1147 168 1084 1054 992 46 124 62
cat_boundaries=0 1
cat_threshold=197632
is_linear=0
shrinkage=0.05


Tree=157
num_leaves=15
num_cat=2
split_feature=2 8 7 25 19 18 7 11 19 28 9 12 13 11
split_gain=10.5495 11.7061 10.1922 9.91027 15.7419 9.93782 9.24879 8.11026 7.21445 7.78679 6.93935 9.39876 6.38595 7.05835
threshold=-0.78326540922535159 18.150000000000002 0 208.50000000000003 107.59999999999999 1.6500000000000001 1 21.292857142857148 5.3500000000000014 0.61233211233211249 3.4500000000000006 -4.1499999999999995 8.1500000000000004 -4.364285714285713
decision_type=2 8 1 10 10 8 1 8 8 10 8 10 8 10
left_child=1 -1 -3 4 5 7 -6 10 -5 -10 11 -2 13 -7
right_child=3 2 -4 8 6 12 -8 -9 9 -11 -12 -13 -14 -15
leaf_value=-0.038088864961024323 -0.0063601578178380837 0.069613907106785874 -0.036526360641001093 0.072239213714825445 0.05583916027113861 -0.024224916615499355 -0.017082801251361576 0.076220889017048307 0.007071433943668751 0.059413000434572073 -0.04309748621873747 0.086026764810467629 -0.044614838094356769 0.046722508102375437
leaf_weight=29.392082938924432 10.452040106058123 4.6189153157174578 2.9719208125025034 5.1414143815636626 12.953584054484963 11.405381452292202 5.7542223930358896 2.8325456418097046 50.345938233658671 7.3507241681218138 6.1916925907135072 2.6807094737887303 28.145684607326984 3.8936451878398648
leaf_count=299 109 37 36 29 62 127 55 12 383 39 50 15 277 25
internal_value=-0.000492057 -0.0239983 0.0286439 0.00553793 -0.00565531 -0.0172102 0.0336808 0.00975856 0.0204092 0.0146385 -0.00325427 0.0172509 -0.0308744 -0.00440983
internal_weight=184.131 36.9829 7.59084 147.148 84.3095 65.6017 18.7078 22.157 62.8381 57.6967 19.3244 13.1327 43.4447 15.299
internal_count=1555 372 73 1183 732 615 117 186 451 422 174 124 429 152
cat_boundaries=0 1 2
cat_threshold=1 1
is_linear=0
shrinkage=0.05


Tree=158
num_leaves=15
num_cat=0
split_feature=32 12 16 15 18 16 2 2 0 16 16 13 17 16
split_gain=20.6433 6.79992 6.06006 6.89632 6.86512 5.35729 4.95261 5.31152 4.80659 5.62663 8.97587 4.18774 3.92918 3.82316
threshold=0.30059523809523819 -26.449999999999996 29.050000000000004 2.9500000000000006 1.3500000000000003 32.150000000000013 -0.99815974739704505 -0.63255557784149707 45.21741200000001 9.2500000000000018 14.250000000000002 10.65 2.5000000000000004 15.750000000000002
decision_type=8 8 10 10 10 10 2 2 2 8 8 8 10 8
left_child=6 -2 3 8 -4 12 -1 -8 -3 -10 -11 -12 -6 -9
right_child=1 2 4 -5 5 -7 7 13 9 10 11 -13 -14 -15
leaf_value=0.039946624608328284 -0.032419300380245604 -0.023073963057412133 -0.043992590047805293 0.066575622665265372 -0.030769501075166211 0.047228395386153144 -0.039159556445791055 -0.026020934663519638 -0.0098891787805283973 0.072671907041321052 -0.026900950704463019 0.02468612938484176 0.031935200185480961 0.00029933793899317271
leaf_weight=2.6985722817480555 5.8666138015687466 5.1413832642137995 6.2569505274295834 8.4856252297759038 6.2487793117761594 6.1015177704393855 24.003648335114121 23.250599643215537 9.6800974793732184 9.3728623874485493 3.5730621442198762 36.314148128032684 2.8646733239293098 31.954205980524421
leaf_count=25 57 41 49 33 50 32 279 279 69 50 27 212 19 333
internal_value=0.000970878 0.016154 0.0194935 0.0263178 -0.0037149 0.0145403 -0.0175202 -0.0199516 0.0200458 0.0241294 0.0308781 0.0195201 -0.00985046 -0.0110517
internal_weight=181.813 99.9057 94.0391 72.5672 21.4719 15.215 81.907 79.2085 64.0816 58.9402 49.2601 39.8872 9.11345 55.2048
internal_count=1555 639 582 432 150 101 916 891 399 358 289 239 69 612
is_linear=0
shrinkage=0.05


Tree=159
num_leaves=15
num_cat=0
split_feature=16 15 0 31 2 17 2 2 4 23 17 4 10 11
split_gain=8.38965 11.9187 11.1118 10.8572 10.2892 8.68709 10.9797 8.14428 7.25543 7.05261 8.24132 6.9987 7.24548 5.99021
threshold=34.850000000000001 -4.3499999999999988 55.81177846500001 0.021637426900584799 0.90162119223771331 12.500000000000002 0.85673801594079257 -0.93545489084327571 0.053728770740000008 1.5000000000000002 9.5000000000000018 0.27852641160000002 11.050000000000002 17.428571428571434
decision_type=10 8 2 10 2 10 2 2 2 2 8 2 8 8
left_child=1 2 3 5 7 -1 8 -5 -7 10 -4 -10 -13 -3
right_child=-2 13 9 4 -6 6 -8 -9 11 -11 -12 12 -14 -15
leaf_value=-0.031855674859460954 0.037644852266746513 -0.030775207422969478 0.092014749912970498 0.076641613435060457 0.078238280635977431 -0.024885996094695065 -0.035945421122664155 -0.017251355346145754 0.059959240451662933 -0.0018292898817945968 0.0085915332482873804 -0.0399453742985455 0.052377666480850293 -0.0023721078910474984
leaf_weight=27.009134907275438 11.858772736042736 43.766304144635797 7.3547823466360578 1.9279958903789527 6.3578318729996672 5.1804312989115742 10.06356439180672 9.9522454757243395 11.802631158381702 6.4265612438321105 4.9323637187480935 4.1982936915010205 2.5965265966951847 32.01981633529067
leaf_count=301 52 432 34 12 25 50 91 83 73 48 34 41 18 261
internal_value=-0.00134114 -0.00420485 0.00730651 -0.0010519 0.0317667 -0.0112428 0.0056506 0.00275346 0.0239956 0.0408927 0.0616936 0.0381869 -0.00247217 -0.018962
internal_weight=185.447 173.588 97.8024 79.0887 18.2381 60.8506 33.8414 11.8802 23.7779 18.7137 12.2871 18.5975 6.79482 75.7861
internal_count=1555 1503 810 694 120 574 273 95 182 116 68 132 59 693
is_linear=0
shrinkage=0.05


Tree=160
num_leaves=15
num_cat=0
split_feature=26 9 19 8 1 0 32 1 4 1 16 13 10 11
split_gain=11.1606 6.86773 5.89043 7.07671 7.05817 6.48907 5.65547 5.53601 6.69554 5.71311 5.2356 5.16397 5.1321 4.81231
threshold=0.018863278171788813 -0.6499999999999998 19.850000000000005 24.800000000000004 -96.98386176999999 46.257888300000005 0.11834733893557424 -97.554773499999996 0.089757852930000007 -121.28823719999998 20.950000000000003 13.450000000000001 25.050000000000004 -8.0142857142857125
decision_type=8 8 10 8 2 2 10 2 2 2 8 8 8 10
left_child=1 -1 4 5 -2 11 7 8 10 -10 -7 -4 -12 -11
right_child=2 -3 3 -5 -6 6 -8 -9 9 13 12 -13 -14 -15
leaf_value=0.0017015643525530137 -0.01539477818432098 -0.029519531930488063 0.025398330930654217 0.071661258269861819 0.049185367187622155 0.061065598219307085 0.051877546089381915 0.038251861681817351 0.028703344196319376 0.020964151213207875 -0.02314879089721178 -0.043639107935486712 0.050187732084840335 -0.035911214772722959
leaf_weight=30.342596201226115 33.298366848379374 40.648568663746119 3.2003980875015241 4.4344115220010272 3.843813218176364 5.8296239431947381 9.533946577459572 13.284672316163784 5.5974451377987817 3.9786493480205491 5.9704143181443214 7.4576573390513659 2.6286708619445545 16.975501198321595
leaf_count=263 269 428 29 33 18 44 61 70 44 28 44 72 20 131
internal_value=-0.000850564 -0.0163369 0.00868287 0.0163467 -0.00759713 0.0121463 0.0181936 0.0114439 0.00204937 -0.0127681 0.0283765 -0.0225082 0.00216251 -0.024649
internal_weight=187.025 70.9912 116.034 78.8914 37.1422 74.457 63.7989 54.265 40.9803 26.5516 14.4287 10.6581 8.59909 20.9542
internal_count=1554 691 863 576 287 543 442 381 311 203 108 101 64 159
is_linear=0
shrinkage=0.05


Tree=161
num_leaves=15
num_cat=0
split_feature=10 18 1 28 19 19 4 32 4 4 19 0 8 8
split_gain=4.56279 3.74775 5.29578 4.36623 4.50875 4.91483 2.89289 2.70776 6.33225 5.18228 4.0321 4.44358 3.09377 3.1296
threshold=0.55000000000000016 6.1500000000000012 -78.824038499999986 1.0000000180025095e-35 13.950000000000001 9.1000000000000014 0.20481984053500002 0.70833333333333337 0.76676619716500005 0.46202917507000008 119.50000000000001 57.191605000000003 14.050000000000002 17.250000000000004
decision_type=8 10 2 8 8 10 2 8 2 2 8 2 8 8
left_child=1 3 -3 6 5 -5 -1 -2 9 10 12 -12 -9 -14
right_child=7 2 -4 4 -6 -7 -8 8 -10 -11 11 -13 13 -15
leaf_value=-0.031033310144735333 -0.0093925226714259534 -0.013474660121820765 0.053068305681132411 0.04435530719505465 0.068858562306119905 -0.02689770540843698 0.025014069594989204 -0.012346926613451249 -0.0276008609866304 0.06154102872394196 0.069375784709741498 -0.0041153094059206306 0.058099928314687181 0.0014296360963511128
leaf_weight=3.7169300019741085 97.293110352009535 16.475614491850141 2.608612995594739 4.4205454438924763 7.0390998870134363 3.4784394800662994 3.5153896622359753 20.488493084907535 11.014252096414564 3.9806014113128176 3.7704439461231223 3.429660938680172 2.6493602469563466 7.4868349172174931
leaf_count=33 836 113 21 32 65 19 33 155 72 34 35 22 27 57
internal_value=-0.000419107 0.0141079 -0.00218953 0.0276256 0.0422592 0.0134813 -0.00406127 -0.00447841 0.00457965 0.0135048 0.0069947 0.0381366 -0.00130139 0.020129
internal_weight=191.367 41.2546 19.0842 22.1704 14.9381 7.89898 7.23232 150.113 52.8196 41.8054 37.8248 7.2001 30.6247 10.1362
internal_count=1554 316 134 182 116 51 66 1238 402 330 296 57 239 84
is_linear=0
shrinkage=0.05


Tree=162
num_leaves=15
num_cat=1
split_feature=33 28 2 16 12 5 9 14 25 3 11 16 11 14
split_gain=7.36636 7.42273 6.23474 5.6794 4.79261 4.19086 4.46279 6.1583 5.08802 4.13442 5.51621 4.17515 3.39099 3.10861
threshold=0.01985060690943044 0.63194444444444453 0.51297097409535064 23.450000000000003 2.1500000000000008 0 -17.649999999999995 5.1933333333333342 391.00000000000006 0.76002003530985496 -8.5476190476190457 35.500000000000007 16.75714285714286 8.8349999999999991
decision_type=10 10 2 10 10 9 8 10 8 2 8 8 8 10
left_child=1 4 9 -3 5 -1 -7 -8 13 11 -11 12 -2 -9
right_child=2 3 -4 -5 -6 6 7 8 -10 10 -12 -13 -14 -15
leaf_value=-0.011133039948066503 0.0092987218207189349 0.0028214719948179614 -0.0097849211511187792 0.072784550005053558 -0.023065883236568361 0.04685468936590062 -0.011438238020471307 0.038488896970362868 0.07086750403512819 0.0068921427414115333 0.094338732818123397 -0.026462345215455318 0.052710078878980604 -0.023187661154017065
leaf_weight=50.068722220137715 11.602075025439261 7.2383535131812078 13.873338531702755 3.9372476227581501 42.317971438169479 5.9989549368619919 23.292681323364377 2.5247971601784203 4.0087302308529624 3.1110804192721844 3.9274155832827082 3.5623005889356163 6.959891162812716 3.8720342312008142
leaf_count=452 83 47 91 30 360 62 201 25 45 22 38 17 52 29
internal_value=-0.000560946 -0.00602199 0.0173418 0.0314235 -0.00940256 -0.00277815 0.00843674 0.0028758 0.0331111 0.0301432 0.0613523 0.0179906 0.0274384 0.00306813
internal_weight=186.296 143.259 43.0361 11.1756 132.084 89.7659 39.6972 33.6982 10.4056 29.1628 7.0385 22.1243 18.562 6.39683
internal_count=1554 1251 303 77 1174 814 362 300 99 212 60 152 135 54
cat_boundaries=0 1
cat_threshold=225
is_linear=0
shrinkage=0.05


Tree=163
num_leaves=15
num_cat=0
split_feature=13 19 1 4 17 9 17 29 10 25 26 26 2 4
split_gain=13.4104 13.354 13.5006 10.344 12.8721 9.5205 9.49712 16.74 8.67529 14.3521 15.036 8.13432 9.25627 10.0284
threshold=7.5500000000000007 71.300000000000011 -122.42507654999999 0.03245461923500001 21.500000000000004 -32.599999999999994 15.500000000000002 0.017105263157894738 22.950000000000003 19.500000000000004 0.12019230769230771 0.13484848484848486 -0.96689237009891416 0.35294059214000006
decision_type=8 10 2 2 10 8 10 10 8 10 10 10 2 2
left_child=5 3 -3 4 -2 -1 8 -8 11 -10 -11 12 -5 -14
right_child=1 2 -4 6 -6 -7 7 -9 9 10 -12 -13 13 -15
leaf_value=0.050016294778647476 -0.044608966352523094 0.04910680519884935 -0.029571054352759998 -0.0039324466825438947 0.069166474522377785 -0.033423566026996525 -0.035739453708917651 0.064019375141099386 0.046771369439538295 -0.046243289514598086 0.040813699361308388 -0.0053574798815786417 0.071531531104691501 0.012906818752061944
leaf_weight=3.0075020417571068 10.492240983992813 5.7879318557679644 27.639253390952945 6.6328993774950495 2.2245932556688777 26.360487408936027 13.523376431316139 4.9289235137403002 15.153982523828743 13.094624245539309 6.7311996165662995 7.2320439610630265 33.640327397733927 9.8791960030794126
leaf_count=21 115 28 319 52 5 349 128 14 87 139 34 55 135 73
internal_value=0.00697574 0.0127931 -0.0149173 0.0203508 -0.0211144 -0.0235131 0.0252555 -0.00717095 0.031741 0.0116538 -0.0161455 0.0435762 0.0505993 0.0588122
internal_weight=186.329 156.961 33.4272 123.533 12.7168 29.368 110.817 18.4523 92.3643 34.9798 19.8258 57.3845 50.1524 43.5195
internal_count=1554 1184 347 837 120 370 717 142 575 260 173 315 260 208
is_linear=0
shrinkage=0.05


Tree=164
num_leaves=15
num_cat=1
split_feature=24 6 1 28 0 24 19 0 9 0 3 3 25 19
split_gain=18.8596 11.2071 11.1773 8.18205 7.34162 6.84175 6.62357 4.75349 7.01429 7.58914 4.7295 5.21552 4.28483 5.82676
threshold=3.5000000000000004 0 -79.376951999999974 0.33583959899749377 49.38010400000001 1.0000000180025095e-35 41.750000000000007 52.293305000000011 -5.9499999999999993 55.890262020000002 -0.49065906150552346 -0.80417042486635371 327.50000000000006 19.850000000000005
decision_type=2 9 2 8 2 2 8 2 10 2 2 2 8 10
left_child=1 2 4 5 -1 -3 12 -5 -9 -10 11 -8 -6 -14
right_child=-2 3 -4 7 6 -7 10 8 9 -11 -12 -13 13 -15
leaf_value=-0.021877411894314157 -0.044849309814128741 0.017424382155283517 0.070789120368396324 -0.036898857499048969 -0.030596019245261986 -0.01915353001412096 0.017939679624594709 -0.037799959720690869 -0.0049047025537886403 0.077027954653257555 0.020020848079713726 0.098526058556026183 0.064938437786423706 -0.015354002404025345
leaf_weight=10.601164828985928 20.57648959569633 40.880634523928165 9.5194382704794389 23.391661597415805 6.5468456745147678 17.462238946929574 3.9444976337254047 8.024735279381277 9.3020468801259977 2.9938946887850753 14.69902143254876 4.6622934117913264 3.0564695522189149 4.4304273389279842
leaf_count=81 313 235 47 255 59 191 21 89 68 19 80 23 30 43
internal_value=-0.000964807 0.00494016 0.0204629 -0.00537719 0.0134086 0.0063382 0.0237361 -0.0220084 -0.00394085 0.0193377 0.0395335 0.0673051 -0.00338315 0.0212141
internal_weight=180.092 159.515 57.4602 102.055 47.9407 58.3429 37.3396 43.7123 20.3207 12.2959 23.3058 8.60679 14.0337 7.4869
internal_count=1554 1241 384 857 337 426 256 431 176 87 124 44 132 73
cat_boundaries=0 1
cat_threshold=459776
is_linear=0
shrinkage=0.05


Tree=165
num_leaves=15
num_cat=2
split_feature=5 0 0 2 9 10 16 16 12 19 7 8 3 16
split_gain=9.95697 8.65674 14.0175 7.39382 6.79237 7.20998 6.79562 6.33532 12.3503 8.06839 10.3518 9.25896 6.73027 10.3578
threshold=0 51.550964150000006 53.541850000000004 -0.9259986516102553 -20.949999999999996 18.350000000000005 27.050000000000004 12.350000000000003 -17.149999999999995 107.59999999999999 1 13.250000000000002 -0.7444366621422277 30.350000000000005
decision_type=9 2 2 2 8 10 10 8 10 10 1 8 2 8
left_child=7 -2 3 -3 -4 -6 -7 8 -1 11 -11 -9 -13 -14
right_child=1 2 4 -5 5 6 -8 9 -10 10 -12 12 13 -15
leaf_value=-0.010803190405886128 -0.029372286721583915 -0.034949019563768412 0.042472615754707038 0.04510385284515589 -0.039474393995476795 0.056953607289463554 -0.019882410476361672 -0.033983503516688683 0.064602542220589601 -0.011532662682801375 0.065654241199713373 -0.015736569376562915 0.076858173972108979 -0.0024945929626834919
leaf_weight=8.6601531393826026 43.230681566521525 2.6646173819899586 3.2994534410536289 17.117443859577179 23.666428251191974 3.599943093955515 6.7850221209228039 18.266653873026371 12.507660165429114 7.1993438340723515 9.0430757664144057 12.676129752770068 6.2142905071377736 9.4232000634074193
leaf_count=74 461 24 23 136 246 16 61 164 72 64 30 88 33 62
internal_value=-0.00163125 -0.0116191 8.95674e-05 0.033158 -0.0178323 -0.0247207 0.00941578 0.0104388 0.0346569 0.0034991 0.032757 -0.0071771 0.0106865 0.0317641
internal_weight=184.354 100.364 57.1329 19.7821 37.3508 34.0514 10.385 83.9905 21.1678 62.8227 16.2424 46.5803 28.3136 15.6375
internal_count=1554 967 506 160 346 323 77 587 146 441 94 347 183 95
cat_boundaries=0 1 2
cat_threshold=166 2
is_linear=0
shrinkage=0.05


Tree=166
num_leaves=15
num_cat=1
split_feature=6 0 0 25 25 28 2 19 14 15 19 1 12 4
split_gain=18.2145 10.7755 8.19742 10.1632 8.1127 7.12902 6.30454 5.46399 4.99077 4.78336 8.92972 4.70908 7.34468 5.81149
threshold=0 54.04207000000001 56.143935000000006 161.50000000000003 281.50000000000006 0.1438923395445135 0.06553689391773225 20.350000000000005 15.209629629629632 5.5500000000000007 94.450000000000017 -79.532160999999988 -4.4499999999999993 0.23145980303499999
decision_type=9 2 2 10 10 10 2 10 8 10 10 2 10 2
left_child=4 9 3 5 11 6 8 -5 -3 -2 -11 12 13 -1
right_child=1 2 -4 7 -6 -7 -8 -9 -10 10 -12 -13 -14 -15
leaf_value=0.069977570329855021 -0.032989871930277213 0.10422076737249973 -0.020109052517508531 0.028195869123798553 -0.0045393219308849878 -0.020119365291295849 0.013386131499284762 -0.043065753885015108 0.016443570655386201 -0.024129682152313314 0.075074654507803679 0.050265098819851167 -0.016097431132535062 -0.0034609146191999737
leaf_weight=6.0919351167976874 60.840077016502619 5.8993926420807874 21.889392958953977 3.2902332078665477 21.717630911618471 3.2783964425325385 6.0023647285997859 6.7095735929906368 2.6758761145174521 6.7166834902018291 2.2185849621891975 19.346178788691759 9.4787088483571988 4.1981783099472523
leaf_count=36 628 35 213 30 165 33 46 65 19 79 24 93 54 34
internal_value=-0.00352711 -0.0143183 0.00228248 0.0199651 0.0171118 0.0417458 0.0560572 -0.0191869 0.0814081 -0.0280417 0.00557942 0.0332122 0.0149072 0.0423633
internal_weight=180.353 119.521 49.7452 27.8558 60.8326 17.856 14.5776 9.99981 8.57527 69.7753 8.93527 39.115 19.7688 10.2901
internal_count=1554 1172 441 228 382 133 100 95 54 731 103 217 124 70
cat_boundaries=0 1
cat_threshold=28963
is_linear=0
shrinkage=0.05


Tree=167
num_leaves=15
num_cat=0
split_feature=18 1 1 18 28 18 14 31 19 16 13 22 19 3
split_gain=10.2541 6.76222 14.3775 16.3233 9.00338 8.36083 10.3732 8.70553 11.7227 6.61549 6.78457 6.51694 6.27209 5.63751
threshold=24.000000000000004 -101.23873099999999 -111.07369499999999 4.9500000000000011 0.20972222222222225 0.95000000000000018 19.29666666666667 0.013392857142857146 58.350000000000009 13.15 6.5500000000000007 15.500000000000002 24.250000000000004 0.91511078773075516
decision_type=10 2 2 10 8 8 10 10 10 10 10 2 10 2
left_child=1 2 5 4 -4 6 -1 9 12 10 13 -11 -9 -7
right_child=-2 -3 3 -5 -6 7 -8 8 -10 11 -12 -13 -14 -15
leaf_value=-0.031902557988408783 -0.029909617006531886 -0.015116517790483687 0.0095947955932806379 -0.039433958919422342 0.090098867373917424 -0.016413246271473 0.040897716707417098 0.034481463612094136 0.078621454618749198 -0.025932152229609897 0.052599322205076876 0.044519509014635507 -0.028243829274462173 0.032963088107148007
leaf_weight=25.568388074636463 22.730489177629352 31.875162912532687 5.1151713728904786 3.7276789434254161 11.84728063829243 14.849748287349945 5.0961192399263373 7.9978083707392233 8.8447443880140764 23.866147508844737 8.1811901591718179 2.8570483773946753 6.1923737302422523 8.1024380996823293
leaf_count=204 235 348 39 41 62 109 20 51 38 235 48 21 47 56
internal_value=0.000828248 0.00524074 0.0102241 0.0474763 0.0677079 0.00295451 -0.0188944 0.0113666 0.0366602 0.000844497 0.0162704 -0.0170658 0.00705175 0.00166576
internal_weight=186.852 164.121 132.246 20.6901 16.9625 111.556 30.6645 80.8915 23.0349 57.8566 31.1334 26.7232 14.1902 22.9522
internal_count=1554 1319 971 142 101 829 224 605 136 469 213 256 98 165
is_linear=0
shrinkage=0.05


Tree=168
num_leaves=15
num_cat=0
split_feature=27 14 3 16 8 0 19 31 25 14 32 19 19 14
split_gain=10.7889 6.53534 6.22299 13.1581 8.88548 6.40602 5.85642 5.54963 5.06192 5.16928 6.46196 4.46334 5.00993 4.3104
threshold=0.21817815839554974 -13.433333333333332 0.12332734741173625 18.050000000000004 24.800000000000004 46.379810000000006 145.15000000000006 1.0000000180025095e-35 152.50000000000003 -12.328333333333331 0.048809523809523817 18.750000000000004 42.550000000000018 3.6314560439560442
decision_type=8 8 2 8 8 2 8 10 10 8 10 10 8 10
left_child=8 -2 3 -3 5 -5 -6 13 -1 -10 -11 -12 -13 -7
right_child=1 2 -4 4 6 7 -8 -9 9 10 11 12 -14 -15
leaf_value=-0.043011886163960074 0.052108357568562969 0.066557906125751506 -0.011163317799166052 -0.039006304796435645 0.092870592282042919 -0.038680851476977876 -0.0030540563878167729 -0.03509222380732132 0.041475985824571238 -0.036060204474483833 -0.030211442204405709 0.062847340205652108 -0.0051328178384642334 0.015804691945298155
leaf_weight=17.679744316264987 5.8958400003612041 8.4325684048235399 51.18766226246953 9.20269952341914 3.2924588657915583 3.0322542153298846 2.4301022477447987 6.6142888888716689 3.3318178690969944 17.738218514248732 4.1705512441694728 4.0299797803163502 5.5777877867221841 39.975955478847027
leaf_count=215 44 56 421 87 21 18 25 53 21 162 36 24 48 290
internal_value=-0.00301837 0.00472436 0.0020761 0.0113875 0.00327451 -0.00290063 0.057741 0.00443358 -0.0219201 -0.0103182 -0.0169008 0.00853605 0.0266181 0.0111716
internal_weight=182.592 130.064 124.168 72.9803 64.5478 58.8252 5.72256 49.6225 52.5281 34.8484 31.5165 13.7783 9.60777 43.0082
internal_count=1521 1015 971 550 494 448 46 361 506 291 270 108 72 308
is_linear=0
shrinkage=0.05


Tree=169
num_leaves=15
num_cat=0
split_feature=3 32 27 13 10 23 14 16 14 23 14 12 13 13
split_gain=4.52631 4.90017 3.64386 3.63851 3.19651 2.91298 2.9115 3.54717 4.97901 3.14361 2.86933 3.78859 3.85738 2.67385
threshold=0.86869874770991873 0.092708333333333351 0.65192307692307705 8.0500000000000025 -4.1499999999999995 2.5000000000000004 -10.664310344827589 27.450000000000003 13.553333333333335 5.5000000000000009 4.5224137931034489 -2.3499999999999992 13.250000000000002 5.0500000000000007
decision_type=2 8 10 8 8 2 8 8 8 2 8 8 10 10
left_child=1 6 4 5 13 -2 -1 9 -9 -8 -6 12 -12 -3
right_child=3 2 -4 -5 10 -7 7 8 -10 -11 11 -13 -14 -15
leaf_value=0.024965240637112189 -0.0045924077543440271 0.059567806901141766 0.053531794584272867 0.047020957509677747 -0.014535949952908448 0.034580259928841429 -0.032589604972778727 0.033258816979160166 -0.013483988017310196 0.0045437754720425759 -0.011787402370433964 0.00029460503251561111 0.056356776228562402 -0.0014762527608256683
leaf_weight=3.8860821425914764 15.409459553658964 3.3019966930150986 2.6717437468469134 7.0772605501115349 23.622768055647612 5.7395865358412257 29.421927686780691 6.4895096682012081 22.849200263619426 6.7354885917156926 2.6154207028448564 48.447105903178453 5.4810120910406113 2.9958588927984238
leaf_count=35 102 27 25 62 177 47 227 70 210 66 19 378 57 19
internal_value=0.000303079 -0.0030128 0.00472843 0.0183909 0.0026256 0.00711984 -0.0128839 -0.0154713 -0.00238936 -0.0257362 -0.000255222 0.00585991 0.035468 0.0343062
internal_weight=186.744 158.518 89.1359 28.2263 86.4642 21.149 69.3822 65.4961 29.3387 36.1574 80.1663 56.5435 8.09643 6.29786
internal_count=1521 1310 702 211 677 149 608 573 280 293 631 454 76 46
is_linear=0
shrinkage=0.05


Tree=170
num_leaves=15
num_cat=1
split_feature=7 0 13 22 25 3 25 4 20 2 20 29 4 4
split_gain=7.73643 5.30632 8.37333 4.77462 4.77392 4.60643 9.17713 4.5984 4.59573 4.22487 3.19266 2.75306 2.72561 5.27215
threshold=0 54.346725000000013 2.1000000000000005 2.5000000000000004 133.50000000000003 0.70138038092733435 287.00000000000006 1.7004072075100003 13.500000000000002 -0.96689237009891416 37.500000000000007 0.015512265512265514 0.091719658350000011 0.058641691315000001
decision_type=1 2 8 2 8 2 8 2 2 2 2 8 2 2
left_child=1 9 3 -3 7 -4 -7 8 -2 11 -10 -1 13 -11
right_child=4 2 5 -5 -6 6 -8 -9 10 12 -12 -13 -14 -15
leaf_value=0.047677751781193357 -0.0042528464815243727 0.093625582804593876 -0.015973101142430574 -0.00063051832771732403 -0.0028039090292646825 0.07707388827846251 -0.018952780945710651 0.067968865134417744 0.045773584080181208 -0.025783985907427115 0.0040564873186556792 -0.020517700620268968 -0.035008981140871809 0.031390238040090494
leaf_weight=2.591370651498436 17.297962747514248 2.53134985268116 30.695159826427698 2.1472272612154484 43.561359077692032 3.4061877168714974 5.0204427056014547 3.6806000918149939 11.814371917396786 13.290556821972134 7.4700722321867934 1.7663375716656444 31.840629555284977 4.6738321091979733
leaf_count=33 114 29 267 19 295 41 42 28 83 144 41 23 306 56
internal_value=-0.00241513 -0.0119008 0.00106848 0.0578737 0.00868016 -0.006998 0.0239214 0.0208718 0.0144509 -0.0222181 0.0306106 0.0213654 -0.026377 -0.010038
internal_weight=181.787 97.9631 43.8004 4.67858 83.8244 39.1218 8.42663 40.263 36.5824 54.1627 19.2844 4.35771 49.805 17.9644
internal_count=1521 960 398 48 561 350 83 266 238 562 124 56 506 200
cat_boundaries=0 1
cat_threshold=1
is_linear=0
shrinkage=0.05


Tree=171
num_leaves=15
num_cat=0
split_feature=19 13 12 4 15 20 0 0 9 12 3 15 15 23
split_gain=11.2204 11.5217 9.05734 13.5856 12.5594 11.7596 9.47484 9.51786 11.9665 10.9914 14.1618 11.1371 10.1286 10.0362
threshold=71.300000000000011 0.45000000000000007 -33.349999999999987 0.024450391700000001 -21.949999999999996 53.500000000000007 56.222047000000011 55.81944450000001 -8.0499999999999989 -1.9499999999999997 -0.83375966452616657 1.7500000000000002 -12.149999999999997 2.5000000000000004
decision_type=8 10 8 2 10 2 2 2 8 10 2 10 10 2
left_child=1 -1 -3 -4 5 -5 7 8 -6 12 -11 -12 13 -10
right_child=-2 2 3 4 6 -7 -8 -9 9 10 11 -13 -14 -15
leaf_value=-0.042522167519544102 -0.018253137572683761 0.0770269715110036 -0.043754025177854546 -0.036024825941748398 0.079204552527751437 0.069695210389972242 -0.040311214201956533 0.075788054841925412 -0.037037244583924288 -0.020140427411563015 0.056989696728723949 0.0036556720467881645 -0.045946323992092579 0.065457845354001468
leaf_weight=8.4655041340738517 42.542926011607051 4.6186952702701092 9.1785907130688411 16.079019991680983 7.2455970495939255 2.1594842970371237 4.5846510343253604 8.3722062483429891 3.2355341501534012 12.142696360126129 28.948807008564486 14.754811581224201 11.139399174600831 4.7533807307481766
leaf_count=138 452 19 103 182 39 11 46 29 39 106 114 107 118 18
internal_value=0.0038778 0.0108999 0.0147588 0.0118087 0.0166484 -0.0205353 0.0239132 0.0275681 0.0218063 0.0152898 0.0263811 0.0394681 -0.0167937 0.0244447
internal_weight=178.221 135.678 127.213 122.594 113.416 18.2385 95.1771 90.5924 82.2202 74.9746 55.8463 43.7036 19.1283 7.98891
internal_count=1521 1069 931 912 809 193 616 570 541 502 327 221 175 57
is_linear=0
shrinkage=0.05


Tree=172
num_leaves=15
num_cat=1
split_feature=12 31 6 0 14 18 25 0 4 19 25 25 4 2
split_gain=13.4299 7.09638 8.72243 14.6176 10.5169 8.59095 8.82348 7.71381 12.981 11.1485 7.51826 6.11655 5.60555 3.94262
threshold=-10.899999999999999 0.13952020202020204 0 48.274542000000004 -2.7799999999999998 62.150000000000013 353.00000000000006 54.104810500000006 0.090451652055000012 36.350000000000001 2408.5000000000005 226.00000000000003 0.58901361888500003 -0.51297808981038739
decision_type=8 10 9 2 10 10 10 2 2 8 10 10 2 2
left_child=13 2 3 -2 -4 6 7 -5 -9 -10 -6 -3 -8 -1
right_child=1 11 4 5 10 -7 12 8 9 -11 -12 -13 -14 -15
leaf_value=0.0073171941799725837 0.058147730254062863 0.051569721411586493 0.049068050134135545 -0.037255350527322983 -0.032077773853409645 0.061930630982865567 0.031279994970075033 -0.042394729678566653 0.11172611638350777 -0.0047961130824555921 0.035864774744233524 0.001076998867672502 -0.032043306704735881 -0.037621059226656657
leaf_weight=5.5684669688343993 12.931603565812109 12.962128169834616 4.3738798294216386 21.851339492946863 38.948872495442629 4.3371932916343203 18.032858729362491 5.5361821725964528 3.0088265426456928 4.0461188480257988 3.705031342804431 10.590757109224795 3.4278901778161517 26.718948880210519
leaf_count=59 81 82 31 241 344 25 127 42 19 37 18 61 13 341
internal_value=-0.00125363 0.00533884 0.000332547 0.0105658 -0.0146316 0.00129414 -0.00441595 -0.0198842 0.0107857 0.0525998 -0.0254897 0.0298338 0.0201892 -0.0298838
internal_weight=176.04 143.753 120.2 73.172 47.0278 60.2404 55.9032 34.4425 12.5911 7.05495 42.6539 23.5529 21.4607 32.2874
internal_count=1521 1121 978 585 393 504 479 339 98 56 362 143 140 400
cat_boundaries=0 1
cat_threshold=203816
is_linear=0
shrinkage=0.05


Tree=173
num_leaves=15
num_cat=0
split_feature=10 1 30 3 25 31 28 26 0 9 10 25 16 14
split_gain=8.00513 9.37931 12.7912 9.61268 9.09423 8.3851 7.30842 6.89595 8.35535 5.46135 14.3371 7.22355 5.67345 10.0027
threshold=28.950000000000003 -120.913090895 0.091608391608391612 0.97648852793709995 542.00000000000011 0.32159090909090915 0.080128205128205135 0.50925925925925941 52.653959500000006 9.6500000000000004 22.750000000000004 275.00000000000006 9.4500000000000011 -6.8983333333333325
decision_type=10 2 8 2 8 10 10 10 2 8 10 8 8 10
left_child=1 2 5 7 -5 -1 -2 9 -9 10 12 -12 13 -3
right_child=6 3 -4 4 -6 -7 -8 8 -10 -11 11 -13 -14 -15
leaf_value=0.047706799313014941 0.068231756104766769 -0.017077109956604868 -0.019567477467527822 -0.0140302310616726 0.099220829388778478 -0.023906209471174222 -0.0093706932398407786 -0.020786450054782659 0.077784951133500951 -0.038383339732057153 -0.011133706652304768 0.063739390687312769 -0.026035615749669418 0.058876803613164698
leaf_weight=24.027007773518566 6.8705783318728191 14.091686641797425 14.809491673484443 2.8805339876562348 2.854109613224864 4.2486361712217322 4.5847434401512146 3.4649599827826014 3.5187353305518627 20.940936205908656 4.6323696542531225 7.9231104515492925 58.62452403828501 5.0895418934524121
leaf_count=121 38 142 147 34 20 32 39 27 16 226 31 56 564 28
internal_value=0.000238311 -0.0026287 0.0172197 -0.00960667 0.0486979 0.0364974 0.0389143 -0.0128179 0.0324009 -0.0159184 -0.0103491 0.0373314 -0.0184194 0.00499525
internal_weight=178.561 167.106 43.0851 124.021 5.73464 28.2756 11.4553 118.286 6.9837 111.302 90.3612 12.5555 77.8058 19.1812
internal_count=1521 1444 300 1144 54 153 77 1090 43 1047 821 87 734 170
is_linear=0
shrinkage=0.05


Tree=174
num_leaves=15
num_cat=0
split_feature=27 15 0 12 14 0 0 20 20 1 25 11 11 25
split_gain=17.6819 6.97824 6.26743 6.46427 6.72017 5.34853 7.01551 5.20815 8.09447 5.19696 7.89537 5.66446 5.03095 4.74117
threshold=0.52857142857142869 6.7500000000000009 45.272209000000011 -26.449999999999996 16.947528735632186 45.625321085000003 45.21741200000001 3.5000000000000004 2.5000000000000004 -116.92683049999998 133.50000000000003 -2.464285714285714 6.0773809523809534 38.500000000000007
decision_type=8 10 2 8 10 2 2 2 2 2 8 10 10 10
left_child=5 2 -2 -4 9 6 -1 8 -7 10 13 -12 -10 -5
right_child=1 -3 3 4 -6 7 -8 -9 12 -11 11 -13 -14 -15
leaf_value=-0.028280906509401599 -0.024978878806346892 0.056798057661303414 -0.032130641365258783 0.00032237569995257872 -0.031891335537670928 -0.024116202191069774 0.046247568953407502 -0.033110594852185836 0.06615669589000539 0.032054156465802015 0.014906909293229454 -0.039742246962230866 -0.007904531623664432 0.072470885603959784
leaf_weight=4.7280575018376094 10.107360653579233 8.0554431304335576 5.8403965272009373 3.9954165294766373 5.2191812731325617 15.569559654220939 6.2087353020906448 40.46414746530354 4.2976048812270164 49.425484692677863 8.03459255769849 9.2999633103609067 3.7045597620308399 4.3221834041178226
leaf_count=61 63 38 61 35 44 150 38 532 37 266 60 70 41 25
internal_value=0.00144188 0.0146985 0.010627 0.0150437 0.018828 -0.0169511 0.0143583 -0.022437 -0.00351258 0.0227267 0.0042266 -0.0149808 0.034801 0.041568
internal_weight=179.273 104.3 96.2446 86.1372 80.2968 74.9727 10.9368 64.0359 23.5717 75.0776 25.6522 17.3346 8.00216 8.3176
internal_count=1521 662 624 561 500 859 99 760 228 456 190 130 78 60
is_linear=0
shrinkage=0.05


Tree=175
num_leaves=15
num_cat=1
split_feature=6 26 18 15 14 16 31 18 1 4 16 1 14 20
split_gain=11.3901 8.50921 14.3661 8.21257 11.5855 6.82333 6.27684 14.2109 11.9298 7.5783 6.87358 12.6899 6.0578 8.35749
threshold=0 0.12517806267806272 6.7500000000000009 1.1500000000000001 3.4833333333333338 7.8500000000000005 0.33531746031746035 1.0500000000000003 -111.72243199999998 4.1185082919400005 13.050000000000002 -112.070274 19.413563218390809 2.5000000000000004
decision_type=9 8 10 8 10 10 8 8 2 2 8 2 8 2
left_child=6 -2 3 4 5 -3 10 8 -8 -9 11 -1 -12 -14
right_child=1 2 -4 -5 -6 -7 7 9 -10 -11 12 -13 13 -15
leaf_value=0.059947501569813599 -0.032849641053765553 0.054165382600606209 -0.036384511820407542 -0.020705596617153633 0.099185970591652503 -0.038106715375003958 -0.020965501404421168 -0.035064792982250723 0.078247190809421927 0.0389924812899691 -0.00048761154545797077 -0.025033557059461337 0.077745044419881781 7.4742645432841274e-06
leaf_weight=18.088209643960003 35.621117483824492 2.6185835022479296 11.99524464085698 4.5606558769941374 5.7188696693629026 3.4952096045017242 4.4710948038846254 23.783569911494855 6.581473555415867 3.1665929332375518 42.589670918881893 5.0895016863942137 5.6904899030923826 7.1552261225879192
leaf_count=78 420 32 153 49 39 40 33 210 27 17 320 47 19 37
internal_value=0.000897098 -0.0146625 0.00351019 0.0331153 0.0538565 0.00347273 0.00989507 -0.00584677 0.0397031 -0.0252795 0.0187257 0.0410233 0.00884124 0.0375722
internal_weight=180.626 64.0097 28.3886 16.3933 11.8327 6.11379 116.616 38.0027 11.0526 26.9502 78.6131 23.1777 55.4354 12.8457
internal_count=1521 733 313 160 111 72 788 287 60 227 501 125 376 56
cat_boundaries=0 1
cat_threshold=84544
is_linear=0
shrinkage=0.05


Tree=176
num_leaves=15
num_cat=1
split_feature=30 6 13 13 25 3 8 25 4 8 24 4 3 19
split_gain=10.7953 6.67756 6.22772 5.32532 7.82076 7.77076 10.8628 4.96095 9.0173 4.30867 4.15807 3.901 4.53892 3.58056
threshold=1.0000000180025095e-35 0 32.250000000000007 9.1500000000000004 79.500000000000014 -0.013976481981245173 8.5500000000000025 2767.0000000000005 0.13057166391000002 -9.1499999999999968 3.5000000000000004 0.26215135480500001 0.83258597624099873 11.250000000000002
decision_type=10 9 10 8 10 2 10 8 2 8 2 2 2 10
left_child=1 3 7 4 11 6 13 -3 -9 -6 -8 12 -1 -5
right_child=-2 2 -4 5 9 -7 10 8 -10 -11 -12 -13 -14 -15
leaf_value=0.045686629599268405 -0.027812408317091156 -0.02625070530150201 0.059599873875052861 0.0069816234162633772 0.019166433590824244 -0.019078431458592272 -0.0052134825706492919 0.060965366231056889 -0.025773206031183632 0.069145541479569583 0.033408730823552467 -0.024454292932076627 -0.0094365374618325809 0.060481221601236181
leaf_weight=7.0837974511086959 23.803085876628757 29.005243366584182 1.9534379690885533 4.4080704972147968 8.1431178599596006 21.03955957479775 36.473593387752771 4.3417827896773797 5.9328364357352257 11.49998699873686 7.564832065254449 6.1961457058787337 6.4089087434113026 12.842136688530443
leaf_count=39 259 416 21 39 54 138 224 42 68 57 48 41 36 68
internal_value=0.0029502 0.00758771 -0.0088957 0.0128767 0.0288354 0.00654327 0.0155039 -0.0159056 0.0130366 0.0503587 0.00201544 0.00596603 0.0206592 0.0479417
internal_weight=186.697 162.893 41.2333 121.66 39.332 82.3282 61.2886 39.2799 10.2746 19.6431 44.0384 19.6889 13.4927 17.2502
internal_count=1550 1291 547 744 227 517 379 526 110 111 272 116 75 107
cat_boundaries=0 1
cat_threshold=280576
is_linear=0
shrinkage=0.05


Tree=177
num_leaves=15
num_cat=1
split_feature=6 25 4 33 25 4 18 19 0 1 11 14 2 18
split_gain=10.0692 5.99034 4.62603 4.17515 5.21272 3.86126 3.53989 4.36315 3.43723 3.29792 3.87557 3.11612 4.25072 2.7863
threshold=0 22.500000000000004 0.029534200600000001 0.19485930735930737 170.50000000000003 0.38837367744500001 5.6500000000000012 9.1000000000000014 49.753999000000007 -121.34985499999998 2.6000000000000001 17.365185185185187 0.92273069556937592 2.3500000000000005
decision_type=9 8 2 8 10 2 8 10 2 2 8 8 2 10
left_child=1 8 13 -2 9 -6 7 -4 -1 10 -5 12 -8 -3
right_child=3 2 6 4 5 -7 11 -9 -10 -11 -12 -13 -14 -15
leaf_value=0.018699187000376313 -0.014160434496485397 0.01164409731722372 0.033681297344273907 -0.012068894401643351 0.047707321868473831 -0.019686673757790096 0.039675154045489235 -0.020695180199178504 0.08978315152549593 -0.0097595922369805542 0.065480988731496312 -0.018907287290878993 -0.02383111487769211 0.081643086474977061
leaf_weight=3.8066576942801467 83.735629947856069 3.0004031136631957 3.7860726378858116 2.5535943359136573 8.402535215020178 2.1382358334958544 13.956013631075626 15.597748532891272 3.5052725449204445 36.679313693195581 2.4159173518419266 3.4326255843043318 2.4983271583914748 2.5916714742779732
leaf_count=35 718 23 32 16 82 16 117 107 31 282 26 25 15 25
internal_value=0.000412778 0.0170655 0.0127277 -0.00680652 0.00375719 0.0335149 0.0060568 -0.00894299 0.0594781 -0.00438336 0.0302855 0.0204053 0.0292198 0.0515492
internal_weight=188.1 52.1748 44.8629 135.925 52.1896 10.5408 39.2708 19.3838 7.31193 41.6488 4.96951 19.887 16.4543 5.59207
internal_count=1550 410 344 1140 422 98 296 139 66 324 42 157 132 48
cat_boundaries=0 1
cat_threshold=4459
is_linear=0
shrinkage=0.05


Tree=178
num_leaves=15
num_cat=1
split_feature=6 0 3 0 27 26 28 33 33 1 27 2 18 2
split_gain=13.5645 6.68477 5.10702 5.30126 3.87742 3.84262 4.08021 3.95015 3.70783 3.55916 3.0823 2.99273 3.19239 2.8234
threshold=0 51.381349500000006 0.94353349168649059 52.376735000000004 0.40609702797202807 0.034898721967687493 0.51484213250517608 0.016269841269841271 0.096230158730158735 -111.26954349999998 0.15604707792207795 0.59177612190863982 1.6500000000000001 0.61915405168109316
decision_type=9 2 2 2 10 10 10 10 10 2 10 2 10 2
left_child=5 -2 3 -3 -5 6 7 9 -9 -1 -7 12 -11 -6
right_child=1 2 -4 4 13 10 -8 8 -10 11 -12 -13 -14 -15
leaf_value=-0.02266339993944326 -0.03048270999922887 0.04322378841825833 0.036346312133012572 -0.020744247630234431 -0.0044428752083988604 0.0017874227425853215 0.032839510391648806 0.051299654448993919 0.0039764485510429401 -0.032865345517157939 0.049754069299366072 0.044690481443977366 0.014036277407877967 0.041044627650565331
leaf_weight=17.042533572763201 36.586679400876164 3.6134818196296683 6.0663240291178218 40.166179850697517 11.977720350027083 4.7303775027394286 13.461240790784357 5.6811924800276783 11.373445477336643 4.5712400004267755 11.143462769687174 3.3943480588495722 9.4234159365296346 3.6827471889555445
leaf_count=124 403 38 55 360 99 25 83 45 62 35 87 34 69 31
internal_value=-0.000962159 -0.012458 -0.00395708 -0.00860366 -0.0126599 0.0134169 0.00936399 0.00271749 0.0217088 -0.00703651 0.0364131 0.0086786 -0.00245386 0.0080756
internal_weight=182.914 102.093 65.5065 59.4401 55.8266 80.8213 64.9474 51.4862 17.0546 34.4315 15.8738 17.389 13.9947 15.6605
internal_count=1550 986 583 528 490 564 452 369 107 262 112 138 104 130
cat_boundaries=0 1
cat_threshold=200777
is_linear=0
shrinkage=0.05


Tree=179
num_leaves=15
num_cat=1
split_feature=6 2 27 20 25 12 1 10 2 19 12 13 10 2
split_gain=12.3038 12.5541 11.6465 10.3456 9.89625 11.9957 13.4412 9.68775 9.47338 8.92158 9.83956 17.163 8.07669 8.00247
threshold=0 -0.71504373327588355 0.15484515484515488 2.5000000000000004 1682.5000000000002 -33.349999999999987 -122.72323654499998 12.550000000000002 0.99818282439137029 71.300000000000011 -1.5499999999999998 24.050000000000004 -3.6499999999999999 0.59177612190863982
decision_type=9 2 8 2 10 8 2 8 2 10 8 8 8 2
left_child=1 2 -1 9 5 -3 -7 -4 -8 10 12 -12 -2 -6
right_child=3 4 7 -5 13 6 8 -9 -10 -11 11 -13 -14 -15
leaf_value=0.06308140224341123 0.040453455322845056 0.057816007085195076 0.043385534324315814 -0.027502894144375213 -0.0035386875663915049 0.044472643078346183 -0.03191328101187408 -0.029150842202338819 0.052925729604646948 -0.041159451763298542 0.096021652147844527 -0.00048270012920705442 -0.042810892942294447 0.092929376626906923
leaf_weight=20.091250900179148 3.4616238921880722 5.5440817028284073 7.9855588488280773 45.467037038877606 3.6642541475594035 7.2912025414407244 38.910843472927809 8.4701531771570462 2.6896645165979853 6.4008592311292878 7.3235210776329076 10.296751303598286 7.6663495004177076 3.9692858997732401
leaf_count=72 36 20 37 522 35 26 421 71 10 83 26 81 99 11
internal_value=0.00321183 0.0142151 0.0384651 -0.0106895 0.00180696 -0.00597671 -0.0142243 0.00651823 -0.0253144 0.00826145 0.0202788 0.0426302 -0.0157096 0.0515764
internal_weight=179.232 98.6163 36.547 80.6161 62.0693 54.4358 48.8917 16.4557 41.6005 35.1491 28.7482 17.6203 11.128 7.63354
internal_count=1550 703 180 847 523 477 457 108 431 325 242 107 135 46
cat_boundaries=0 1
cat_threshold=112705
is_linear=0
shrinkage=0.05


Tree=180
num_leaves=15
num_cat=1
split_feature=24 6 0 2 0 22 0 14 32 13 13 0 4 14
split_gain=14.3374 9.09461 10.4646 9.00745 7.91814 6.13364 4.84342 7.95862 4.53075 4.48284 5.8456 4.29474 4.5704 4.25089
threshold=3.5000000000000004 0 49.076738595000002 -0.31799228562170639 56.463615030000007 26.500000000000004 54.534133000000004 -7.5649999999999986 0.20416666666666669 28.950000000000003 24.950000000000003 55.979731275000006 0.27852641160000002 13.996666666666668
decision_type=2 9 2 2 2 2 2 10 8 10 10 2 2 10
left_child=1 2 -1 4 9 -5 8 -8 -3 10 13 12 -9 -4
right_child=-2 6 3 5 -6 -7 7 11 -10 -11 -12 -13 -14 -15
leaf_value=0.049154826673994394 -0.044462245446133995 -0.0033362466003425207 0.015780601727071904 -0.027352186170740974 0.062473763123573701 0.046221468404927531 -0.028347642680850622 0.033776406703945813 -0.029817629762338857 -0.032630869739923664 0.065480665256004739 0.065085896585923467 -0.031398214543169975 -0.042363413762611921
leaf_weight=16.376996524631977 18.08775806427002 31.593522084876895 12.421498950570831 21.157294020056728 7.7265783511102191 2.327888634055852 7.9087578486651209 5.9718708042055351 32.664918288588524 4.7775481082499018 3.819467006251215 4.8427320607006541 3.428845688700676 3.1073791347444049
leaf_count=98 306 220 87 203 39 19 84 39 326 37 29 30 13 20
internal_value=-0.0035274 0.00140508 0.0134434 0.00457605 0.0216128 -0.0184696 -0.00911999 0.00968219 -0.0170483 0.00656105 0.0173665 0.0312729 0.00927118 0.00228671
internal_weight=176.213 158.125 71.7147 55.3377 31.8525 23.4852 86.4106 22.1522 64.2584 24.1259 19.3483 14.2434 9.40072 15.5289
internal_count=1550 1244 532 434 212 222 712 166 546 173 136 82 52 107
cat_boundaries=0 1
cat_threshold=463880
is_linear=0
shrinkage=0.05


Tree=181
num_leaves=15
num_cat=1
split_feature=29 1 2 10 28 10 24 11 10 3 16 10 2 7
split_gain=10.8904 8.14393 6.59279 6.33695 5.71351 10.4227 9.41597 9.2424 9.00319 6.17292 5.70945 6.46826 6.24823 5.94264
threshold=0.13485251450676985 -94.164537999999979 0.51297097409535064 16.400000000000002 0.034523809523809533 1.2500000000000002 3.5000000000000004 20.37857142857143 -1.0499999999999998 0.75438814418115718 9.4500000000000011 23.050000000000004 0.54219432480460406 0
decision_type=8 2 2 10 10 10 2 8 10 2 8 10 2 1
left_child=1 4 -3 -4 6 8 -1 9 -6 -7 13 -12 -13 -2
right_child=10 2 3 -5 5 7 -8 -9 -10 -11 11 12 -14 -15
leaf_value=0.031468643037770291 -0.01362526740826687 -0.044315280515088977 -0.021504837965895054 0.066387803891802752 0.008851954115761819 -0.027041234231444597 -0.039861065555898655 0.057218270573328359 0.079081016265791115 0.022637704822268984 -0.040146253151549731 -0.019395481944483019 0.059344913696371487 0.067372962034102868
leaf_weight=45.603315461426973 5.6866275426000339 11.67421435005963 4.2096781060099593 2.4557806439697742 15.412220150232317 34.212924277409911 4.281723426654934 3.4903619401156893 5.6720744259655467 6.8033763766288748 28.795038362964988 6.8558852765709144 2.7223100401461124 2.5028009749948978
leaf_count=271 65 146 47 14 108 284 51 22 22 44 359 73 17 27
internal_value=-9.21316e-05 0.00716556 -0.0229721 0.0153139 0.0121081 0.00231706 0.0246832 -0.0113966 0.0304703 -0.0184583 -0.020662 -0.0286394 0.00647856 0.0157667
internal_weight=180.378 133.816 18.3397 6.66546 115.476 65.591 49.885 44.5067 21.0843 41.0163 46.5627 38.3732 9.5782 8.18943
internal_count=1550 1009 207 61 802 480 322 350 130 328 541 449 90 92
cat_boundaries=0 1
cat_threshold=1
is_linear=0
shrinkage=0.05


Tree=182
num_leaves=15
num_cat=1
split_feature=28 5 10 27 31 13 16 4 0 10 11 13 32 0
split_gain=14.1925 8.7493 7.7851 6.13336 5.14468 4.46624 7.29711 4.45561 6.04447 5.75357 5.85974 6.37567 3.8678 3.91677
threshold=0.12574404761904764 0 26.450000000000003 0.11437908496732027 0.32159090909090915 21.850000000000005 14.950000000000001 2.0269816507950007 52.925642500000009 22.950000000000003 9.8214285714285712 14.250000000000002 0.25595238095238099 51.550964150000006
decision_type=10 9 8 8 10 8 10 2 2 10 10 10 8 2
left_child=1 2 5 -3 -2 6 -1 8 12 10 11 -10 -5 -14
right_child=4 3 -4 7 -6 -7 -8 -9 9 -11 -12 -13 13 -15
leaf_value=0.051798020223632203 -0.031656493820549352 -0.025204672020998575 -0.038903882923532897 -0.026559204087093315 0.038223293441265647 0.058756550215050378 -0.00800008748195454 -0.026403759874549727 0.0094821164213122113 0.064692367989268404 -0.027048868974688729 0.066482935541199606 0.013978257294510492 -0.032118482907035117
leaf_weight=8.8395866472274083 33.718310369178653 19.452765263617039 2.7367325443774453 12.283220009878276 2.0182166676968327 15.082921927794812 10.118687024340032 9.0073450189083797 19.937213225290186 5.9564784169197074 6.1714540775865308 5.7061073072254649 24.594244096428159 4.6431293077766886
leaf_count=61 475 194 28 110 22 77 64 64 166 35 50 34 135 35
internal_value=0.000998741 0.00800339 0.0255416 -0.000468137 -0.026777 0.0389741 0.02108 0.00515025 0.00901891 0.023224 0.0137253 0.0241851 -0.0041457 0.00583762
internal_weight=180.266 144.53 36.7779 107.752 35.7365 34.0412 18.9583 88.2992 79.2918 37.7713 31.8148 25.6433 41.5206 29.2374
internal_count=1550 1053 230 823 497 202 125 629 565 285 250 200 280 170
cat_boundaries=0 1
cat_threshold=268
is_linear=0
shrinkage=0.05


Tree=183
num_leaves=15
num_cat=1
split_feature=6 4 25 28 23 25 4 2 18 19 21 11 10 8
split_gain=8.70833 8.96052 6.84487 9.40177 12.3832 13.8349 11.4298 6.2891 5.91893 5.59718 5.98583 6.56611 5.32865 12.5739
threshold=0 0.0069901032900000007 1959.0000000000002 0.073593073593073599 6.5000000000000009 380.50000000000006 4.1185082919400005 0.091259403071267925 4.8500000000000014 126.70000000000003 4.5000000000000009 -18.035714285714281 19.550000000000004 13.750000000000002
decision_type=9 2 10 10 2 10 2 2 8 10 2 8 8 8
left_child=2 -2 3 6 5 8 9 -4 -5 10 11 -1 -13 -14
right_child=1 -3 7 4 -6 -7 -8 -9 -10 -11 -12 12 13 -15
leaf_value=0.040585302338812801 0.046337878847248284 -0.025063216989279231 0.065177479234535304 0.012205062187241753 -0.025948090742504412 -0.02753185035588851 0.063374236723080665 -0.006572325463489923 0.07073663154065539 0.032908831001904962 0.026821896350493632 -0.043688236603780933 0.057706259017975152 -0.027287792602193068
leaf_weight=2.8434178791940212 3.8491499014198771 56.111995378509164 7.4220779873430711 6.4659246020019117 9.6797456629574281 5.8362781107425681 4.0206601023674002 4.5261550918221474 15.754872892051933 4.7370021380484095 5.6009729094803324 26.594448089599613 4.3805611357092822 22.262076258659366
leaf_count=14 22 706 36 41 85 52 18 24 70 33 27 245 21 156
internal_value=-0.00316396 -0.0170052 0.00483332 0.00110972 0.0209354 0.0374466 -0.009656 0.0395892 0.0549639 -0.0149513 -0.0190933 -0.0240686 -0.0282064 -0.0117311
internal_weight=180.085 59.9611 120.124 108.176 37.7368 28.0571 70.4391 11.9482 22.2208 66.4185 61.6815 56.0805 53.2371 26.6426
internal_count=1550 728 822 762 248 163 514 60 111 496 463 436 422 177
cat_boundaries=0 1
cat_threshold=117312
is_linear=0
shrinkage=0.05


Tree=184
num_leaves=15
num_cat=1
split_feature=6 1 26 25 19 12 0 9 11 0 20 25 19 9
split_gain=11.4049 5.9338 7.31938 5.65517 5.48401 5.45605 4.65972 4.65201 5.19302 5.46911 5.27063 5.08165 6.34844 8.64049
threshold=0 -97.554773499999996 0.093073593073593086 1477.5000000000002 85.65000000000002 -20.849999999999998 50.296621845000011 -26.449999999999999 -8.0142857142857125 54.859436390000006 6.5000000000000009 1068.0000000000002 11.250000000000002 -4.9499999999999993
decision_type=9 2 8 8 8 10 2 8 8 2 2 8 10 8
left_child=-1 6 5 4 -4 -3 -2 -8 9 -9 -11 -10 -13 -14
right_child=1 2 3 -5 -6 -7 7 8 11 10 -12 12 13 -15
leaf_value=-0.022584721720177739 -0.029409320118128315 0.053707462268734962 0.076355803080724427 0.012009931456329639 0.0044341705829670343 -0.02322348062166885 -0.04153427427007185 0.059736814574020164 -0.010233710025594877 -0.02328897721227639 0.044486512729540247 -0.020531929441680585 -0.031522641364272345 0.044059659517975393
leaf_weight=36.17121471837163 11.227484799921511 1.8822645321488369 9.7642915695905685 13.329369729384778 3.687059225514532 10.806111322715877 4.4760009311139584 7.3272043541073826 45.931855492293835 6.1408612877130491 3.8049609251320362 7.9542815424501923 3.9626053385436535 17.831349741667513
leaf_count=526 93 15 54 75 27 108 33 39 334 37 22 65 25 104
internal_value=-0.00109528 0.00541959 0.0221259 0.0365287 0.0583128 -0.00872126 -0.000301101 0.00331796 0.00589683 0.0298195 0.00433522 0.000119102 0.015917 0.0295371
internal_weight=184.297 148.126 39.4691 26.7807 13.4514 12.6884 108.657 97.4291 92.9531 17.273 9.94582 75.6801 29.7482 21.794
internal_count=1557 1031 279 156 81 123 752 659 626 98 59 528 194 129
cat_boundaries=0 1
cat_threshold=98632
is_linear=0
shrinkage=0.05


Tree=185
num_leaves=15
num_cat=1
split_feature=6 9 2 27 27 16 16 16 22 24 2 25 25 28
split_gain=9.10031 4.46582 3.42935 3.56331 3.56025 2.65377 2.9763 2.51465 3.78472 2.66935 3.91162 3.80654 5.59395 5.18706
threshold=0 -9.2499999999999982 0.1849296026015865 0.29027777777777786 0.16904761904761909 12.850000000000003 21.750000000000004 6.2500000000000009 2.5000000000000004 1.0000000180025095e-35 -0.67803021058859214 235.00000000000003 98.500000000000014 0.28925241425241427
decision_type=9 10 2 8 8 8 8 10 2 2 2 10 10 8
left_child=7 2 3 -2 -4 -5 -7 8 -1 10 -9 12 13 -11
right_child=1 -3 4 5 -6 6 -8 9 -10 11 -12 -13 -14 -15
leaf_value=0.021102381464119524 -0.012248989890059243 -0.016320126081099111 0.026256574237316529 0.0023407715659348048 -0.019263556489002867 0.091624769341617951 0.022351783518213444 -0.018503472058047563 -0.033324190834053975 0.013095498855165061 0.020400346184673734 0.054136483813534524 -0.017525374499967019 0.066277085790781662
leaf_weight=5.1962337903678399 4.927319806069133 78.180402308702469 4.7397155873477486 3.9907202199101457 16.602210029959679 2.2095484212040901 4.8145767450332633 9.9738656394183653 5.6720086932182312 16.4502023421228 14.792839594185351 8.3142368569970113 8.1061322391033155 5.7610893025994292
leaf_count=42 37 710 43 27 112 22 33 78 40 120 122 71 50 50
internal_value=-0.000360059 -0.0088364 0.00456437 0.0214328 -0.0084315 0.0362653 0.0528457 0.0123004 -0.00771673 0.0177085 0.00462321 0.0257692 0.0165095 0.0291507
internal_weight=189.731 115.464 37.2841 15.9422 21.3419 11.0148 7.02413 74.2666 10.8682 63.3984 24.7667 38.6317 30.3174 22.2113
internal_count=1557 984 274 119 155 82 55 573 82 491 200 291 220 170
cat_boundaries=0 1
cat_threshold=262442
is_linear=0
shrinkage=0.05


Tree=186
num_leaves=15
num_cat=1
split_feature=6 31 32 1 0 8 14 18 9 11 24 8 32 25
split_gain=10.3156 4.39198 4.89227 4.28685 4.21166 5.61332 5.466 5.03478 2.82984 3.88085 2.87924 3.28989 2.76865 2.47674
threshold=0 0.091089466089466109 0.2410714285714286 -113.88444999999997 49.828075000000005 -1.8499999999999999 18.346428571428579 1.1500000000000004 -5.5499999999999989 -1.1714285714285713 14.500000000000002 4.5500000000000007 0.52777777777777779 515.00000000000011
decision_type=9 8 10 2 2 8 10 8 8 8 2 8 10 10
left_child=1 2 4 8 -1 -6 7 -7 9 -2 -10 -12 -5 -3
right_child=3 13 -4 12 5 6 -8 -9 10 -11 11 -13 -14 -15
leaf_value=0.042825638448581081 0.0018896002370869668 -0.0046165379520289552 -0.022544643852434026 -0.026388909871218891 -0.021702446092377377 -0.00079047773692008457 -0.025924225800843265 0.068025328674106961 -0.014697431331735173 0.057678018674502764 -0.016746180863565292 0.057626400142936497 0.022516960757869544 0.036010963168168271
leaf_weight=22.822644460946321 14.932209383696316 31.708380620926619 4.5391801074147216 40.056472113355994 7.4429937228560448 3.9669127464294442 2.8038664534687987 6.9173004813492307 34.723255049437284 2.9644419886171844 2.1154560819268218 2.2130957208573818 2.3694851566106072 3.2372595369815818
leaf_count=152 123 213 42 433 44 22 14 59 328 27 16 25 32 27
internal_value=4.83263e-05 0.0121744 0.0231982 -0.0103362 0.0283186 0.0114231 0.0296866 0.0449883 -0.00230008 0.0136938 -0.00978865 0.0249575 -0.0232019 4.41866e-05
internal_weight=182.813 83.4385 48.4929 99.3744 43.9537 21.1311 13.6881 10.8842 56.9485 17.8967 39.0518 4.32855 42.426 34.9456
internal_count=1557 573 333 984 291 139 95 81 519 150 369 41 465 240
cat_boundaries=0 1
cat_threshold=200777
is_linear=0
shrinkage=0.05


Tree=187
num_leaves=15
num_cat=0
split_feature=19 1 13 0 4 15 15 26 15 16 4 12 9 8
split_gain=10.5334 12.1039 9.58503 7.83948 6.943 7.77531 16.7479 14.767 13.633 9.49248 8.73557 8.62327 10.9146 7.96819
threshold=71.300000000000011 -122.42507654999999 0.45000000000000007 57.341411000000001 0.024450391700000001 -1.9499999999999997 1.7500000000000002 0.30384615384615393 -9.4499999999999975 12.850000000000003 22.683579917220005 8.5500000000000025 11.550000000000002 1.5500000000000003
decision_type=10 2 8 2 2 8 10 10 8 10 2 10 8 10
left_child=2 -2 -1 4 -4 8 -7 11 9 10 13 -8 -13 -6
right_child=1 -3 3 -5 5 6 7 -9 -10 -11 -12 12 -14 -15
leaf_value=-0.041970673580012878 0.035946564769297723 -0.035348290558994903 -0.025796509265601515 -0.040907519553613755 -0.033782015504676542 0.055282051956916094 -0.045804057025769521 0.070390934742690911 -0.030371049231170663 0.039842739287492518 0.073136493064313204 0.061912597604045043 -0.03934926239928821 0.033627133141458425
leaf_weight=7.6372013129293919 6.6276441384106866 27.97461823746562 8.8365298062562925 5.6355286464095107 14.85973664745689 31.47362938337028 11.379232281818991 4.9638778008520594 17.5470499265939 26.057475028559566 2.1944517791271201 4.900700204074381 3.936463724821806 5.1572210118174544
leaf_count=119 39 362 100 67 192 132 104 18 163 153 13 17 47 31
internal_value=0.00333562 -0.0210665 0.00928039 0.0124222 0.0150029 0.0181318 0.0315516 0.000911577 0.0062808 0.0199507 -0.00409683 -0.0186619 0.0173913 -0.0156409
internal_weight=179.181 34.6023 144.579 136.942 131.306 122.47 56.6539 25.1803 65.8159 48.2689 22.2114 20.2164 8.83716 20.017
internal_count=1557 401 1156 1037 970 870 318 186 552 389 236 168 64 223
is_linear=0
shrinkage=0.05


Tree=188
num_leaves=15
num_cat=1
split_feature=24 6 27 16 9 19 1 9 0 12 31 12 15 3
split_gain=13.81 10.6122 8.93995 6.43849 8.1037 6.19526 5.45077 5.12407 6.73259 14.8364 4.81335 4.77864 7.93566 3.82284
threshold=3.5000000000000004 0 0.29027777777777786 16.250000000000004 5.0500000000000007 142.55000000000004 -79.376951999999974 9.7500000000000018 55.979731275000006 -19.949999999999996 0.1702898550724638 1.9500000000000002 3.1500000000000008 0.097680735332368748
decision_type=2 9 8 8 8 8 2 10 2 10 10 10 8 2
left_child=1 3 11 -1 -5 6 10 8 -4 -10 -6 13 -13 -3
right_child=-2 2 7 4 5 -7 -8 -9 9 -11 -12 12 -14 -15
leaf_value=-0.0059138476313617301 -0.041682465461196153 -0.022386470124634347 -0.035897037885897029 0.063789094449537398 -0.028531122580482817 0.054455838283686046 0.040370910148774593 0.010131614578040057 -0.040697259722354606 0.07703595292084571 0.027566972687470215 0.064565183694611616 6.7648423498531382e-05 0.014211127403891848
leaf_weight=14.425112931057809 17.465869173407555 12.743285516276957 37.087865047156811 13.003813657909634 11.757757876068355 6.9691501557826987 5.9052958041429546 11.250753011554478 5.20446702465415 3.7310086935758573 4.5517810173332682 7.6721479240804911 10.60111757181585 13.878461495041845
leaf_count=134 301 80 422 82 87 29 26 93 53 24 25 38 56 107
internal_value=-0.000747714 0.00398776 -0.00589109 0.0192842 0.0323027 0.0166245 0.00292165 -0.0194112 -0.026695 0.011268 -0.0121868 0.0101205 0.0290923 -0.00348363
internal_weight=176.248 158.782 102.169 56.6129 42.1878 29.184 22.2148 57.2741 46.0233 8.93548 16.3095 44.895 18.2733 26.6217
internal_count=1557 1256 873 383 249 167 138 592 499 77 112 281 94 187
cat_boundaries=0 1
cat_threshold=459776
is_linear=0
shrinkage=0.05


Tree=189
num_leaves=15
num_cat=1
split_feature=26 6 16 18 9 8 22 12 15 25 1 32 10 16
split_gain=9.39115 9.27613 7.2855 6.89159 6.33108 7.98282 7.25898 7.17137 6.44928 7.72739 7.6575 5.83981 8.54507 8.86996
threshold=0.28402777777777782 0 10.65 1.3500000000000003 -29.499999999999996 12.350000000000003 44.000000000000007 0.8500000000000002 2.9500000000000006 319.50000000000006 -119.13804199999998 0.032595074643129572 25.050000000000004 19.050000000000004
decision_type=8 9 8 10 8 8 2 8 8 10 2 10 8 8
left_child=1 4 3 -2 -1 6 -6 -7 -9 -10 -11 12 13 -3
right_child=2 11 -4 -5 5 7 -8 8 9 10 -12 -13 -14 -15
leaf_value=0.058746115887345234 -0.03798941646205567 0.043625470638773423 -0.025774822580644743 0.032801488728994681 -0.032059507670754939 0.065083044725308292 0.04864237731884774 -0.042884013599058413 -0.016610354794491536 0.092005919579511541 -0.0028618798092067293 0.0076077982686627637 0.084387717724989389 -0.021789988350230705
leaf_weight=2.5612727925181389 3.8387100733816615 14.690927576273676 44.237024368718266 11.302417619153855 31.584175394847989 3.9541229270398617 2.1646396853029719 5.7327450215816498 8.6908590905368417 3.6709623076021671 3.7983446940779677 26.777067866176367 7.1286554746329811 6.9927078690379902
leaf_count=12 53 70 487 98 298 20 19 50 85 16 41 205 36 67
internal_value=0.000385444 0.00854691 -0.0156722 0.0136123 -0.00536829 -0.00993367 -0.0256324 0.0107557 -0.00147084 0.0148632 0.0491214 0.0211392 0.0401285 0.0224992
internal_weight=177.125 117.746 59.3782 15.1411 62.1571 59.5958 33.7488 25.847 21.8929 16.1602 7.46931 55.5894 28.8123 21.6836
internal_count=1557 919 638 151 541 529 317 212 192 142 57 378 173 137
cat_boundaries=0 1
cat_threshold=198664
is_linear=0
shrinkage=0.05


Tree=190
num_leaves=15
num_cat=2
split_feature=27 5 13 27 7 1 32 13 2 20 10 8 1 20
split_gain=11.7004 6.7683 11.5071 6.07799 5.80394 5.69507 5.35145 5.53137 5.31909 6.09554 6.94171 8.94239 5.12293 4.86536
threshold=0.49021464646464652 0 9.1500000000000004 0.65192307692307705 1 -116.92683049999998 0.23065476190476195 27.450000000000003 -0.51297808981038739 4.5000000000000009 0.8500000000000002 11.850000000000003 -121.94360965499997 1.0000000180025095e-35
decision_type=8 9 8 8 1 2 8 8 2 2 10 10 2 2
left_child=8 6 3 -3 -4 -6 -2 12 -1 10 -10 -12 -8 -14
right_child=1 2 4 -5 5 -7 7 -9 9 -11 11 -13 13 -15
leaf_value=-0.039145663034821268 -0.04312717764981891 0.036504035205808361 -0.011107980033883183 -0.029787869686789745 -0.002975293269560642 0.038792958007153162 0.047720387026431971 -0.043017688370344455 -0.03709653338346118 -0.023712073251926771 0.069260107271004068 -0.016466589377929268 0.016762170240888309 -0.035513045931669991
leaf_weight=21.672100927680731 9.3250346053391677 3.4125276282429722 8.7713848799467087 16.446995627135038 9.722104821354149 45.747295577079058 5.5797135643661049 5.1406131684780112 3.632826328277587 23.458422482013702 6.502589423209427 4.5786470808088779 10.242152992635971 6.385063048452138
leaf_count=298 100 26 79 125 67 211 33 34 50 324 58 45 59 48
internal_value=-0.00201775 0.00694004 0.0138211 -0.0171928 0.0256438 0.0315492 -0.00984384 -0.000846342 -0.0199125 -0.00827246 0.0162852 0.0354077 0.0103488 -0.00418802
internal_weight=180.617 120.773 84.1003 19.8595 64.2408 55.4694 36.6726 27.3475 59.8446 38.1725 14.7141 11.0812 22.2069 16.6272
internal_count=1557 782 508 151 357 278 274 174 775 477 153 103 140 107
cat_boundaries=0 1 2
cat_threshold=66 2
is_linear=0
shrinkage=0.05


Tree=191
num_leaves=15
num_cat=0
split_feature=1 1 1 12 16 24 8 11 33 13 9 1 2 25
split_gain=8.78801 12.3169 15.084 9.7787 7.83646 13.5817 14.992 8.68617 9.29576 8.07525 8.00345 7.17929 6.25333 5.66212
threshold=-101.23873099999999 -111.07369499999999 -109.98993249999999 7.2500000000000009 13.050000000000002 23.500000000000004 18.350000000000005 -13.135714285714281 1.0000000180025095e-35 15.550000000000002 -15.249999999999998 -120.19335069499998 0.85226249403558707 36.500000000000007
decision_type=2 2 2 8 10 2 10 8 8 8 8 2 2 10
left_child=1 4 -3 12 7 6 -6 -1 11 -7 -10 -9 -4 -8
right_child=-2 2 3 -5 5 9 13 8 10 -11 -12 -13 -14 -15
leaf_value=-0.032817000073394643 -0.020504307618301888 0.094996462659660011 -0.034162528236937231 0.065581420087493444 -0.032365513969599323 0.092362784167060827 -0.019466216967585295 -0.0071516903674693627 0.051830548684807937 -0.010210099470474387 -0.016154596915075106 0.058025414325132578 0.040732532421739936 0.047263706447248824
leaf_weight=7.6218090038746595 38.185956850647926 6.9902895465493229 8.9715821892023033 4.5429056268185439 47.243715779855847 3.6884712576866141 3.9992752373218527 5.180810138583186 4.5916137769818306 2.9420128352940083 18.17459033429623 17.88232971355319 2.9308978877961627 8.9634182304143888
leaf_count=61 444 27 88 19 482 13 24 59 33 31 138 72 17 49
internal_value=0.000503307 0.00618793 0.0385511 0.0104883 -0.000383229 -0.01172 -0.0194071 0.0137475 0.022027 0.0514767 -0.000839064 0.0436955 -0.0139926 0.0267564
internal_weight=181.91 143.724 23.4357 16.4454 120.288 66.8369 60.2064 53.4512 45.8293 6.63048 22.7662 23.0631 11.9025 12.9627
internal_count=1557 1113 151 124 962 599 555 363 302 44 171 131 105 73
is_linear=0
shrinkage=0.05


Tree=192
num_leaves=15
num_cat=1
split_feature=7 19 10 18 0 8 14 11 9 17 12 1 18 27
split_gain=7.19396 6.40337 4.7696 4.45325 6.57187 5.08635 4.39303 4.49941 8.07343 7.13006 6.2161 4.09081 6.85317 4.69737
threshold=0 101.60000000000001 -15.049999999999999 0.65000000000000013 46.886945000000004 0.55000000000000016 16.993333333333336 -6.746428571428571 -6.9499999999999993 14.500000000000002 -5.9499999999999993 -113.35571386999999 3.9500000000000006 0.24725043992961129
decision_type=1 8 8 8 2 8 8 10 10 10 10 2 10 8
left_child=11 2 -2 5 -5 -4 7 -6 -9 -10 -11 -1 -13 -14
right_child=1 -3 3 4 6 -7 -8 8 9 10 -12 12 13 -15
leaf_value=-0.040856716852364007 -0.035000724487587918 -0.023703910963115114 0.021095284528449502 -0.020184176017322829 0.035390770118036464 -0.02148423964600495 0.051960339992718679 -0.040282451558290022 0.0011442688876064624 0.0045888388754155513 0.071955023827595693 -0.033827051554554476 -0.02292834413550875 0.044291276531641166
leaf_weight=15.524900067597626 5.5532295554876328 19.180803403258324 9.5302401408553106 11.098370920866726 18.576329112052917 20.283491110429171 8.4495388269424421 6.7687875255942336 30.107669580727816 6.0514924861490726 7.3477365933358652 10.237272495403888 3.2028520666062805 6.5343942027539024
leaf_count=231 44 184 62 92 100 139 49 48 201 37 37 139 53 98
internal_value=-0.00259402 0.00244841 0.00665888 0.00889307 0.0144888 -0.0076304 0.0196611 0.0150102 0.00693642 0.0150227 0.0439621 -0.0224095 -0.00680732 0.0221047
internal_weight=178.447 142.948 123.767 118.214 88.3999 29.8137 77.3016 68.852 50.2757 43.5069 13.3992 35.4994 19.9745 9.73725
internal_count=1514 993 809 765 564 201 472 423 323 275 74 521 290 151
cat_boundaries=0 1
cat_threshold=2
is_linear=0
shrinkage=0.05


Tree=193
num_leaves=15
num_cat=0
split_feature=1 19 24 2 29 4 25 30 3 16 25 2 25 0
split_gain=5.24761 4.73061 4.34929 5.62063 4.85633 4.0385 5.94889 3.96551 5.72665 4.08418 3.60724 3.48447 3.15209 2.86643
threshold=-66.794485499999993 77.350000000000023 1.0000000180025095e-35 0.49812943072827093 0.028174603174603179 0.26474320156500003 279.00000000000006 0.11237373737373739 0.63089349388778826 29.750000000000004 116.50000000000001 -0.23537230790205757 49.500000000000007 50.393167350000006
decision_type=2 10 2 2 8 2 10 8 2 10 8 2 10 2
left_child=2 -2 4 5 11 7 10 13 9 -9 -7 -1 -6 -4
right_child=1 -3 3 -5 12 6 -8 8 -10 -11 -12 -13 -14 -15
leaf_value=-0.035946361576939541 -0.0060542425095547921 0.053455456210192737 -0.025651964090957286 -0.012010705128968341 -0.0057341818309006969 0.035216762741586145 0.086726950445763035 -0.03599554217390858 0.087800933188623045 0.039760917540748897 -0.017394762194426174 -0.0066180893462486961 0.025102303896724121 0.0073850547398722592
leaf_weight=21.713619353249669 5.3107583001255971 7.2243666499853134 8.4405256845057028 27.996647067368031 40.573347948491573 7.8931429833173725 3.3343795686960211 2.5251211784780017 2.27821159735322 2.5962237603962421 4.3748856261372575 19.265088185667992 9.3507608957588655 20.632464848458767
leaf_count=209 29 51 70 209 310 77 34 22 26 28 25 181 88 155
internal_value=-0.000319058 0.0296584 -0.00267656 0.00578316 -0.0101101 0.0153956 0.0358743 0.00591151 0.0361841 0.00263022 0.0165581 -0.0226445 0.000420995 -0.00274037
internal_weight=183.51 12.5351 170.974 80.0716 90.9028 52.075 15.6024 36.4725 7.39956 5.12134 12.268 40.9787 49.9241 29.073
internal_count=1514 80 1434 646 788 437 136 301 76 50 102 390 398 225
is_linear=0
shrinkage=0.05


Tree=194
num_leaves=15
num_cat=1
split_feature=6 33 28 22 9 25 21 13 32 0 19 27 17 17
split_gain=9.2365 5.29709 8.28161 3.55214 2.6715 2.53542 2.40967 2.34815 2.31645 2.20788 2.5024 4.57393 2.18512 3.5938
threshold=0 0.052777777777777785 0.35833333333333339 8.5000000000000018 -2.8499999999999992 77.500000000000014 11.500000000000002 33.600000000000009 0.87500000000000011 52.635026500000002 25.250000000000004 0.41853464963221071 19.500000000000004 9.5000000000000018
decision_type=9 10 10 2 10 10 2 10 10 2 8 8 10 10
left_child=1 6 3 4 -3 -5 7 8 12 -2 11 -11 13 -1
right_child=9 2 -4 5 -6 -7 -8 -9 -10 10 -12 -13 -14 -15
leaf_value=0.0097900682439549039 -0.024205781427950337 0.043897506087752197 -0.016694694451863872 0.03801578323377628 -0.0043509557948058558 0.096521032226728115 0.03618084346914599 -0.037400381481293286 -0.029474541754643535 -0.020989681941516899 -0.016329048399789107 0.042344985587760404 0.036012512487623445 -0.014031036608877584
leaf_weight=49.800416756421328 35.53364610299468 4.3582829795777824 7.4181599430739871 8.1088713705539686 5.8271657340228584 3.1590108126401892 4.0870883092284194 2.8584533184766761 4.3080112114548674 4.37851606309414 16.792673047631979 5.2822931557893762 4.1989473402500144 22.023590613156557
leaf_count=401 403 33 42 47 45 30 27 15 38 38 146 50 38 161
internal_value=0.000199684 0.0083171 0.027206 0.0424535 0.018373 0.0609488 0.00277331 0.000721742 0.00252143 -0.0139988 -0.00500509 0.0143639 0.00469369 0.00239337
internal_weight=178.135 116.148 28.8715 21.4533 10.1854 11.2679 87.2765 83.1894 80.331 61.9871 26.4535 9.66081 76.023 71.824
internal_count=1514 877 197 155 78 77 680 653 638 637 234 88 600 562
cat_boundaries=0 1
cat_threshold=198729
is_linear=0
shrinkage=0.05


Tree=195
num_leaves=15
num_cat=1
split_feature=4 13 25 6 4 8 0 15 25 2 19 1 18 13
split_gain=12.0671 13.3187 14.5797 11.2764 8.60045 8.51157 9.14701 12.7889 9.58719 8.80135 7.96901 5.50056 7.87646 5.26197
threshold=0.03245461923500001 12.950000000000001 19.500000000000004 0 22.683579917220005 18.250000000000004 51.381349500000006 -1.9499999999999997 101.50000000000001 0.98372640911059162 67.200000000000031 -113.35571386999999 31.900000000000002 29.050000000000004
decision_type=2 8 8 9 2 10 2 8 10 2 8 2 8 10
left_child=-1 4 -3 5 11 6 -4 -8 9 -9 -10 -2 -13 -5
right_child=1 2 3 13 -6 -7 7 8 10 -11 -12 12 -14 -15
leaf_value=-0.038767591408817442 -0.045622376736432421 0.057577282864642698 0.046947490801024394 -0.038681097382495769 0.052386547339775325 -0.040701939920169052 -0.03396531686709215 -0.042617061229740696 0.072141302014070749 0.051562513353289513 0.0013695219468511839 -0.020630189597226806 0.061132819718911026 0.0071564083589246768
leaf_weight=18.163327401503921 18.749158874154091 14.472182195633648 23.095984337851405 18.814734382554892 2.8246864713728419 4.8549439366906872 11.859987948089836 6.6743430308997649 10.785982698202135 2.7043209597468376 6.0631758086383334 17.536314671859149 2.5147571861743918 8.749972175806759
leaf_count=226 244 83 115 212 20 53 111 71 35 6 54 196 19 69
internal_value=-0.00140298 0.00335768 0.0125985 0.00510911 -0.0203679 0.0153172 0.0228086 0.00734454 0.0265859 -0.013109 0.0481776 -0.0268477 -0.00795877 -0.0180652
internal_weight=167.864 149.701 108.076 93.6034 41.6249 66.0387 61.1838 38.0878 26.2278 9.37866 16.8492 38.8002 20.0511 27.5647
internal_count=1514 1288 809 726 479 445 392 277 166 77 89 459 215 281
cat_boundaries=0 1
cat_threshold=342272
is_linear=0
shrinkage=0.05


Tree=196
num_leaves=15
num_cat=0
split_feature=24 28 13 0 18 1 1 24 28 1 18 0 31 11
split_gain=14.6971 10.7017 6.0233 5.98506 7.24081 5.86857 9.95875 5.38638 4.22758 6.58271 6.45563 3.82076 3.61961 3.23233
threshold=3.5000000000000004 0.49184899184899195 29.850000000000005 56.37539979000001 4.3500000000000005 -69.886188999999987 -85.832005384999988 1.0000000180025095e-35 0.13762626262626262 -122.54164999999999 2.4500000000000006 43.873761015000007 0.14625850340136057 9.9428571428571448
decision_type=2 8 10 2 8 2 2 2 10 2 8 2 10 8
left_child=1 2 5 -3 -5 6 7 8 9 -1 -10 -8 -9 -11
right_child=-2 3 -4 4 -6 -7 11 12 10 13 -12 -13 -14 -15
leaf_value=0.064143929696143562 -0.041702803853866724 -0.019999583493736293 -0.016400573485475824 0.065171473307739522 -0.013578443424413351 -0.036998425096663748 0.014400936450917301 -0.028008315788916945 0.088541771672581093 0.017360412255495828 0.017897003729573181 0.068380680464231222 0.022761697538156753 -0.015406165977475603
leaf_weight=3.8269712477922395 18.00823986530304 45.714482529088855 12.42437777481973 4.0961362980306122 6.1930225044488916 3.4390658177435389 5.1252281330525902 10.479001129046081 4.1816682405769798 13.961946789175281 10.500302359461784 12.874752130359409 4.1860059257596722 14.148229256272314
leaf_count=18 309 483 74 26 52 48 27 122 27 96 61 66 35 70
internal_value=-0.000251565 0.00492859 0.015078 -0.0122767 0.0207679 0.0199452 0.0228453 0.0127984 0.0210127 0.010201 0.0423808 0.0545776 -0.0129885 0.000905849
internal_weight=169.159 151.151 95.1475 56.0036 10.2892 82.7232 79.2841 61.2841 46.6191 31.9371 14.682 18 14.665 28.1102
internal_count=1514 1205 644 561 78 570 522 429 272 184 88 93 157 166
is_linear=0
shrinkage=0.05


Tree=197
num_leaves=15
num_cat=0
split_feature=2 27 0 19 2 0 2 27 18 27 11 11 8 27
split_gain=6.55992 10.2967 6.66954 7.72298 8.78067 7.26066 6.48507 6.46868 8.54144 7.70072 6.73253 6.30362 6.22875 5.8862
threshold=0.51297097409535064 0.32052068302068309 49.268229685000001 6.4500000000000011 0.86548282553247169 46.112856500000007 0.96465729447553372 0.27777777777777785 12.65 0.061553030303030311 11.442857142857145 19.635714285714283 21.050000000000004 0.017700501253132835
decision_type=2 8 2 10 2 2 2 10 10 10 8 10 10 10
left_child=7 6 5 4 -4 -3 -2 9 -9 11 -10 13 -13 -1
right_child=1 2 3 -5 -6 -7 -8 8 10 -11 -12 12 -14 -15
leaf_value=-0.016632576909190806 0.047893850505091103 -0.002014316047562257 0.068334334796833485 -0.033344675887369231 -0.035145632488384856 0.088059403621370408 -0.019625979701818036 -0.009988971060080145 0.056913531251445583 -0.047254199015809281 -0.0030029821583650489 -0.016099831340487033 0.071336262149776758 0.056416127016225504
leaf_weight=48.301275838166475 21.963137187063698 5.7726632524281722 3.8782591391354826 18.057564901188016 2.7147578708827496 2.6088982298970222 3.6402215119451276 24.284073792397976 11.206218056380747 13.665176508948205 7.4564383476972607 3.0093701705336562 3.794309426099062 1.9546452742069949
leaf_count=489 136 51 26 163 34 18 31 234 51 149 67 26 23 16
internal_value=0.00131615 0.0147598 -0.00377637 -0.016868 0.0267081 0.0324205 0.0379172 -0.00568675 0.0094829 -0.0149021 0.0340394 -0.00647369 0.0355548 -0.0127462
internal_weight=172.307 58.6355 33.0321 24.6506 6.59302 8.38156 25.6034 113.672 42.9467 70.7248 18.6627 57.0596 6.80368 50.2559
internal_count=1514 459 292 223 60 69 167 1055 352 703 118 554 49 505
is_linear=0
shrinkage=0.05


Tree=198
num_leaves=15
num_cat=0
split_feature=32 16 16 20 19 19 10 4 13 20 4 11 1 1
split_gain=12.7542 7.10949 5.65481 5.41046 6.0382 5.37772 7.72714 6.37743 6.13124 5.33946 7.59687 5.15782 4.81108 6.34344
threshold=0.45555555555555555 5.9500000000000011 3.5500000000000003 3.5000000000000004 111.35000000000001 43.850000000000001 23.950000000000003 3.6937516419150005 8.9500000000000011 3.5000000000000004 0.62461575324000007 3.4857142857142862 -118.54052249999999 -97.554773499999996
decision_type=8 8 10 2 10 8 10 2 10 2 2 8 2 2
left_child=1 2 -1 4 -3 8 7 12 -2 10 11 -10 -7 -14
right_child=5 3 -4 -5 -6 6 -8 -9 9 -11 -12 -13 13 -15
leaf_value=-0.01515213624203479 -0.024606507320889179 -0.0092894338452208999 0.076357300309659037 -0.028527272628359253 0.060321804871561614 -0.0017057181578666999 -0.026373909140284715 -0.017516114377688786 0.031205446681065948 0.059566214542178787 0.052702566983741962 -0.026474291840526021 0.067155537815702354 0.022015226853852057
leaf_weight=2.5748023353517056 15.861092135310171 21.86959853768349 2.7340778298676014 48.524989988654852 2.6064908578991881 6.5812198631465426 6.150423325598239 5.5354339070618144 4.2893692217767274 4.1445993892848483 4.8991410695016375 14.10736115276814 15.648288827389473 17.386817328631881
leaf_count=35 129 208 26 645 23 48 45 30 20 27 24 93 74 87
internal_value=-1.36558e-05 -0.0148374 0.0366084 -0.0190228 0.000200361 0.0122838 0.0230741 0.0302352 -0.000732434 0.0134472 0.00312812 -0.0121103 0.0371743 0.0447425
internal_weight=172.914 78.31 5.30888 73.0011 24.4761 94.6037 51.3022 45.1518 43.3016 27.4405 23.2959 18.3967 39.6163 33.0351
internal_count=1514 937 61 876 231 577 284 239 293 164 137 113 209 161
is_linear=0
shrinkage=0.05


Tree=199
num_leaves=15
num_cat=1
split_feature=6 4 31 24 18 3 3 31 18 1 12 13 16 18
split_gain=10.1114 8.3058 6.44643 8.07979 7.35702 6.77023 5.2352 5.07329 7.95327 7.54975 6.73619 10.1805 8.2026 9.53209
threshold=0 0.0069901032900000007 0.1223646723646724 5.5000000000000009 4.1000000000000005 -0.4755978891912595 0.87291090774974645 0.33531746031746035 0.8500000000000002 -111.07369499999999 -6.9499999999999993 2.1000000000000005 30.050000000000004 12.15
decision_type=9 2 8 2 10 2 2 8 8 2 10 8 10 8
left_child=7 -2 -3 4 5 -4 -7 10 9 -9 11 -1 -12 -14
right_child=1 2 3 -5 -6 6 -8 8 -10 -11 12 -13 13 -15
leaf_value=-0.026907088593894242 0.051258997681375734 -0.03371370039948917 0.055412707300800237 0.054688920138894787 -0.043434235974072095 -0.040579784561278087 0.040943107436484362 -0.019384919542235004 -0.017466065437143814 0.062358624351929348 -0.012472322463685357 0.046275329537622811 0.0026467121459245895 0.073091696775361731
leaf_weight=4.9397194124758244 3.5698226168751708 31.981909612193704 4.4587321169674397 4.3804440423846236 9.8007877711206657 5.3545861542224937 1.9323129281401632 3.9493325296789408 26.654387498274446 6.4114531427621824 25.307853855192661 29.822900548577309 12.602484663948418 6.8376732915639868
leaf_count=43 20 427 36 30 140 58 20 31 227 24 201 147 73 37
internal_value=0.00303112 -0.0122505 -0.0190488 -0.0003788 -0.0135033 0.01292 -0.0166298 0.0112172 -0.00307213 0.0322359 0.0192182 0.0354146 0.00613689 0.029788
internal_weight=178.004 61.4786 57.9088 25.9269 21.5464 11.7456 7.2869 116.526 37.0152 10.3608 79.5106 34.7626 44.748 19.4402
internal_count=1514 731 711 284 254 114 78 783 282 55 501 190 311 110
cat_boundaries=0 1
cat_threshold=84544
is_linear=0
shrinkage=0.05


Tree=200
num_leaves=15
num_cat=1
split_feature=7 9 9 3 25 26 17 3 12 9 3 3 32 13
split_gain=11.6449 6.35526 7.4343 10.8321 9.54558 6.86376 5.96179 5.74463 5.25 5.03505 4.47699 5.1626 4.7109 6.36873
threshold=0 10.250000000000002 2.4500000000000006 -0.46800559042974538 3342.5000000000005 0.50925925925925941 12.500000000000002 0.65720762023595369 -11.649999999999997 13.050000000000002 0.93158198870884079 0.82293497932636284 1.0000000180025095e-35 10.450000000000001
decision_type=1 10 8 2 8 8 10 2 8 10 2 2 10 10
left_child=-1 2 3 -2 -4 -3 10 8 -8 -7 11 12 13 -5
right_child=1 5 4 6 -6 9 7 -9 -10 -11 -12 -13 -14 -15
leaf_value=-0.025220968367342136 0.062034435344329612 0.060910856876840828 -0.02960333059151897 0.047738111184103933 0.021433233539469344 0.037148086789769538 0.047706356455624745 -0.035851072842051919 -0.010589035332878943 -0.033780158320441289 0.046658322619125447 -0.027533956213210128 -0.014443678559418281 -0.0064534017513663174
leaf_weight=35.431040486320853 8.2497390583157522 9.3114921171218175 29.736002068966627 14.098238468170171 12.215136995539067 3.7063209749758226 4.5126979555934668 13.247851228341458 12.057306950911885 4.3426735326647758 8.4389719478785974 7.2911981474608174 8.0963260214775783 8.1231595613062364
leaf_count=535 46 75 262 68 82 22 26 107 77 24 58 54 54 54
internal_value=4.0654e-05 0.00641249 0.0023901 0.0109304 -0.0145897 0.0339009 0.00463853 -0.0125276 0.00709883 -0.000623886 0.0157843 0.00782752 0.0169393 0.0285033
internal_weight=178.858 143.427 126.067 84.1155 41.9511 17.3605 75.8658 29.8179 16.57 8.04899 46.0479 37.6089 30.3177 22.2214
internal_count=1544 1009 888 544 344 121 498 210 103 46 288 230 176 122
cat_boundaries=0 1
cat_threshold=2
is_linear=0
shrinkage=0.05


Tree=201
num_leaves=15
num_cat=1
split_feature=6 4 18 8 1 28 2 20 27 10 10 18 1 0
split_gain=5.69637 3.89018 4.21228 3.67711 3.79239 4.21899 3.8115 3.27542 7.28783 3.32689 3.45292 3.10329 2.82321 2.6308
threshold=0 0.028249519735000003 20.050000000000004 -3.5499999999999994 -119.30894499999998 0.23273809523809524 -0.30163705152652742 3.5000000000000004 0.19782423839100863 -2.0499999999999994 -9.5499999999999989 12.65 -66.097896649999981 49.38010400000001
decision_type=9 2 8 10 2 10 2 2 10 8 10 10 2 2
left_child=3 -2 7 4 -1 6 -6 13 -9 10 -10 -11 -4 -3
right_child=1 2 12 -5 5 -7 -8 8 9 11 -12 -13 -14 -15
leaf_value=-0.026275290333696379 0.0323626017649363 -0.017704697663663505 -0.021004192994133045 -0.018321156001505794 0.039178523703125724 0.05652843991128105 -0.010599739338783944 0.057844805737440941 -0.0072013776571343557 -0.010500154394628666 0.064031351513737428 0.042975885840980159 0.024654574978085181 0.0097491971088240655
leaf_weight=6.7040711939334896 13.548309642821549 12.698071654886006 19.535754140466455 50.057946497574449 4.2739448398351749 3.7045562118291846 13.245611712336537 8.8498969748616201 2.4850732982158661 18.076779879629619 3.369072113186121 2.1668936014175406 3.181019999086856 23.041327029466629
leaf_count=47 118 89 156 495 37 35 93 75 16 140 34 18 20 171
internal_value=0.000421349 0.00758481 0.00448948 -0.00917335 0.00411848 0.0144693 0.00300361 0.0104911 0.0211478 0.00702828 0.0371542 -0.0030225 -0.0138407 -0.000221467
internal_weight=184.938 106.952 93.4039 77.9861 27.9282 21.2241 17.5196 70.6871 34.9477 26.0978 5.85415 20.2437 22.7168 35.7394
internal_count=1544 837 719 707 212 165 130 543 283 208 50 158 176 260
cat_boundaries=0 1
cat_threshold=243712
is_linear=0
shrinkage=0.05


Tree=202
num_leaves=15
num_cat=1
split_feature=6 33 1 12 4 21 3 21 12 2 29 10 8 14
split_gain=6.65794 5.87557 4.48717 3.38226 4.47212 3.85678 3.25291 4.38713 2.99133 2.9901 3.59439 4.40095 3.31204 2.82945
threshold=0 0.12310606060606062 -107.30818970499998 8.3500000000000032 0.58901361888500003 1.5000000000000002 -0.26867065956352881 5.5000000000000009 2.1500000000000008 0.21862473630160603 0.020942982456140354 -4.1499999999999995 -10.749999999999998 13.645574712643681
decision_type=9 10 2 8 2 2 2 2 10 2 8 8 8 8
left_child=1 2 8 4 5 -3 -4 -8 9 -1 11 -11 -12 -10
right_child=-2 3 6 -5 -6 -7 7 -9 13 10 12 -13 -14 -15
leaf_value=-0.0079592954649602525 -0.015896695203642983 0.047941423955856453 0.00016689177378231783 0.068685303561909716 0.061820017006135479 -0.01041434744261429 0.054377476575192457 -0.012065073070847488 -0.039411277558384979 -0.020105163258053456 0.041343913406963195 0.038515337357039596 -0.012253475582178935 -0.0059283108427522456
leaf_weight=33.466141831129789 37.015335705131292 2.7243321929127005 9.9341454207897204 3.5945906378328827 3.4494455046951762 10.876766201108692 8.8601634651422483 2.8972916156053534 8.0719992406666261 3.3275377191603184 2.4800478480756283 15.082565251737835 15.902817796915771 22.249802894890312
leaf_count=296 411 23 73 29 27 81 64 19 59 25 21 122 126 168
internal_value=0.000401689 0.00543124 0.00154501 0.0298223 0.0182779 0.00375732 0.0216368 0.0383423 -0.0029584 0.00273444 0.0124145 0.02743 -0.00326265 -0.0158155
internal_weight=179.933 142.918 122.273 20.6451 17.0505 13.6011 21.6916 11.7575 100.581 70.2591 36.793 18.4101 18.3829 30.3218
internal_count=1544 1133 973 160 131 104 156 83 817 590 294 147 147 227
cat_boundaries=0 1
cat_threshold=460809
is_linear=0
shrinkage=0.05


Tree=203
num_leaves=15
num_cat=1
split_feature=0 6 18 4 12 9 17 17 22 12 12 11 0 28
split_gain=11.6705 9.92797 9.40587 11.4595 8.79434 10.1545 8.7864 12.9277 9.09958 8.11692 7.16952 13.0866 7.83257 9.16632
threshold=56.146415000000012 0 0.35000000000000003 0.056370412945000004 2.8500000000000001 13.15 7.5000000000000009 12.500000000000002 13.500000000000002 -15.549999999999999 3.5500000000000003 13.507142857142858 56.14627500000001 1.0000000180025095e-35
decision_type=2 9 8 2 10 8 10 8 2 10 8 8 2 8
left_child=1 2 -1 -4 6 -6 -5 9 -9 -8 11 12 13 -3
right_child=-2 10 3 4 5 -7 7 8 -10 -11 -12 -13 -14 -15
leaf_value=0.036515008894137987 -0.037914039133138462 0.01167133942552007 -0.035591347289286146 -0.034616411405248161 0.049116237016935141 -0.037488845151414533 0.081711449957348192 -0.043598746486919665 0.051862864516977449 0.003454796063004425 -0.044957531885065204 0.064213560181080112 0.05411066407895454 -0.045711331478781085
leaf_weight=32.290117861703038 16.345098927617073 10.76825100742281 13.514224162325261 12.32797131501138 20.998224634677172 3.2410818301141289 6.8946091681718826 9.3100432902574521 2.3771979101002207 5.8686164095997828 12.949009049683808 5.14713698811829 2.6727386787533751 17.069768251851201
leaf_count=140 191 114 165 130 96 38 35 105 8 49 182 24 13 254
internal_value=0.00100513 0.00531412 0.0131858 0.00447473 0.0137794 0.0365096 -0.00177113 0.015499 -0.0216244 0.048594 -0.0121176 -0.00259639 -0.0155473 -0.0238797
internal_weight=171.774 155.429 106.822 74.532 61.0177 24.2393 36.7784 24.4505 11.6872 12.7632 48.6069 35.6579 30.5108 27.838
internal_count=1544 1353 766 626 461 134 327 197 113 84 587 405 381 368
cat_boundaries=0 1
cat_threshold=129088
is_linear=0
shrinkage=0.05


Tree=204
num_leaves=15
num_cat=1
split_feature=24 6 1 19 26 15 8 29 19 33 0 14 18 27
split_gain=13.5218 10.1777 11.2372 7.62981 6.01433 6.05227 4.76824 4.4689 4.43517 3.88259 3.82627 3.75573 4.13216 3.57356
threshold=3.5000000000000004 0 -79.606716664999979 163.30000000000001 0.16223316912972088 3.8500000000000001 -6.3999999999999995 0.090097402597402607 25.650000000000006 0.41428571428571431 52.376735000000004 15.658333333333335 8.2500000000000018 0.039351851851851853
decision_type=2 9 2 8 10 8 10 10 10 10 2 8 10 10
left_child=1 2 3 6 9 8 -1 10 -6 -3 13 12 -12 -8
right_child=-2 4 -4 -5 5 -7 7 -9 -10 -11 11 -13 -14 -15
leaf_value=-0.035696705419335985 -0.041139765758459027 -0.017921950452409092 0.060839740782003132 0.044286182014438083 0.0030038715426653944 -0.027686602069354943 -0.025708388883900632 0.049775022505075157 0.062024388087907327 0.036243827647951289 0.024970151849033111 0.059189782684443262 -0.031892351308888581 0.012003366457280002
leaf_weight=6.4186862688511601 16.349206887185574 59.713892763480544 12.510179940611122 12.132551424205301 5.9008041173219663 4.4481639154255417 14.470674749463798 4.5060637164860955 6.1939659025520086 2.585129387676715 8.0576918292790634 3.5285011008381835 3.9549154303967944 9.7941603586077672
leaf_count=79 306 565 65 62 47 20 109 30 47 18 63 19 35 79
internal_value=0.000728541 0.00540368 0.0171444 0.0103168 -0.00714681 0.018018 0.00149372 0.00754973 0.0356578 -0.0151372 0.00166714 0.0203245 0.00523708 -0.010614
internal_weight=170.565 154.215 75.3734 62.8632 78.842 16.5429 50.7307 44.312 12.0948 62.299 39.8059 15.5411 12.0126 24.2648
internal_count=1544 1238 541 476 697 114 414 335 94 583 305 117 98 188
cat_boundaries=0 1
cat_threshold=463880
is_linear=0
shrinkage=0.05


Tree=205
num_leaves=15
num_cat=0
split_feature=16 14 1 33 0 22 10 15 12 8 12 1 2 2
split_gain=9.88162 14.9553 9.01824 7.30059 7.23998 5.65062 12.1511 5.47714 7.19943 6.52969 7.78279 10.2462 8.80175 6.98927
threshold=9.5500000000000025 -5.8516666666666657 -111.23865799999999 0.12761111111111115 43.873761015000007 8.5000000000000018 -14.35 -18.899999999999995 -12.449999999999998 8.7500000000000018 0.25000000000000006 -104.59002760999998 0.34235194516023087 0.048362692321690152
decision_type=10 10 2 8 2 2 8 10 8 8 8 2 2 2
left_child=1 2 5 7 -5 6 -1 -2 -9 -10 -11 12 13 -12
right_child=3 -3 -4 4 -6 -7 -8 8 9 10 11 -13 -14 -15
leaf_value=0.063932523622372048 -0.032340798911284212 0.072670003265159808 -0.042557048686850188 0.045740198860601287 -0.032476761289753325 0.052078463531198327 -0.022279014874369528 0.056488581792186389 -0.022207058990951996 0.044772527054105046 0.0090237028776800274 -0.043695017089203113 -0.042603674610006213 0.065511524395164042
leaf_weight=4.658800233155489 10.948608933016656 9.0818992070853692 7.3211915139108923 2.3548065349459639 35.242853250354528 7.0498210601508609 13.721651034429671 5.0274240300059319 22.740371355786923 11.00246516615152 22.887021940201524 9.6208275873213989 5.1799583472311488 6.3794906251132479
leaf_count=21 92 45 103 19 430 41 152 25 203 73 152 129 29 30
internal_value=-0.00147058 0.0194135 0.00293008 -0.00821661 -0.0265198 0.0171402 0.0017439 -0.000676735 0.00384413 -0.000230912 0.00907808 -0.000629616 0.0122918 0.0230945
internal_weight=173.217 41.8334 32.7515 131.384 37.5977 25.4303 18.3805 93.7862 82.8376 77.8101 55.0698 44.0673 34.4465 29.2665
internal_count=1544 362 317 1182 449 214 173 733 641 616 413 340 211 182
is_linear=0
shrinkage=0.05


Tree=206
num_leaves=15
num_cat=1
split_feature=28 5 28 16 8 0 13 11 31 19 18 19 2 2
split_gain=11.5514 7.98785 6.6281 6.69454 6.6232 5.68547 5.93429 8.16463 4.79919 7.03402 6.44244 5.26516 4.62615 4.52473
threshold=0.13361823361823363 0 0.057189542483660136 27.850000000000005 -3.8499999999999992 51.381349500000006 12.850000000000003 6.0773809523809534 0.1702898550724638 44.250000000000007 0.65000000000000013 81.100000000000009 -0.87395131947920313 0.64579916509010216
decision_type=10 9 8 10 10 2 10 10 8 8 8 10 2 2
left_child=1 2 5 8 -3 -1 -7 -8 -4 10 -10 13 -9 -11
right_child=-2 4 3 -5 -6 6 7 12 9 11 -12 -13 -14 -15
leaf_value=-0.035704524206482374 -0.026082259233418389 -0.010736190088456284 0.065443177097604124 -0.020208659890692357 0.038405957271140802 -0.027157412530722558 0.09396662013674198 0.045028899413399166 0.028492967011046418 0.062875432408862189 -0.026785162337874941 -0.0054206992405601735 -0.02819523525087413 0.0061531252094368738
leaf_weight=20.002700561657548 31.606633689254522 8.1910619493573886 3.6922098360955706 15.018375415354965 31.834115225821733 8.0269398652017134 2.2520297057926637 2.4254726693034172 6.9760833792388466 10.68806660547853 14.742038140073417 6.9917200263589612 4.8267413266003132 5.3646402694284907
leaf_count=197 491 80 38 112 166 95 17 17 35 51 118 41 57 29
internal_value=0.000760785 0.00691784 -0.00160519 0.00806082 0.0227799 -0.0181528 0.00271935 0.0281354 0.0170543 0.0117201 -0.00855664 0.030391 -0.00121677 0.0453919
internal_weight=172.639 141.032 101.007 63.4731 40.0252 37.5339 17.5312 9.50424 48.4548 44.7625 21.7181 23.0444 7.25221 16.0527
internal_count=1544 1053 807 424 246 383 186 91 312 274 153 121 74 80
cat_boundaries=0 1
cat_threshold=195
is_linear=0
shrinkage=0.05


Tree=207
num_leaves=15
num_cat=0
split_feature=16 1 1 4 18 2 20 25 8 12 2 25 19 9
split_gain=9.72129 8.06482 8.82718 9.01983 8.57002 6.8783 7.34114 11.9503 14.0052 10.5802 8.28644 6.82742 6.06165 10.0782
threshold=37.95000000000001 -101.23873099999999 -111.07369499999999 0.31838426395000002 4.7500000000000009 -0.65882179392489248 6.5000000000000009 56.500000000000007 5.7500000000000009 7.5500000000000007 0.45273815774107123 51.500000000000007 13.450000000000001 -4.5499999999999989
decision_type=10 2 2 2 10 2 2 10 8 8 2 8 10 10
left_child=1 2 5 4 -4 -1 10 8 -8 -10 12 -12 -7 -14
right_child=-2 -3 3 -5 -6 6 7 -9 9 -11 11 -13 13 -15
leaf_value=-0.024123056672270486 0.080666607471997609 -0.024370205974698966 0.060558728491669059 -0.037651081240230796 -0.012217811486772909 0.059576685299046951 -0.043035953615542771 -0.047199954223334346 0.069786396515309074 -0.036083389230202087 0.042124348907407655 -0.021180000302181378 -0.041888000329203139 0.035708762945507122
leaf_weight=29.531687922775745 2.4960886426269999 35.674270739778876 14.751525679603224 3.4358210153877726 5.0437181554734698 11.209162484854462 6.2115775644779223 14.415150143206118 8.5754794329404849 2.43656176701188 4.4890325367450741 18.277777921408415 5.0303859114646938 12.955925850197671
leaf_count=296 10 434 82 34 41 50 73 139 49 24 17 147 54 94
internal_value=-0.00189644 -0.0035536 0.00203003 0.0294266 0.0423198 -0.00380422 0.00357362 -0.0151267 0.0128338 0.0453075 0.0150305 -0.00745079 0.0322277 0.0129434
internal_weight=174.534 172.038 136.364 23.2311 19.7952 113.133 83.6011 31.6388 17.2236 11.012 51.9623 22.7668 29.1955 17.9863
internal_count=1544 1534 1100 157 123 943 647 285 146 73 362 164 198 148
is_linear=0
shrinkage=0.05


Tree=208
num_leaves=15
num_cat=1
split_feature=6 1 27 25 8 18 33 17 8 9 15 13 1 9
split_gain=8.78243 5.07957 4.65274 6.12232 4.32888 6.6297 4.16299 4.51252 4.57086 5.53032 4.69885 3.88458 3.80809 5.43394
threshold=0 -113.35408832999998 0.21817815839554974 222.50000000000003 -7.7499999999999991 5.1500000000000012 0.13412698412698415 1.0000000180025095e-35 10.750000000000002 -4.9499999999999993 -37.199999999999996 26.050000000000004 -113.48784549999998 6.0500000000000007
decision_type=9 2 8 10 10 8 10 8 10 10 8 8 2 8
left_child=1 -1 3 -2 5 -3 7 12 9 10 -9 -5 13 -4
right_child=2 4 6 11 -6 -7 -8 8 -10 -11 -12 -13 -14 -15
leaf_value=-0.044226318202225869 -0.037717416762326622 0.087626670157954778 0.051856116728806939 0.018124607360367573 -0.018269150935560509 -0.028909494360637601 0.056551331920202098 0.045070389024147506 -0.02940368615289984 0.021995983015005827 -0.011837064893717719 -0.020588708863367913 0.041270858851794281 -0.017547634275792683
leaf_weight=16.951296105980873 11.827609922736881 1.7316255532205134 3.0227761045098323 16.999733839184049 13.623063720762728 1.5231969896703956 3.7761396169662467 3.0569320432841778 8.9497321471571905 31.325874295085669 34.293898534029722 9.1539631523191911 15.420687180012463 8.4597120434045774
leaf_count=259 114 25 17 114 213 19 25 18 68 185 245 83 94 62
internal_value=-0.000482233 -0.0199569 0.00513273 -0.00940562 -0.00563445 0.039113 0.0107401 0.00856497 0.00233448 0.00683314 -0.00612578 0.00431548 0.0258145 0.00341358
internal_weight=180.116 33.8292 146.287 37.9813 16.8779 3.25482 108.306 104.53 77.6264 68.6767 37.3508 26.1537 26.9032 11.4825
internal_count=1541 516 1025 311 257 44 714 689 516 448 263 197 173 79
cat_boundaries=0 1
cat_threshold=65865
is_linear=0
shrinkage=0.05


Tree=209
num_leaves=15
num_cat=1
split_feature=6 33 9 9 19 9 26 3 27 2 15 16 9 0
split_gain=4.42227 4.53058 3.9932 3.6991 3.6654 3.65418 3.3511 3.23613 2.8392 2.75492 2.61249 2.9491 6.01856 2.60124
threshold=0 0.19485930735930737 -0.34999999999999992 -2.3499999999999992 207.10000000000002 -20.049999999999997 0.014087301587301589 -0.84774213365954088 0.070391705069124441 -0.89015004145349408 -33.349999999999987 13.15 -8.4499999999999975 57.308620000000005
decision_type=9 8 10 10 8 8 8 2 8 2 8 8 8 2
left_child=1 5 3 6 -3 -1 -2 8 -4 -9 -8 -12 -13 -6
right_child=2 4 7 -5 13 -7 10 9 -10 -11 11 12 -14 -15
leaf_value=0.022625105699645827 -0.0043418421826570634 -0.00030831237947174768 -0.021166965464572033 0.058033603800172917 0.068651463177087035 -0.018924877100819072 0.064468141061217149 0.0090024183302897728 0.030120040737817589 -0.021331699571436713 -0.00050910931552860833 0.090340108173871114 0.0032104128098989597 0.0018588280758001646
leaf_weight=4.9757715836167336 14.728088729083536 32.453425049781799 2.7594568356871578 4.7005688063800326 2.6566662117838851 57.95076498016715 2.8604591973125935 11.126466762274505 10.293362569063902 19.339484680444002 10.487654671072962 2.4117279164493084 4.9142102748155621 2.5190434902906418
leaf_count=42 94 276 19 47 25 538 27 92 88 143 73 24 37 16
internal_value=0.000191535 -0.00657224 0.0081233 0.0202606 0.00640094 -0.0153369 0.0137888 -0.00144047 0.0185429 -0.0103194 0.0263094 0.017081 0.0392992 0.041708
internal_weight=184.177 100.556 83.6215 40.1027 37.6291 62.9265 35.4021 43.5188 13.0528 30.466 20.6741 17.8136 7.32594 5.17571
internal_count=1541 897 644 302 317 580 255 342 107 235 161 134 61 41
cat_boundaries=0 1
cat_threshold=493568
is_linear=0
shrinkage=0.05


Tree=210
num_leaves=15
num_cat=1
split_feature=6 33 2 28 0 12 0 13 10 28 14 9 9 33
split_gain=4.81443 3.91909 3.97347 6.16268 3.2969 3.8687 5.75588 5.46138 3.60388 2.9282 2.92102 3.14366 2.61755 2.41889
threshold=0 0.052777777777777785 -0.12546116083924153 0.35389610389610399 49.544446500000006 2.0500000000000003 49.091015100000007 26.450000000000003 25.600000000000005 0.63194444444444453 18.778076923076927 -7.9499999999999993 11.250000000000002 0.14950525664811382
decision_type=9 10 2 8 2 8 2 10 8 10 10 8 10 8
left_child=1 4 10 13 5 6 -1 -7 -9 -2 11 -3 -6 -4
right_child=9 2 3 -5 12 7 -8 8 -10 -11 -12 -13 -14 -15
leaf_value=0.006598006730637246 -0.015580515045317867 0.0052455296925160277 0.04375808388144127 -0.037949501896255823 -0.0016497039509331434 -0.03392092229157475 0.085879471641063465 0.054634409700984571 -0.011020390360634879 0.027647486046025835 -0.0015527186692564788 0.068721240129635652 -0.031900886495261314 0.00090174907448642915
leaf_weight=5.6360720768570882 57.211577609181404 2.8030993565917015 5.8942930810153493 4.9786978401243678 59.983863838016987 5.831259101629259 3.0804476477205753 3.7944652251899242 3.2041901610791683 3.2996974959969512 3.1196740791201583 7.0737134031951445 7.139251895248889 6.3845864012837419
leaf_count=34 620 18 37 27 503 37 26 28 20 23 18 58 49 43
internal_value=-0.000667308 0.00513906 0.0207922 0.00446124 0.000199011 0.0167698 0.0405713 -0.00116499 0.0269559 -0.0110205 0.0406093 0.052845 -0.00528829 0.0232203
internal_weight=179.435 118.924 30.2541 17.2576 88.6695 21.5464 8.71652 12.8299 6.99866 60.5113 12.9965 9.87681 67.1231 12.2789
internal_count=1541 898 201 107 697 145 60 85 48 643 94 76 552 80
cat_boundaries=0 1
cat_threshold=198729
is_linear=0
shrinkage=0.05


Tree=211
num_leaves=15
num_cat=0
split_feature=19 30 15 13 13 2 10 28 23 9 25 32 27 31
split_gain=11.9372 12.7662 10.9046 9.25878 10.6519 8.49058 9.63178 7.28573 9.78321 8.22672 10.4459 10.2426 5.12638 8.35847
threshold=31.300000000000004 0.30384615384615393 3.1500000000000008 2.1000000000000005 3.2500000000000004 0.92273069556937592 12.050000000000002 0.20256410256410259 2.5000000000000004 5.9500000000000011 1501.5000000000002 0.026425954997383573 0.16121031746031747 0.14625850340136057
decision_type=10 10 10 8 8 2 10 10 2 8 10 10 10 10
left_child=3 5 -3 -1 -5 -2 -7 9 -9 10 -6 -11 13 -10
right_child=1 2 -4 4 7 6 -8 8 12 11 -12 -13 -14 -15
leaf_value=-0.041264979539339469 -0.03133892021386836 -0.038111072752745043 0.055303392986550508 0.081789312690953839 -0.034062771053221412 -0.037283697022063071 0.06228366843287142 -0.023305797995323993 -0.040146939634070435 0.041514685468852924 0.041829147979587464 -0.040221807108496981 0.057843368025127628 0.054831778235070107
leaf_weight=6.8803423121571541 58.279588369652629 3.6622066758573046 9.2868311218917352 4.6838607396930456 22.111540406942371 3.3523729015141708 4.7128233686089516 6.3657183460891273 3.7533091008663204 14.810944395139815 4.7411770634353152 4.184615194797515 16.774565322324634 3.5366788916289806
leaf_count=118 694 47 37 30 236 39 17 59 38 88 25 39 65 9
internal_value=-0.00189219 -0.0158543 0.028046 0.0107477 0.0156174 -0.0247119 0.0213501 0.0105483 0.029093 -0.00211839 -0.0196424 0.0223976 0.0433307 0.00698715
internal_weight=167.137 79.2938 12.949 87.8428 80.9624 66.3448 8.0652 76.2785 30.4303 45.8483 26.8527 18.9956 24.0646 7.28999
internal_count=1541 834 84 707 589 750 56 559 171 388 261 127 112 47
is_linear=0
shrinkage=0.05


Tree=212
num_leaves=15
num_cat=0
split_feature=24 27 2 3 13 17 0 19 18 4 13 19 15 10
split_gain=16.1399 9.15571 6.89681 6.14869 5.46594 4.19506 4.06239 3.79063 4.13518 3.59754 3.44317 3.30614 4.11965 3.62591
threshold=1.5000000000000002 0.75961538461538469 0.93237596376505805 0.86439018870140905 29.550000000000004 15.500000000000002 45.129073000000012 17.350000000000005 10.050000000000002 0.40551445220999999 19.050000000000004 171.30000000000004 5.1500000000000012 14.750000000000002
decision_type=2 8 2 2 10 8 2 8 8 2 10 8 10 8
left_child=1 2 3 4 7 -3 -2 9 -9 10 -1 12 13 -10
right_child=6 5 -4 -5 -6 -7 -8 8 11 -11 -12 -13 -14 -15
leaf_value=-0.010556549036887183 0.020055334183036441 -0.00082507196746635164 -0.034378491889276108 -0.021204249157768678 -0.0025778835017379736 -0.036045045961363015 -0.036769469987331049 0.052510653742346813 0.0014852578722058011 -0.031648411735745313 0.050369081657525822 0.047031398848498933 -0.023239482206141804 0.042939209620225932
leaf_weight=3.8317004404962045 2.9068507738411453 33.391303552314639 5.1363721750676623 7.2380634024739257 15.000685289502142 10.343622807413338 27.075888399034739 22.230530988425016 10.06066330336035 3.717751607298851 3.9369130432605743 10.071494221687315 5.2007103264331809 10.264136601239439
leaf_count=23 22 365 39 73 83 114 464 133 55 25 25 49 26 45
internal_value=0.00190647 0.00905621 0.0175866 0.020842 0.0246577 -0.00977439 -0.0307908 0.0305048 0.0356391 0.00387241 0.022542 0.0239557 0.013421 0.0234516
internal_weight=170.407 140.424 96.689 91.5526 84.3146 43.7349 29.9827 69.3139 57.8275 11.4864 7.76861 35.597 25.5255 20.3248
internal_count=1541 1055 576 537 464 479 486 381 308 73 48 175 126 100
is_linear=0
shrinkage=0.05


Tree=213
num_leaves=15
num_cat=0
split_feature=16 15 10 16 15 15 19 15 11 24 25 13 8 13
split_gain=8.72723 13.1895 8.1148 10.2599 12.7703 10.4796 8.23265 11.4734 7.78728 7.10998 7.61134 7.02576 5.89593 8.33727
threshold=10.65 -17.049999999999997 15.950000000000001 30.150000000000002 6.5500000000000007 -1.1499999999999997 109.10000000000002 -8.6499999999999968 -14.735714285714282 1.0000000180025095e-35 406.50000000000006 28.950000000000003 14.750000000000002 18.850000000000005
decision_type=8 8 8 8 8 10 10 10 8 2 8 8 10 10
left_child=1 8 6 4 5 12 -2 -8 -1 10 -5 -7 13 -4
right_child=2 -3 3 9 -6 11 7 -9 -10 -11 -12 -13 -14 -15
leaf_value=0.043864447633914345 -0.031084687115012229 0.082162664793078669 -0.01021806758062579 0.031950596953634967 0.090368554325080369 -0.033761805725716167 0.059239873984200636 -0.033507183445437828 -0.005959513583803526 -0.040680748558119276 -0.021331934178991464 0.03823028559743756 -0.0133430739036217 0.065197224941810919
leaf_weight=10.257595982402561 36.635192302986979 6.6077426299452773 4.6226992998272243 11.373532233759763 4.9600195288658133 13.526754355058074 6.0509130135178566 5.4289390686899406 25.219567524269223 13.518666852265595 13.640141757205127 3.5170392766594896 4.8963915295898905 13.079570068046449
leaf_count=73 410 26 47 87 31 129 30 64 233 143 135 26 31 76
internal_value=0.00281121 0.0223425 -0.00357303 0.00588419 0.0219869 0.0114181 -0.0197007 0.0162085 0.0092538 -0.0128399 0.00319214 -0.0176106 0.0331298 0.0460102
internal_weight=173.335 42.0849 131.25 83.1348 44.6025 39.6425 48.115 11.4799 35.4772 38.5323 25.0137 17.0438 22.5987 17.7023
internal_count=1541 332 1209 705 340 309 504 94 306 365 222 155 154 123
is_linear=0
shrinkage=0.05


Tree=214
num_leaves=15
num_cat=0
split_feature=28 25 0 31 4 3 28 19 19 1 3 9 18 3
split_gain=14.9338 12.4279 6.24096 5.79793 5.64703 5.16515 4.64727 4.53002 7.94031 4.42438 5.5951 4.7827 4.40815 5.11792
threshold=0.13361823361823363 1068.0000000000002 45.129073000000012 0.25320512820512825 27.688924012350004 0.97832380634958016 0.084183673469387765 17.950000000000003 11.250000000000002 -118.64893299999999 0.81800285027139297 5.4500000000000011 0.65000000000000013 0.5403928698825039
decision_type=10 10 2 10 2 2 10 8 8 2 2 10 8 2
left_child=1 2 -1 4 5 6 7 8 12 10 11 -9 13 -4
right_child=-2 -3 3 -5 -6 -7 -8 9 -10 -11 -12 -13 -14 -15
leaf_value=-0.027382705440300643 -0.032611145724171182 -0.037415723648487775 0.0047270325926696043 -0.03828361034259057 -0.039758810583674309 -0.038593007673785505 0.065958331658217781 -0.037586306633426075 -0.043865913460516312 0.028382446580843795 0.05431928785602861 0.019069348264120441 -0.014615714577405865 0.077207185359025696
leaf_weight=9.4209730029106122 31.984565712511539 14.598406450822948 5.5753329582512379 4.3245849069207898 3.5489438548684111 3.0603388939052811 4.2547988407313815 8.0028716847300476 6.9206077903509131 63.083657747134573 2.6802578642964354 5.539375001564621 5.9939650185406217 3.5279404744505882
leaf_count=80 491 143 39 53 29 29 46 75 65 360 21 39 53 18
internal_value=-0.00232468 0.00475012 0.0098943 0.0131158 0.0154179 0.0175665 0.0195412 0.0169665 -0.00299746 0.0224774 -0.000799773 -0.014694 0.017298 0.037678
internal_weight=172.517 140.532 125.934 116.513 112.188 108.639 105.579 101.324 22.0178 79.3062 16.2225 13.5422 15.0972 9.10327
internal_count=1541 1050 907 827 774 745 716 670 175 495 135 114 110 57
is_linear=0
shrinkage=0.05


Tree=215
num_leaves=15
num_cat=0
split_feature=16 1 4 1 4 21 16 16 12 9 11 21 4 2
split_gain=6.33541 7.15382 6.79646 10.717 9.40882 5.6751 5.36763 8.33165 5.23437 6.12979 4.43039 4.40355 4.39918 6.99761
threshold=34.850000000000001 -117.48493624499999 0.0096261845900000014 -120.71616899999998 0.17324844380500001 4.5000000000000009 21.750000000000004 21.450000000000003 2.8500000000000001 5.0500000000000007 17.892857142857146 5.5000000000000009 2.0269816507950007 0.048362692321690152
decision_type=10 2 2 2 2 2 8 8 8 8 10 2 2 2
left_child=1 2 -1 12 5 -5 7 11 -8 -10 -11 -3 -4 -14
right_child=-2 6 3 4 -6 -7 8 -9 9 10 -12 -13 13 -15
leaf_value=0.052539137720299979 0.031013189185464259 0.001461529480640878 -0.030803450894503738 -0.029048226056826332 0.046070235466547343 0.030439141184869602 -0.041095644415547437 0.071280122882253202 0.042690078786399556 -0.034017447972335628 0.0070339649293813186 -0.042302074748031882 0.073447013758473026 -0.033890049883551765
leaf_weight=7.3704422228038302 14.467858638614414 39.536402361467481 19.453033767640594 9.5024589598178846 17.728211270645261 5.5157429240643969 20.37135786563158 2.8957382068037978 4.0333362054079789 15.231154637411239 10.55329594388604 5.7141258474439374 2.0129433162510386 2.2026627287268639
leaf_count=38 60 357 243 75 113 28 224 12 33 167 92 59 18 22
internal_value=0.00043314 -0.00246925 0.0104742 0.00415916 0.0224044 -0.00666393 -0.010886 0.00107663 -0.0221585 -0.008307 -0.0175802 -0.00485997 -0.0209688 0.0216184
internal_weight=176.589 162.121 63.7855 56.4151 32.7464 15.0182 98.3354 48.1463 50.1891 29.8178 25.7845 45.2505 23.6686 4.21561
internal_count=1541 1481 537 499 216 103 944 428 516 292 259 416 283 40
is_linear=0
shrinkage=0.05


Tree=216
num_leaves=15
num_cat=0
split_feature=26 8 14 8 16 16 16 33 2 3 9 25 13 2
split_gain=9.42997 6.17484 5.3225 4.57714 4.3965 5.91951 4.72037 4.23236 5.33518 5.07295 4.25616 4.21509 3.87009 3.59738
threshold=0.28402777777777782 -7.4499999999999993 20.264333333333337 -11.049999999999999 33.250000000000007 31.450000000000003 28.250000000000004 0.25125000000000003 0.89017062131308955 0.34033495509342487 2.4500000000000006 222.50000000000003 26.850000000000005 -0.29343379936893921
decision_type=8 8 10 10 10 10 10 8 2 2 8 10 8 2
left_child=1 3 -3 -1 5 6 7 8 11 10 -9 -2 -12 -11
right_child=4 2 -4 -5 -6 -7 -8 9 -10 13 12 -13 -14 -15
leaf_value=-0.0016539742448392547 0.0092312994385838308 -0.022283957068820269 0.04169207060930448 0.059425695133826166 -0.033315695692876228 0.054903673582339219 -0.019382052593171321 0.036742599252264162 -0.020872512449551496 -0.032837777377470817 -0.025600885808773191 0.066560224011396593 0.0259600089108252 0.004484443371769284
leaf_weight=10.569683153182266 5.4067119937390116 71.918638963252306 2.5044256020337334 3.2916937619447699 4.9082228802144519 6.2081990521401158 12.84074831008911 15.257546907290815 3.0662107039242974 9.745373619720338 6.8473501689732093 8.4475926011800748 5.790755070745945 15.665784221142532
leaf_count=100 35 758 27 26 36 47 91 86 21 84 45 42 41 116
internal_value=-0.0022594 -0.0139208 -0.0196069 0.0158734 0.00870287 0.0113564 0.00748748 0.0126036 0.0336544 0.00542503 0.0198207 0.0463149 -0.00180458 -0.0105303
internal_weight=182.469 88.2844 74.4231 13.8614 94.1845 89.2763 83.0681 70.2273 16.9205 53.3068 27.8957 13.8543 12.6381 25.4112
internal_count=1555 911 785 126 644 608 561 470 98 372 172 77 86 200
is_linear=0
shrinkage=0.05


Tree=217
num_leaves=15
num_cat=1
split_feature=6 32 25 4 15 18 2 32 3 24 14 18 13 18
split_gain=6.15788 3.7948 4.97994 2.8983 2.71321 3.45399 3.36928 3.05375 3.29078 3.90008 2.58432 2.56057 2.50398 3.4415
threshold=0 0.092708333333333351 31.500000000000004 0.25628418023500005 2.8500000000000001 2.3500000000000005 -0.65234524191686594 0.45555555555555555 0.95936279103287792 1.5000000000000002 -12.093333333333332 4.5500000000000016 25.050000000000004 32.850000000000001
decision_type=9 8 8 2 10 10 2 10 2 2 10 10 8 8
left_child=1 -1 3 -3 5 6 -4 8 9 -7 11 -2 -12 -14
right_child=10 2 4 -5 -6 7 -8 -9 -10 -11 12 -13 13 -15
leaf_value=-0.0034451562843963689 -0.0034202595863165302 0.010226477246284416 0.032648148275741355 0.066417525284792056 -0.013237407387689141 0.027244162487947751 -0.015949911699892117 -0.0094636542383258922 -0.014642037387558874 0.087294302325527401 -0.021951774699831353 0.043892064600711947 -0.0095896278789379796 0.042056515105207054
leaf_weight=43.493708740919828 12.802046962082384 4.0756138116121274 3.8823225870728519 5.8808519318699837 10.142287097871302 13.944411352276811 12.284636873751877 4.393808174878358 2.4567997083067885 3.0267252996563903 46.277894362807274 2.6385621167719355 19.81495558843017 2.8185045011341563
leaf_count=343 82 28 29 48 75 118 87 32 13 28 413 26 193 40
internal_value=-0.000802985 0.00709227 0.0158122 0.0464488 0.00893809 0.0147482 -0.00305762 0.0264687 0.0346606 0.0422154 -0.0101136 0.00684266 -0.0154031 -0.00165082
internal_weight=187.933 103.581 60.0875 9.95647 50.131 39.9887 16.167 23.8217 19.4279 16.9711 84.352 15.4406 68.9114 22.6335
internal_count=1555 801 458 76 382 307 116 191 159 146 754 108 646 233
cat_boundaries=0 1
cat_threshold=278890
is_linear=0
shrinkage=0.05


Tree=218
num_leaves=15
num_cat=1
split_feature=6 1 27 1 30 13 9 2 25 28 13 9 25 9
split_gain=6.1047 5.43742 4.38489 3.69319 5.92648 2.86068 4.75266 2.89921 3.19588 3.7063 3.25453 4.01037 3.2774 2.7737
threshold=0 -104.59002760999998 0.30145502645502648 -119.49599349999998 1.0000000180025095e-35 -4.1499999999999995 -17.649999999999995 -0.97509794945709805 161.50000000000003 0.097222222222222224 30.850000000000005 1.5500000000000003 24.500000000000004 -3.2499999999999996
decision_type=9 2 8 2 8 8 8 2 8 10 10 10 10 8
left_child=1 5 -3 4 -2 -1 -7 -8 9 -9 11 12 -11 -14
right_child=3 2 -4 -5 -6 6 7 8 -10 10 -12 -13 13 -15
leaf_value=-0.035634216499523565 -0.016289391020491272 0.00022241750254944383 0.044470988564145941 -0.015407850601287677 0.06501531427021108 0.053149418361106662 0.037019946743715865 -0.016278812540709744 -0.014787422438225986 -0.016819674209343629 -0.025542168089394662 0.044774784516890813 -0.004726942388695754 0.050832222609739776
leaf_weight=3.9170565530657768 4.4812675416469565 8.8022077232599276 14.433327384293078 70.291752832010388 2.9469367302954197 3.572326984256506 4.0871206149458876 11.501156367361544 28.037911858409643 7.6973814554512554 3.2651216536760321 10.378866247832773 3.7712614499032497 4.0399744808673859
leaf_count=28 26 58 105 732 29 36 37 91 216 46 13 84 25 29
internal_value=-0.000721574 0.00698353 0.0284093 -0.0104951 0.019853 0.00136738 0.00370182 0.000587207 -0.00208061 0.00682758 0.016181 0.0221976 0.00529133 0.0265161
internal_weight=181.224 103.504 23.2355 77.72 7.4282 80.2682 76.3511 72.7788 68.6917 40.6538 29.1526 25.8875 15.5086 7.81124
internal_count=1555 768 163 787 55 605 577 541 504 288 197 184 100 54
cat_boundaries=0 1
cat_threshold=458825
is_linear=0
shrinkage=0.05


Tree=219
num_leaves=15
num_cat=1
split_feature=2 31 20 22 16 9 6 8 31 20 14 8 16 27
split_gain=9.06789 9.80753 8.07405 7.48057 7.21479 10.1526 7.77477 7.04967 6.8027 6.2163 6.20335 6.03974 9.86124 7.7985
threshold=0.95998215779580554 0.091089466089466109 53.500000000000007 5.5000000000000009 21.650000000000002 -32.599999999999994 0 1.4500000000000002 0.34379084967320267 18.500000000000004 15.658333333333335 17.550000000000004 28.350000000000005 0.60158730158730167
decision_type=2 10 2 2 10 8 9 10 8 2 10 10 8 10
left_child=1 2 4 -3 5 -1 10 -2 -9 -5 11 12 13 -6
right_child=7 3 -4 9 6 -7 -8 8 -10 -11 -12 -13 -14 -15
leaf_value=0.042267832104981626 0.05267977686161808 -0.01856740010921196 0.036866075179720487 0.043276664871986524 0.007999192346572169 -0.04123073796257172 -0.025700857448128524 -0.042023529040703736 0.03989323205004313 -0.015796309386691795 -0.018661536833331518 0.06343730240954204 -0.042370878295774364 0.077102116910984828
leaf_weight=3.2413206100463867 11.786281365901234 9.8094447702169401 6.7530844621360293 20.15548039786518 18.101368574425585 35.096566036343575 19.719916338101029 4.6698730010539267 3.5983801521360883 5.0800828561186782 15.457041105255483 5.2130045723170033 6.3227824680507174 4.3842061571776858
leaf_count=21 53 73 43 95 125 540 251 41 12 49 143 26 70 13
internal_value=-0.00135275 -0.00564906 -0.0127335 0.0171672 -0.0161593 -0.0332762 -0.00633703 0.0293882 -0.00591523 0.0312361 0.00569921 0.0186113 0.00864377 0.024182
internal_weight=169.389 149.334 114.289 35.045 107.536 38.3379 69.1983 20.0545 8.26825 25.2356 49.4784 34.0214 28.8084 22.4856
internal_count=1555 1449 1232 217 1189 561 628 106 53 144 377 234 208 138
cat_boundaries=0 1
cat_threshold=55304
is_linear=0
shrinkage=0.05


Tree=220
num_leaves=15
num_cat=0
split_feature=24 27 2 13 3 15 0 3 23 3 1 2 0 12
split_gain=13.3294 9.5872 5.02992 5.81331 5.51496 4.90467 5.63682 4.85589 3.50877 3.27438 3.01982 2.63012 3.09629 4.56563
threshold=1.5000000000000002 0.50681818181818195 0.96687895796550427 28.650000000000002 0.84199059757024453 -13.399999999999999 53.357140000000008 -0.68432604233786842 10.500000000000002 0.69521084835931835 -121.25457754999998 -0.12546116083924153 55.535252705000012 -3.9499999999999997
decision_type=2 8 2 10 2 10 2 2 2 2 2 2 2 10
left_child=1 2 3 4 11 -3 9 -5 -2 -7 -8 12 13 -1
right_child=8 5 -4 7 -6 6 10 -9 -10 -11 -12 -13 -14 -15
leaf_value=-0.0079737792963382962 -0.034363504092433071 -0.030866069294757839 -0.031870686244729357 0.011185646845779891 -0.013098306751892472 -0.022045726169723563 -0.013336612211022137 -0.043500805180491098 0.033379449678152949 0.023628811091815777 0.042582186409696327 0.016306939499836613 0.065919596883710782 0.03954459903243375
leaf_weight=6.1247379258275023 28.479515505954627 18.54255423694849 4.3195914626121512 11.078350950032474 7.7437408808618775 18.972367858514193 2.7359386309981337 5.156716499477624 1.2698128707706917 4.0123652908951035 8.1928575895726663 23.447753855958581 7.9276372492313376 21.625785510987047
leaf_count=39 477 234 30 61 80 192 25 27 16 31 61 144 33 105
internal_value=-0.000658692 0.00585505 0.0159267 0.0187605 0.0252036 -0.0109144 0.000565915 -0.00770046 -0.0304805 -0.0134197 0.0286389 0.0303545 0.0388902 0.0291444
internal_weight=169.63 139.88 87.4243 83.1047 66.8697 52.4561 33.9135 16.2351 29.7493 22.9847 10.9288 59.1259 35.6782 27.7505
internal_count=1555 1062 519 489 401 543 309 88 493 223 86 321 177 144
is_linear=0
shrinkage=0.05


Tree=221
num_leaves=15
num_cat=0
split_feature=33 1 29 0 22 0 28 17 0 0 0 0 1 3
split_gain=6.91243 9.48717 8.17005 7.99058 6.67936 7.68361 7.56255 6.61089 7.60634 6.50212 13.4494 6.64865 10.8792 6.46426
threshold=0.14834355459355461 -94.164537999999979 0.13485251450676985 54.30991190000001 9.5000000000000018 50.605087265000002 0.57766848213376776 12.500000000000002 45.21741200000001 51.591297850000011 52.293305000000011 48.871530000000007 -79.841679999999982 0.011826144619637555
decision_type=8 2 10 2 2 2 8 10 2 2 2 2 2 2
left_child=1 2 4 9 5 13 -6 -3 -9 11 -11 12 -2 -1
right_child=3 7 -4 -5 6 -7 -8 8 -10 10 -12 -13 -14 -15
leaf_value=0.071791872003443571 0.087386261518289668 -0.038587681550147891 -0.040789828219878969 -0.044150943493295292 -0.011131790826914126 0.015504147266972282 0.059757395507241601 0.077919003232034809 -0.03308479431713774 0.090125298415967905 -0.0067437144317743156 -0.034315456227501262 -0.01849994435488081 0.017389496514089067
leaf_weight=13.553162638098003 2.6236346252262592 13.760732220485808 5.0569211132824412 12.595155626535414 25.368590889498595 49.068171888589859 3.3886766228824845 2.2113500833511344 2.1629122365266085 4.3398184943944207 10.51580924913287 15.596824795007704 6.5667181983590144 10.050339728593825
leaf_count=67 19 175 51 179 204 311 24 17 31 29 101 208 82 57
internal_value=0.00405595 0.0104353 0.0161406 -0.0110729 0.0193495 0.027327 -0.00105096 -0.0221584 0.0270885 0.0002642 0.0254543 -0.0152345 0.0173372 0.0502757
internal_weight=176.859 124.621 106.486 52.238 101.429 72.6717 28.7573 18.135 4.37426 39.6428 14.8556 24.7872 9.19035 23.6035
internal_count=1555 937 714 618 663 435 228 223 48 439 130 309 101 124
is_linear=0
shrinkage=0.05


Tree=222
num_leaves=15
num_cat=1
split_feature=28 25 7 3 2 15 3 20 18 11 1 3 11 2
split_gain=13.3649 9.12687 6.65172 6.56559 6.46209 4.95327 5.02637 4.94626 5.6046 4.89741 4.24714 5.65657 5.23755 8.32633
threshold=0.12574404761904764 1068.0000000000002 0 0.91511078773075516 0.10837544681456425 -33.649999999999999 0.87709077819680659 3.5000000000000004 17.650000000000002 -4.2226190476190473 -119.02355999999999 0.65720762023595369 3.6642857142857146 0.49812943072827093
decision_type=10 10 1 2 2 8 2 2 8 8 2 2 10 2
left_child=1 2 4 5 -1 -4 10 8 -2 -3 -7 12 -12 -14
right_child=7 9 3 -5 -6 6 -8 -9 -10 -11 11 -13 13 -15
leaf_value=-0.039631005387354534 -0.023790248743868481 0.01593751348711794 -0.027914485829411369 -0.025384408700252048 0.011572071692819401 -0.0053950095277283125 0.072576132354261066 -0.039434139634472475 0.063138671065450749 -0.044814659341711527 0.049359455694565881 -0.019841262444304734 0.030248259615350721 -0.015993305444177541
leaf_weight=11.11654841527343 4.045223236083987 3.9230294488370419 4.496980506926775 8.2137581855058652 11.832888320088385 14.852117434144018 3.725935708731412 25.096353054046631 1.957984462380409 11.577818643301724 19.256949875503778 6.1702489741146556 36.263911582529545 12.461354598402975
leaf_count=138 54 35 45 65 114 133 23 415 22 119 99 42 181 70
internal_value=-0.000793393 0.00567819 0.0101084 0.015404 -0.0138495 0.0190731 0.0216253 -0.0299802 0.00952936 -0.0294051 0.0187097 0.0235452 0.0277136 0.0183383
internal_weight=174.991 143.892 128.391 105.441 22.9494 97.2275 92.7305 31.0996 6.00321 15.5008 89.0046 74.1525 67.9822 48.7253
internal_count=1555 1064 910 658 252 593 548 491 76 154 525 392 350 251
cat_boundaries=0 1
cat_threshold=2
is_linear=0
shrinkage=0.05


Tree=223
num_leaves=15
num_cat=0
split_feature=18 14 4 4 28 4 3 18 14 3 0 18 3 11
split_gain=7.50201 9.24036 7.23789 7.6956 8.49887 8.45691 11.1901 8.0695 7.45177 8.10398 9.19642 7.30719 7.19697 9.10741
threshold=25.950000000000003 19.831666666666667 14.890521919465002 6.2654356463650016 0.073593073593073599 0.20784871593500001 0.86869874770991873 14.100000000000001 19.183045977011499 0.89309379682046119 52.293305000000011 1.8500000000000003 -0.6391983530350368 14.992857142857146
decision_type=10 10 2 2 10 2 2 8 10 2 2 8 2 10
left_child=2 -2 3 4 8 6 -6 -7 9 11 -11 12 13 -1
right_child=1 -3 -4 -5 5 7 -8 -9 -10 10 -12 -13 -14 -15
leaf_value=0.099578192386986578 -0.039874558091929267 0.053155183398794027 -0.042556025535154363 0.065526669695314163 0.041136498932738269 -0.027454588129030205 -0.041115862566190681 0.038117181520166812 0.036127009838216768 -0.038141079581926994 0.047391878199155815 -0.029118788374197149 -0.010520082987059491 -0.011579720180939911
leaf_weight=2.8907208219170597 16.512334449216727 2.2578088622540227 6.3353797756135455 4.6752897929400197 37.81799622066319 13.592640426009895 3.8234678674489251 5.936699701473116 9.4020293951034528 3.494658898562192 10.364291574805973 40.475335195660591 19.213944770395756 3.1474389173090458
leaf_count=11 211 11 74 24 234 147 37 41 39 43 53 425 174 31
internal_value=0.00253597 -0.0265616 0.00606762 0.00831748 0.00611453 0.0203035 0.0327971 -0.00663575 -0.00375627 -0.00885776 0.0247086 -0.0161996 0.00482828 0.0482235
internal_weight=179.94 18.7701 161.17 154.835 150.159 61.1708 41.6415 19.5293 88.9884 79.5864 13.859 65.7274 25.2521 6.03816
internal_count=1555 222 1333 1259 1235 459 271 188 776 737 96 641 216 42
is_linear=0
shrinkage=0.05


Tree=224
num_leaves=15
num_cat=0
split_feature=26 9 14 11 10 14 9 16 10 25 18 9 0 3
split_gain=5.92117 7.10468 7.61568 5.31427 6.08378 4.19024 3.92354 4.07004 4.78708 4.97091 6.32245 5.29272 4.67059 4.09338
threshold=0.018863278171788813 -12.949999999999998 20.045000000000005 -7.8785714285714272 -10.549999999999999 -13.433333333333332 -20.449999999999996 35.050000000000004 33.350000000000009 554.50000000000011 14.450000000000003 -2.3499999999999992 46.379810000000006 0.12332734741173625
decision_type=8 8 10 10 8 8 8 8 8 10 10 10 2 2
left_child=1 3 -3 4 -1 -2 -7 8 9 12 11 -11 -8 -14
right_child=5 2 -4 -5 -6 6 7 -9 -10 10 -12 -13 13 -15
leaf_value=-0.012541089903675695 0.038479860419183304 -0.026297032136335538 0.048032647765944965 -0.034607244319766792 0.07049349957046111 -0.032067971265321162 -0.031056364400543914 -0.029539985638457229 0.05403512688271335 0.041223692960942991 0.069763763339830129 -0.023915708420432936 0.013405521387974515 -0.012386046935270628
leaf_weight=3.0976374112069607 7.3985818065702915 51.015349857509136 2.7862216252833596 2.3277634885162106 4.915472384542225 6.947137113660574 10.043380798771976 7.1717007663100949 4.1821046061813822 4.6114988848567 5.101665820926427 6.0507928803563109 41.392137251794338 23.207752963528037
leaf_count=32 45 562 31 25 37 57 98 70 29 25 26 49 277 187
internal_value=-0.00228816 -0.0143614 -0.0216415 0.0220837 0.0405646 0.00444732 0.00180147 0.00440326 0.00725893 0.00452765 0.0291326 0.00537647 -0.00098511 0.00409224
internal_weight=180.249 64.1424 53.8016 10.3409 8.01311 116.107 108.708 101.761 94.5893 90.4072 15.764 10.6623 74.6433 64.5999
internal_count=1550 687 593 94 69 863 818 761 691 662 100 74 562 464
is_linear=0
shrinkage=0.05


Tree=225
num_leaves=15
num_cat=1
split_feature=6 25 4 3 17 17 9 3 1 11 10 8 2 27
split_gain=4.46142 4.41378 4.19905 3.93526 3.26657 2.89404 5.01478 3.86281 3.67082 3.28616 3.10231 2.86167 3.68991 2.74606
threshold=0 21.500000000000004 0.23346720652000005 0.97832380634958016 11.500000000000002 10.500000000000002 3.2500000000000004 -0.031174269516803289 -120.67148049999999 3.9690476190476196 3.5500000000000003 -5.9499999999999993 -0.59869031648930193 0.33454106280193241
decision_type=9 8 2 2 8 10 10 2 2 8 10 10 2 8
left_child=3 2 4 11 13 8 7 9 -3 -7 -9 12 -1 -2
right_child=1 5 -4 -5 -6 6 -8 10 -10 -11 -12 -13 -14 -15
leaf_value=0.042401832664608369 -0.0077207707035371028 -0.022589966070415263 0.060612290516495526 0.036280379024797291 -0.031042907856876679 0.0083955848360428836 -0.030636222962110073 0.029226813030935186 0.0055616446885166466 0.089836362419192295 -0.01122737376011935 -0.015838399065578403 -0.0047128580809501809 0.062172864819335288
leaf_weight=4.0580308474600342 2.2880620490759593 14.847960971295832 6.4363038502633572 3.9317682385444632 2.69753373041749 2.175010718405253 3.7426374331116667 11.316946461796762 42.066723607480526 2.7908751629292965 7.0073501244187346 58.786162627860904 22.48954026773572 1.9827378615736959
leaf_count=33 29 115 56 28 13 15 24 84 344 33 46 556 155 19
internal_value=0.00109426 0.00802501 0.0344339 -0.00662465 0.00568209 0.00439705 0.0175509 0.0262369 -0.00204582 0.0615524 0.0139764 -0.00976617 0.00376683 0.0303671
internal_weight=186.618 97.3521 13.4046 89.2655 6.96833 83.9475 27.0328 23.2902 56.9147 4.96589 18.3243 85.3337 26.5476 4.2708
internal_count=1550 778 117 772 61 661 202 178 459 48 130 744 188 48
cat_boundaries=0 1
cat_threshold=83968
is_linear=0
shrinkage=0.05


Tree=226
num_leaves=15
num_cat=1
split_feature=7 1 3 26 28 0 25 12 28 27 19 4 25 14
split_gain=7.70309 4.55896 4.13722 3.49223 4.15206 3.44962 3.38554 5.54821 5.02506 3.85193 3.52342 3.34963 3.31809 2.77012
threshold=0 -98.517571999999987 0.76002003530985496 0.30384615384615393 0.13361823361823363 49.991552000000006 453.00000000000006 -30.149999999999995 0.17283549783549787 0.50681818181818195 21.450000000000003 0.93382592206000015 49.500000000000007 12.270000000000001
decision_type=1 2 2 10 8 2 10 8 10 8 8 2 10 10
left_child=3 2 5 4 -1 -2 7 -4 9 -9 -11 -6 -13 -5
right_child=1 -3 6 13 11 -7 -8 8 -10 10 -12 12 -14 -15
leaf_value=-0.011472783639834056 0.027840324336457212 -0.029949098559468142 -0.019252962460749912 0.066353035465602103 0.0087781759200493692 -0.015157129935603451 -0.015728459230640118 -0.023242931078538327 0.088675056437693106 0.077565587606457487 -0.0025068345068507839 0.067919094101245817 -2.2563915052596477e-05 0.002186843699575516
leaf_weight=20.979631949216127 4.1871456336230031 22.489432411268353 4.1765502765774727 3.6899399608373633 41.780976351350546 53.516744434833527 6.0815867856144896 2.9081944078207034 3.2014381550252438 2.1109708920121193 2.3519035093486309 4.2222540862858287 2.7388259693980217 2.7320744916796684
leaf_count=146 51 285 29 27 282 499 55 26 35 25 25 31 17 17
internal_value=-0.00159671 -0.0106035 -0.00475674 0.0103357 0.00675857 -0.011616 0.0139061 0.0263484 0.0444697 0.0169708 0.0426335 0.0146786 0.0445425 0.0430278
internal_weight=177.168 101.024 78.5345 76.1437 69.7217 57.7039 20.8306 14.7491 10.5725 7.37107 4.46287 48.7421 6.96108 6.42201
internal_count=1550 1030 745 520 476 550 195 140 111 76 50 330 48 44
cat_boundaries=0 1
cat_threshold=2
is_linear=0
shrinkage=0.05


Tree=227
num_leaves=15
num_cat=0
split_feature=31 15 3 11 33 3 9 1 10 10 4 10 9 16
split_gain=8.42511 8.90167 7.95121 10.0039 11.3754 8.56676 11.086 9.66042 8.9086 9.23568 10.7114 9.17159 7.02197 8.17761
threshold=0.24679487179487183 1.7500000000000002 0.44312301391210612 -12.878571428571425 0.12761111111111115 0.17435360825960186 5.9500000000000011 -114.42124099999999 23.350000000000005 22.250000000000004 0.19484184264000004 31.150000000000002 -4.4499999999999993 12.850000000000003
decision_type=10 8 2 8 8 2 8 2 10 10 2 8 10 10
left_child=2 -2 5 4 -4 6 -1 8 9 10 -8 -10 13 -7
right_child=1 -3 3 -5 -6 12 7 -9 11 -11 -12 -13 -14 -15
leaf_value=-0.027026011795855592 0.04364790662436499 -0.038193207192142892 -0.03860883050785785 -0.040081013800687598 0.060600668795691884 -0.0034731254106975199 0.045253408656268979 -0.013149441745927012 -0.043626193104539607 0.091392699401712754 -0.040236559351461552 0.054128002008234088 -0.0050421852923554908 0.087920213274178108
leaf_weight=33.660554623231292 16.354148212820292 3.2908609397709396 4.326230172067878 27.429324032738805 5.4477665182203063 3.540454553440215 11.487124923616653 26.716152960434556 6.5176304802298528 6.1739577632397404 4.2999394163489333 2.5614372491836548 7.1060865409672251 6.4283575676381588
leaf_count=329 77 36 63 413 45 39 60 280 62 18 43 7 63 15
internal_value=-0.00116163 0.0287523 -0.00536361 -0.0249815 0.0171802 0.00153036 -0.00464093 0.00864311 0.0272249 0.0438779 0.0209586 -0.0134132 0.0329994 0.0581041
internal_weight=165.34 19.645 145.695 37.2033 9.774 108.492 91.4168 57.7562 31.0401 21.961 15.7871 9.07907 17.0749 9.96881
internal_count=1550 113 1437 521 108 916 799 470 190 121 103 69 117 54
is_linear=0
shrinkage=0.05


Tree=228
num_leaves=15
num_cat=1
split_feature=24 5 28 3 1 24 3 19 19 2 3 10 11 19
split_gain=12.7388 7.97754 7.62114 5.38419 5.29592 5.07696 6.41042 4.67475 3.77312 4.40812 3.61458 5.94598 4.5793 4.91643
threshold=3.5000000000000004 0 0.37797619047619052 -0.52034141052533245 -85.832005384999988 1.0000000180025095e-35 -0.80417042486635371 35.500000000000007 79.450000000000031 -0.63921128368950708 0.86004965528756494 11.350000000000003 7.3142857142857149 7.5500000000000016
decision_type=2 9 8 2 2 2 2 10 10 2 2 10 10 10
left_child=1 -1 4 5 10 6 -4 -6 -5 -10 11 -3 -13 -14
right_child=-2 2 3 8 7 -7 -8 -9 9 -11 -12 12 13 -15
leaf_value=-0.021942827979110648 -0.040470189926457407 0.035605910159019503 -0.002608399103194433 -0.023670464573954605 -0.010175337589492219 -0.026247524350741788 0.061365991492741793 0.051129302892016441 0.055795084847420767 -0.024031874526533898 -0.022600914926681853 -0.041657272808964994 0.061216551559657585 0.0030666615479866123
leaf_weight=12.762782430276275 15.14519800711423 22.736488403752446 7.5341783463954934 28.190103223547339 3.3907821811735657 4.518743894994258 6.9809537921100864 17.214116021990776 2.6928772777318954 2.4498972594737998 5.8830554876476517 3.9148267935961476 3.12387098558247 31.754764596000314
leaf_count=180 311 164 63 310 23 41 53 86 20 27 62 23 19 168
internal_value=0.00179789 0.00621332 0.00977107 -0.00459389 0.0193708 0.016105 0.0301318 0.0410369 -0.0165383 0.0200458 0.0122455 0.0158855 0.00372319 0.00983585
internal_weight=168.293 153.147 140.385 52.3668 88.0179 19.0339 14.5151 20.6049 33.3329 5.14277 67.413 61.53 38.7935 34.8786
internal_count=1550 1239 1059 514 545 157 116 109 357 47 436 374 210 187
cat_boundaries=0 1
cat_threshold=296
is_linear=0
shrinkage=0.05


Tree=229
num_leaves=15
num_cat=0
split_feature=10 2 28 19 18 27 20 20 18 18 1 18 31 32
split_gain=8.19249 9.25002 10.7294 8.32902 6.73316 6.6513 6.25153 5.69205 6.63642 5.19295 4.58232 4.4278 4.03549 5.24748
threshold=28.950000000000003 -0.26866367175705824 0.55277777777777792 6.4500000000000011 15.950000000000001 0.72777777777777797 3.5000000000000004 12.500000000000002 19.850000000000005 0.45000000000000007 -73.507327499999988 4.9500000000000011 0.015722495894909691 0.87500000000000011
decision_type=10 2 10 8 10 10 2 2 8 10 2 10 10 10
left_child=1 -1 3 9 5 10 -2 8 -6 -3 12 -4 13 -5
right_child=6 2 11 4 7 -7 -8 -9 -10 -11 -12 -13 -14 -15
leaf_value=-0.017896857308988115 0.066169735038476729 -0.0036566705819362959 0.076994028428415739 -0.041287495863966538 0.058445510800031124 0.031552166838656602 -0.0072426807691802408 0.049923261203665546 -0.017232187287318689 0.066868131778599335 0.03207912321669288 0.012137509217644242 -0.00053233549394395951 0.019616261159744516
leaf_weight=63.716971170157194 6.7964568734168989 3.9963454324752075 5.9351135455071908 29.086187427863472 2.677466021850706 5.8351201452314845 4.3293101564049721 7.3791449982672921 12.654481386765838 6.0231031849980354 2.8834817335009637 4.9488630965352058 11.877761704847215 3.4126902706921092
leaf_count=655 37 39 26 332 19 39 44 45 109 31 30 33 87 24
internal_value=-0.000276487 -0.00325225 0.00648073 0.000311707 -0.00552412 -0.0151998 0.0393617 0.0167832 -0.00124695 0.0409596 -0.0215064 0.0510071 -0.0256184 -0.0344974
internal_weight=171.552 160.427 96.7098 85.8258 75.8063 53.0952 11.1258 22.7111 15.3319 10.0194 47.2601 10.884 44.3766 32.4989
internal_count=1550 1469 814 755 685 512 81 173 128 70 473 59 443 356
is_linear=0
shrinkage=0.05


Tree=230
num_leaves=15
num_cat=1
split_feature=1 21 18 12 6 2 1 33 12 29 2 1 33 18
split_gain=9.07332 6.77857 6.47126 6.76777 5.39372 6.57142 5.81495 5.18539 4.59551 4.31038 5.20011 4.1217 4.89374 4.0857
threshold=-66.618070999999986 4.5000000000000009 42.100000000000001 7.4500000000000011 0 -0.97509794945709805 -121.91640469999997 0.34166666666666673 -25.849999999999998 0.0088904694167852068 0.28519915169571858 -121.94475999999999 0.096230158730158735 20.950000000000003
decision_type=2 2 10 10 9 2 2 8 8 10 2 2 8 10
left_child=1 2 4 -4 5 -1 11 8 -7 -8 -11 12 -6 -9
right_child=-2 -3 3 -5 6 7 9 13 -10 10 -12 -13 -14 -15
leaf_value=0.050302431971644163 0.032780839194838318 -0.029862951475801064 -0.0013512145903095719 0.08126314168776444 -0.038509438184573218 0.034282878695059103 -0.03235119800175601 0.015953557617676948 -0.024832815557900692 0.064551200351825516 -0.03139758357185473 0.051723607677277197 0.030905746667628922 -0.032794177250175686
leaf_weight=6.5451448876410714 17.423357237130404 21.271028513088822 5.033529654145239 3.8240264542400837 4.5416641421616051 2.9443563800305128 33.469583051279187 41.381104663014412 21.911373572424058 1.8867275156080716 1.9037027787417171 3.4418755769729605 3.720154633745552 3.8473760969936839
leaf_count=35 74 348 42 20 54 36 376 221 220 23 26 25 31 19
internal_value=-0.000413714 -0.00431325 -8.04774e-05 0.038941 -0.00311837 0.00528331 -0.0143043 0.00117373 -0.016775 -0.0266586 0.0198672 0.0127698 -0.00729084 0.0111871
internal_weight=173.145 155.722 134.451 8.85756 125.593 76.6294 48.9637 70.0842 24.8557 37.26 3.79043 11.7037 8.26182 45.2285
internal_count=1550 1476 1128 62 1066 531 535 496 256 425 49 110 85 240
cat_boundaries=0 1
cat_threshold=18465
is_linear=0
shrinkage=0.05


Tree=231
num_leaves=15
num_cat=1
split_feature=18 0 6 16 3 17 1 4 25 16 18 13 1 17
split_gain=8.40679 5.82461 9.93474 11.6831 9.54651 14.1042 10.7089 7.6629 7.47723 5.64071 5.51061 4.94016 4.75516 5.20197
threshold=32.850000000000001 55.81177846500001 0 36.150000000000013 -0.98801846520836312 8.5000000000000018 -79.733390999999997 0.020157463695000006 359.50000000000006 9.4500000000000011 0.75000000000000011 34.050000000000004 -121.94466081999998 23.500000000000004
decision_type=10 2 9 8 2 10 2 2 10 10 10 8 2 10
left_child=1 2 4 9 -1 6 7 -6 -7 -4 -10 -9 -11 -14
right_child=-2 -3 3 -5 5 8 -8 11 10 12 -12 -13 13 -15
leaf_value=0.072808699701707877 -0.036270378740962526 0.022743574345208854 0.008771537573709496 0.05557567843946825 0.029164812026512738 0.046323461232348657 0.042191117925698851 -0.044502877827213558 0.035237589911923786 0.026979539718533192 -0.040838366277055782 0.013118852269297902 -0.041512628444265398 0.025123466049169985
leaf_weight=5.2360257133841506 11.786426752805708 37.903294211253524 10.275192480534313 4.1789129935204974 4.718379756435751 22.976362029090527 6.3448861613869694 22.035907212644815 3.1949497647583476 2.4922949913889161 4.5719952136278152 3.9681202881038216 34.89257120154798 2.5380019005388013
leaf_count=24 160 245 91 21 35 144 40 253 17 37 43 21 397 22
internal_value=0.00282133 0.00580955 0.0006345 -0.0140748 0.0119178 0.00795827 -0.0126966 -0.0250048 0.0324773 -0.0235944 -0.00909453 -0.0355498 -0.0319354 -0.0364582
internal_weight=177.113 165.327 127.424 54.377 73.0466 67.8106 37.0673 30.7224 30.7433 50.1981 7.76694 26.004 39.9229 37.4306
internal_count=1550 1390 1145 568 577 553 349 309 204 547 60 274 456 419
cat_boundaries=0 1
cat_threshold=115272
is_linear=0
shrinkage=0.05


Tree=232
num_leaves=15
num_cat=0
split_feature=30 18 13 8 19 10 32 8 25 4 26 13 12 12
split_gain=5.51682 5.44923 6.82485 6.38114 6.88808 6.97295 6.27989 5.38966 5.05817 5.53498 4.38822 6.07339 4.37664 4.0527
threshold=1.0000000180025095e-35 3.9500000000000006 2.8500000000000001 -2.7499999999999996 102.65000000000002 8.3500000000000032 0.14930555555555561 -16.249999999999996 1092.5000000000002 0.36106644691000006 0.022857889237199586 24.750000000000004 6.5500000000000007 -21.099999999999998
decision_type=10 10 10 8 10 8 10 8 8 2 10 10 8 8
left_child=1 13 7 -4 5 -5 8 -3 9 -7 11 -8 -10 -1
right_child=-2 2 3 4 -6 6 10 -9 12 -11 -12 -13 -14 -15
leaf_value=0.015014200950161144 -0.024748442095892866 -0.006058854115824016 -0.026091398214137387 0.060673069601666609 -0.019817778096289984 -0.03567072752680004 -0.03656492837278992 0.064074856089757312 0.040876844055422148 0.025307149158138101 0.081990895669846367 0.057344067821220007 -0.015632146951088964 -0.013644592599507777
leaf_weight=14.689912233501671 20.657253364101052 3.6341218091547489 12.760186025872825 7.8845844585448557 12.690505199134348 11.819723185151814 2.5264616273343545 8.4234642479568702 8.7383133806288225 4.4193525649607173 3.5614967420697212 2.4111743289977312 4.6191455833613864 58.320694461464882
leaf_count=91 257 36 115 59 133 90 27 61 56 43 16 24 30 515
internal_value=-0.00109237 0.00216744 0.0108323 0.00468689 0.0117059 0.020643 0.0110181 0.0440916 -0.000323837 -0.0185706 0.0463902 0.0112277 0.0216077 -0.00775342
internal_weight=177.156 156.499 83.4885 71.4309 58.6708 45.9803 38.0957 12.0576 29.5965 16.2391 8.49913 4.93764 13.3575 73.0106
internal_count=1553 1296 690 593 478 345 286 97 219 133 67 51 86 606
is_linear=0
shrinkage=0.05


Tree=233
num_leaves=15
num_cat=2
split_feature=6 10 0 19 3 22 22 5 18 20 10 8 2 29
split_gain=4.5802 3.79805 3.56858 3.37556 3.22882 4.24192 5.16432 3.16054 3.99671 3.75517 3.5987 3.00071 2.83205 2.74759
threshold=0 -4.1499999999999995 56.145060000000008 188.79999999999998 -0.84774213365954088 2.5000000000000004 12.500000000000002 1 20.050000000000004 51.500000000000007 3.0500000000000003 19.150000000000002 0.26866988313759588 0.0096880131362889997
decision_type=9 8 2 8 2 2 2 9 8 2 10 8 2 10
left_child=1 2 -1 -2 5 -3 -7 8 11 10 -9 13 -5 -6
right_child=3 4 -4 12 7 6 -8 9 -10 -11 -12 -13 -14 -15
leaf_value=0.042920864156938479 -0.012486865542222324 0.00026376789401886673 -0.013114253388440142 0.039987436475300529 0.011438969625210895 0.075721700707703399 -0.0061790313780228116 0.068559739200817746 -0.031051085506978417 -0.017537219683623134 0.014432591977380949 -0.033893509216689655 -0.0080194742075455402 -0.024616319583909748
leaf_weight=11.575581539422272 69.745105437934399 9.5316394940018672 3.1600793823599806 5.1835412718355638 29.598001126199961 4.7552811279892913 2.6792325973510742 3.4737231470644501 13.001819562166927 4.8812189325690261 12.399003598839043 4.6390618048608294 5.5556031838059425 5.4179304093122473
leaf_count=96 653 73 22 54 244 47 20 28 100 29 82 32 41 32
internal_value=0.00094017 0.00744214 0.0308343 -0.007528 0.00414686 0.0231459 0.0489733 -0.000496112 -0.00681585 0.0125011 0.0296395 2.20437e-05 0.0165848 0.00533163
internal_weight=185.597 105.113 14.7357 80.4842 90.3769 16.9662 7.43451 73.4108 52.6568 20.7539 15.8727 39.655 10.7391 35.0159
internal_count=1553 805 118 748 687 140 67 547 408 139 110 308 95 276
cat_boundaries=0 1 2
cat_threshold=278890 326
is_linear=0
shrinkage=0.05


Tree=234
num_leaves=15
num_cat=1
split_feature=6 9 1 14 13 32 1 3 28 11 12 25 19 14
split_gain=6.64737 3.64736 5.09681 4.42966 3.57632 3.4082 2.96156 3.14658 5.64955 4.082 3.7126 4.53237 3.69314 7.27381
threshold=0 -1.0000000180025095e-35 -121.94466081999998 10.074880952380953 22.450000000000003 0.18813131313131315 -102.29688311499999 0.76002003530985496 0.12574404761904764 2.3857142857142861 -33.349999999999987 380.50000000000006 26.250000000000004 -9.0166666666666675
decision_type=9 10 2 10 8 10 2 2 8 10 8 10 10 8
left_child=5 3 4 6 -3 -1 7 8 9 -2 -9 12 13 -12
right_child=1 2 -4 -5 -6 -7 -8 10 -10 -11 11 -13 -14 -15
leaf_value=0.011926362452125503 0.047802889579679785 -0.020913361724218139 -0.028434421106259142 0.05605777433132797 0.060089122268299655 -0.0214044288498762 -0.032607600787285321 -0.030201632493236458 -0.027855417976098026 -0.024951040650911218 -0.0045671714209471461 -0.014008956429839708 -0.0046997447189864663 0.089532643018319605
leaf_weight=77.601465925574303 4.4936206862330463 1.7184131778776635 36.649761272594333 2.03401831164956 2.1320036649703984 7.5825484208762637 7.761585282161831 3.0304458104074001 16.681311305612326 2.2004386074841022 3.0190159901976585 4.9771077968180171 3.1372753940522671 4.8574676923453826
leaf_count=513 50 22 398 27 26 65 113 22 146 21 21 45 31 53
internal_value=-0.00184305 -0.0104482 -0.0226313 -0.00271095 0.0270798 0.00783628 -0.00614333 -0.000658756 -0.0127081 0.023753 0.0140438 0.0237128 0.0405065 0.0570135
internal_weight=177.876 92.6925 40.5002 52.1923 3.85042 85.184 50.1583 42.3967 23.3754 6.69406 19.0213 15.9909 11.0138 7.87648
internal_count=1553 975 446 529 48 578 502 389 217 71 172 150 105 74
cat_boundaries=0 1
cat_threshold=200777
is_linear=0
shrinkage=0.05


Tree=235
num_leaves=15
num_cat=0
split_feature=18 18 2 13 13 18 25 25 25 13 33 18 17 13
split_gain=6.33628 6.87293 7.19841 7.79437 6.82308 6.97464 8.62642 7.5543 7.50787 6.72038 6.5127 9.12196 9.0201 5.60039
threshold=39.850000000000009 32.100000000000009 0.92273069556937592 12.950000000000001 34.350000000000009 1.0000000180025095e-35 723.50000000000011 333.50000000000006 49.500000000000007 13.65 0.14950525664811382 16.250000000000004 11.500000000000002 21.050000000000004
decision_type=10 10 2 8 10 8 10 10 8 10 10 8 8 10
left_child=1 2 4 -4 5 6 -1 8 -7 -5 11 -10 13 -13
right_child=-2 -3 3 9 -6 7 -8 -9 10 -11 -12 12 -14 -15
leaf_value=-0.007184088206317444 -0.041580474341828204 0.045480444258278525 -0.01948012231080452 0.074001016505520448 0.04991370936855348 -0.034844508906612767 0.049767375920152505 -0.0355320560803664 -0.020502737155758909 0.010638325562760169 0.049143262603746296 0.063633129792238646 -0.037648773618142305 0.0012563508276934186
leaf_weight=16.831349231302742 7.6820546444505444 7.7039671391248694 6.4899552632123232 7.6102297157049241 4.4255419038236132 14.729420239105819 9.7688051201403123 27.198806287720799 27.175988418981433 8.913046929985283 6.0851880852133027 9.0992734506726283 3.8407636098563662 5.6538878865540019
leaf_count=134 121 48 74 17 17 212 34 339 322 48 42 44 54 47
internal_value=-3.43926e-06 0.00230274 -0.000238009 0.0248496 -0.0050246 -0.00743881 0.0147765 -0.0138292 -0.00456939 0.0423793 0.00452678 -0.00232897 0.0239237 0.0413255
internal_weight=163.208 155.526 147.822 23.0132 124.809 120.383 26.6002 93.7833 66.5845 16.5233 51.8551 45.7699 18.5939 14.7532
internal_count=1553 1432 1384 139 1245 1228 168 1060 721 65 509 467 145 91
is_linear=0
shrinkage=0.05


Tree=236
num_leaves=15
num_cat=2
split_feature=24 6 1 8 29 25 19 24 11 25 2 7 15 25
split_gain=11.6772 9.78173 10.5682 7.69933 4.98227 4.41908 4.20161 5.50818 5.40647 6.744 5.98447 5.64565 4.91866 4.63632
threshold=3.5000000000000004 0 -79.923859419999985 -7.4499999999999993 0.19022556390977446 703.50000000000011 154.80000000000004 1.0000000180025095e-35 11.00714285714286 1452.5000000000002 0.26866988313759588 1 -0.6499999999999998 22.500000000000004
decision_type=2 9 2 8 10 10 10 2 8 8 2 1 10 10
left_child=1 2 3 -1 6 -3 7 8 9 11 -10 -5 -8 -9
right_child=-2 5 -4 4 -6 -7 12 13 10 -11 -12 -13 -14 -15
leaf_value=-0.034285904253907512 -0.040194513151773623 -0.03332014440098291 0.047919866618015991 0.061057365195968084 0.057889845618675634 0.0030606024232359696 -0.0098181912078469814 0.028612787850471867 0.0073527840091338129 -0.0084935642155206329 -0.04490314601851373 0.0020662682032788634 0.063038999898776718 -0.032300266390939199
leaf_weight=9.5787663962692005 14.654919373802839 21.646692030131817 16.970508512109518 12.696461731567988 4.3161860425025216 12.970876794308422 3.1746451891958714 3.1078246757388142 28.938584608957164 8.7464324757456762 5.7089460603892794 5.864294650033119 5.6970236189663392 14.104233384132383
leaf_count=135 308 262 90 80 26 84 23 30 171 85 43 44 26 146
internal_value=0.000960676 0.00512398 0.0115747 0.00624144 0.0107671 -0.0156043 0.0078326 0.00394448 0.0109055 0.0271193 -0.00227564 0.0434775 0.0386142 -0.0203346
internal_weight=168.176 153.521 118.904 101.933 92.3546 34.6176 88.0384 79.1668 61.9547 27.3072 34.6475 18.5608 8.87167 17.2121
internal_count=1553 1245 899 809 674 346 648 599 423 209 214 124 49 176
cat_boundaries=0 1 2
cat_threshold=465928 1
is_linear=0
shrinkage=0.05


Tree=237
num_leaves=15
num_cat=0
split_feature=1 0 9 26 0 22 0 12 3 28 13 26 12 28
split_gain=6.82763 8.5223 13.3009 9.10575 7.36481 7.13077 6.78341 6.08712 5.79554 7.69461 7.54021 4.97185 5.28883 6.68766
threshold=-113.48784549999998 53.503759000000009 -3.4499999999999997 0.28402777777777782 50.255532250000009 7.5000000000000009 58.002617005000012 8.1500000000000004 -0.27694043983797384 0.61233211233211249 0.45000000000000007 0.036149825783972127 -25.049999999999997 0.22270114942528738
decision_type=2 2 8 8 2 2 2 8 2 10 8 10 10 10
left_child=1 2 -1 6 5 -4 11 -6 9 -2 -10 -3 -13 -14
right_child=8 3 4 -5 7 -7 -8 -9 10 -11 -12 12 13 -15
leaf_value=0.064680643757569198 -0.0043146649201701529 -0.011695723855274648 0.042772801351283085 -0.03502215892819447 -0.045137377034755038 -0.017995996318457188 0.066995809968886821 0.032920973025708129 0.025868265563667215 0.062841361505478879 -0.034227231703025544 0.063145039133550726 0.031789124506798147 -0.040673502009873692
leaf_weight=14.318433031439779 31.898029983043671 23.73577044159174 14.646046537905937 14.616398103535174 8.04533878341317 6.3110180329531422 3.5830785967409602 2.6292621716856948 5.5689088851213455 3.9065994806587687 28.549141000024974 4.619779258966445 7.0843074209988099 4.2589280009269714
leaf_count=67 336 180 68 176 66 74 16 12 73 24 373 17 38 33
internal_value=0.00247966 0.0105718 0.0264037 -0.00222792 0.00762609 0.0244867 0.00938758 -0.0247378 -0.00951833 0.00452099 -0.0239609 0.00266967 0.0234602 0.00349131
internal_weight=173.771 103.848 45.9501 57.8983 31.6317 20.9571 43.2819 10.6746 69.9227 35.8046 34.118 39.6988 15.963 11.3432
internal_count=1553 747 287 460 220 142 284 78 806 360 446 268 88 71
is_linear=0
shrinkage=0.05


Tree=238
num_leaves=15
num_cat=1
split_feature=27 6 12 22 3 0 0 0 2 2 25 11 25 17
split_gain=12.8656 5.7994 5.21906 5.14672 4.98781 4.45471 4.81902 4.93585 4.94225 4.57425 4.42577 5.22143 4.647 4.5628
threshold=0.51940476190476204 0 6.7500000000000009 2.5000000000000004 -0.031174269516803289 45.272209000000011 49.285255500000005 49.80145000000001 0.80926549319045582 -0.97876850416056738 75.500000000000014 13.792857142857146 43.500000000000007 14.500000000000002
decision_type=8 9 10 2 2 2 2 2 2 2 10 8 10 10
left_child=1 3 5 4 -1 -2 -7 -8 9 -9 12 -12 13 -11
right_child=2 -3 -4 -5 -6 6 7 8 -10 10 11 -13 -14 -15
leaf_value=0.0014218326364952515 -0.027025257498174873 -0.022986329172177366 0.036155285434748455 -0.011646225106345467 0.075958023083913209 0.032993055577552992 -0.035793550127521105 0.041670053566816211 0.034891273907453516 -0.01330742622717093 -0.046025129944922569 0.01976947297561122 0.055165823453505569 0.034571492694209172
leaf_weight=4.3901179693639278 8.1534067708998901 48.342556862160563 16.497906312346458 9.557227084413169 3.6772192791104334 16.639567520469427 6.1759741678833953 4.9032064899802199 12.382150914520023 19.988496039062746 9.6310028173029405 3.5504844337701789 3.1146850287914267 5.5253410078585139
leaf_count=28 58 736 85 84 27 80 45 25 74 145 78 35 19 34
internal_value=0.000421644 -0.0167856 0.0111308 0.00838386 0.0400268 0.00620011 0.00979343 0.00347056 0.00810133 0.000417751 -0.00528042 -0.0281587 0.00584835 -0.00202581
internal_weight=172.529 65.9671 106.562 17.6246 8.06734 90.0643 81.9109 65.2713 59.0954 46.7132 41.81 13.1815 28.6285 25.5138
internal_count=1553 875 678 139 55 593 535 455 410 336 311 113 198 179
cat_boundaries=0 1
cat_threshold=57603
is_linear=0
shrinkage=0.05


Tree=239
num_leaves=15
num_cat=0
split_feature=0 1 29 18 11 25 12 13 18 19 12 18 4 29
split_gain=7.45895 10.3015 9.77142 7.32612 7.70689 6.8305 8.54999 11.2897 8.2055 8.13964 6.32175 6.21653 5.03323 4.87164
threshold=49.991552000000006 -111.07369499999999 0.014718614718614719 1.1500000000000004 10.449999999999999 231.50000000000003 4.9500000000000011 5.5500000000000007 0.95000000000000018 13.450000000000001 1.5500000000000003 4.7500000000000009 0.58245743486500012 0.026709401709401712
decision_type=2 2 8 10 10 10 10 8 10 8 8 10 2 10
left_child=13 2 5 4 12 6 7 -2 10 -7 -9 -3 -4 -1
right_child=1 11 3 -5 -6 9 -8 8 -10 -11 -12 -13 -14 -15
leaf_value=-0.024190239737407866 -0.039941747635280245 0.046772553969797716 -0.036278814781790417 -0.046127289692989307 0.047628769319656483 0.032597263010279591 -0.028587388969737615 -0.040125531022734334 0.06365198557709871 -0.025602333399242467 0.037890389703996302 -0.012902341015880187 0.037954030142679555 0.014919119964683886
leaf_weight=43.643722523003817 3.7311130389571199 18.575374400243167 9.8255621083080786 16.766042657196522 4.8405986018478862 7.4329432826489237 5.8497065901756278 3.6192674338817614 17.963422635570168 20.194030495360494 4.9436646699905396 5.1388667859137049 2.0217249169945708 8.9792101848870498
leaf_count=531 41 96 86 201 29 38 48 30 96 185 24 49 18 81
internal_value=-0.00183149 0.00501566 -0.00229115 -0.0237816 7.27048e-06 0.00918228 0.0232336 0.0338462 0.045299 -0.00935222 0.00416789 0.0338422 -0.0216429 -0.0173631
internal_weight=173.525 120.902 97.1881 33.4539 16.6879 63.7341 36.1072 30.2575 26.5264 27.627 8.56293 23.7142 11.8473 52.6229
internal_count=1553 941 796 334 133 462 239 191 150 223 54 145 104 612
is_linear=0
shrinkage=0.05


Tree=240
num_leaves=15
num_cat=1
split_feature=19 8 7 25 24 29 25 24 10 3 15 15 25 0
split_gain=5.74802 8.68747 6.3334 5.96986 4.42325 5.63918 5.30346 4.3603 3.89956 7.37736 4.53403 5.57904 3.88417 3.43498
threshold=10.350000000000003 24.550000000000004 0 647.50000000000011 6.5000000000000009 0.0088904694167852068 542.00000000000011 77.500000000000014 12.750000000000002 0.7487283477006671 4.6500000000000012 6.4500000000000011 69.000000000000014 49.828075000000005
decision_type=10 8 1 8 2 8 8 2 10 2 10 10 8 2
left_child=-1 2 7 -3 6 12 -4 -2 9 -8 -10 -12 -6 -11
right_child=1 3 4 -5 5 -7 8 -9 10 13 11 -13 -14 -15
leaf_value=-0.020386790497995411 -0.027020149578887216 -0.0071547432524691704 -0.012351527508594355 0.081393874922391363 0.069213747132449085 -0.018893618375269924 0.038797060276047922 0.04876285841998583 -0.015718558730566764 0.020816955208196312 0.059635910430778455 -0.010898592498456199 0.0093639076941758239 -0.028564166398801868
leaf_weight=27.379374336451292 22.991167545318607 2.5949411615729323 38.386087946593761 4.8622636795043945 6.6123200766742185 3.7897828966379175 22.141455952078104 1.1536333896219719 20.172590112313632 5.1447363384067994 4.4800951406359655 5.2113811764866114 4.7630156166851529 7.3939566276967525
leaf_count=274 409 28 317 27 41 25 117 14 130 33 27 29 24 45
internal_value=0.000257123 0.00414308 0.00120721 0.0533783 0.00601323 0.0303335 0.00217264 -0.021604 0.0108672 0.0220282 -0.00238748 0.0242357 0.0469354 -0.00826163
internal_weight=177.077 149.697 142.24 7.4572 118.095 15.1651 102.93 24.1448 64.5442 34.6801 29.8641 9.69148 11.3753 12.5387
internal_count=1540 1266 1211 55 788 90 698 423 381 195 186 56 65 78
cat_boundaries=0 1
cat_threshold=2
is_linear=0
shrinkage=0.05


Tree=241
num_leaves=15
num_cat=0
split_feature=24 4 1 26 3 19 21 20 16 8 16 27 33 13
split_gain=4.82077 4.39679 4.06336 3.92053 3.83935 5.76033 3.73754 3.56828 3.40426 6.11637 3.75693 3.55614 3.25548 3.00295
threshold=1.0000000180025095e-35 0.0096261845900000014 -67.028924999999973 0.4250000000000001 0.84199059757024453 17.950000000000003 7.5000000000000009 27.500000000000004 26.550000000000004 -4.2499999999999991 9.0500000000000025 0.039351851851851853 0.085622710622710638 25.650000000000002
decision_type=2 2 2 10 2 10 2 2 8 8 8 8 8 8
left_child=2 -2 4 6 12 -6 8 -8 9 10 -3 -11 -1 -10
right_child=1 3 -4 -5 5 -7 7 -9 13 11 -12 -13 -14 -15
leaf_value=-0.028001667492696447 -0.028494186327050697 0.013826929343815457 0.029925097714094358 -0.02175839354302448 -0.01555593068784996 0.042136400687185431 -0.026156218661981367 0.026327740459724438 0.071692398681430305 0.040116091445826479 0.066507543171150846 -0.010632540741402227 -0.0065201573970150974 0.024252131847477761
leaf_weight=29.15496857650578 6.4741324018687001 8.86970132216811 5.7053387835621825 7.0654021129012099 8.5484192781150323 7.0369790196418753 8.6497333962470275 3.9368549883365622 4.0318658091127872 3.0459248609840897 5.2756820060312739 22.712702110409737 44.50564512424171 16.383186455816034
leaf_count=308 51 70 38 53 57 67 68 38 40 28 46 156 377 143
internal_value=-8.14177e-05 0.00841064 -0.0078198 0.0117133 -0.0105376 0.0114628 0.0152076 -0.00901067 0.0203257 0.0113443 0.0365688 -0.00335666 -0.0152837 0.0365316
internal_weight=181.397 86.4452 94.9514 79.9711 89.246 15.5854 72.9057 12.5866 60.3191 39.904 14.1454 25.7586 73.6606 20.4151
internal_count=1540 693 847 642 809 124 589 106 483 300 116 184 685 183
is_linear=0
shrinkage=0.05


Tree=242
num_leaves=15
num_cat=2
split_feature=6 4 18 21 16 8 8 5 21 25 27 18 9 16
split_gain=6.51914 5.03154 6.39824 5.46835 5.69084 3.0968 3.18903 2.97627 4.26633 3.85563 3.75969 2.93107 2.37798 2.50055
threshold=0 0.40551445220999999 7.8500000000000014 11.500000000000002 5.5500000000000007 4.5500000000000007 -5.6999999999999984 1 5.5000000000000009 1959.0000000000002 0.28679653679653683 14.100000000000001 -21.449999999999996 28.950000000000003
decision_type=9 2 8 2 10 10 8 9 2 8 8 10 8 10
left_child=1 3 5 4 -1 6 -3 8 9 10 -6 -4 -2 -14
right_child=12 2 11 -5 7 -7 -8 -9 -10 -11 -12 -13 13 -15
leaf_value=0.032546555944189447 0.021335556500464505 0.022166490654915435 0.080993410194913518 0.044333261143383859 0.0027528310821835476 0.027311936099443036 -0.034125657924601434 -0.010903992015054365 -0.028513155867640746 -0.014995199760550732 0.067502200518874872 0.026134554590842088 -0.021653953558799986 0.0035963462707641856
leaf_weight=9.7030928879976255 3.7329369075596333 3.1507157720625401 4.6933582723140699 6.0642782524228087 3.5801525823771909 7.4153553359210482 5.7631648033857399 56.152531716972589 3.3631263487040988 3.1575270146131524 5.4206363894045362 6.8632180541753769 43.221435194835067 12.266064619645475
leaf_count=91 39 28 42 40 28 55 33 438 23 22 41 47 464 149
internal_value=0.000782478 0.00749041 0.02623 0.00213211 -0.00151275 0.00525407 -0.0139996 -0.00650803 0.00977571 0.0291582 0.044598 0.0530898 -0.0115191 -0.0161073
internal_weight=174.548 115.327 27.8858 87.4413 81.3771 16.3292 8.91388 71.674 15.5214 12.1583 9.00079 11.5566 59.2204 55.4875
internal_count=1540 888 205 683 643 116 61 552 114 91 69 89 652 613
cat_boundaries=0 1 2
cat_threshold=198729 448
is_linear=0
shrinkage=0.05


Tree=243
num_leaves=15
num_cat=0
split_feature=19 22 20 23 17 4 0 13 14 13 33 28 21 19
split_gain=7.18292 6.26392 13.0132 7.82357 8.11118 8.21715 7.02589 6.87406 7.82736 6.90082 6.075 8.09485 4.55349 4.40488
threshold=3.5500000000000007 9.5000000000000018 18.500000000000004 2.5000000000000004 15.500000000000002 0.03245461923500001 56.146415000000012 24.050000000000004 -10.904999999999999 29.350000000000005 0.011584813096571217 0.24010025062656645 9.5000000000000018 19.850000000000005
decision_type=8 2 2 2 8 2 2 10 10 8 10 10 2 8
left_child=-1 3 -3 4 5 -2 7 8 -7 -9 11 -4 -5 -11
right_child=1 2 10 12 -6 6 -8 9 -10 13 -12 -13 -14 -15
leaf_value=0.034677412684482704 -0.042399763884946873 0.041865692779646704 -0.039594361403490319 -0.046751614671168999 -0.036277657128617233 -0.036940054823350166 -0.040332017821527649 -0.033529436910555682 0.033313676293782499 0.056241999366350048 -0.044435329316195205 0.036929516731851936 0.026947824876297446 -0.004420572018781435
leaf_weight=11.292513620108364 8.1588871870189887 18.131460677832365 4.6599542051553744 17.61054635047913 15.799209447577594 3.6271203495561997 5.827120102941989 11.827314058318732 34.793596265837557 3.8274570740759382 8.6404329314827901 7.9383421409875154 1.7103155180811871 7.5278829429298648
leaf_count=55 122 85 67 211 215 64 80 122 266 13 113 44 11 72
internal_value=-0.00209468 -0.00507276 0.0118544 -0.0111446 -0.00484818 0.0021089 0.00803522 0.0131815 0.0259125 -0.00811676 -0.0144968 0.00779409 -0.0392225 0.0189236
internal_weight=161.372 150.08 39.3702 110.709 91.3886 75.5894 67.4305 61.6034 38.4207 23.1827 21.2387 12.5983 19.3209 11.3553
internal_count=1540 1485 309 1176 954 739 617 537 330 207 224 111 222 85
is_linear=0
shrinkage=0.05


Tree=244
num_leaves=15
num_cat=1
split_feature=24 27 7 19 16 3 31 27 18 1 9 18 13 14
split_gain=12.8163 6.99303 6.33908 6.51991 5.21085 4.76901 4.75761 4.37965 5.26004 4.04606 3.87006 3.79199 3.29298 6.74727
threshold=1.5000000000000002 0.40098039215686282 0 91.65000000000002 19.050000000000004 -0.63257203029273779 0.13952020202020204 0.65714798850574729 19.050000000000004 -119.30894499999998 0.65000000000000002 4.1000000000000005 27.950000000000003 11.268333333333333
decision_type=2 8 1 10 8 2 10 10 10 2 8 10 10 10
left_child=1 4 -3 5 10 -4 9 -2 -9 11 -1 -6 13 -11
right_child=7 2 3 -5 6 -7 -8 8 -10 12 -12 -13 -14 -15
leaf_value=0.004696998067569339 -0.038835455064691222 -0.017134509011288539 0.036522576493700255 0.057572667808064817 0.01281336151370047 -0.027288901461854254 0.044989078634476987 -0.029981607468564337 0.07422164799673879 0.0024374590605812322 -0.047671567623132176 -0.035766817644941259 0.0032234237775439047 0.059975772712044101
leaf_weight=14.530210074037312 22.660504897125069 41.628878468647599 3.5601768717169771 5.6713723540306082 8.8035249561071378 7.2233218904584655 16.269144330173731 1.8123275805264705 1.219213757663965 8.9748361483216303 3.5988594032824066 5.8727555312216273 12.950443230569361 11.05990084260702
leaf_count=125 429 447 29 29 46 85 81 37 12 55 24 25 66 50
internal_value=0.000361753 0.00636816 -0.006841 0.0186901 0.0156877 -0.00490992 0.0223208 -0.0314128 0.0199417 0.0138176 -0.0076475 -0.00766767 0.0233214 0.0355419
internal_weight=165.835 140.143 58.0837 16.4549 82.0597 10.7835 63.9306 25.692 3.03154 47.6615 18.1291 14.6763 32.9852 20.0347
internal_count=1540 1062 590 143 472 114 323 478 49 242 149 71 171 105
cat_boundaries=0 1
cat_threshold=1
is_linear=0
shrinkage=0.05


Tree=245
num_leaves=15
num_cat=0
split_feature=33 19 4 4 14 19 20 21 8 0 31 20 2 19
split_gain=5.48259 10.7761 6.69079 6.38665 5.67839 4.45632 4.37689 8.89008 9.31343 6.98996 5.26547 4.98387 5.97314 4.63369
threshold=0.14834355459355461 69.850000000000009 0.039684669980000011 0.034110115030000006 17.588333333333335 121.50000000000001 10.500000000000002 3.5000000000000004 16.550000000000004 58.002617005000012 0.14625850340136057 29.500000000000004 -0.34235669412071207 51.750000000000007
decision_type=8 10 2 2 10 8 2 2 10 2 10 2 2 8
left_child=4 2 3 -2 6 -3 7 8 9 -1 -9 13 -13 -8
right_child=1 5 -4 -5 -6 -7 11 10 -10 -11 -12 12 -14 -15
leaf_value=-0.0092662265280970355 -0.012675783861009744 0.039541608569686339 -0.037197577285200872 0.084604809462725347 -0.024951984118586842 -0.019336501631255259 -0.044527339888787903 0.059464470766897981 0.05195855773439817 0.052457126470642948 0.00040195358853265515 -0.036670091277349985 0.035358611868248985 0.0010816302921488163
leaf_weight=40.909377543255687 5.0221491474658242 10.292678110301491 28.504132160916924 1.3963334187865255 11.342601303011177 3.7886839415878066 8.5836038962006587 14.9459769371897 8.4601858071982843 4.1527095995843402 4.9613426942378274 2.8880026265978822 11.123758835718032 13.18354285135865
leaf_count=334 66 91 377 23 114 52 91 86 45 19 36 32 72 102
internal_value=0.00160481 -0.0123419 -0.0270325 0.0170393 0.00732902 0.0234683 0.0108778 0.0177901 0.00685027 -0.00256275 0.0454681 -0.00340644 0.0190588 -0.0180695
internal_weight=169.555 49.004 34.9226 6.41848 120.551 14.0814 109.209 73.4296 53.5223 45.0621 19.9073 35.7789 14.0118 21.7671
internal_count=1540 609 466 89 931 143 817 520 398 353 122 297 104 193
is_linear=0
shrinkage=0.05


Tree=246
num_leaves=15
num_cat=1
split_feature=6 3 3 19 0 25 21 0 16 32 21 25 0 28
split_gain=9.03863 6.1576 7.2564 5.77443 5.82514 5.07469 6.61489 5.62991 7.79913 5.58941 4.94146 4.81761 7.55114 5.74288
threshold=0 0.91511078773075516 0.87291090774974645 10.350000000000003 55.81177846500001 264.00000000000006 2.5000000000000004 49.793200555000006 15.950000000000001 0.34259259259259262 4.5000000000000009 82.500000000000014 53.544111000000008 0.10147058823529413
decision_type=9 2 2 8 2 8 2 2 8 8 2 10 2 8
left_child=10 2 3 -2 5 6 -5 -7 -9 -8 11 12 -1 -14
right_child=1 -3 -4 4 -6 7 9 8 -10 -11 -12 -13 13 -15
leaf_value=-0.016522768814919719 0.050682916998905272 -0.035819523576712434 0.076422974124924506 0.061523232017482311 -0.029558719495125146 -0.011784650729158958 -0.026972602358021874 0.081972437854083979 -0.00035655361338955607 0.036688508642287627 -0.042644451837568702 -0.02297132281577598 0.077778570948180914 0.010787163152775933
leaf_weight=22.741844164207578 7.0630798134952775 5.6470071580260983 3.4863738119602194 8.7600350789725798 9.0500136576592904 26.9892035741359 5.8777964096516344 3.4208713937550765 8.2104426957666856 5.940818928182126 11.561912083998321 31.397694461047649 3.1449497602880028 16.011039042845368
leaf_count=188 48 58 22 46 114 171 61 21 58 25 239 356 24 109
internal_value=-0.00147428 0.00958904 0.0144529 0.0106203 0.00580227 0.0116093 0.0310309 0.000738572 0.0284298 0.00539342 -0.0121671 -0.00848786 0.00264834 0.0250987
internal_weight=169.303 84.4456 78.7986 75.3123 68.2492 59.1992 20.5787 38.6205 11.6313 11.8186 84.8574 73.2955 41.8978 19.156
internal_count=1540 624 566 544 496 382 132 250 79 86 916 677 321 133
cat_boundaries=0 1
cat_threshold=202824
is_linear=0
shrinkage=0.05


Tree=247
num_leaves=15
num_cat=0
split_feature=18 2 10 3 2 11 0 21 8 9 24 10 3 27
split_gain=5.66924 7.22275 7.30212 9.19055 9.5444 7.90936 6.55629 5.73611 5.48007 5.78797 7.75065 10.0378 5.56636 5.21728
threshold=2.1500000000000008 0.87397152483179585 27.550000000000004 0.92843842216862604 -0.86976336936302323 4.5928571428571443 51.100478370000005 1.5000000000000002 21.050000000000004 1.5500000000000003 4.5000000000000009 9.5500000000000025 -0.98212955754013376 1.0000000180025095e-35
decision_type=8 2 8 2 2 10 2 2 10 10 2 8 2 8
left_child=1 2 3 4 5 -1 -4 -6 9 10 -2 -12 -11 -10
right_child=8 -3 6 -5 7 -7 -8 -9 13 12 11 -13 -14 -15
leaf_value=0.052936595112696549 -0.0091554381235148374 -0.026456959954430165 -0.046773881980783583 -0.039085479081102298 0.070231643228656701 -0.040769751502622555 0.033639286298613645 0.025447136794002102 0.070788620393888446 0.018024094931647815 -0.014311963959755571 0.066838247323164818 -0.032369798155508687 -0.011732091002965395
leaf_weight=2.367711070924992 50.86697281897068 9.1637214589863998 6.1071979682892543 3.7754864133894435 14.524661393836146 5.9144165441393852 3.0672175921499729 16.639396553859115 3.3471342958509913 5.885783350095152 6.2846863102167827 7.6475125066936016 32.349605081602931 2.9850262105464935
leaf_count=14 493 81 43 45 77 69 21 118 11 50 73 32 379 34
internal_value=0.00051668 0.0125385 0.0197263 0.0282422 0.0354934 -0.0111638 -0.019226 0.0478545 -0.00630238 -0.00919453 -1.73019e-05 0.0317252 -0.0243507 0.0355932
internal_weight=170.927 61.5598 52.3961 43.2217 39.4462 8.28213 9.17442 31.1641 109.367 103.035 64.7992 13.9322 38.2354 6.33216
internal_count=1540 468 387 323 278 83 64 195 1072 1027 598 105 429 45
is_linear=0
shrinkage=0.05


Tree=248
num_leaves=15
num_cat=1
split_feature=6 20 13 9 13 8 18 4 4 9 11 15 9 10
split_gain=6.45481 4.44957 4.29745 4.28087 4.25125 3.55608 4.73962 3.10019 2.69139 5.61511 3.52709 4.84113 5.14397 4.65409
threshold=0 80.500000000000014 32.250000000000007 -28.049999999999997 0.95000000000000007 -10.749999999999998 2.0500000000000003 0.22461557492000003 0.024450391700000001 -2.9499999999999997 16.178571428571434 1.1500000000000001 3.5500000000000003 20.950000000000003
decision_type=9 2 10 8 8 10 8 2 2 8 10 10 8 8
left_child=3 2 5 -1 7 6 -2 -5 9 -6 11 12 -10 -13
right_child=1 -3 -4 4 8 -7 -8 -9 10 -11 -12 13 -14 -15
leaf_value=-0.040288133642499363 0.067687806055751448 0.042444477139687173 0.026513652613247125 0.056910660177661443 -0.024023873154742373 -0.033911877126591619 -0.018715825562060296 0.0025933619881294136 0.0078776534603616586 0.041653080923818982 -0.019992052918651079 -0.0042254653424351526 -0.022172256654443709 0.060203786561539796
leaf_weight=3.9324293844401836 1.26241746731102 1.9007687345147122 3.2834340929985038 6.0504924766719324 3.7746764197945595 31.498450051993135 4.3985058814287186 4.3455620259046555 59.526406187564142 10.558761846274136 15.240308769047259 4.3830643445253354 17.624535994604223 6.2105063088238239
leaf_count=34 16 24 40 30 22 524 72 30 362 65 93 31 162 39
internal_value=-0.000454953 -0.0152463 -0.0225953 0.00514333 0.00724393 -0.0275157 0.00782183 0.0364259 0.00437199 0.0239184 0.00144766 0.00535483 0.000817112 0.0354812
internal_weight=173.99 42.3436 40.4428 131.647 127.714 37.1594 5.66092 10.3961 117.318 14.3334 102.985 87.7445 77.1509 10.5936
internal_count=1544 676 652 868 834 612 88 60 774 87 687 594 524 70
cat_boundaries=0 1
cat_threshold=284672
is_linear=0
shrinkage=0.05


Tree=249
num_leaves=15
num_cat=1
split_feature=6 3 8 9 12 12 8 33 18 25 2 12 19 1
split_gain=3.74758 3.40324 3.77096 2.70282 3.03022 3.24754 2.5074 2.23308 4.66922 4.23636 4.20908 6.81159 3.99071 2.88897
threshold=0 -0.83849291496497236 18.150000000000002 9.3500000000000032 2.3500000000000001 -1.2499999999999998 16.450000000000003 0.19485930735930737 33.650000000000006 189.50000000000003 -0.30163705152652742 -20.849999999999998 42.150000000000013 -116.23333349999999
decision_type=9 2 10 10 10 10 8 8 10 10 2 10 8 2
left_child=1 6 3 4 5 -3 -1 -2 9 10 11 -9 13 -11
right_child=7 2 -4 -5 -6 -7 -8 8 -10 12 -12 -13 -14 -15
leaf_value=0.010618493988496359 -0.011905296360560442 0.0059594904759567718 -0.032079805427039851 0.050768603380175359 -0.022976553310488132 0.047703474475130202 0.05508595901435176 0.072836485010253027 0.054223968989566773 0.0091664102879426539 -0.023695089208206632 -0.0079027178440055114 -0.0033172001067623899 0.090642505076380719
leaf_weight=7.336958844214676 57.501155255362391 47.609937991946929 5.2728362157940856 2.6066821515560141 6.9552056267857543 4.2248297892510953 5.5344579480588436 2.436485592275857 3.0311782211065283 2.1395392119884491 21.000623520463709 10.24620490893721 5.4063648544251928 1.9089099243283243
leaf_count=55 551 349 33 22 49 40 53 24 30 20 160 91 47 20
internal_value=0.00119394 0.00868676 0.00499523 0.00864239 0.00595668 0.0102003 0.0323314 -0.00494085 0.00275399 -0.00200921 -0.0103762 0.0117978 0.02594 0.0579285
internal_weight=183.211 79.5409 66.6695 61.3967 58.79 51.8348 12.8714 103.67 46.1693 43.1381 33.6833 12.6827 9.45481 4.04845
internal_count=1544 601 493 460 438 389 108 943 392 362 275 115 87 40
cat_boundaries=0 1
cat_threshold=262506
is_linear=0
shrinkage=0.05


Tree=250
num_leaves=15
num_cat=0
split_feature=33 28 16 14 13 16 9 24 19 31 31 19 25 4
split_gain=4.47395 5.82679 4.13996 3.62959 2.79326 7.37506 4.869 4.13174 3.30139 2.67581 3.195 2.63128 2.49518 5.12521
threshold=0.018532818532818535 0.65833333333333344 23.450000000000003 -14.941666666666665 9.0500000000000025 9.9500000000000011 1.8500000000000003 2.5000000000000004 59.150000000000013 0.19722222222222224 0.32159090909090915 118.00000000000001 129.50000000000003 0.76676619716500005
decision_type=10 10 10 8 10 8 10 2 10 10 8 10 8 2
left_child=1 3 -3 -1 5 -2 -6 8 -8 11 -11 12 13 -5
right_child=4 2 -4 9 6 -7 7 -9 -10 10 -12 -13 -14 -15
leaf_value=0.038522567129018942 -0.0045548725092761236 0.0021477920172854235 0.061067541474250579 -0.0061370126054513452 -0.022928703673981948 0.06355532412349281 -0.015263715261275816 0.050415909769349392 0.03631711954462772 0.045611298607893397 -0.0066447309898417439 -0.03589268910808989 -0.014034668506259285 0.04653352287742224
leaf_weight=3.1763130389153957 7.4121609032154065 6.7235315665602666 4.4677861854434013 25.854771880432967 9.5708252452313918 7.2695781923830509 8.4918184541165846 5.8722391575574866 3.6104708388447753 3.7465323265641901 7.0735752917826185 9.0870424136519414 69.165040258318186 4.5826603267341843
leaf_count=32 54 41 32 223 59 59 55 42 32 33 65 111 659 47
internal_value=0.000205051 -0.00428239 0.0287494 -0.0075036 0.014202 0.0310718 0.00443692 0.0194486 0.00172173 -0.0090364 0.0137773 -0.0114124 -0.00884442 0.00302101
internal_weight=176.104 133.877 11.1913 122.686 42.2271 14.6817 27.5454 17.9745 12.1023 119.51 10.8201 108.69 99.6025 30.4374
internal_count=1544 1243 73 1170 301 113 188 129 87 1138 98 1040 929 270
is_linear=0
shrinkage=0.05


Tree=251
num_leaves=15
num_cat=0
split_feature=14 19 1 16 16 10 12 29 15 12 26 4 32 15
split_gain=7.56219 7.40588 8.82417 5.85138 7.84164 6.76053 7.63071 12.3291 8.93212 8.19054 6.36524 7.60562 5.79632 5.32982
threshold=-10.904999999999999 71.300000000000011 -122.42507654999999 5.7500000000000009 10.950000000000001 -3.6499999999999999 0.25000000000000006 0.0088904694167852068 0.75000000000000011 6.7500000000000009 0.020220588235294119 0.43325190996500001 0.26568627450980398 1.6500000000000001
decision_type=10 8 2 10 10 8 10 10 10 10 10 2 10 10
left_child=-1 3 -3 -2 -5 -6 7 12 -8 13 11 -11 -7 -10
right_child=1 2 -4 4 5 6 8 -9 9 10 -12 -13 -14 -15
leaf_value=-0.034470749856059378 0.06205791028292134 0.029665318320663062 -0.033046327493641225 -0.031972173792889143 0.053748376154644839 -0.036206527140403476 0.044603639129242617 0.033701062095052699 0.017877257526942327 -0.029075773205902985 0.060660287967584797 0.047469906936445268 0.014654266733640522 -0.04452831094755124
leaf_weight=13.76135393232107 3.9441728629171839 6.4536920171231058 23.173011049628258 11.010815372690557 7.4226892944425344 24.166042259894315 20.247615959495306 11.391429353505371 4.3912791199982193 7.2323155310004967 6.3964898958802214 4.3573480620980263 6.6035227999091139 9.5883544590324146
leaf_count=207 27 37 348 160 61 274 86 52 24 70 30 25 43 100
internal_value=-0.000353294 0.00306628 -0.0188631 0.00874395 0.00635099 0.0107669 0.00685823 -0.00885398 0.0194734 0.00268535 0.0244191 0.00118763 -0.0251735 -0.0250407
internal_weight=160.14 146.379 29.6267 116.752 112.808 101.797 94.3744 42.161 52.2134 31.9658 17.9862 11.5897 30.7696 13.9796
internal_count=1544 1337 385 952 925 765 704 369 335 249 125 95 317 124
is_linear=0
shrinkage=0.05


Tree=252
num_leaves=15
num_cat=0
split_feature=24 0 2 28 1 1 0 26 30 14 13 0 19 13
split_gain=10.4865 5.50646 5.67868 4.97305 5.48466 6.2638 5.25712 4.17365 3.59833 3.35359 5.38114 4.86425 3.28393 3.35298
threshold=2.5000000000000004 57.191605000000003 -0.50556189049999822 0.11237373737373739 -85.832005384999988 -75.33375199999999 44.107446000000003 0.19583333333333336 0.42261904761904767 4.9342592592592611 27.950000000000003 55.076571000000008 84.450000000000017 19.450000000000003
decision_type=2 2 2 10 2 2 2 10 8 8 10 2 10 10
left_child=1 3 -3 4 12 6 -6 8 9 -5 11 -11 -1 -14
right_child=-2 2 -4 7 5 -7 -8 -9 -10 10 -12 -13 13 -15
leaf_value=-0.019178081769519462 -0.036246939572174328 0.070127139035163474 -0.0037605447915323078 -0.021170203400293602 0.00054749778619161916 -0.019965457960207992 0.053578958804708157 0.045588495639457549 0.052793918630683161 0.043679473490786908 -0.022966562515436401 -0.011652965847841755 0.03742827957566968 -0.010818337124493399
leaf_weight=51.90623726323247 17.687998740002513 5.0207081511616707 4.4069654550403339 10.195749597623946 8.6037070918828302 8.8612945666536671 9.2843060903251153 7.6990298703312865 2.8261628299951544 11.582455337047579 6.9812111221253863 5.2857358120381823 4.8536958880722514 8.5362029522657377
leaf_count=497 385 28 35 102 61 95 59 35 13 75 49 28 31 51
internal_value=-0.000972576 0.00351712 0.0385399 0.000837746 -0.00579628 0.0129515 0.0294515 0.0143647 0.00681329 0.0015988 0.0117929 0.026659 -0.013556 0.0080562
internal_weight=163.731 146.043 9.42767 136.616 92.0454 26.7493 17.888 44.5703 36.8713 34.0452 23.8494 16.8682 65.2961 13.3899
internal_count=1544 1159 63 1096 794 215 120 302 267 254 152 103 579 82
is_linear=0
shrinkage=0.05


Tree=253
num_leaves=15
num_cat=1
split_feature=10 2 1 18 7 0 2 13 9 27 15 0 10 12
split_gain=6.6479 6.99475 7.6353 8.45898 6.48188 5.88708 5.69242 5.17009 8.0446 10.0958 7.25367 6.79886 7.25948 5.06259
threshold=28.950000000000003 -0.34235669412071207 -114.13434523499998 18.300000000000001 0 53.647921500000002 -0.53493989022977317 9.0500000000000025 2.1500000000000008 0.28679653679653683 -18.149999999999995 51.100478370000005 4.5500000000000007 -13.049999999999999
decision_type=10 2 2 8 1 2 2 8 10 10 10 2 8 8
left_child=1 2 3 13 5 -5 -2 10 -9 -10 11 -3 -13 -1
right_child=6 7 -4 4 -6 -7 -8 8 9 -11 -12 12 -14 -15
leaf_value=0.01861476071225817 0.067787957187092643 -0.030870533148801324 -0.034893927429218617 0.078507933182810782 -0.022770233492427284 0.0079632562585665902 -0.0012593289488697064 -0.0242710867505018 0.030322127126489462 -0.022327888481862335 0.062982315613503412 0.033727847447697683 -0.038332328646387054 -0.035094565002142461
leaf_weight=5.4468726757913828 6.0022581554949284 6.7528953608125475 23.559102097526193 5.6429564021527749 3.9739461187273255 5.7838900834321976 5.1404882743954641 22.374730078503489 25.881014389917254 12.898820003494619 7.5806854031980029 20.982343185693026 3.2929581552743938 14.113627277314665
leaf_count=41 35 95 329 18 41 55 41 241 196 104 49 135 30 134
internal_value=0.00280029 6.47121e-05 -0.013526 0.00144293 0.028187 0.0463148 0.0384539 0.00809204 -0.00100671 0.0126888 0.0221656 0.0105383 0.022823 -0.0199606
internal_weight=169.427 158.284 58.5204 34.9613 15.4008 11.4268 11.1427 99.7634 61.1546 38.7798 38.6089 31.0282 24.2753 19.5605
internal_count=1544 1468 618 289 114 73 76 850 541 300 309 260 165 175
cat_boundaries=0 1
cat_threshold=1
is_linear=0
shrinkage=0.05


Tree=254
num_leaves=15
num_cat=1
split_feature=6 0 25 0 25 0 22 19 28 10 25 18 32 2
split_gain=10.9028 9.63413 8.85298 7.70723 9.66903 6.67302 6.10391 5.6947 5.78465 5.57932 5.0767 4.26935 3.9967 3.66223
threshold=0 49.793200555000006 588.00000000000011 53.541850000000004 205.50000000000003 56.107204500000009 2.5000000000000004 76.450000000000017 0.13361823361823363 -3.4499999999999997 488.50000000000006 44.250000000000007 0.10055210489993101 0.59177612190863982
decision_type=9 2 10 2 10 2 2 10 10 10 8 8 8 2
left_child=3 2 9 10 5 7 -3 8 12 -2 -1 -12 -5 -11
right_child=1 6 -4 4 -6 -7 -8 -9 -10 13 11 -13 -14 -15
leaf_value=-0.04264761685183141 -0.032329661167069389 0.059470844080017016 -0.039009477417958918 0.072557467725863065 -0.032050211789267362 -0.014506371415805611 -0.0092535957440291472 0.068927430178392243 -0.036639659091592967 0.031360842546706826 -0.017024623906986017 0.043138623340772758 0.013948321439146922 -0.0066206378694749551
leaf_weight=22.588661460205913 4.6038275118917218 14.778272196650507 8.6916387639939767 2.7894268259406187 14.888134893029926 13.434715695679186 3.7539003659039727 5.4883949756622306 3.6252505183219901 24.302151046693325 21.722121158614758 2.4203212764114133 15.894964734092353 8.0612761005759221
leaf_count=362 39 76 82 23 190 140 38 37 56 123 193 23 112 50
internal_value=-0.000636186 0.0142121 0.00373497 -0.0103251 0.00122118 0.0137091 0.0457889 0.0273758 0.0146351 0.0145477 -0.0260897 -0.00951728 0.0259397 0.0219853
internal_weight=167.043 64.1911 45.6589 102.852 56.1209 41.2328 18.5322 27.798 22.3096 36.9673 46.7311 24.1424 18.6844 32.3634
internal_count=1544 408 294 1136 558 368 114 228 191 212 578 216 135 173
cat_boundaries=0 1
cat_threshold=493640
is_linear=0
shrinkage=0.05


Tree=255
num_leaves=15
num_cat=1
split_feature=13 19 3 5 13 19 28 28 19 22 18 0 13 26
split_gain=7.03079 5.71724 4.99481 6.8666 7.85818 7.39426 7.7724 7.35949 10.7011 6.86397 6.92914 5.55449 5.44193 5.25431
threshold=1.0000000180025095e-35 138.65000000000001 0.67007489853957602 0 32.050000000000004 37.250000000000007 1.0000000180025095e-35 0.03229166666666667 45.250000000000007 7.5000000000000009 8.6500000000000021 55.890262020000002 3.8500000000000001 0.025462962962962968
decision_type=8 10 2 9 8 10 8 10 10 2 10 2 10 8
left_child=-1 2 3 4 5 6 -2 8 -7 10 12 -8 -4 -5
right_child=1 -3 9 13 -6 7 11 -9 -10 -11 -12 -13 -14 -15
leaf_value=-0.044335751755236893 0.037750095160176397 -0.041343196885079279 0.057285240990200118 -0.031857313067837102 -0.032949335747792109 0.074589944692892679 -0.044873673645314596 0.058257290161412956 -0.042541685018917461 -0.028397262008321857 -0.024306506560567914 0.019859172110764517 0.012362762896635762 -0.0031516690304756001
leaf_weight=8.2436645813286287 7.152414325624707 6.783863889053463 14.119072787463667 24.139361526817083 7.1095094047486773 1.9451034404337431 8.7498340308666211 15.407042521983383 4.7770271673798561 5.8646915312856427 4.8607127591967574 4.3109157979488364 13.427363201975821 44.261092200875282
leaf_count=106 43 111 77 258 58 13 96 86 52 74 60 31 89 390
internal_value=-0.00191595 0.000488024 0.00255722 -0.00256847 0.010558 0.0208908 -0.00114486 0.0401977 -0.00337852 0.0180045 0.0270005 -0.0236147 0.0365882 -0.0118831
internal_weight=171.152 162.908 156.124 117.852 49.4518 42.3423 20.2132 22.1292 6.72213 38.2718 32.4071 13.0607 27.5464 68.4005
internal_count=1544 1438 1327 1027 379 321 170 151 65 300 226 127 166 648
cat_boundaries=0 1
cat_threshold=258
is_linear=0
shrinkage=0.05


Tree=256
num_leaves=15
num_cat=1
split_feature=19 18 5 18 13 4 1 1 18 1 4 4 17 9
split_gain=6.41023 5.68941 4.36523 5.24901 6.20307 4.19653 4.7339 4.30512 7.13301 4.26262 6.59781 4.04961 3.72541 3.66091
threshold=102.65000000000002 4.3500000000000005 0 11.15 24.450000000000003 0.58221810135500018 -79.733390999999997 -79.841679999999982 25.350000000000005 -113.35571386999999 0.11807527233000002 0.23145980303499999 16.500000000000004 -1.0000000180025095e-35
decision_type=8 8 9 10 10 2 2 2 10 2 2 2 8 10
left_child=1 13 3 4 12 7 -7 9 -9 10 -4 -11 -3 -1
right_child=-2 2 5 -5 -6 6 -8 8 -10 11 -12 -13 -14 -15
leaf_value=0.0024395177827130055 -0.024127117696708899 -0.015966239458458441 0.041650476227156993 -0.023452006941479749 0.06181278622409242 -0.034287245648951629 0.043615278851235159 -0.036253384814402524 0.054395032887140093 0.031980795986214783 -0.019126633710197381 0.085008217054625301 0.045106357942399825 -0.019759892162993842
leaf_weight=44.787186654284596 23.757866892963648 10.794108310714364 9.6322829555720073 16.823344537988305 4.0593403130769721 5.2435696851462126 1.8730873242020596 5.1335741840302935 2.364034553989768 12.273087682202464 6.9113959372043601 5.9009852632880202 2.1718909796327361 30.499248581007123
leaf_count=329 302 103 59 147 36 51 28 51 16 67 50 32 19 283
internal_value=-0.000458727 0.00321876 0.0121644 -0.00335565 0.01484 0.0194674 -0.0109361 0.029232 -0.00463378 0.0364705 0.0166169 0.0527339 -0.00323895 -0.00669481
internal_weight=182.225 158.467 83.1807 33.8487 17.0253 49.332 7.11666 42.2154 7.49761 34.7178 16.5437 18.1741 12.966 75.2864
internal_count=1573 1271 659 305 158 354 79 275 67 208 109 99 122 612
cat_boundaries=0 1
cat_threshold=390
is_linear=0
shrinkage=0.05


Tree=257
num_leaves=15
num_cat=1
split_feature=6 10 21 2 14 9 12 12 12 27 12 3 2 0
split_gain=4.34727 3.05367 2.24775 2.40201 2.22222 4.55818 2.84063 4.11135 3.55757 3.51294 4.68907 3.13655 4.08689 2.41074
threshold=0 3.2500000000000004 9.5000000000000018 0.878110924644389 18.908620689655177 12.550000000000002 7.2500000000000009 5.9500000000000011 2.3500000000000001 0.41853464963221071 -3.9499999999999997 0.95936279103287792 -0.95995996396290595 56.463615030000007
decision_type=9 10 2 2 10 10 10 10 10 10 8 2 2 2
left_child=2 -2 3 4 5 6 7 8 9 11 -11 12 -1 -14
right_child=1 -3 -4 -5 -6 -7 -8 -9 -10 10 -12 -13 13 -15
leaf_value=-0.0054716499308624499 0.0024993955411625698 -0.014716279392447518 -0.024090484166316185 -0.010855078047046707 -0.017170550746428048 0.070378256427912692 -0.024107469160205203 0.067811207485708444 -0.012529066961744073 -0.018420435710776218 0.038201884436742911 -0.0084102478928966395 0.052972466386016576 0.0056334335016683746
leaf_weight=4.7288171462714628 43.240018211305141 61.796688182279468 4.1250481270253649 10.846326563507317 4.6132902316749087 2.7080488950014105 3.9962656982243052 2.5900863334536544 11.062458314001558 10.937571503221987 4.2715732268989077 4.5004877261817446 15.799337007105363 3.5067315511405459
leaf_count=39 332 612 30 68 33 27 28 25 79 69 42 31 128 30
internal_value=-0.000579756 -0.00701123 0.00743053 0.0102659 0.0137077 0.0161595 0.0126783 0.0156085 0.0119706 0.0183078 -0.00114202 0.0283621 0.0353085 0.0450747
internal_weight=188.723 105.037 83.686 79.561 68.7147 64.1014 61.3933 57.3971 54.807 43.7445 15.2091 28.5354 24.0349 19.3061
internal_count=1573 944 629 599 531 498 471 443 418 339 111 228 197 158
cat_boundaries=0 1
cat_threshold=262507
is_linear=0
shrinkage=0.05


Tree=258
num_leaves=15
num_cat=1
split_feature=6 9 12 0 4 4 1 27 30 28 0 12 8 23
split_gain=5.44747 3.61261 3.46529 2.77097 3.66787 6.5281 2.65254 3.93721 3.85256 3.43078 2.69095 4.02902 3.46668 4.10638
threshold=0 -7.5999999999999988 -9.1499999999999968 54.758571500000009 0.20481984053500002 0.46202917507000008 -107.30818970499998 0.30145502645502648 0.10208333333333335 0.15891053391053395 50.681776000000006 -18.949999999999996 16.350000000000005 3.5000000000000004
decision_type=9 10 10 2 2 2 2 10 10 10 2 8 8 2
left_child=6 2 3 -2 -5 -6 8 -8 10 -10 -1 -12 13 -13
right_child=1 -3 -4 4 5 -7 7 -9 9 -11 11 12 -14 -15
leaf_value=-0.034522776575713156 -0.017604351835124925 -0.016458007025805837 0.05446193692206408 -0.007698386991223799 0.082637082338987755 -0.0024886299192179379 0.006409391658939112 0.043312224235868078 -0.0060542320765986368 0.036689798744346358 -0.03343099664220766 0.037857603200254192 -0.017881918096747589 -0.014453028869738527
leaf_weight=6.2050241716206065 13.602307204157112 59.571950390934944 2.0708954874426118 11.024876497685911 2.9801247902214509 5.0579924248158932 19.115161743015054 11.056556046009062 7.2357083782553699 11.170652598142622 6.1069920845329762 11.036904107779263 7.1346149444580123 4.812030941247941
leaf_count=39 157 652 28 91 32 40 136 83 39 74 43 87 48 24
internal_value=-0.000433972 -0.00821829 0.00367807 -0.0010636 0.0110281 0.0347229 0.00830255 0.0208882 0.00249664 0.0204406 -0.00716635 -0.000377842 0.00943248 0.02206
internal_weight=178.182 94.3081 34.7362 32.6653 19.063 8.03812 83.8736 30.1717 53.7019 18.4064 35.2956 29.0905 22.9835 15.8489
internal_count=1573 1000 348 320 163 72 573 219 354 113 241 202 159 111
cat_boundaries=0 1
cat_threshold=200777
is_linear=0
shrinkage=0.05


Tree=259
num_leaves=15
num_cat=0
split_feature=18 18 3 32 19 4 21 1 3 30 25 1 2 18
split_gain=9.29789 10.2739 8.63385 10.0045 8.39315 9.43709 7.63148 6.86488 6.68021 6.55943 6.19463 7.55822 6.09645 5.11431
threshold=0.35000000000000003 2.5500000000000007 -0.28519997588938989 0.017399993778773177 71.300000000000011 0.17683623709500004 3.5000000000000004 -121.25457754999998 0.84199059757024453 0.31534090909090912 87.500000000000014 -120.66916915499998 -0.91597725483594616 31.100000000000005
decision_type=10 10 2 8 10 2 2 2 2 10 10 2 2 10
left_child=2 -2 3 -1 5 6 13 -7 -4 -6 11 -9 -13 -3
right_child=1 4 8 -5 9 7 -8 10 -10 -11 -12 12 -14 -15
leaf_value=0.024554231827187717 -0.040036356508113366 -0.04452112754144958 0.038618342257533536 -0.044509218304024628 -0.037421329694237074 -0.036000154690421803 0.015807411606586198 0.059577626513194239 -0.01659496893154656 0.022740701941639591 0.052456697580377389 0.033993290482651345 -0.041699051032849141 0.035566255039856269
leaf_weight=9.6113160885870474 18.802656777203083 13.692586641758682 33.707612254656851 9.4477419722825271 19.299093702808026 3.1204454507678738 13.038094667717813 3.7600485272705564 5.919876040890812 5.09841589257121 17.860590165480971 3.1922474708408117 6.6003520619124174 1.5464489758014668
leaf_count=52 240 201 173 107 304 48 91 16 80 32 110 17 92 10
internal_value=0.00130254 -0.00752464 0.0171068 -0.0101933 -0.000140496 0.00953669 -0.0116698 0.0267408 0.0301647 -0.0244487 0.0338916 0.00750195 -0.016161 -0.0347042
internal_weight=164.698 106.011 58.6865 19.0591 87.2083 62.8108 28.2771 34.5337 39.6275 24.3975 31.4132 13.5526 9.7926 15.239
internal_count=1573 1161 412 159 921 585 302 283 253 336 235 125 109 211
is_linear=0
shrinkage=0.05


Tree=260
num_leaves=15
num_cat=0
split_feature=24 14 21 9 9 3 3 29 13 28 0 0 12 15
split_gain=9.41102 6.53486 4.18957 4.17063 5.29043 6.49177 5.55904 5.22206 5.06683 4.76457 4.25912 7.62939 3.84792 5.55669
threshold=1.0000000180025095e-35 -7.5649999999999986 14.500000000000002 13.050000000000002 1.8500000000000003 -0.52034141052533245 -0.77243990499604276 0.026709401709401712 20.850000000000005 0.06458333333333334 51.940737000000006 49.913548000000006 2.9500000000000006 2.4500000000000006
decision_type=2 8 2 10 8 2 2 8 8 10 2 2 8 10
left_child=1 -1 -2 4 7 6 12 10 -9 -5 11 -3 -6 -14
right_child=2 3 -4 9 5 -7 -8 8 -10 -11 -12 -13 13 -15
leaf_value=-0.030488038064943088 -0.022337247825133352 0.042830171534173393 0.033401524042443377 0.056013333295493621 -0.043383252810869403 -0.022636101446813849 0.033232358879716088 -0.015383015510255137 0.051456188412190101 -0.012717451507611359 0.064019535486006807 -0.031824452525263856 0.03153417084837002 -0.023628363913004453
leaf_weight=9.7308102175593358 48.35429008398205 8.7307035382837075 2.7467686794698229 8.2319107912480813 4.2270225584507006 22.980858800932765 14.786100365221502 12.26963949203491 2.6063543371856204 3.0275331921875468 7.9742953069508067 4.3996090516448012 8.6327749285846931 7.7139344047754994
leaf_count=120 698 49 16 50 29 152 87 146 24 20 54 30 55 43
internal_value=-0.00110377 0.00681365 -0.0187576 0.0105053 0.00685867 -0.0024793 0.0108832 0.0216573 -0.00116892 0.0380026 0.0370718 0.0173335 -0.00597484 0.00564174
internal_weight=166.413 115.312 51.1011 105.581 94.3213 58.3407 35.3598 35.9806 14.876 11.2594 21.1046 13.1303 20.5737 16.3467
internal_count=1573 859 714 739 669 366 214 303 170 70 133 79 127 98
is_linear=0
shrinkage=0.05


Tree=261
num_leaves=15
num_cat=1
split_feature=14 8 1 4 21 19 29 30 18 19 19 32 7 31
split_gain=5.80244 10.086 7.06961 6.67834 5.88075 5.57699 5.52073 4.84134 4.78539 4.55767 5.69255 5.73735 3.96477 3.75608
threshold=7.5716666666666681 11.250000000000002 -119.30894499999998 0.41592652948000003 1.5000000000000002 27.850000000000005 0.03033088235294118 0.49444444444444452 154.00000000000003 80.300000000000011 17.050000000000004 0.70833333333333337 0 0.016856060606060607
decision_type=10 10 2 2 2 8 10 10 10 10 8 8 1 10
left_child=1 2 5 9 -5 6 -1 8 -2 10 11 -4 -6 -7
right_child=7 -3 3 4 12 13 -8 -9 -10 -11 -12 -13 -14 -15
leaf_value=-0.029872939917490755 -0.016088120625125608 0.063370844439345417 -0.027641231900182792 -0.016858748872177708 0.066527309418951394 0.039774924963835959 0.048124202954158764 0.031229414863025537 0.043292721668699005 0.024530291065868289 -0.045299172117689121 0.030887630369590358 6.9545480708194847e-05 -0.0028929748265473332
leaf_weight=8.1521455626934749 67.749208213761449 6.7827908173203459 9.0506419464945758 6.1979993693530551 5.4118682201951733 22.701771352440122 2.050618775188922 5.7299812436103812 2.6237590052187434 4.3266657609492531 16.835454063490033 6.1865610480308542 3.4559389390051356 6.4269312322139731
leaf_count=79 679 32 84 68 41 119 13 32 7 42 230 55 39 53
internal_value=0.000694355 0.00872679 0.00399883 -0.00814976 0.0190171 0.0197032 -0.0113001 -0.00958446 -0.0132986 -0.019602 -0.0261173 -0.00343879 0.0432593 0.0305772
internal_weight=173.682 97.5794 90.7966 51.4651 15.0658 39.3315 10.2028 76.1029 70.373 36.3993 32.0727 15.2372 8.86781 29.1287
internal_count=1573 855 823 559 148 264 92 718 686 411 369 139 80 172
cat_boundaries=0 1
cat_threshold=1
is_linear=0
shrinkage=0.05


Tree=262
num_leaves=15
num_cat=0
split_feature=27 16 3 18 20 8 3 32 15 16 11 4 14 25
split_gain=7.12164 4.94107 6.11255 4.77317 4.70191 5.27239 5.03252 4.61375 4.71693 4.47736 4.38228 3.94733 3.43411 3.7927
threshold=0.51940476190476204 29.350000000000005 -0.86548532668110156 43.300000000000011 4.5000000000000009 8.2500000000000018 0.20812153622207724 0.30059523809523819 6.7500000000000009 28.350000000000005 -11.657142857142857 0.11528734911000001 16.993333333333336 125.50000000000001
decision_type=8 10 2 10 2 10 2 10 10 10 8 2 10 10
left_child=1 2 11 -3 5 6 -4 8 12 -6 -8 -1 13 -2
right_child=7 3 4 -5 9 -7 10 -9 -10 -11 -12 -13 -14 -15
leaf_value=-0.0054103656027716003 0.0096427636417331288 -0.045350887093597358 0.063368188547324414 0.038021343429365397 -0.032778582249115104 -0.038712969285432192 0.04927966331646659 0.056629416150150061 0.039651649779342817 0.037969952290623443 -0.018268498946585818 0.069847106324843797 -0.033872916287622283 -0.012679932104305087
leaf_weight=2.8411711510270825 67.837428782135248 15.090515153482558 3.782300882041457 1.164894513785838 22.856779010035101 3.9052813164889804 2.341040026396513 3.3786428347229949 7.620375268161296 1.6361352838575829 7.5365837030112726 3.0167127568274736 5.5763167142868033 25.343658836558461
leaf_count=24 414 248 39 10 358 43 28 16 38 15 86 22 45 187
internal_value=-0.00143447 -0.0145415 -0.00613871 -0.0375191 -0.013007 0.00656295 0.0212648 0.00629092 0.00417964 -0.0267485 0.000799325 0.0378796 0.00107248 0.0035012
internal_weight=173.928 64.1714 47.916 16.2554 42.0581 17.5652 13.6599 109.756 106.378 24.4929 9.87762 5.85788 98.7574 93.1811
internal_count=1573 873 615 258 569 196 153 700 684 373 114 46 646 601
is_linear=0
shrinkage=0.05


Tree=263
num_leaves=15
num_cat=2
split_feature=1 1 4 7 0 25 21 0 4 27 7 1 0 3
split_gain=4.82583 5.3362 10.2413 5.09284 7.24535 6.08021 9.11167 4.85141 4.71982 4.69156 6.77514 6.74858 5.72743 5.65022
threshold=-101.24769946499998 -111.07369499999999 0.12198823612000002 0 44.107446000000003 319.50000000000006 1.5000000000000002 51.868546050000013 0.023103093510000002 1.0000000180025095e-35 1 -122.61013849999999 51.923904500000006 0.86439018870140905
decision_type=2 2 2 1 2 10 2 2 2 8 1 2 2 2
left_child=1 9 8 4 -2 -6 -7 -4 -3 10 -1 -11 -13 -12
right_child=3 2 7 -5 5 6 -8 -9 -10 11 13 12 -14 -15
leaf_value=0.041754207616021187 0.041471048363909684 -0.0010628150614128923 -0.042417711876614222 -0.042912253103229422 -0.04330438937392049 0.046095450956623076 -0.039588769330643606 0.035451279047723751 0.061878012803186257 0.030592586464099576 -0.019123118433151079 -0.038588643967364833 -0.0032291246557572834 0.040073932172233755
leaf_weight=14.556325551122427 6.1774755455553558 3.7579101119190517 5.4341050423681727 9.7757152337580902 9.7022199090570229 6.1166044194251281 4.5355066759511828 2.0233747363090515 12.771275807172058 10.821851696819065 13.680820733308794 13.263677729293702 59.247823137789965 4.5612798035144797
leaf_count=68 32 32 60 179 143 44 53 12 58 80 119 147 525 21
internal_value=0.00208761 0.00630466 0.0272683 -0.0139196 -0.00206657 -0.0166034 0.00934588 -0.0195966 0.0483241 0.00177884 0.0175056 -0.00454509 -0.010134 -0.00300803
internal_weight=176.426 140.118 23.9867 36.3075 26.5318 20.3543 10.6521 7.45748 16.5292 116.132 32.7984 83.3334 72.5115 18.2421
internal_count=1573 1122 162 451 272 240 97 72 90 960 208 752 672 140
cat_boundaries=0 1 2
cat_threshold=1 2
is_linear=0
shrinkage=0.05


Tree=264
num_leaves=15
num_cat=0
split_feature=27 25 24 27 2 29 2 26 26 2 2 8 18 10
split_gain=6.00118 5.12752 5.19317 4.15189 5.58858 4.97874 4.37865 6.26802 3.68883 6.5361 4.05694 3.56224 3.48183 2.98727
threshold=0.21817815839554974 152.50000000000003 1.0000000180025095e-35 0.45584415584415588 -0.93545489084327571 0.040064102564102567 -0.59176244063315286 0.037268518518518527 0.069805194805194815 -0.52766804058324157 -0.78856175031405207 7.0500000000000007 0.95000000000000018 26.050000000000004
decision_type=8 10 2 8 2 10 2 10 8 2 2 8 10 8
left_child=1 -1 -3 4 -2 6 -6 -8 9 10 11 -5 -4 -10
right_child=3 2 12 8 5 -7 7 -9 13 -11 -12 -13 -14 -15
leaf_value=-0.038576185147457205 -0.029969139160855453 -0.020445864382964821 -0.023005876253435451 0.025636107583966741 0.084849495944667133 -0.011133865760597942 0.05637847255383624 -0.0073562547359619541 0.0020406124433114329 -0.031792611665521976 0.041807910268276495 -0.039912346998684463 0.031916682310605758 0.029173662417674502
leaf_weight=15.174258140847085 3.5892140604555633 18.957310359925032 3.048834901303052 2.7769081220030785 3.9445501491427502 5.0077100135385981 7.1097421403974259 6.9674096591770649 62.353242073208094 18.643937315791845 5.6255248542875069 3.7496915087103844 10.518682617694138 11.158426718786357
leaf_count=229 28 171 33 19 36 46 60 68 440 179 44 43 90 96
internal_value=-0.000557074 -0.0155546 -0.00398371 0.00498331 0.0222214 0.0312641 0.0430112 0.0264377 0.000415035 -0.013847 0.0140094 -0.0123224 0.0188427 0.00649543
internal_weight=178.625 47.6991 32.5248 130.926 26.6186 23.0294 18.0217 14.0772 104.308 30.7961 12.1521 6.5266 13.5675 73.5117
internal_count=1582 523 294 1059 238 210 164 128 821 285 106 62 123 536
is_linear=0
shrinkage=0.05


Tree=265
num_leaves=15
num_cat=1
split_feature=6 3 4 10 32 4 2 9 9 4 25 3 2 17
split_gain=2.57575 3.30072 5.57184 4.52281 3.31309 3.12371 3.32914 3.21668 3.11558 3.00796 4.41718 2.87018 2.66755 2.97754
threshold=0 0.86869874770991873 0.22218584868000002 -13.949999999999998 0.14930555555555561 0.10889127106 -0.65234524191686594 10.250000000000002 5.0500000000000007 0.21942877338000003 33.500000000000007 -0.93845867424155849 0.85226249403558707 14.500000000000002
decision_type=9 2 2 10 8 2 2 10 8 2 8 2 2 8
left_child=9 4 -3 -4 11 6 7 8 -6 12 -11 -2 13 -1
right_child=1 2 3 -5 5 -7 -8 -9 -10 10 -12 -13 -14 -15
leaf_value=0.020915615775809731 0.012990344156713836 -0.0027494483110074887 -0.0047184848830527258 0.076202741412969802 0.019209167654818907 -0.0064458541576411085 -4.3844197272781243e-05 -0.010548739211221094 0.091562095829240742 0.034294929032297423 -0.012032777275398513 -0.019479793869301806 -0.0076391042599639721 0.072693104277329987
leaf_weight=14.698741734027868 7.188198283314704 15.326716028153898 2.4356246739625931 4.1298355460166922 3.9234994500875491 40.119786206632853 12.395724739879368 2.107739033177495 2.3719853386282921 5.8779268786311176 19.424671187996864 48.128664936870337 4.7239394634962073 2.9607503935694686
leaf_count=124 77 109 20 42 37 319 112 17 27 39 129 470 34 26
internal_value=0.000785345 -0.00278916 0.014407 0.0495273 -0.00636111 0.00169416 0.0169711 0.0394056 0.0552838 0.00958754 -0.000375914 -0.0151047 0.024485 0.0330271
internal_weight=185.814 138.128 21.8922 6.56546 116.236 60.9187 20.7989 8.40322 6.29548 47.686 25.3026 55.3169 22.3834 17.6595
internal_count=1582 1230 171 62 1059 512 193 81 64 352 168 547 184 150
cat_boundaries=0 1
cat_threshold=299
is_linear=0
shrinkage=0.05


Tree=266
num_leaves=15
num_cat=0
split_feature=2 16 33 15 29 27 14 0 3 2 19 19 20 15
split_gain=4.693 7.17784 3.51037 4.20231 3.90934 3.75673 3.15604 3.03398 2.82925 2.80266 3.08783 2.86015 2.87535 2.5078
threshold=-0.96463499255812291 28.950000000000003 0.01985060690943044 -28.449999999999996 1.0000000180025095e-35 0.027651515151515153 -11.951666666666664 53.545693500000006 -0.022575793296316496 -0.38242426011641079 50.050000000000011 38.650000000000013 17.500000000000004 -12.149999999999997
decision_type=2 8 10 8 8 10 10 2 2 2 10 8 2 10
left_child=1 7 3 4 6 13 -2 8 -1 10 -7 -11 -13 -4
right_child=2 -3 5 -5 -6 9 -8 -9 -10 11 -12 12 -14 -15
leaf_value=-0.020056335350773301 0.0013048284876134831 0.057905176855490174 0.022521439111778313 -0.011291697912752426 -0.0096652238615578309 0.060654145437274126 0.054391358533345972 -0.038310062032848334 0.041883228361247665 -0.0090175522163376941 -0.0019083510254153373 0.053037269369410611 0.00064514041116963826 -0.029726831924867581
leaf_weight=2.4907713420689115 4.8045734036713839 7.2973241619765785 2.3520895764231682 102.57687587849796 9.5462514013051969 5.4934917483478802 5.8819770142436045 3.2978549785912037 3.1668030470609638 10.980523467063906 2.7471066154539585 4.2546823397278768 5.2703079245984554 7.233115538954733
leaf_count=19 39 72 21 971 91 46 59 26 30 77 20 32 31 48
internal_value=-0.000432316 0.0243621 -0.00306793 -0.00718519 0.0131854 0.00997068 0.0326781 -0.00604133 0.0156975 0.0188734 0.0418486 0.0081237 0.0268636 -0.0159894
internal_weight=177.394 16.2528 161.141 122.81 20.2328 38.3313 10.6866 8.95543 5.65757 28.7461 8.2406 20.5055 9.52499 9.58521
internal_count=1582 147 1435 1160 189 275 98 75 49 206 66 140 63 69
is_linear=0
shrinkage=0.05


Tree=267
num_leaves=15
num_cat=0
split_feature=4 33 18 19 19 12 9 10 26 3 4 12 12 3
split_gain=8.12535 9.6414 8.45528 17.0534 6.71232 8.20904 7.66315 8.52815 7.32908 6.28723 5.82596 6.9227 7.25314 6.75252
threshold=0.03245461923500001 0.56250000000000011 16.850000000000005 34.850000000000001 14.550000000000002 6.7500000000000009 11.850000000000003 32.250000000000007 0.12517806267806272 0.98005052076767474 0.057402196030000005 -9.7499999999999982 -8.6499999999999968 -0.33426211444629356
decision_type=2 8 8 8 8 10 8 10 10 2 2 10 10 2
left_child=9 4 -3 -4 -2 8 -7 -8 10 -1 -6 -12 -13 -14
right_child=1 2 3 -5 5 6 7 -9 -10 -11 11 12 13 -15
leaf_value=-0.045030103620119832 0.028174742348065246 -0.039597275756734773 0.08396358664975892 -0.028492644179428601 0.03481037982362311 0.050661706630121976 -0.041030643232516602 0.056564141682300388 -0.044203165874054692 0.047275080326942276 -0.043384645000546722 0.064294542527409529 0.015028210943253123 -0.033588469466373574
leaf_weight=14.561387268826364 30.625543657690287 21.759798058308661 4.1029560379683945 9.0004794765263796 8.7114752847701293 12.442538896575568 5.8017950821667927 2.3564075566828251 10.620557092130182 1.2718515582382668 9.4593577142804772 3.2696736864745573 15.994320003315803 11.358681159093994
leaf_count=233 172 295 10 117 48 59 80 6 152 9 146 9 116 130
internal_value=-0.00235792 0.00143717 -0.0211276 0.0101764 0.00867298 0.000953075 0.0273968 -0.00974315 -0.00851754 -0.0352475 -1.83482e-05 -0.00825114 0.00363036 -0.00563309
internal_weight=161.337 145.504 34.8632 13.1034 110.64 80.0148 20.6007 8.1582 59.4141 15.8332 48.7935 40.082 30.6227 27.353
internal_count=1582 1340 422 127 918 746 145 86 601 242 449 401 255 246
is_linear=0
shrinkage=0.05


Tree=268
num_leaves=15
num_cat=2
split_feature=14 5 2 29 9 12 0 28 4 6 1 1 18 3
split_gain=7.66116 7.03673 4.46835 4.63602 4.74612 6.36822 5.12455 4.88956 4.83449 5.95911 5.69346 5.36026 4.02348 4.04151
threshold=-7.3276190476190468 0 0.95752911693909493 0.2951388888888889 0.35000000000000003 -4.2499999999999991 56.558040000000013 0.25166666666666671 24.109613022640001 1 -122.31451069499998 -121.01059025999999 28.700000000000006 -0.97696767110351213
decision_type=8 9 2 10 8 10 2 8 2 9 2 2 8 2
left_child=-1 -2 3 4 5 6 7 -3 9 11 -11 -6 -12 -14
right_child=1 2 -4 -5 8 -7 -8 -9 -10 10 12 -13 13 -15
leaf_value=-0.032476177458614086 -0.022719385185802549 0.022453221961122705 -0.029631154122001666 0.061418382070241639 -0.011941655837416331 0.055074462099677479 0.070301241991773636 -0.023684811022181236 0.055334096468067299 0.037187756338681703 -0.0063662212969454778 0.030462152821426832 0.021584873457453677 -0.045904200703953728
leaf_weight=14.948292984627185 11.673028027638791 10.806393722072249 6.5651583541184655 3.2649853937327853 9.8801014106720668 10.280161872506147 1.9588411655277003 10.180184311233459 3.1543142721056929 4.7751974444836369 39.447570990771055 24.588960777968168 2.0179532952606669 13.197409791871904
leaf_count=257 183 105 79 24 86 80 15 121 18 33 273 174 19 115
internal_value=0.000503229 0.00394234 0.00739471 0.0099711 0.00822384 0.0242377 0.008699 1.32365e-05 0.00255078 0.000213453 -0.00893423 0.0142859 -0.0151641 -0.0361743
internal_weight=166.739 151.79 140.117 133.552 130.287 33.2256 22.9454 20.9866 97.0615 93.9072 59.4381 34.4691 54.6629 15.2154
internal_count=1582 1325 1142 1063 1039 321 241 226 718 700 440 260 407 134
cat_boundaries=0 1 2
cat_threshold=264 197672
is_linear=0
shrinkage=0.05


Tree=269
num_leaves=15
num_cat=0
split_feature=33 0 1 22 21 25 31 10 11 15 0 11 26 28
split_gain=5.14175 6.36211 6.93205 4.22568 6.36491 8.29896 5.04478 4.81208 6.28636 5.10059 8.92359 8.55324 6.84325 4.70694
threshold=0.13412698412698415 49.268229685000001 -82.374339999999989 9.5000000000000018 1.5000000000000002 2241.5000000000005 0.089898989898989909 -14.35 -7.0857142857142845 -8.2499999999999982 49.197786235000002 13.692857142857143 0.21825396825396828 0.29583333333333339
decision_type=8 2 2 2 2 10 10 8 8 8 2 10 10 8
left_child=3 2 -2 4 5 -1 -5 -6 -9 -10 -11 -12 13 -13
right_child=1 -3 -4 6 7 -7 -8 8 9 10 11 12 -14 -15
leaf_value=-0.029855532605675389 0.061314652321385499 -0.024626853893779638 -0.012333759844305476 0.0033070263981919514 0.060821560672265323 0.028653954803608356 -0.0384436832131759 -0.040372584926886321 0.038130292536845217 -0.041598532608477339 -0.012459134636659054 0.07327115710303439 -0.01877664844618911 0.0077629890790126312
leaf_weight=17.520659239962701 4.1647091079503298 37.321085719391704 7.6968340463936311 20.091611362993721 5.0678811483085155 8.0838255584239942 10.185035157948731 4.0676991045475006 19.374021589756012 6.7253827769309273 12.391428969800474 9.5977467857301235 3.373261345550417 4.0470240861177453
leaf_count=148 42 493 100 183 20 42 93 46 115 101 100 45 26 28
internal_value=-0.00117468 -0.014633 0.0162817 0.00439243 0.00979777 -0.0110003 -0.011518 0.0180776 0.0134975 0.0180897 0.00660737 0.0186366 0.0407133 0.0556983
internal_weight=169.708 49.1826 11.8615 120.526 90.2489 25.6045 30.2766 64.6444 59.5766 55.5089 36.1348 29.4095 17.018 13.6448
internal_count=1582 635 142 947 671 190 276 481 461 415 300 199 99 73
is_linear=0
shrinkage=0.05


Tree=270
num_leaves=15
num_cat=1
split_feature=6 27 33 19 4 14 1 24 1 1 29 25 2 19
split_gain=10.197 7.67833 5.6729 5.56543 5.97815 5.32753 6.06921 4.58732 4.41779 4.23966 3.7645 4.86569 6.66598 4.47135
threshold=0 0.41468253968253976 0.10365853658536588 40.050000000000004 0.19877105474500004 0.19666666666666652 -79.579837009999991 2.5000000000000004 -97.554773499999996 -113.88444999999997 1.0000000180025095e-35 205.50000000000003 0.64579916509010216 34.400000000000013
decision_type=9 8 8 8 2 8 2 2 2 2 8 10 2 10
left_child=2 -2 10 7 9 8 -7 -3 -4 -5 11 13 -13 -1
right_child=1 3 5 4 -6 6 -8 -9 -10 -11 -12 12 -14 -15
leaf_value=-0.022281538536597131 -0.030459547913248661 -0.023358951278082324 0.077986869418308596 0.0089306486904220609 -0.011664744538136457 -0.0059379221085099285 0.044401824960722834 0.026124288594259078 0.021170341005448345 0.056786216203495492 -0.038461226137084942 -0.030685115654164891 0.034600302497527623 0.036610521380397672
leaf_weight=3.3613283112645176 31.68883160315454 26.460548980161551 6.8736877627670765 10.375604096800091 12.732707403600214 15.713002068921922 8.4813515990972537 4.7804964277893296 7.8910563662648183 8.0676639080047625 4.2163651660084716 12.220722977072002 4.6150361839681855 14.239937385544179
leaf_count=48 539 209 40 78 102 103 33 45 41 47 57 119 30 91
internal_value=0.00082768 -0.00979778 0.0132347 -0.000537978 0.0141821 0.0281293 0.0127707 -0.0152116 0.0508902 0.0317081 0.00122914 0.00703692 -0.0118525 0.0247706
internal_weight=171.718 94.1059 77.6125 62.417 31.176 38.9591 24.1944 31.241 14.7647 18.4433 38.6534 34.437 16.8358 17.6013
internal_count=1582 1020 562 481 227 217 136 254 81 125 345 288 149 139
cat_boundaries=0 1
cat_threshold=278791
is_linear=0
shrinkage=0.05


Tree=271
num_leaves=15
num_cat=2
split_feature=6 24 1 5 0 16 9 1 4 17 27 3 16 16
split_gain=7.76352 9.2497 8.99373 6.34176 10.2314 9.64139 9.5446 6.43052 6.26478 5.46737 7.69036 4.69592 8.21851 5.48805
threshold=0 34.500000000000007 -122.61013849999999 1 55.869086500000009 36.150000000000013 -8.0499999999999989 -120.71616899999998 0.0096261845900000014 10.500000000000002 0.25320512820512825 -0.98212955754013376 22.550000000000004 29.050000000000004
decision_type=9 2 2 9 2 10 10 2 2 10 8 2 10 10
left_child=3 2 -2 4 5 9 -5 8 -8 -1 -11 -9 -13 -14
right_child=1 -3 -4 6 -6 -7 7 11 -10 10 -12 12 13 -15
leaf_value=-0.036187608858617305 0.030303135291444197 0.048485529028966405 -0.038450056233490203 -0.021229537317461016 0.024856764157656835 0.054114010731547008 0.060771646265075252 0.08240039491930122 -0.019490067459159939 -0.043749674241019304 0.017695268978015304 0.057807165904058405 -0.027549144651915897 0.025260933480907351
leaf_weight=26.582103395834565 4.8858017940074197 3.5534290522336951 28.863851010799408 10.594931572675703 21.914913006126881 3.6616366915404788 2.0980104357004157 4.6655453108251086 10.314410798251627 6.5372152365744141 14.711688870564101 15.224817013368009 5.9927253741771009 16.016231417655945
leaf_count=296 46 18 454 109 107 11 7 18 108 53 112 75 68 100
internal_value=0.00218785 -0.015509 -0.0279113 0.00760507 -0.00270128 -0.0151945 0.0179636 0.0291025 -0.0024043 -0.0214998 -0.00232498 0.0382746 0.0307349 0.0103091
internal_weight=175.617 37.3031 33.7497 138.314 73.4076 51.4926 64.9067 54.3117 12.4124 47.831 21.2489 41.8993 37.2338 22.009
internal_count=1582 518 500 1064 579 472 485 376 115 461 165 261 243 168
cat_boundaries=0 1 2
cat_threshold=117320 5
is_linear=0
shrinkage=0.05


Tree=272
num_leaves=15
num_cat=0
split_feature=31 28 19 8 17 16 10 8 8 27 12 3 19 27
split_gain=7.36761 5.22384 4.87622 6.57598 6.44829 4.81522 4.80128 3.48222 8.33854 4.11747 3.37872 4.78221 3.85644 3.24525
threshold=0.091089466089466109 0.58712121212121227 220.20000000000002 -7.0499999999999989 12.500000000000002 5.7500000000000009 -9.1999999999999975 1.8500000000000003 2.9500000000000006 0.16121031746031747 -9.5499999999999989 0.68274389090025245 27.550000000000004 0.3598710317460318
decision_type=10 10 8 10 10 8 10 10 10 8 8 2 8 8
left_child=1 2 3 4 5 6 -1 10 -9 -10 11 12 -5 -11
right_child=-2 -3 -4 7 -6 -7 -8 8 9 13 -12 -13 -14 -15
leaf_value=-0.031812593252354214 -0.026932040845628804 -0.040142585921677687 -0.033495249205197634 0.047345876608677978 -0.012848100395961144 0.057474814130754052 0.035715300297885881 0.066347036501658282 -0.017928286236563711 0.034426714485054279 -0.039501388895761651 -0.022809666359116298 -0.013908870752744058 0.0042846899379514634
leaf_weight=3.3351821564137936 20.014591306447983 5.28376630693674 6.3247224465012541 5.4874929636716852 6.8222939483821383 14.602969314903024 5.844692949205637 4.6647389307618132 16.685325112193823 9.7440449558198434 7.2327373111620572 10.906811233609913 3.6492040883749732 55.314077783375978
leaf_count=26 225 86 92 28 67 102 33 27 170 86 75 83 23 419
internal_value=0.0008756 0.00459452 0.00641837 0.00838643 0.0285657 0.0404846 0.0104664 0.00275223 0.00766452 0.0035544 -0.0125301 -0.00138283 0.0239221 0.00925201
internal_weight=175.913 155.898 150.614 144.29 30.6051 23.7828 9.17988 113.684 86.4082 81.7434 27.2762 20.0435 9.1367 65.0581
internal_count=1542 1317 1231 1139 228 161 59 911 702 675 209 134 51 505
is_linear=0
shrinkage=0.05


Tree=273
num_leaves=15
num_cat=1
split_feature=6 19 19 0 0 19 1 20 8 8 32 0 8 15
split_gain=4.26989 2.44289 3.09727 2.39468 3.15763 2.88417 4.06473 3.04796 1.97308 2.37466 2.91981 2.37148 2.23772 4.79313
threshold=0 7.5500000000000016 9.4500000000000011 55.869086500000009 51.868546050000013 29.950000000000003 -120.66916915499998 49.500000000000007 -6.0499999999999989 -11.049999999999999 0.14354395604395606 51.676351000000004 11.65 0.55000000000000016
decision_type=9 8 8 2 2 10 2 2 10 10 8 2 8 10
left_child=3 -2 -3 4 -1 7 -7 -6 9 -4 -11 -10 -13 -14
right_child=1 2 8 -5 5 6 -8 -9 11 10 -12 12 13 -15
leaf_value=0.0058716785279538325 -0.024949368194058824 0.050062106702887924 -0.00044290118074749043 -0.0048724529500300861 0.059646165624776176 -0.014168479105176832 0.042322452369505312 0.009525639691310454 -0.00083168812190854513 -0.0054839625681290015 0.061380142824436427 -0.032961550616147438 0.044828203054725423 -0.024045880542861813
leaf_weight=34.493731334805489 12.469940792769192 1.7644848935306061 23.162626866251234 17.20239544287324 8.9856707267463225 7.0043874680995941 4.3554046601057035 4.9856824688613406 37.733103102073073 2.5634909048676482 2.8686118014156818 13.887194192036985 2.7517719287425297 6.7374313175678253
leaf_count=260 95 20 168 130 76 48 36 35 408 18 26 126 34 62
internal_value=0.00194729 -0.00462199 -0.00211076 0.0100604 0.0160177 0.029086 0.00916228 0.0435915 -0.00367761 0.00700166 0.0338791 -0.00870699 -0.0208633 -0.00170348
internal_weight=180.966 103.939 91.4687 77.0273 59.8249 25.3311 11.3598 13.9714 89.7042 28.5947 5.4321 61.1095 23.3764 9.4892
internal_count=1542 957 862 585 455 195 84 111 842 212 44 630 222 96
cat_boundaries=0 1
cat_threshold=262506
is_linear=0
shrinkage=0.05


Tree=274
num_leaves=15
num_cat=1
split_feature=6 16 13 18 18 0 9 33 0 15 0 1 0 17
split_gain=7.42223 4.87367 4.76383 4.20279 3.52461 2.84342 4.83454 3.13934 4.59187 3.34959 3.02086 2.98145 3.39137 2.83852
threshold=0 34.350000000000001 24.550000000000004 11.250000000000002 5.6500000000000012 49.828075000000005 -8.0499999999999989 0.090097402597402607 51.591297850000011 -1.7499999999999998 53.357140000000008 -122.04044549999999 44.464736500000008 14.500000000000002
decision_type=9 8 10 10 8 2 10 10 2 8 2 2 2 10
left_child=1 5 3 4 -2 11 -7 8 -8 10 -10 -1 -13 -14
right_child=2 -3 -4 -5 -6 6 7 -9 9 -11 -12 12 13 -15
leaf_value=0.0014952853681892166 -0.0082477388653964517 -0.027488966777605678 -0.031227178013925973 -0.026230976828369224 0.017368495718362808 -0.02554497968723983 -0.028107333337078339 0.043329538180974556 0.064316899035777877 -0.0086465783278718324 0.0074897261464494935 0.0025704273546574264 0.050997652968331635 -0.0028207818299345764
leaf_weight=10.581475332379339 32.484855445101857 6.7232442721724501 21.67678402364254 16.288286846131086 21.436629686504602 9.0636477023363096 6.3311468400061193 6.2214233689010134 4.1485965587198717 5.9482798874378195 4.8358135297894478 6.9729742333292988 16.205567896366123 2.7384895831346503
leaf_count=58 320 42 251 199 219 61 42 42 33 47 36 48 124 20
internal_value=-0.00110717 0.00944075 -0.010187 -0.00477424 0.00206688 0.01444 0.00438196 0.0148011 0.00488292 0.0197563 0.0375436 0.0241266 0.0329677 0.0434665
internal_weight=171.657 79.7707 91.8866 70.2098 53.9215 73.0474 36.5489 27.4853 21.2638 14.9327 8.98441 36.4985 25.917 18.9441
internal_count=1542 553 989 738 539 511 261 200 158 116 69 250 192 144
cat_boundaries=0 1
cat_threshold=200777
is_linear=0
shrinkage=0.05


Tree=275
num_leaves=15
num_cat=0
split_feature=1 9 15 17 1 4 9 20 2 2 1 4 32 3
split_gain=5.11063 5.48465 8.34683 6.60524 6.43924 13.6392 6.72668 5.85624 5.52049 6.14021 7.08548 6.08377 4.08852 7.62516
threshold=-78.824038499999986 5.7500000000000009 -11.949999999999998 7.5000000000000009 -114.42124099999999 0.190016059855 8.7500000000000018 53.500000000000007 0.98802474685579866 0.95752911693909493 -116.57997849999998 0.35294059214000006 0.017399993778773177 -0.5129677127369543
decision_type=2 8 10 10 2 2 8 2 2 2 2 2 8 2
left_child=1 2 3 7 12 -6 -7 -1 9 10 -5 -12 -3 -14
right_child=-2 4 -4 8 5 6 -8 -9 -10 -11 11 -13 13 -15
leaf_value=-0.041803718027226003 -0.030349201263333972 0.043376026158841854 -0.021638063199868229 -0.025143830065206613 -0.044521001343927689 0.055507680023287757 -0.014430401129464877 0.050387644230801158 -0.038017395174852059 0.062389634381036202 0.039629523951153711 -0.034318571269588136 -0.020546157651236796 0.035516722613923704
leaf_weight=8.1671571461483818 10.687839625403283 18.534115755930543 37.702708398923278 7.8588825874030546 11.027645604684951 7.6444267369806749 5.1441581454128027 1.2325420901179303 2.9797622561454764 7.4107108414173117 16.660753104835759 2.5059903524816027 9.8382196258753556 12.981853093951939
leaf_count=140 182 101 376 113 145 26 57 9 31 22 121 44 96 79
internal_value=0.00151366 0.00397498 -0.00441915 0.00961048 0.0147635 -0.00581528 0.0283691 -0.0260324 0.0190093 0.0248773 0.0127319 0.0287387 0.0264724 0.011499
internal_weight=160.377 149.689 84.5185 46.8158 65.1704 23.8162 12.7886 9.3997 37.4161 34.4363 27.0256 19.1667 41.3542 22.8201
internal_count=1542 1360 856 480 504 228 83 149 331 300 278 165 276 175
is_linear=0
shrinkage=0.05


Tree=276
num_leaves=15
num_cat=1
split_feature=24 9 5 33 14 2 3 9 0 19 3 8 28 1
split_gain=7.70883 7.26916 4.84448 5.11046 6.31784 5.12883 5.78205 6.18345 6.27935 4.60239 4.60051 6.32405 4.41658 4.29775
threshold=2.5000000000000004 -9.0499999999999989 0 0.41428571428571431 19.831666666666667 -0.48314718476766422 -0.31800055644052067 1.0000000180025095e-35 44.717211785000011 74.15000000000002 -0.75581183015052977 5.9500000000000011 0.33583959899749377 -89.385641499999977
decision_type=2 8 9 10 10 2 2 10 2 10 2 8 8 2
left_child=1 -1 3 4 5 10 7 12 -9 -10 -3 -12 -7 -13
right_child=-2 2 -4 -5 -6 6 -8 8 9 -11 11 13 -14 -15
leaf_value=-0.030151934403663302 -0.034572547183210296 0.066024198702237455 -0.015610384089813504 0.05536718710884523 -0.038146978921086469 0.081623444434168149 -0.023722532245614995 0.046932189681889613 -0.023893070848812689 0.016652110462045008 0.04137570141434313 -0.0066270594549030729 0.00032812525073989165 0.03912301903781068
leaf_weight=14.936055065132676 15.20021992921829 4.3585217148065558 14.338637473061679 4.8276147730648509 6.2428263593465081 3.6170274056494156 17.043538719415679 5.1560239419341078 17.44057674147189 10.39674943871796 15.163721131160848 24.843597142025828 2.6307258903980255 5.4103361815214184
leaf_count=219 361 23 169 29 43 22 169 24 114 61 96 153 27 32
internal_value=-0.00184223 0.00176739 0.00559393 0.00887038 0.00718348 0.0101831 -0.000207661 0.0103412 0.00112062 -0.00869783 0.0217051 0.0161212 0.0521609 0.00254447
internal_weight=161.606 146.406 131.47 117.131 112.304 106.061 56.2846 39.2411 32.9934 27.8373 49.7762 45.4177 6.24775 30.2539
internal_count=1542 1181 962 793 764 721 417 248 199 175 304 281 49 185
cat_boundaries=0 1
cat_threshold=195
is_linear=0
shrinkage=0.05


Tree=277
num_leaves=15
num_cat=1
split_feature=6 0 22 25 14 25 9 17 16 12 12 27 19 9
split_gain=6.5383 7.69151 7.6925 7.41614 7.2202 6.86853 5.32929 5.3075 7.552 3.95863 8.4541 6.18916 5.73512 3.74618
threshold=0 53.805400500000012 4.5000000000000009 58.500000000000007 -7.5649999999999986 319.50000000000006 9.0500000000000025 3.5000000000000004 9.5500000000000025 -5.3499999999999988 -2.9499999999999997 0.85416666666666685 4.4500000000000011 7.3500000000000005
decision_type=9 2 2 8 10 8 10 10 10 10 10 10 8 10
left_child=9 3 -3 -2 -5 -6 7 -4 -9 11 -11 -1 -12 -7
right_child=1 2 6 4 5 13 -8 8 -10 10 12 -13 -14 -15
leaf_value=-0.039611660271722998 0.056558511631403775 -0.024274085828742426 0.044330789393456922 0.056379806394459622 -0.043207861894555555 -0.0020809838518210744 -0.03871599105008694 0.032738389399737243 -0.041781376679081737 0.04616021000649638 0.053792657368937236 0.032277438945844728 -0.019560681381734391 0.040119345624382553
leaf_weight=21.381927683949474 10.517221139743922 27.256763499230146 11.498045163229113 5.7319999597966662 6.3567196913063553 15.328386105597021 3.3626411892473689 6.2522359006106836 5.4036472700536251 5.7809602860361329 1.920140966773032 2.6907414048910132 35.270150724798441 6.9336369335651389
leaf_count=282 43 296 54 31 63 125 24 34 56 56 7 17 413 41
internal_value=-0.00204177 0.00607893 -0.00604107 0.0217448 0.00978746 -0.00113289 0.012902 0.0216909 -0.00238045 -0.0129009 -0.00544392 -0.0306093 -0.0144641 0.0122222
internal_weight=165.685 98.6413 53.7733 44.868 34.3507 28.6187 26.5166 23.1539 11.6559 67.0439 42.9713 24.0727 37.1903 22.262
internal_count=1542 767 464 303 260 229 168 144 90 775 476 299 420 166
cat_boundaries=0 1
cat_threshold=213321
is_linear=0
shrinkage=0.05


Tree=278
num_leaves=15
num_cat=1
split_feature=6 0 1 18 9 0 3 10 26 0 0 3 3 27
split_gain=9.25534 4.87219 7.29814 7.3214 4.83487 4.02238 6.3764 7.31372 4.2679 5.76915 7.20961 4.11656 3.13929 3.05461
threshold=0 49.991552000000006 -77.96826999999999 33.650000000000006 -9.9499999999999975 54.04207000000001 -0.50557503990954278 12.550000000000002 0.11287262872628727 56.143935000000006 55.569158000000009 -0.98801846520836312 0.48126256173783166 0.62361111111111123
decision_type=9 2 2 10 8 2 2 10 8 2 2 2 2 8
left_child=1 2 3 4 -1 -2 11 8 13 10 -10 -7 -4 -8
right_child=5 -3 12 -5 -6 6 7 -9 9 -11 -12 -13 -14 -15
leaf_value=0.023272948132410654 -0.016808507744033467 0.052312255795888385 0.040954368056554009 0.057927109960484648 -0.033028793772143399 0.020161319291680101 -0.040840303181781917 0.057699389778731507 0.00054119291425141808 -0.014452161960700186 0.08186786677031993 -0.037410452623594014 -0.0042838919785050883 0.014535272886560969
leaf_weight=4.207078417763114 66.698647550307214 7.844187192618846 16.62800353392959 2.5311805717647067 15.128560898825532 3.3932409528642884 6.5834511592984208 6.4838684219866982 5.6494731474667805 8.0839774310588819 4.2888367809355259 11.787681117653845 4.674291104078292 3.0842042565345773
leaf_count=31 784 40 64 14 110 26 98 41 43 74 24 126 33 34
internal_value=-0.000521452 0.0153729 0.0111088 -0.00905118 -0.0202365 -0.00819311 0.00192536 0.013839 0.00191551 0.0160497 0.0399133 -0.0240913 0.0312809 -0.0234677
internal_weight=167.067 51.0133 43.1691 21.8668 19.3356 116.053 49.3547 34.1738 27.6899 18.0223 9.93831 15.1809 21.3023 9.66766
internal_count=1542 292 252 155 141 1250 466 314 273 141 67 152 97 132
cat_boundaries=0 1
cat_threshold=24834
is_linear=0
shrinkage=0.05


Tree=279
num_leaves=15
num_cat=2
split_feature=6 1 5 1 33 4 16 9 9 27 12 16 4 28
split_gain=5.69875 6.77261 4.82728 8.2338 7.64227 7.8029 6.57957 6.93437 8.84346 6.83185 6.75251 6.20598 5.68876 5.04695
threshold=0 -122.61013849999999 1 -120.71616899999998 0.062916666666666676 0.17324844380500001 34.850000000000001 5.1500000000000012 3.2500000000000004 0.11437908496732027 -7.1499999999999995 33.050000000000004 0.30774732178000003 0.50219298245614052
decision_type=9 2 9 2 8 2 10 10 10 10 10 8 2 8
left_child=2 -2 6 -4 11 -6 7 8 9 12 -11 -5 -1 -14
right_child=1 -3 3 4 5 -7 -8 -9 -10 10 -12 -13 13 -15
leaf_value=-0.029795387917243028 0.034799142351762263 -0.026386766895997529 -0.011361388134581686 0.068307125375690989 -0.022833138336061164 0.048176030763949149 0.050271350664466211 -0.03087446235075135 0.054739456751104545 0.030269909857836848 -0.027304335891996309 -0.011787884080136302 -0.036002409455255534 0.037010134207185456
leaf_weight=25.094731101766229 4.3711633868515483 31.461611151695251 12.993763502687214 14.65947679616511 8.4270824547857028 5.5861691366881123 4.7510076686739913 18.854337934404612 6.3056486397981635 18.995638638734821 5.9673075154423705 2.5434993989765671 2.5393435209989521 6.5048147849738607
leaf_count=226 39 483 122 66 68 32 15 194 36 116 52 18 26 49
internal_value=0.00097131 -0.0142986 0.00578842 0.0175863 0.0350733 0.00679704 -0.00136101 -0.00498734 0.00282743 -0.00352976 0.0159854 0.0564679 -0.0178484 0.0149668
internal_weight=169.056 35.8328 133.223 44.21 31.2162 14.0133 89.0128 84.2618 65.4075 59.1018 24.9629 17.203 34.1389 9.04416
internal_count=1542 522 1020 306 184 100 714 699 505 469 168 84 301 75
cat_boundaries=0 1 2
cat_threshold=117320 69
is_linear=0
shrinkage=0.05


Tree=280
num_leaves=15
num_cat=0
split_feature=27 4 25 4 29 24 33 27 11 10 16 4 19 3
split_gain=5.32453 5.1906 5.01728 4.91465 4.85676 5.11874 6.26441 5.82602 5.75396 4.59949 7.64338 6.55273 5.87192 5.32794
threshold=0.13782051282051286 0.58221810135500018 197.50000000000003 0.47112331456000006 0.026709401709401712 7.5000000000000009 0.018532818532818535 0.33454106280193241 -13.957142857142854 8.0500000000000025 27.250000000000004 0.01766809142 18.450000000000003 0.83730377313544024
decision_type=8 2 10 2 10 2 8 10 8 10 10 2 8 2
left_child=2 3 -1 4 5 7 -7 8 -2 12 -11 -12 -10 -14
right_child=1 -3 -4 -5 -6 6 -8 -9 9 10 11 -13 13 -15
leaf_value=-0.041409467672286412 -0.043558290478815848 -0.018798019394511645 -0.0037511744682236121 0.044349059144591654 -0.029515977739681794 0.061219545276533505 -0.02144948743521315 -0.017169866289920836 0.063398110942984309 -0.022558048486535195 0.083467545689610137 0.0092521207406036678 0.026871278169665239 -0.031878051853834938
leaf_weight=12.972391139715908 3.5036996528506279 20.937042987905443 24.721081785857677 7.5081796552985898 8.4665901195257884 7.4841302856802914 2.5595575515180835 23.122755758464336 8.0937164574861544 15.480232842266558 2.7151730433106449 16.610463945195079 15.909439159557225 4.0905830822885028
leaf_count=191 23 233 218 59 85 51 42 215 49 99 14 120 101 38
internal_value=-0.00106724 0.00355044 -0.0174467 0.00772661 0.00479807 0.00798033 0.0401174 0.00397162 0.011479 0.0151784 0.00282827 0.0232726 0.0298561 0.0139095
internal_weight=174.175 136.482 37.6935 115.545 108.036 99.5698 10.0437 89.5261 66.4033 62.8996 34.8059 19.3256 28.0937 20
internal_count=1538 1129 409 896 837 752 93 659 444 421 233 134 188 139
is_linear=0
shrinkage=0.05


Tree=281
num_leaves=15
num_cat=2
split_feature=6 9 5 9 27 13 8 12 4 20 4 2 16 12
split_gain=3.55886 5.54252 2.84534 2.25253 3.6696 4.57423 2.19095 2.63057 4.06553 2.72304 1.89942 3.78375 3.62609 2.70954
threshold=0 -9.0499999999999989 1 12.550000000000002 0.15192307692307697 25.550000000000004 12.050000000000002 -8.4499999999999975 0.23979874692000003 25.500000000000004 0.077786907550000006 0.52766072109828632 8.0500000000000025 -14.949999999999998
decision_type=9 10 9 10 10 8 10 8 2 2 2 2 8 8
left_child=2 10 3 4 5 -1 7 9 -9 -6 12 13 -2 -12
right_child=1 -3 -4 -5 6 -7 -8 8 -10 -11 11 -13 -14 -15
leaf_value=0.050059516187581726 0.033506644299215668 -0.014853489447657839 -0.0016016875592146482 0.059626624934672912 -0.0282550623971571 -0.0054114662920615557 -0.028288408214234152 0.065316541299544145 -0.0036215526402457177 0.023475447821200018 0.014183516643840766 -0.0071496712432383208 -0.021303705832375328 0.063767520646587958
leaf_weight=10.84172076359391 3.3685497082769889 64.930128639563918 46.501831740140915 2.4319332763552657 5.511283513158558 5.1530136428773394 3.8975252136588088 3.1098499223589959 4.2530032247304916 3.2437661811709404 7.1512039639055729 7.5879863686859599 8.8316737636923772 4.4434709846973437
leaf_count=84 32 647 359 21 37 34 31 31 32 20 53 62 56 39
internal_value=0.000315544 -0.00597355 0.00728082 0.0159914 0.0158339 0.0329216 0.001262 0.00964281 0.0298244 -0.00864705 0.0104454 0.0198848 -0.00477838 0.0367401
internal_weight=181.257 96.313 84.9439 38.4421 36.0102 15.9947 20.0154 16.1179 7.36285 8.75505 31.3829 19.1827 12.2002 11.5947
internal_count=1538 889 649 290 269 118 151 120 63 57 242 154 88 92
cat_boundaries=0 1 2
cat_threshold=266539 265
is_linear=0
shrinkage=0.05


Tree=282
num_leaves=15
num_cat=1
split_feature=6 0 25 4 25 25 12 16 4 25 18 22 29 25
split_gain=5.32798 2.73966 3.18347 2.79144 2.70929 2.87132 2.63189 2.60451 2.55442 2.80624 6.41337 3.90639 3.69018 4.49492
threshold=0 56.222047000000011 136.00000000000003 0.089757852930000007 327.50000000000006 569.50000000000011 5.4500000000000011 34.350000000000001 0.0067790493500000009 161.50000000000003 11.250000000000002 6.5000000000000009 0.20449494949494951 82.500000000000014
decision_type=9 2 8 2 8 8 10 8 2 8 8 2 8 8
left_child=7 3 -3 4 -2 -6 -7 8 -1 10 12 -11 13 -10
right_child=1 2 -4 -5 5 6 -8 -9 9 11 -12 -13 -14 -15
leaf_value=-0.027067182076807708 -0.020656014201177381 0.047878766063170305 -0.0077342175449920105 -0.024487116098681011 0.059995360333325046 -0.011003501861903929 0.046630581020462129 -0.017779926250013442 0.028004848382900478 0.010336549506136654 -0.0021712444192074571 -0.023006260382231164 -0.014055264315943434 0.083406736414316993
leaf_weight=3.8030522353947154 9.4013129044324177 2.7911871448159191 7.3371661566197881 39.165271041914821 1.6591771934181423 8.3541824072599393 1.5137497689574964 9.3192732110619527 19.379382941871889 30.415564302355051 20.6906398832798 11.195907536894081 2.978174213320016 4.2697458341717711
leaf_count=21 87 26 66 429 30 98 27 65 152 244 151 78 29 35
internal_value=-0.00155597 -0.0111733 0.0105169 -0.0167702 -0.00187075 0.0138761 0.00131477 0.00564263 0.00876308 0.0105793 0.0187765 0.00103602 0.0345433 0.0409854
internal_weight=172.274 70.222 10.1284 60.0937 20.9284 11.5271 9.86793 102.052 92.7325 88.9294 47.3179 41.6115 26.6273 23.6491
internal_count=1538 763 92 671 242 155 125 775 710 689 367 322 216 187
cat_boundaries=0 1
cat_threshold=458825
is_linear=0
shrinkage=0.05


Tree=283
num_leaves=15
num_cat=1
split_feature=14 14 1 30 13 13 27 2 13 26 1 7 2 16
split_gain=9.50057 11.4943 10.6441 5.88058 6.86525 8.09862 8.27786 7.71924 7.76748 6.9804 6.74277 5.79383 5.36973 4.93618
threshold=15.658333333333335 14.410000000000002 -122.42507654999999 0.12828947368421054 2.1000000000000005 3.2500000000000004 0.017700501253132835 -0.95500086777008153 21.550000000000004 0.0093445980542754738 -72.601499499999989 0 -0.91597725483594616 26.550000000000004
decision_type=10 10 2 10 8 8 10 2 8 10 2 1 2 8
left_child=1 3 -2 4 -1 -6 10 -8 9 11 12 -9 13 -7
right_child=2 -3 -4 -5 5 6 7 8 -10 -11 -12 -13 -14 -15
leaf_value=-0.04098023147213721 0.03788281347169925 0.04494981914843544 -0.040737792157125197 -0.03406050349902813 0.060201704286372205 0.03639188462398564 -0.040789815710674082 0.046329652460214518 0.043762935372674665 -0.030103670860887145 0.050158114400872617 -0.010599146560246402 -0.031283942535343411 -0.035950116421194854
leaf_weight=7.2305582128465211 4.4097613040357855 14.491939113475381 23.204128718934953 11.012921532616017 5.5703102927654982 5.9323673658072931 4.5434700492769471 9.3018282847478986 20.990857008844614 9.1011228729039413 2.7381070191040626 7.3471970539540097 27.386013023555279 2.6380100660026073
leaf_count=158 24 69 296 138 33 27 48 50 102 114 29 79 334 37
internal_value=-0.00123443 0.00454351 -0.0272974 -0.000949137 0.00289278 0.00660287 0.0026595 0.0157024 0.0219331 0.00316731 -0.0145873 0.0220299 -0.0207415 0.0126949
internal_weight=155.899 128.285 27.6139 113.793 102.78 95.5493 89.979 51.2845 46.741 25.7501 38.6945 16.649 35.9564 8.57038
internal_count=1538 1218 320 1149 1011 853 820 393 345 243 427 129 398 64
cat_boundaries=0 1
cat_threshold=2
is_linear=0
shrinkage=0.05


Tree=284
num_leaves=15
num_cat=1
split_feature=25 6 1 16 17 25 18 1 19 4 20 2 22 21
split_gain=6.33822 4.57768 6.5259 7.10208 5.56975 5.20257 5.57849 4.54278 3.20842 3.14227 3.40707 3.92502 5.28437 3.88303
threshold=703.50000000000011 0 -115.20902329999998 30.250000000000004 1.0000000180025095e-35 58.500000000000007 7.9500000000000011 -79.469752564999979 10.350000000000003 0.018794794090000004 12.500000000000002 0.048362692321690152 1.5000000000000002 12.500000000000002
decision_type=10 9 2 10 10 10 8 2 8 2 2 2 2 2
left_child=1 7 3 4 -3 -6 -7 8 -1 -10 11 12 -11 -12
right_child=-2 2 -4 -5 5 6 -8 -9 9 10 13 -13 -14 -15
leaf_value=-0.039280788674228649 0.015830048156130622 -0.039611573906467031 -0.028020771659061156 0.06166755308885901 -0.035018577753568633 0.00043832325331977126 0.081093928782705202 0.034918564965587963 -0.038254837417009649 -0.0064994722821723264 -0.033460457874549571 -0.0074507146948623497 0.051330314464192964 0.020598683291103124
leaf_weight=4.0561998691409817 42.285365859046578 7.1190089937299552 41.335153950378299 3.5296403877437106 2.915779108181594 5.0535192955285311 2.7374056521803141 9.4136597942560893 3.2127618417143813 5.7153324913233581 7.8290725573897344 9.6838021595031005 10.461845794692634 4.4808904612436891
leaf_count=51 284 59 569 19 37 44 20 64 33 52 126 84 60 36
internal_value=-0.000548988 -0.00652502 -0.0143835 0.00565119 -0.00812705 0.0144028 0.0347784 0.00434944 -0.00166244 0.00286449 0.00721367 0.0173148 0.0317103 -0.0137135
internal_weight=159.829 117.544 62.6905 21.3554 17.8257 10.7067 7.79092 54.8536 45.4399 41.3837 38.1709 25.861 16.1772 12.31
internal_count=1538 1254 748 179 160 101 64 506 442 391 358 196 112 162
cat_boundaries=0 1
cat_threshold=463904
is_linear=0
shrinkage=0.05


Tree=285
num_leaves=15
num_cat=0
split_feature=28 10 21 1 4 12 32 28 15 1 19 27 11 4
split_gain=5.84691 7.59011 11.4778 5.93331 5.9419 5.46953 5.1686 5.09568 6.89795 6.36393 4.74327 6.85746 4.32049 4.29239
threshold=0.034523809523809533 24.150000000000002 3.5000000000000004 -116.03881999999999 0.19484184264000004 4.0500000000000007 0.34259259259259262 0.3861852433281005 -6.4499999999999993 -121.25457754999998 79.450000000000031 0.33454106280193241 -17.771428571428569 0.13999746461000004
decision_type=8 10 2 2 2 8 8 10 10 2 10 8 8 2
left_child=1 2 3 4 -1 -3 -4 10 -9 -10 12 -12 -2 -13
right_child=7 5 6 -5 -6 -7 -8 8 9 -11 11 13 -14 -15
leaf_value=-0.020429859451248727 0.032366422081401745 0.076679772396112234 0.054290160299726803 -0.032173920177673558 0.034790628888330385 0.012586152098021728 -0.0066035452658995261 0.028166419357826874 0.030171885100239368 -0.043209026546950795 -0.040000559754977218 -0.01570942304636062 -0.024227185710282303 0.045172129836038556
leaf_weight=8.6675105430185777 2.7523261997848749 5.939413119107483 11.290534488856789 17.741273908875886 8.8992369510233384 7.314714914187789 4.5848920252174148 18.947905186563734 3.5985382720828074 7.7955546136945451 4.216092117130759 3.5231665186583987 52.436101835221052 8.7456359323114139
leaf_count=61 26 20 61 210 48 52 40 115 28 88 54 35 632 68
internal_value=0.000710552 0.0123943 0.00333994 -0.0125616 0.00791171 0.0446722 0.0373546 -0.00671811 0.0102278 -0.019469 -0.013934 0.00918096 -0.020879 0.0278228
internal_weight=166.453 64.4376 51.1834 35.308 17.5667 13.2541 15.8754 102.015 30.342 11.3941 71.6733 16.4849 55.1884 12.2688
internal_count=1538 492 420 319 109 72 101 1046 231 116 815 157 658 103
is_linear=0
shrinkage=0.05


Tree=286
num_leaves=15
num_cat=1
split_feature=6 18 4 8 13 4 19 32 21 2 19 20 10 15
split_gain=6.83057 5.7548 4.56708 4.82282 7.42029 4.78588 6.5706 4.01976 3.90788 7.02101 5.72371 4.47146 4.00225 5.08055
threshold=0 15.500000000000002 0.025947092570000004 6.3500000000000005 15.050000000000002 1.0089775083100001 5.9500000000000011 0.023941798941798941 3.5000000000000004 0.87397152483179585 24.950000000000003 17.500000000000004 -6.2499999999999991 -18.899999999999995
decision_type=9 10 2 8 10 2 8 8 2 2 10 2 8 8
left_child=1 -1 3 4 -2 6 -4 -3 9 12 -11 -10 -8 -14
right_child=2 7 5 -5 -6 -7 8 -9 11 10 -12 -13 13 -15
leaf_value=-0.036459538348170437 -0.028288986805113506 -0.033462162915445036 -0.028640669176092638 -0.043132834428477485 0.065922269933212443 -0.010399927545482966 -0.02152338064078696 0.031156803386035464 -0.024623088840865212 0.10054802950188489 0.020277446414783136 0.021785213251290347 0.053100267791260564 0.013929679909536696
leaf_weight=20.494724765419964 4.1283383071422559 2.6601826045662138 7.198708936572074 7.8675992470234632 2.5668682213872671 22.638472875580192 5.3366892449557781 6.2317834235727796 9.5835551433265227 4.0857868716120702 5.0879045035690069 9.1920131631195527 9.2827801648527366 49.973790930584073
leaf_count=344 46 65 61 78 11 176 54 70 113 23 29 87 57 324
internal_value=0.00156579 -0.0168582 0.00637308 -0.0187899 0.0117035 0.010012 0.0147021 0.0103965 0.0183438 0.0234662 0.0623975 -0.00195012 0.01707 0.0208453
internal_weight=166.329 29.3867 136.943 14.5628 6.69521 122.38 99.7412 8.89197 92.5425 73.767 9.17369 18.7756 64.5933 59.2566
internal_count=1538 479 1059 135 57 924 748 135 687 487 52 200 435 381
cat_boundaries=0 1
cat_threshold=229384
is_linear=0
shrinkage=0.05


Tree=287
num_leaves=15
num_cat=1
split_feature=6 26 18 9 8 19 15 15 15 16 18 19 12 19
split_gain=8.89963 6.88246 6.76029 8.92122 8.94424 5.46852 3.84146 10.4599 9.40456 6.15912 4.97357 5.63685 6.55832 6.32366
threshold=0 0.28831168831168835 2.1500000000000008 2.8500000000000001 15.65 18.750000000000004 1.0500000000000003 4.0500000000000007 -4.0499999999999989 30.650000000000002 30.550000000000004 22.550000000000004 -17.449999999999996 16.450000000000006
decision_type=9 8 10 8 8 10 8 8 10 8 8 10 10 8
left_child=6 -2 3 -3 -5 -4 8 -8 10 -9 11 13 -13 -1
right_child=1 2 5 4 -6 -7 7 9 -10 -11 -12 12 -14 -15
leaf_value=0.012068999351210665 -0.02858061180951902 -0.019924261859589093 0.041009610587901806 0.11726383231998537 0.0063369860005376491 -0.041739678499486108 0.051278297340692884 -0.040934845558714801 -0.036155555604795414 0.014300368884510611 -0.038446231580841581 -0.0059842462689419854 0.048089184188226247 -0.042967975917705507
leaf_weight=22.626356923952702 35.300136848352849 4.4060484729707259 1.759402584284542 3.0095107592642307 3.5452753864228725 7.242237264290452 16.956937495619059 5.5127219557762146 11.704321892932056 21.447782739996914 3.7055270057171574 7.7267218995839384 17.654217798262835 5.6989763509482136
leaf_count=139 485 61 16 10 37 130 82 60 132 123 49 62 96 56
internal_value=0.00177227 -0.0132365 0.00765158 0.032712 0.0660474 -0.0230828 0.00949035 0.0217113 0.0028796 0.00194611 0.0113203 0.015394 0.0320248 -9.1899e-05
internal_weight=168.296 55.2626 19.9625 10.9608 6.55479 9.00164 113.034 43.9174 69.1161 26.9605 57.4118 53.7063 25.3809 28.3253
internal_count=1538 739 254 108 47 146 799 265 534 183 402 353 158 195
cat_boundaries=0 1
cat_threshold=84544
is_linear=0
shrinkage=0.05


Tree=288
num_leaves=15
num_cat=1
split_feature=3 6 25 18 3 3 27 24 14 17 27 9 30 8
split_gain=6.08879 6.20881 4.58406 4.59755 4.52326 6.6923 5.66152 3.90782 3.83996 3.77989 8.25494 3.31808 3.53371 2.87694
threshold=0.99138911339924218 0 79.500000000000014 0.15000000000000005 -0.61915584096709908 -0.099822328936730861 0.19946236559139788 1.0000000180025095e-35 16.061666666666671 17.500000000000004 0.24985224586288418 0.90000000000000013 0.11237373737373739 0.55000000000000016
decision_type=2 9 8 8 2 2 10 2 8 10 10 10 8 8
left_child=1 2 -1 13 7 6 -6 -5 -9 -3 -11 12 -7 -4
right_child=-2 9 3 4 5 11 -8 8 -10 10 -12 -13 -14 -15
leaf_value=-0.024425517076265477 0.050358948130371721 -0.02230737604968594 0.011143188818351912 -0.01974312152850995 0.062329449204511181 0.019437054499555753 -0.0051220449953990176 -0.013360702229300303 0.052038799805616147 -0.031141600717600387 0.054780941558511598 0.047997554492651646 -0.01291259673517825 -0.034006981077056839
leaf_weight=11.938578948378561 4.0809399913996449 59.253553461283445 4.8846702761948091 15.601866457611324 11.988708201795815 14.764190919697286 3.9014290664345017 3.6253179982304564 3.7663416545838118 4.8590624537318927 4.4013640582561493 3.5247875228524199 17.194016549736261 8.8327890709042531
leaf_count=88 35 816 25 94 60 88 25 21 21 66 39 21 104 55
internal_value=-0.00361739 -0.0052137 0.00312327 0.00743999 0.0123608 0.0204901 0.0464457 -0.0058989 0.0221931 -0.0154774 0.0110552 0.00791207 0.00216873 -0.0182647
internal_weight=172.618 168.537 100.023 88.0841 74.3667 51.3731 15.8901 22.9935 7.39166 68.514 9.26043 35.483 31.9582 13.7175
internal_count=1558 1523 602 514 434 298 85 136 42 921 105 213 192 80
cat_boundaries=0 1
cat_threshold=18464
is_linear=0
shrinkage=0.05


Tree=289
num_leaves=15
num_cat=0
split_feature=1 24 21 29 19 2 1 19 15 28 9 24 9 30
split_gain=3.92399 3.39595 3.94707 3.72815 3.21213 3.37422 5.65219 3.22695 2.68375 2.67508 3.6679 2.67329 2.66191 2.43334
threshold=-66.794485499999993 1.0000000180025095e-35 9.5000000000000018 0.028174603174603179 43.350000000000001 -0.30163705152652742 -111.30526149999999 22.550000000000004 -26.449999999999996 0.034523809523809533 -25.449999999999996 2.5000000000000004 -17.949999999999996 0.030952380952380957
decision_type=2 2 2 8 10 2 2 8 8 10 8 2 10 8
left_child=1 3 4 12 5 6 7 -3 9 -7 -11 -6 -1 -10
right_child=-2 2 -4 -5 11 8 -8 -9 13 10 -12 -13 -14 -15
leaf_value=0.009058747240395881 0.027151288256340063 -0.0092871689895993332 -0.027616776943502321 0.0018128226187490095 -0.017486102076780904 -0.0028901992745649025 0.073636401508557603 0.038728878231152085 -0.013669647444881562 -0.0055846222807409748 0.066234094196101961 0.012110688605782358 -0.025069533550633516 0.029233768114190092
leaf_weight=6.4359985999763003 13.037366673350332 6.7426119372248658 6.6429624557495108 48.804416807368398 14.573322650045158 5.1057049632072431 5.2776407152414313 5.6472328566014776 14.83427000790835 2.4383178278803825 4.377360712736845 13.997084533795713 30.5302056055516 3.196670599281787
leaf_count=58 82 49 66 399 126 39 52 47 102 16 39 122 332 29
internal_value=0.0017516 -0.000360948 0.00681809 -0.00729279 0.0101393 0.0179628 0.0347018 0.0138562 0.00728707 0.0247122 0.0431137 -0.00306697 -0.0190455 -0.00492694
internal_weight=181.641 168.604 82.8332 85.7706 76.1902 47.6198 17.6675 12.3898 29.9523 11.9214 6.81568 28.5704 36.9662 18.0309
internal_count=1558 1476 687 789 621 373 148 96 225 94 55 248 390 131
is_linear=0
shrinkage=0.05


Tree=290
num_leaves=15
num_cat=1
split_feature=6 18 19 28 18 18 2 1 31 19 21 12 23 1
split_gain=6.14366 2.68642 2.369 2.84592 4.30637 3.51015 7.65264 3.14031 2.52844 2.32071 2.22561 2.22264 2.13288 1.96774
threshold=0 27.500000000000004 8.3000000000000025 0.15039682539682542 2.7500000000000004 1.1500000000000004 0.44505654568748165 -107.30818970499998 0.078144078144078158 118.00000000000001 4.5000000000000009 0.55000000000000016 3.5000000000000004 -118.82834649999999
decision_type=9 10 8 8 8 10 2 2 8 10 2 10 2 2
left_child=1 2 12 4 10 8 -7 -6 -5 13 -4 -3 -1 -2
right_child=9 11 3 5 7 6 -8 -9 -10 -11 -12 -13 -14 -15
leaf_value=0.018911611663136717 0.0051483356105614221 0.017596263366578341 0.0081889601063825368 0.025838832016746163 -0.031013344532371437 0.064912965007167298 0.0067356631124260062 0.019050599975676739 -0.020230631431209161 -0.032586793138357946 0.062565034949532763 -0.022207290482317423 -0.027035116712397125 -0.0099025074369961108
leaf_weight=3.7425507679581624 33.518243310973048 4.8660875707864744 4.5320618897676495 5.5254360511898968 7.3807159401476392 12.92956502735615 9.942755922675131 4.1599976345896694 4.5179972946643838 6.9958463106304398 2.7198901250958443 7.894902303814888 4.483063843101263 58.174251488409936
leaf_count=31 315 33 30 35 43 102 65 33 33 99 22 48 21 648
internal_value=0.00191225 0.0119297 0.0179337 0.0218431 0.00588217 0.0305136 0.0409644 -0.0128871 0.00515936 -0.00609747 0.0336935 -0.00685346 -0.00634603 -0.00440448
internal_weight=171.383 72.695 59.934 51.7084 18.7927 32.9158 22.8723 11.5407 10.0434 98.6883 7.25195 12.761 8.22561 91.6925
internal_count=1558 496 415 363 128 235 167 76 68 1062 52 81 52 963
cat_boundaries=0 1
cat_threshold=196680
is_linear=0
shrinkage=0.05


Tree=291
num_leaves=15
num_cat=0
split_feature=19 1 13 12 2 17 25 25 10 16 10 13 1 1
split_gain=6.53191 11.3388 6.98921 5.73965 6.19488 6.68059 13.2839 9.10247 8.819 10.8393 8.88241 5.58707 5.55678 5.55657
threshold=71.300000000000011 -122.31451069499998 0.45000000000000007 -33.349999999999987 0.92273069556937592 5.5000000000000009 353.00000000000006 1263.5000000000002 -3.6499999999999999 16.050000000000004 28.750000000000004 12.950000000000001 -72.601499499999989 -68.325454499999992
decision_type=8 2 10 8 2 10 8 10 8 10 10 10 2 2
left_child=2 -2 -1 -4 5 6 -5 -8 9 -7 -10 -6 -3 -14
right_child=1 12 3 4 11 8 7 -9 10 -11 -12 -13 13 -15
leaf_value=-0.040565958937721802 0.030252310185487824 -0.045421642500979992 0.05535017190456426 0.031701725448774601 -0.012457405574821391 -0.035473525379198345 -0.045076834272070966 0.016949737846407176 -0.036970534193496163 0.073677544714197726 0.051636137980756648 0.047877225128595692 0.055223120553264594 -0.034887822171899473
leaf_weight=6.6510132849216452 8.1259512584656459 20.993764185346663 5.2854981999844313 32.258900207467377 4.7723723612725761 3.1210153959691525 12.224997002631428 9.9590161647647601 26.271717747673396 4.4167448841035366 2.2797498404979697 13.212856156751512 2.4210600703954697 2.4777828594669726
leaf_count=139 54 338 22 197 60 64 146 57 337 14 7 48 11 64
internal_value=0.000313617 -0.0187136 0.00579711 0.00883647 0.00608624 0.000633495 0.0116151 -0.0177014 -0.0157995 0.029622 -0.0283876 0.0320546 -0.0346342 0.0114581
internal_weight=154.472 34.0186 120.454 113.803 108.517 90.5321 54.4429 22.184 36.0892 7.53776 28.5515 17.9852 25.8926 4.89884
internal_count=1558 467 1091 952 930 822 400 203 422 78 344 108 413 75
is_linear=0
shrinkage=0.05


Tree=292
num_leaves=15
num_cat=0
split_feature=24 0 16 25 3 3 16 2 21 24 2 19 2 8
split_gain=8.39859 5.98929 5.79841 4.14059 4.5254 4.52824 5.1133 4.0659 3.99282 4.80328 5.10726 9.22459 3.92622 3.71614
threshold=3.5000000000000004 57.191605000000003 13.050000000000002 58.500000000000007 -0.54219087765047058 -0.90161545992537195 31.650000000000002 -0.50556189049999822 6.5000000000000009 1.0000000180025095e-35 0.30983042691905771 48.050000000000011 0.36648264796514479 17.350000000000005
decision_type=2 2 10 10 2 2 8 2 2 2 2 10 2 10
left_child=1 2 -1 4 5 -4 -7 -3 9 12 -11 -12 13 -5
right_child=-2 7 3 8 -6 6 -8 -9 -10 10 11 -13 -14 -15
leaf_value=-0.019517027560871231 -0.038458711442106774 0.064349606445651811 -0.022931937077645164 0.034737624920933519 -0.024910138011979124 0.048579260985543021 -0.023773836242765859 -0.00021659254965756761 0.04019562212964542 -0.032748962904646566 -0.035809588761253175 0.076342916551777829 -0.009169442387065796 0.0022552638764934568
leaf_weight=26.694908702746034 11.807675362564622 5.5407480448484421 5.61621419340372 23.895558938384056 17.989724963903427 7.6803171411156645 2.6975491531193247 3.8768272921442968 10.158371839672325 11.49763445556164 2.7941998019814482 2.6796292457729578 11.763855380937455 13.850349420681594
leaf_count=343 314 31 56 141 185 56 24 37 60 123 31 19 70 68
internal_value=0.000384303 0.00374912 0.00096908 0.00604321 -0.00831759 0.0107129 0.0293358 0.040301 0.0124362 0.00766179 -0.0147033 0.0224048 0.0154676 0.0231845
internal_weight=158.544 146.736 137.318 110.623 33.9838 15.9941 10.3779 9.41758 76.6396 66.4812 16.9715 5.47383 49.5098 37.7459
internal_count=1558 1244 1176 833 321 136 80 68 512 452 173 50 279 209
is_linear=0
shrinkage=0.05


Tree=293
num_leaves=15
num_cat=0
split_feature=19 14 0 33 4 20 0 4 8 11 8 11 22 21
split_gain=4.40203 7.2608 6.3842 5.26731 4.73599 5.4951 5.55783 5.67236 6.46288 5.15402 4.53846 4.35717 3.87707 5.33816
threshold=107.59999999999999 14.476692209450832 49.726869500000014 0.16836734693877553 5.6482298008950016 20.500000000000004 45.635905500000007 0.58901361888500003 20.750000000000004 -3.342857142857143 21.900000000000002 -4.8499999999999988 9.5000000000000018 3.5000000000000004
decision_type=10 8 2 8 2 2 2 2 8 10 10 8 2 2
left_child=3 2 12 4 5 6 -1 8 -8 11 -5 -7 13 -2
right_child=1 -3 -4 10 -6 9 7 -9 -10 -11 -12 -13 -14 -15
leaf_value=-0.029646017745934346 -0.020278543543391335 -0.038252161242884747 0.058349889265384841 -0.021994173531820371 -0.041104566335514917 -0.019554090538945836 0.0038367514588030639 0.052911755917411922 0.044473080322391473 -0.038822751317652622 0.038293647387606294 0.056289393864170728 -0.03672454704158834 0.051302449747722738
leaf_weight=6.3758285511285058 3.8030265383422392 3.5651243012398508 10.354187538847325 35.052135400474072 4.4084006845951071 3.2830223776400089 57.360974507406354 8.2502853963524085 10.856934171169994 10.331612421199678 2.5115434359759083 2.5364055261015919 2.9783817417919627 5.1080112680792809
leaf_count=87 49 40 38 511 45 37 417 49 66 112 18 12 49 28
internal_value=0.00223136 0.0208045 0.0315084 -0.00129167 0.00455055 0.00697437 0.0121895 0.0160153 0.0108531 -0.0189267 -0.0170748 0.0169093 0.00541943 0.0217896
internal_weight=166.776 25.8087 22.2436 140.967 103.403 98.9951 82.844 76.4682 68.2179 16.151 37.5637 5.81943 11.8894 8.91104
internal_count=1558 204 164 1354 825 780 619 532 483 161 529 49 126 77
is_linear=0
shrinkage=0.05


Tree=294
num_leaves=15
num_cat=0
split_feature=25 21 3 10 14 19 19 25 14 14 27 19 13 25
split_gain=6.44015 6.08478 4.29153 3.66387 6.82033 4.33923 5.38849 3.86443 5.1934 6.06524 7.14193 4.15573 3.43438 3.01826
threshold=1837.5000000000002 4.5000000000000009 0.97832380634958016 28.550000000000004 18.191309523809526 4.950000000000002 6.0500000000000016 82.500000000000014 13.07666666666667 10.975000000000003 0.64642857142857146 17.950000000000003 -5.9499999999999993 523.50000000000011
decision_type=10 2 2 10 10 8 8 8 10 10 8 8 10 10
left_child=1 2 3 4 5 -1 -7 8 9 10 -8 13 -3 -9
right_child=-2 12 -4 -5 -6 6 7 11 -10 -11 -12 -13 -14 -15
leaf_value=-0.035188017652141433 -0.042170425534841322 0.030170509074144904 -0.040059292183408958 -0.030655087581763329 0.050845552962889839 0.057010832165719311 -0.022066774180676874 -0.036863292282089885 -0.026902109087267236 0.088115736394900612 0.042359183924580601 0.0050441107911018716 -0.028771157535823801 0.016591137344084413
leaf_weight=5.2201991891488424 7.9946936462074509 1.9782701898366237 4.0327531713992348 5.1934696622192851 7.9922264758497468 4.3058679904788724 6.1821479275822737 10.060171737335621 3.5955773666501036 3.0936796534806481 10.206465218216179 72.089388376101851 20.107718856073916 2.8238851483911267
leaf_count=50 103 29 49 51 59 28 88 88 42 15 56 523 345 32
internal_value=-0.001023 0.00132769 0.00535404 0.00704799 0.00883724 0.00557705 0.00776473 0.00529747 0.0229795 0.0330494 0.0181849 0.0002838 -0.0224135 -0.0247962
internal_weight=164.877 156.882 134.796 130.763 125.57 117.577 112.357 108.051 23.0779 19.4823 16.3886 84.9734 22.086 12.8841
internal_count=1558 1455 1081 1032 981 922 872 844 201 159 144 643 374 120
is_linear=0
shrinkage=0.05


Tree=295
num_leaves=15
num_cat=0
split_feature=17 23 0 18 9 12 15 19 4 9 9 4 33 17
split_gain=6.92902 4.74632 6.55977 8.38471 8.64785 7.94538 6.99588 6.18653 5.52238 5.32146 7.0899 7.04878 6.16805 6.12645
threshold=20.500000000000004 1.5000000000000002 55.076571000000008 0.65000000000000013 -6.6499999999999995 4.6500000000000012 2.7500000000000004 6.0500000000000016 0.20093910836500004 1.5500000000000003 -1.1499999999999997 0.0096261845900000014 0.057983193277310933 13.500000000000002
decision_type=10 2 2 10 8 10 10 10 2 8 10 2 10 10
left_child=1 2 3 4 -1 8 -5 -4 -6 10 13 -11 -12 -3
right_child=-2 9 7 6 5 -7 -8 -9 -10 11 12 -13 -14 -15
leaf_value=-0.038000555278828001 -0.044229157250963429 -0.027605372705129985 -0.0061890508225584699 -0.0268962069874027 0.025637885999369298 -0.014980147329410946 0.020408678571506918 0.045452513812059871 0.095770552534466993 0.035187689314189897 -0.0084951168969572242 -0.028362607641994809 0.067388124114509937 0.022808913006939605
leaf_weight=3.6779837254434824 8.1861416976898891 15.326466343365611 8.1884329579770583 28.392111043445766 7.3055617418140226 4.5117305051535359 9.8183538783341628 17.215473646298051 4.9483773745596409 4.0974639020860186 4.0111070051789266 35.342840109951794 5.9949710108339787 8.6334124011918885
leaf_count=45 89 179 58 344 53 29 91 115 23 20 42 386 27 57
internal_value=-0.00201776 0.000441961 0.00850722 -0.000795655 0.0243561 0.0394046 -0.0145305 0.0292029 0.0590478 -0.00878383 0.005658 -0.0210535 0.038961 -0.00925367
internal_weight=165.65 157.464 84.058 58.6541 20.4437 16.7657 38.2105 25.4039 12.2539 73.4063 33.966 39.4403 10.0061 23.9599
internal_count=1558 1469 758 585 150 105 435 173 76 711 305 406 69 236
is_linear=0
shrinkage=0.05


Tree=296
num_leaves=15
num_cat=0
split_feature=27 25 32 18 15 16 16 25 2 3 4 27 10 16
split_gain=4.15598 3.92692 3.88261 4.84285 4.42037 3.39858 4.97427 5.59305 3.18259 3.06326 3.03559 3.23722 5.1217 4.04009
threshold=0.13782051282051286 152.50000000000003 0.081675906675906698 1.0500000000000003 -30.549999999999997 32.050000000000004 35.050000000000004 973.50000000000011 0.039769539193789977 0.99371836985722206 0.62461575324000007 0.45584415584415588 3.5500000000000003 27.850000000000005
decision_type=8 10 10 10 8 10 10 8 2 2 2 8 8 10
left_child=1 -1 4 -4 -3 9 7 -7 -5 10 11 12 -2 -14
right_child=5 2 3 8 -6 6 -8 -9 -10 -11 -12 -13 13 -15
leaf_value=-0.039430303989639766 0.049411411330149972 0.02402133446501329 -0.035016769496809742 0.053307278463130395 -0.03448678451276059 0.0051296418348508142 -0.023319699919330941 0.082135582468812862 -0.0044181270011104555 0.045186197532751743 -0.019334611017787676 -0.0027870731957241918 -0.012286991825282921 0.036312602957066752
leaf_weight=11.002657321281729 7.5038576237857342 3.4954190440475941 2.6491029802709809 5.6070043295621854 12.092574782669546 4.7302734944969389 2.9222424980252972 4.0027614068239936 3.5147244334220886 2.6996145602315655 18.063847923651338 77.600014815106988 13.311616314575081 5.1030339831486335
leaf_count=173 67 26 29 34 131 54 28 27 25 20 205 578 123 52
internal_value=-0.00124371 -0.0155565 -0.00490358 0.0160111 -0.0207098 0.00287947 0.0275643 0.0452376 0.0328259 0.000362968 -0.000992787 0.0023622 0.0173099 0.00235752
internal_weight=174.299 38.3615 27.3588 11.7708 15.588 135.937 11.6553 8.73303 9.12173 124.282 121.582 103.519 25.9185 18.4147
internal_count=1572 418 245 88 157 1154 109 81 59 1045 1025 820 242 175
is_linear=0
shrinkage=0.05


Tree=297
num_leaves=15
num_cat=0
split_feature=24 29 30 16 15 9 2 30 26 19 13 10 4 4
split_gain=3.75781 4.50899 3.25101 3.28916 4.09673 3.9365 2.86995 2.5375 2.37953 3.11265 2.48551 2.32689 3.93885 2.3088
threshold=1.0000000180025095e-35 0.028174603174603179 0.28869047619047622 26.550000000000004 -3.9499999999999997 15.450000000000001 -0.23537230790205757 0.11237373737373739 0.073214285714285718 54.100000000000009 27.350000000000005 1.0000000180025095e-35 0.18709722391000003 0.042555436950000004
decision_type=2 8 10 10 10 10 2 8 10 10 8 8 2 2
left_child=1 6 3 4 7 8 -1 11 9 -5 -10 12 -2 -8
right_child=2 -3 -4 5 -6 -7 13 -9 10 -11 -12 -13 -14 -15
leaf_value=-0.033581055606051735 -0.0098567181956509559 0.0014549397235747912 -0.031491134853573202 0.057903596944126369 -0.029593187409020519 -0.025711698934668976 0.022164587612286846 0.026358871866560649 0.033093774179619666 0.012888553449255102 -0.02112659134326407 -0.0083052962292897714 0.039257021914532002 -0.015543407879079207
leaf_weight=19.84374738112092 7.2382699288427848 53.852925723418593 4.4364379197359076 9.0554333589971154 7.8687596004456273 2.8866477850824586 4.3854020759463337 11.959673400968311 2.8443900085985652 7.3825984075665465 3.7146922051906586 25.118644876405593 7.4958177246153355 16.007492473348975
leaf_count=218 58 436 41 84 60 26 43 96 26 58 32 180 59 155
internal_value=-0.00110119 -0.00804648 0.00616822 0.00846204 0.00188761 0.0229869 -0.0204901 0.00713843 0.0299163 0.039585 0.00365388 0.000866408 0.0160364 -0.00677745
internal_weight=184.091 94.0896 90.0014 85.5649 59.6812 25.8838 40.2366 51.8124 22.9971 16.438 6.55908 39.8527 14.7341 20.3929
internal_count=1572 852 720 679 453 226 416 393 200 142 58 297 117 198
is_linear=0
shrinkage=0.05


Tree=298
num_leaves=15
num_cat=1
split_feature=6 22 33 32 28 18 19 29 15 27 8 17 28 12
split_gain=3.72968 3.50509 2.74749 2.28241 3.0052 2.88997 2.61643 2.14354 2.06585 5.37217 3.56376 2.76891 4.37508 4.34267
threshold=0 3.5000000000000004 0.12310606060606062 0.029910130718954254 0.35389610389610399 5.9500000000000011 19.850000000000005 0.21825396825396828 -3.5499999999999994 0.75961538461538469 12.250000000000002 9.5000000000000018 0.1485243055555556 -9.3499999999999996
decision_type=9 2 10 10 8 10 8 10 8 10 10 10 8 8
left_child=1 -1 7 4 6 -5 -4 8 10 -10 11 12 -2 -13
right_child=2 -3 3 5 -6 -7 -8 -9 9 -11 -12 13 -14 -15
leaf_value=-0.02921237150688601 -0.011184025620694977 0.011107712396286785 0.0095437987483040776 0.025881968035873965 -0.0037140710366472839 -0.029717825477212398 0.065307103786141948 -0.030089787545234975 -0.0077934066031364532 0.056058698685573317 0.052841525439663022 -0.016795630623519586 0.033327544589858982 0.016338682924264405
leaf_weight=19.435857142321769 7.673541039228442 6.7146992012858382 3.6482708863914004 3.7237883955240241 3.9962960332632074 3.6296606510877609 5.6577870659530172 4.2278304770588866 56.113554885610938 2.5004783011972895 3.2855266109108916 22.236848313361406 15.552046820521353 16.235061234794557
leaf_count=266 61 87 29 27 32 23 50 28 465 27 31 169 127 150
internal_value=0.000570649 -0.0137626 0.00383439 0.0205619 0.0322049 -0.00183427 0.0464933 0.00129033 0.00259662 -0.0041748 0.00867509 0.00551784 0.0187667 -0.00275333
internal_weight=174.631 26.1506 148.481 20.6558 13.3024 7.35345 9.30606 127.825 123.597 58.614 64.983 61.6975 23.2256 38.4719
internal_count=1572 353 1219 161 111 50 79 1058 1030 492 538 507 188 319
cat_boundaries=0 1
cat_threshold=20768
is_linear=0
shrinkage=0.05


Tree=299
num_leaves=15
num_cat=0
split_feature=2 15 13 10 13 13 11 9 11 32 19 13 13 25
split_gain=7.16946 8.15708 9.32764 8.94547 12.4537 6.89368 6.81678 5.8857 5.41915 8.15561 7.97464 4.70817 4.59106 4.40333
threshold=0.95752911693909493 -5.0499999999999989 8.1500000000000004 23.050000000000004 30.450000000000003 7.5500000000000007 17.078571428571433 -1.3499999999999999 5.8785714285714299 0.042572463768115944 40.550000000000004 12.950000000000001 14.050000000000002 19.500000000000004
decision_type=2 10 10 8 10 10 8 10 10 8 8 8 10 10
left_child=1 2 5 6 -5 -1 7 -3 -9 -10 -11 -2 -13 -6
right_child=11 3 -4 4 13 -7 -8 8 9 10 -12 12 -14 -15
leaf_value=-0.010151539240608829 -0.012869259790121114 -0.035970369713705701 -0.040950234897212993 -0.045960389728100182 0.048713645514304939 0.04768567756490634 -0.02641753761689793 0.073350445765419603 0.039520415791016388 0.028468443857598426 -0.041703389126641337 0.062549991560423623 0.0069397176186476884 -0.0070024311124650754
leaf_weight=29.38768467027694 4.7671685721725225 2.7784601887688032 22.966743633151054 14.411135583184661 5.7283172197639924 5.2038660738617173 6.3519529439508906 5.5313955359160891 24.541826626285911 7.072138357907531 7.1637526042759427 8.995711602270605 6.343356065452098 7.0398710742592812
leaf_count=437 52 36 318 192 27 22 81 16 124 39 110 21 32 65
internal_value=0.0013734 -0.00275342 -0.0169761 0.00748451 -0.0155021 -0.000355315 0.0192455 0.0258266 0.03041 0.0225948 -0.00726278 0.0285211 0.041385 0.0197166
internal_weight=158.283 138.177 57.5583 80.6189 27.1793 34.5916 53.4395 47.0876 44.3091 38.7777 14.2359 20.1062 15.3391 12.7682
internal_count=1572 1467 777 690 284 459 406 325 289 273 149 105 53 92
is_linear=0
shrinkage=0.05


Tree=300
num_leaves=15
num_cat=2
split_feature=5 1 0 7 4 28 3 9 11 20 12 1 0 27
split_gain=6.75926 6.21327 4.74178 5.45157 4.07495 3.92411 3.84618 5.62644 5.24547 4.34082 4.80957 5.50507 4.08312 5.97271
threshold=0 -83.796290014999997 46.886945000000004 1 0.010679732270000001 1.0000000180025095e-35 -0.52765736634565841 2.8500000000000001 12.65 17.500000000000004 4.7500000000000009 -114.03913499999997 56.37539979000001 0.43390313390313395
decision_type=9 2 2 1 2 8 2 10 8 2 8 2 2 8
left_child=1 4 3 5 -1 -3 7 -6 12 10 -9 -12 13 -8
right_child=-2 2 -4 -5 6 -7 8 9 -10 -11 11 -13 -14 -15
leaf_value=-0.034136783697979359 -0.020379013395157356 0.019586814700055195 0.068232742178796144 0.032642807356037758 0.04878895578209122 -0.038083116441013032 0.010744477002881506 -0.015912392667029703 -0.031007167048364082 -0.038545583755342873 0.043317893251751595 -0.013230503688655746 0.034355424882849449 -0.026811361103715261
leaf_weight=7.1682715844362965 20.4547810992226 4.5333990268409243 4.3674086146056643 16.341851562261589 8.2591893002390844 5.5238658115267762 26.979192947968841 9.622664989903571 14.01283821556717 4.0547287948429576 12.806543344631791 5.6914131883531818 7.474423896521329 16.053203827701509
leaf_count=67 324 27 32 106 68 47 240 66 118 51 78 44 59 245
internal_value=0.000844885 0.00506774 0.0249398 0.0155486 -0.000109467 -0.0126675 0.00251482 0.0144183 -0.00505132 0.00439091 0.011693 0.026133 0.00261217 -0.00355642
internal_weight=163.344 142.889 30.7665 26.3991 112.122 10.0573 104.954 40.4345 64.5197 32.1754 28.1206 18.498 50.5068 43.0324
internal_count=1572 1248 212 180 1036 74 969 307 662 239 188 122 544 485
cat_boundaries=0 1 2
cat_threshold=195 1
is_linear=0
shrinkage=0.05


Tree=301
num_leaves=15
num_cat=0
split_feature=10 25 18 2 28 12 30 23 18 18 12 3 25 31
split_gain=6.49224 4.69858 6.9612 6.5494 7.08431 6.94903 6.30837 9.07721 7.96298 7.70109 6.22888 5.78806 5.66532 5.27991
threshold=28.950000000000003 279.00000000000006 14.65 -0.16799356919963607 0.25166666666666671 -15.85 0.091608391608391612 2.5000000000000004 33.650000000000006 6.1500000000000012 -2.9499999999999997 -0.99864786094873803 406.50000000000006 0.017192118226600991
decision_type=10 10 10 2 8 8 10 2 8 10 8 2 10 8
left_child=1 6 3 -3 5 -5 7 10 9 13 -1 -12 -4 -9
right_child=-2 2 12 4 -6 -7 -8 8 -10 -11 11 -13 -14 -15
leaf_value=-0.00018642933302466351 0.034870362093266084 -0.024885054738208203 0.072512067877837358 -0.011507115027553215 -0.024966286474806934 0.051495159851666722 -0.040164267739704801 0.039025039365003157 0.054123151131652995 -0.042755497046873502 0.043443340486595212 -0.041592820067559301 0.013434563031616518 -0.023560753597966916
leaf_weight=28.643914522603154 12.180795291438697 17.460113536566496 5.4644697345793274 6.1673951745033264 7.4136071838438502 11.829822352156048 12.627739034593104 9.917999060824517 9.3246988598257285 6.1125224512070409 1.3924205824732805 21.424939378164709 12.553487204015253 4.0858099926263103
leaf_count=330 81 181 27 50 66 73 141 73 38 69 10 296 96 41
internal_value=0.00118446 -0.00168 0.00904197 -0.00207973 0.013939 0.0304359 -0.0086819 -0.00333754 0.0184276 0.000101836 -0.0159033 -0.0347974 0.0342222 0.0204115
internal_weight=166.6 154.419 60.8889 42.8709 25.4108 17.9972 93.53 80.9023 29.441 20.1163 51.4613 22.8174 18.018 14.0038
internal_count=1572 1491 493 370 189 123 998 857 221 183 636 306 123 114
is_linear=0
shrinkage=0.05


Tree=302
num_leaves=15
num_cat=1
split_feature=25 7 27 3 11 13 3 24 12 3 19 18 12 25
split_gain=8.94392 5.62066 6.50847 5.65925 10.0743 4.85392 6.88663 7.8157 5.74535 5.53836 5.16505 5.74741 4.54138 5.92303
threshold=205.50000000000003 0 0.59166666666666679 -0.54219087765047058 14.078571428571431 10.050000000000002 -0.42958798411962301 1.5000000000000002 5.5500000000000007 -0.3744658827978154 20.950000000000006 18.050000000000004 -18.949999999999996 657.50000000000011
decision_type=10 1 10 2 8 10 2 2 10 2 10 8 8 10
left_child=1 5 3 4 -3 9 7 -7 -9 -1 -11 -12 13 -2
right_child=12 2 -4 -5 -6 6 -8 8 -10 10 11 -13 -14 -15
leaf_value=0.043022772117131985 -0.035679687687388849 0.069346868382950094 0.03952154490283466 -0.041542493616221171 -0.030900505656313727 -0.012649704986696462 0.039569091664438602 0.00024497398189687582 0.079334203277652102 -0.033511900498429968 0.027880311711005818 -0.033064597984162537 -0.024347395747665833 0.04324280739469552
leaf_weight=4.5953066982328883 2.8888699673116189 3.0604037400335127 3.9913622699677935 14.588796749711035 5.5875924751162529 20.257101073861126 26.054065072908998 4.3113998621702176 3.9280651807785034 12.85692945122719 10.688813695684072 4.8191946875303993 45.446990442462265 5.3254803568124771
leaf_count=23 46 18 36 249 88 126 138 36 20 123 79 33 503 54
internal_value=-0.00156254 0.00631931 -0.0131895 -0.0235007 0.00808627 0.0124697 0.0214916 0.00418249 0.0424554 -0.0026551 -0.0112683 0.00808568 -0.0182228 0.014627
internal_weight=168.4 114.739 27.2282 23.2368 8.648 87.5109 54.5506 28.4966 8.23947 32.9602 28.3649 15.508 53.6613 8.21435
internal_count=1572 969 391 355 106 578 320 182 56 258 235 112 603 100
cat_boundaries=0 1
cat_threshold=1
is_linear=0
shrinkage=0.05


Tree=303
num_leaves=15
num_cat=0
split_feature=15 15 18 16 16 28 9 8 14 13 15 10 10 3
split_gain=5.9235 8.99197 5.51609 5.53185 8.42316 7.23927 5.15543 5.32499 5.10983 10.324 8.17104 9.2959 7.30778 7.03307
threshold=4.0500000000000007 2.7500000000000004 30.550000000000004 6.5500000000000007 8.0500000000000025 0.76478494623655935 15.050000000000002 22.250000000000004 10.758333333333338 32.550000000000004 -13.399999999999999 2.4500000000000006 0.55000000000000016 -0.67168186667784702
decision_type=10 10 10 8 8 10 10 8 10 10 8 10 8 2
left_child=1 2 3 -1 -5 8 -2 -8 10 -10 11 12 -6 -12
right_child=6 -3 -4 4 5 -7 7 -9 9 -11 13 -13 -14 -15
leaf_value=-0.029467940013113477 -0.036369375296446564 0.041084832619422008 -0.040892295152940294 0.043899376048403216 -0.012751063325008942 0.05548284761930921 0.0399381478140294 -0.037117497680554383 -0.039532089672050019 0.053094248707005111 -0.030192753732383289 -0.04637761339412886 0.05392506114510609 0.023960498672040979
leaf_weight=11.290915818884971 17.260970437899235 13.749094748869537 6.7962407935410729 11.901321953162551 12.713417259976268 4.7610335797071448 4.8802472334355107 2.6761603411287069 16.619469215162102 2.7252023722976437 6.1114264000207177 13.153184767812489 4.8935831692069813 41.230377995409071
leaf_count=140 205 75 125 67 128 26 31 24 212 8 58 135 26 312
internal_value=0.000175735 0.00405545 -7.53446e-05 0.00244281 0.0058289 0.00101348 -0.0219133 0.0114997 -0.00218433 -0.0245149 0.00358661 -0.0161661 0.00768266 0.0164898
internal_weight=170.763 145.945 132.196 125.4 114.109 102.208 24.8174 7.55641 97.4467 19.3447 78.102 30.7602 17.607 47.3418
internal_count=1572 1312 1237 1112 972 905 260 55 879 220 659 289 154 370
is_linear=0
shrinkage=0.05


Tree=304
num_leaves=15
num_cat=1
split_feature=6 4 1 18 11 2 1 24 4 9 26 2 15 25
split_gain=5.65063 4.58643 6.26988 5.95192 4.36302 4.74737 4.19162 4.36673 5.70924 6.06957 4.57701 4.22729 3.72148 3.4231
threshold=0 0.58221810135500018 -121.28823719999998 0.25000000000000006 -15.378571428571428 0.87397152483179585 -113.48784549999998 6.5000000000000009 0.092479803705000016 5.5500000000000007 0.34848484848484856 -0.68430824382591193 3.9500000000000006 771.50000000000011
decision_type=9 2 2 8 10 2 2 2 2 10 8 2 8 10
left_child=1 3 -3 4 -1 12 7 8 9 10 -5 -8 -6 -10
right_child=-2 2 -4 6 5 -7 11 -9 13 -11 -12 -13 -14 -15
leaf_value=0.041848653213832299 -0.015605033043264716 0.032957230344768405 -0.032880913121861879 -0.0057014025490592455 -0.04737796442583625 0.016405938105155941 0.04348110222775349 0.029993070600825629 -0.034536816320596214 -0.039173862802581283 0.049589224068375633 0.014016098925550856 0.01835907508503418 0.015894009490016705
leaf_weight=2.1086953338235643 27.574898669496179 3.9227747693657902 13.584209335967897 5.812536073848606 11.690143298357722 5.1183533556759349 16.98367628082633 10.379259532317517 14.800858864560725 3.3012968674302092 8.6367872171103954 43.031488778069615 2.0365745499730155 3.6376810986548653
leaf_count=12 493 33 139 52 103 29 107 64 143 28 49 276 22 27
internal_value=0.00175478 0.00581006 -0.0171449 0.00952196 -0.0143489 -0.0224291 0.0143046 0.00293977 -0.00541713 0.0144284 0.0284181 0.0229304 -0.0370405 -0.0242817
internal_weight=172.619 145.044 17.507 127.537 20.9538 18.8451 106.584 46.5684 36.1892 17.7506 14.4493 60.0152 13.7267 18.4385
internal_count=1577 1084 172 912 166 154 746 363 299 129 101 383 125 170
cat_boundaries=0 1
cat_threshold=321544
is_linear=0
shrinkage=0.05


Tree=305
num_leaves=15
num_cat=1
split_feature=6 25 25 21 8 1 10 27 19 10 1 21 11 10
split_gain=4.03929 3.81182 4.30492 2.66488 2.42735 3.81276 2.40316 4.38218 2.33863 5.3288 3.65008 2.09243 2.58121 1.87712
threshold=0 35.500000000000007 49.500000000000007 6.5000000000000009 -6.0499999999999989 -119.30894499999998 27.950000000000003 0.084677419354838718 27.850000000000005 21.650000000000002 -66.794485499999993 1.5000000000000002 -10.378571428571425 -3.0999999999999996
decision_type=9 10 10 2 10 2 10 10 10 10 2 2 10 8
left_child=4 3 -3 8 5 -1 -6 -8 -2 10 -10 13 -13 -7
right_child=1 2 -4 -5 6 11 7 -9 9 -11 -12 12 -14 -15
leaf_value=-0.031129614054883709 0.041606250647336786 -0.035836721626341717 0.0060951516930213088 -0.015178407659786933 -0.01552538238632009 -0.013516875642448989 -0.019573908408957081 0.05894528054227486 -0.015935003105187612 0.061308720600612432 0.040723963237389561 0.0060018357255335981 0.056753443912041047 0.020002814992616993
leaf_weight=4.9512466825544861 13.870497215539219 5.8899129517376414 53.934804320335388 3.6108482740819445 53.345823282375932 8.5260627120733243 3.1357038989663115 2.2470702938735485 10.656613836064937 3.3427833244204512 2.7618366479873648 5.6027046553790569 3.9629395045340043 6.441971734166148
leaf_count=37 110 36 449 27 545 52 30 24 89 35 19 40 35 49
internal_value=0.00159963 0.00828368 0.00144553 0.022201 -0.00581737 0.00512155 -0.0122771 0.017304 0.0269478 0.0131578 -0.00225761 0.0133702 0.0304091 0.00125863
internal_weight=182.281 94.0673 59.8247 34.2426 88.2135 29.4849 58.7286 5.38277 30.6317 16.7612 13.4185 24.5337 9.56564 14.968
internal_count=1577 765 485 280 812 213 599 54 253 143 108 176 75 101
cat_boundaries=0 1
cat_threshold=124928
is_linear=0
shrinkage=0.05


Tree=306
num_leaves=15
num_cat=1
split_feature=6 4 17 8 1 33 2 14 27 2 31 13 14 17
split_gain=6.66658 3.45446 5.91806 3.04218 2.99256 2.44222 2.22479 2.13013 2.42385 2.91072 1.9743 1.9486 2.2448 2.0459
threshold=0 0.76676619716500005 9.5000000000000018 6.2500000000000009 -120.71616899999998 0.19962406015037595 -0.03977009085991149 -14.554999999999996 0.75961538461538469 0.31799963745711152 0.19722222222222224 33.600000000000009 19.508563218390805 1.5000000000000002
decision_type=9 2 8 8 2 10 2 8 10 2 10 10 10 8
left_child=-1 5 4 -4 -3 7 -6 -2 10 -10 11 12 13 -9
right_child=1 2 3 -5 6 -7 -8 8 9 -11 -12 -13 -14 -15
leaf_value=-0.01741492999435118 0.032527469862870133 0.010422714716473694 -0.028438303892214408 0.0286448624453019 0.080419784485988022 0.025129127187255185 0.017927773080504365 -0.016710129892077857 0.061664734214775099 -0.0065924276197261173 0.01573303924902451 -0.039357383811147978 0.032054692612425544 -0.00014546329325721002
leaf_weight=28.69307891279459 3.9579111523926258 4.7600446119904518 5.4209370240569097 2.7147445231676102 4.9100461825728416 10.037711147218941 2.8106903284788149 26.227723417803645 2.287224017083644 2.6451926715672016 11.766808088868855 3.0186349749565116 3.2126622013747683 59.161380926147103
leaf_count=381 31 38 43 21 44 86 27 223 25 20 100 16 25 497
internal_value=0.000970356 0.00557884 0.0244001 -0.00834007 0.0447776 0.00268673 0.0623344 0.000476235 -0.000981723 0.0301184 -0.00273977 -0.00525648 -0.00366839 -0.00536792
internal_weight=171.625 142.932 20.6165 8.13568 12.4808 122.315 7.72074 112.278 108.32 4.93242 103.387 91.6204 88.6018 85.3891
internal_count=1577 1196 173 64 109 1023 71 937 906 45 861 761 745 720
cat_boundaries=0 1
cat_threshold=61728
is_linear=0
shrinkage=0.05


Tree=307
num_leaves=15
num_cat=1
split_feature=6 18 12 25 18 25 27 2 19 18 33 8 25 11
split_gain=8.94812 8.74913 8.4928 6.03371 7.23873 6.20887 5.62814 6.5958 6.23601 6.99387 6.80921 6.23081 4.89115 4.47436
threshold=0 0.35000000000000003 7.8500000000000005 142.50000000000003 2.850000000000001 667.50000000000011 0.37533068783068785 -0.54220184589352438 71.300000000000011 21.050000000000004 0.018532818532818535 16.550000000000004 4.5000000000000009 13.335714285714287
decision_type=9 8 10 8 8 10 8 2 10 8 10 10 10 8
left_child=1 -1 3 -3 -5 13 12 -8 9 10 11 -9 -2 -6
right_child=6 2 -4 4 5 -7 7 8 -10 -11 -12 -13 -14 -15
leaf_value=0.033897198436109645 0.035759280842361039 -0.03570784121027426 0.039454010455528793 -0.041685290297842056 0.036275715724354105 -0.038469630629261647 -0.033485659377901038 -0.032531238527340654 -0.038814195321084738 0.053572697418617157 0.051391745674935291 0.040410956241913584 -0.040326964424200154 -0.0092426356510535469
leaf_weight=27.153782896697521 1.5619971966370965 13.726957554928957 10.134105440229176 6.4512090552598229 17.268996322527535 3.9500004760920993 12.327427512966095 11.509610259905466 4.8721437826752654 8.2229130454361421 3.9187253173440686 2.9013507459312669 21.889817290939391 7.1717476807534686
leaf_count=114 17 184 51 80 116 65 180 194 98 42 22 14 337 63
internal_value=-0.000351588 0.0098487 -7.04857e-06 -0.0088706 0.00240394 0.0134998 -0.0128904 -0.00394658 0.00831648 0.0180594 0.000180348 -0.0161765 -0.0340041 0.0230808
internal_weight=153.061 85.8568 58.703 48.5689 34.842 28.3907 67.204 43.7522 31.4247 26.5526 18.3297 14.411 23.4518 24.4407
internal_count=1577 673 559 508 324 244 904 550 370 272 230 208 354 179
cat_boundaries=0 1
cat_threshold=112641
is_linear=0
shrinkage=0.05


Tree=308
num_leaves=15
num_cat=1
split_feature=24 6 4 3 3 14 19 13 9 26 15 12 12 24
split_gain=7.03266 5.52579 4.14011 4.17981 4.03412 4.4203 3.07143 3.87055 2.95738 3.41515 2.96004 3.22238 2.94959 2.53845
threshold=3.5000000000000004 0 0.012125366625000002 -0.42179730054635828 -0.89404254237865755 14.843214285714287 33.650000000000013 29.550000000000004 1.1500000000000001 0.21825396825396828 -1.0499999999999998 6.9500000000000011 11.15 1.0000000180025095e-35
decision_type=2 9 2 2 2 8 8 8 8 8 8 8 8 2
left_child=1 2 -1 4 5 -4 7 -6 9 13 -10 -12 -3 -5
right_child=-2 12 3 8 6 -7 -8 -9 10 -11 11 -13 -14 -15
leaf_value=-0.038024299368278079 -0.037788608751503576 -0.0038119533842676844 -0.038827251757099404 0.039132024328945275 0.036696866134012733 0.024960519578670105 0.053523851072645103 -0.03396003820699408 -0.043885453290953107 -0.014677191432217657 0.023688360551933921 -0.026101438787412314 -0.034463463122323922 -0.0055582177658583427
leaf_weight=2.817859534174203 10.791569415479897 73.18618521373719 3.2064877189695853 11.392644818872215 3.9241578858345774 6.67664516530931 14.353783784434198 2.2429618928581476 4.040030300617218 5.8602250516414633 6.4362122863531095 4.7771123088896275 7.8448730297386637 3.9677419438958159
leaf_count=26 309 646 28 75 31 41 77 22 41 83 43 25 80 50
internal_value=-0.000596252 0.00229811 0.0116029 0.0159326 0.0293163 0.00259913 0.041465 0.00984636 0.00429166 0.0160504 -0.0120482 0.00207648 -0.00638501 0.027954
internal_weight=161.518 150.727 69.6959 66.878 30.404 9.88313 20.5209 6.16712 36.474 21.2206 15.2534 11.2133 81.0311 15.3604
internal_count=1577 1268 542 516 199 69 130 53 317 208 109 68 726 125
cat_boundaries=0 1
cat_threshold=462856
is_linear=0
shrinkage=0.05


Tree=309
num_leaves=15
num_cat=1
split_feature=16 30 15 0 6 28 2 27 27 22 16 4 9 4
split_gain=4.31165 8.23637 8.14334 5.27237 6.66706 7.34715 5.41888 5.1211 4.74381 6.0535 5.7777 4.55853 4.8471 4.42044
threshold=30.350000000000005 0.49444444444444452 6.5500000000000007 56.145060000000008 0 0.57766848213376776 0.86548282553247169 0.62361111111111123 0.75961538461538469 24.500000000000004 9.0500000000000025 0.037881117150000011 3.9500000000000006 1.5800276808750005
decision_type=8 10 10 2 9 8 2 10 8 2 8 2 10 2
left_child=2 7 3 4 5 -1 -7 -2 9 -6 -10 12 -12 -13
right_child=1 -3 -4 -5 8 6 -8 -9 10 -11 11 13 -14 -15
leaf_value=-0.034914368818136116 -0.032449248305044823 0.03976240606257897 0.058032639884605532 -0.027323312209929607 0.024880430679033835 -0.015424623789742273 0.05410365102032752 0.029923476134015206 0.036172150150441625 -0.039441999794545102 0.056171923749811371 -0.044361011637832175 -0.031936567755352571 0.013555618879865098
leaf_weight=19.655248027294881 27.632092150859538 4.7471849136054507 5.4876310564577571 13.945042716339229 51.962391071021557 5.4585299845784885 4.1185172088444233 2.9298948422074309 5.5737625472247601 3.0465714298188677 2.8579619694501224 11.792473016306756 1.7840130124241111 3.9089916162192813
leaf_count=249 326 22 36 141 344 76 26 28 58 31 27 148 22 43
internal_value=-0.000819265 -0.0160558 0.00342332 0.000564022 0.00430835 -0.0135179 0.0167637 -0.0257111 0.0111259 0.0206774 -0.00502869 -0.0174829 0.0226512 -0.0299939
internal_weight=164.9 35.3092 129.591 124.104 110.158 29.2323 9.57705 30.562 80.9262 55.009 25.9172 20.3434 4.64197 15.7015
internal_count=1577 376 1201 1165 1024 351 102 354 673 375 298 240 49 191
cat_boundaries=0 1
cat_threshold=196617
is_linear=0
shrinkage=0.05


Tree=310
num_leaves=15
num_cat=1
split_feature=25 25 10 14 18 14 7 8 1 19 12 25 8 3
split_gain=5.76622 6.82331 6.65403 6.6308 6.89859 6.9642 6.78952 6.08491 10.0183 5.99358 5.09581 4.68183 4.60252 4.21926
threshold=1068.0000000000002 657.50000000000011 13.450000000000001 6.9236781609195415 0.65000000000000013 1.5750000000000004 0 16.450000000000003 -115.78155649999998 5.9500000000000011 -18.949999999999996 287.00000000000006 20.350000000000005 0.78192542922038288
decision_type=10 10 8 10 8 10 1 8 2 10 10 10 10 2
left_child=1 3 -3 4 5 9 7 8 -5 -1 13 -10 -9 -2
right_child=10 2 -4 6 -6 -7 -8 12 11 -11 -12 -13 -14 -15
leaf_value=-0.033942102200358891 0.054018460862050414 0.070233231748799085 -0.0076842174318579011 -0.010664918012315018 -0.021410876660317553 -0.040635099613519278 -0.020129752052290627 -0.027572464502031525 0.053146097374175839 0.047217291606595879 -0.044363027538097725 -0.00028092856835287388 0.029488603053487012 -0.030704930280852118
leaf_weight=2.0690930727869263 2.1678938250988748 5.7374272085726243 4.3150817267596722 11.60982578247785 51.989956362172961 3.3791477661579838 14.472675736062227 10.079371521249412 22.249846084043391 10.504409423097966 12.256205240264533 4.965774241834878 4.2493254095315924 1.8547361474484203
leaf_count=19 25 43 49 107 545 35 258 70 92 84 163 32 28 27
internal_value=-0.00189324 0.00133817 0.0391177 -0.00172912 -0.0126696 0.015401 0.00928687 0.0175202 0.0276075 0.032345 -0.0292042 0.0437333 -0.0098306 0.0166188
internal_weight=161.901 145.622 10.0525 135.569 67.9426 15.9527 67.6268 53.1541 38.8254 12.5735 16.2788 27.2156 14.3287 4.02263
internal_count=1577 1362 92 1270 683 138 587 329 231 103 215 124 98 52
cat_boundaries=0 1
cat_threshold=1
is_linear=0
shrinkage=0.05


Tree=311
num_leaves=15
num_cat=1
split_feature=6 0 16 17 15 21 15 2 18 2 0 23 27 20
split_gain=5.61626 9.06924 7.67378 7.00753 11.3846 7.73091 4.9455 4.79556 6.10038 4.78412 3.99167 3.95904 3.9468 3.89739
threshold=0 55.81177846500001 37.95000000000001 12.500000000000002 1.0500000000000003 1.5000000000000002 -35.149999999999999 -0.64578423485557612 20.450000000000003 0.90162119223771331 57.92396728500001 1.5000000000000002 0.55873015873015885 2.5000000000000004
decision_type=9 2 10 10 10 2 8 2 8 2 2 2 10 2
left_child=3 2 6 4 9 -6 -2 -7 -9 -1 11 13 -13 -3
right_child=1 10 -4 -5 5 7 -8 8 -10 -11 -12 12 -14 -15
leaf_value=-0.036380214415145377 0.014842358987221083 0.012693975165827251 0.055362634731316175 0.031153121598659812 0.051946648461767699 -0.032307423212707437 -0.032375724090195561 0.037416164943933093 -0.037941715668587388 0.014057843809378323 -0.028128569206916854 -0.024807445579813889 0.035591228660691969 0.060028939982673363
leaf_weight=19.387635178864006 5.7044074740260839 13.667218524962669 2.0754735283553591 24.052873024716973 10.679273838177325 6.3681200407445457 45.882169784978032 9.0971174314618075 2.7608587816357621 5.5191911458969107 5.0805165134370318 8.1093677505850774 2.8747368659824124 5.9443900175392619
leaf_count=277 36 83 7 147 60 64 614 52 28 35 54 80 15 25
internal_value=-0.00101043 -0.00901081 -0.0228325 0.00826163 -0.000844787 0.0201889 -0.0269714 -0.000153073 0.0182845 -0.0250923 0.00937773 0.0162989 -0.00734919 0.0292578
internal_weight=167.203 89.3383 53.6621 77.8651 53.8122 28.9054 51.5866 18.2261 11.858 24.9068 35.6762 30.5957 10.9841 19.6116
internal_count=1577 914 657 663 516 204 650 144 80 312 257 203 95 108
cat_boundaries=0 1
cat_threshold=82504
is_linear=0
shrinkage=0.05


Tree=312
num_leaves=15
num_cat=1
split_feature=30 10 3 32 25 9 12 11 28 3 25 7 0 25
split_gain=5.14449 4.41046 5.75252 4.96087 4.29047 4.17448 4.79887 4.09039 3.75251 3.60939 3.876 3.91142 3.81344 3.42835
threshold=1.0000000180025095e-35 11.550000000000002 0.14888728888808328 0.033449883449883457 1708.0000000000002 2.4500000000000006 5.1500000000000012 2.6000000000000001 0.36388888888888898 0.99138911339924218 79.500000000000014 0 52.526759000000006 69.000000000000014
decision_type=10 10 2 8 10 10 8 10 10 2 10 1 2 10
left_child=1 2 -1 13 5 -5 -7 8 9 10 -4 12 -12 -3
right_child=-2 3 7 4 -6 6 -8 -9 -10 -11 11 -13 -14 -15
leaf_value=0.032790360326481027 -0.02320593845043278 0.014044533002004634 -0.0061268051192906528 0.02227567954375061 0.047214943057876463 -0.029670168367064834 0.0079464002061702035 -0.028276741853032174 -0.030126278834770856 0.057564978169700867 0.00677984552074112 -0.023846299673475596 0.049483448231639998 -0.035685994806545135
leaf_weight=22.351980051025748 18.497378460131586 3.7794060744345215 22.747659713961184 12.157790284603832 4.0021509584039441 15.958422649651768 16.29102540761232 7.7270457446575156 4.7221751045435658 3.1588017251342526 10.093906721100213 3.2115659862756756 10.728197794407604 15.872824560850857
leaf_count=166 250 48 210 78 24 143 137 68 69 23 61 41 71 158
internal_value=0.000996302 0.00405791 0.0116117 -0.00537899 0.00330943 -0.00160017 -0.0110004 0.00362648 0.00856329 0.0127412 0.0085732 0.0221756 0.0300414 -0.0259051
internal_weight=171.3 152.803 84.7413 68.0616 48.4094 44.4072 32.2494 62.3894 54.6623 49.9401 46.7813 24.0337 20.8221 19.6522
internal_count=1547 1297 709 588 382 358 280 543 475 406 383 173 132 206
cat_boundaries=0 1
cat_threshold=1
is_linear=0
shrinkage=0.05


Tree=313
num_leaves=15
num_cat=1
split_feature=6 2 25 4 28 2 4 2 25 10 19 18 12 15
split_gain=3.04139 3.33872 3.33986 2.64823 2.4932 2.30184 3.50618 2.91596 3.07471 2.44461 2.34633 2.17134 3.51357 3.73691
threshold=0 0.91939013254733981 33.500000000000007 0.029534200600000001 1.0000000180025095e-35 -0.69674959280705229 0.092479803705000016 -0.45274443793211405 373.00000000000006 27.850000000000005 31.850000000000012 9.0500000000000025 2.3500000000000001 -12.949999999999998
decision_type=9 2 8 2 8 2 2 2 10 8 10 10 8 8
left_child=1 2 -1 4 -4 6 -2 10 -9 -8 -7 -5 13 -13
right_child=5 -3 3 11 -6 7 9 8 -10 -11 -12 12 -14 -15
leaf_value=0.04046702636299631 0.0046494113780345203 -0.018102397722687232 -0.0049144837494481492 -0.0052953124775357574 0.046152381807109406 0.047270508969676703 -0.03677872543118741 -0.011090607943170636 0.012920359139427942 0.013052667479411754 0.00067353312019154566 -0.00040166588173414381 -0.0075340499368985363 0.063863610265730855
leaf_weight=8.1968686245381814 11.282926419749858 9.4694776423275453 3.25855681300163 30.614056158810854 6.4433174617588529 4.2293461840599758 16.033373417332768 49.196893950924277 17.227129695937037 2.360527744516733 5.649602560326457 3.8158855549991131 7.5440208278596392 4.5109458900988084
leaf_count=68 116 65 27 226 51 46 146 432 160 24 59 25 59 43
internal_value=0.00015732 0.00734779 0.0124344 0.00770869 0.0301441 -0.00508664 -0.01713 -0.000899583 -0.00476407 -0.0300405 0.0231339 0.00248999 0.0169312 0.0375277
internal_weight=179.833 73.8531 64.3837 56.1868 9.70187 105.98 29.6768 76.303 66.424 18.3939 9.87895 46.4849 15.8709 8.32683
internal_count=1547 564 499 431 78 983 286 697 592 170 105 353 127 68
cat_boundaries=0 1
cat_threshold=16747
is_linear=0
shrinkage=0.05


Tree=314
num_leaves=15
num_cat=1
split_feature=6 1 25 24 12 15 8 21 22 17 24 13 9 10
split_gain=4.40511 4.48206 2.81561 2.61322 2.59706 3.25021 4.04835 3.9106 2.63632 2.47977 5.20778 4.47737 3.49234 2.63956
threshold=0 -107.30818970499998 287.00000000000006 2.5000000000000004 0.45000000000000007 0.75000000000000011 15.950000000000001 3.5000000000000004 12.500000000000002 9.5000000000000018 4.5000000000000009 2.7500000000000004 -9.0499999999999989 15.750000000000002
decision_type=9 2 10 2 10 10 8 2 2 8 2 10 8 10
left_child=1 4 3 -3 9 -6 8 -8 -7 10 11 -1 -13 -11
right_child=-2 2 -4 -5 5 6 7 -9 -10 13 -12 12 -14 -15
leaf_value=0.062122597420238894 -0.013743796512781998 -0.0044712088273649343 0.045597556713867088 0.036004726659011499 -0.030694926826185659 0.0054895295601593442 -0.034762782221661959 0.011352779303169212 0.060403532288540153 -0.0048628602745787166 -0.014819667259087019 -0.026468013740289554 0.025721958355772775 0.033916372939230881
leaf_weight=6.2845057733357015 31.268021019175649 10.595898978412153 8.4935590997338277 5.2190370187163344 11.713518071919678 6.2434084787964839 9.0391104966402072 7.7819532528519622 2.5650845356285572 45.065787198022008 8.6038172692060453 3.3831796310842037 11.805709276348351 3.851192031055688
leaf_count=56 405 78 63 41 93 71 65 49 20 379 57 27 105 38
internal_value=0.000599776 0.00451468 0.023903 0.010233 0.00067909 -0.0100258 0.000218508 -0.0139884 0.0260087 0.00580172 0.0168477 0.0296309 0.0131803 -0.00119151
internal_weight=171.914 140.646 24.3085 15.8149 116.337 37.3431 25.6296 16.8211 8.80849 78.9942 30.0772 21.4734 15.1889 48.917
internal_count=1547 1142 182 119 960 298 205 114 91 662 245 188 132 417
cat_boundaries=0 1
cat_threshold=460873
is_linear=0
shrinkage=0.05


Tree=315
num_leaves=15
num_cat=0
split_feature=25 8 10 11 14 16 3 18 14 14 0 11 12 2
split_gain=6.16332 8.12657 8.34427 7.05295 9.17055 5.82693 5.00729 4.94248 5.00154 5.95968 6.48622 5.83584 4.7576 4.72276
threshold=19.500000000000004 18.050000000000004 2.0500000000000003 14.992857142857146 6.8065476190476195 26.350000000000005 0.84199059757024453 37.550000000000004 15.658333333333335 14.628333333333336 55.869086500000009 14.078571428571431 9.3500000000000032 0.73865729060996166
decision_type=10 8 10 8 10 10 2 8 10 8 2 10 10 2
left_child=3 2 5 4 6 -2 -1 8 9 10 11 13 -10 -4
right_child=1 -3 7 -5 -6 -7 -8 -9 12 -11 -12 -13 -14 -15
leaf_value=0.027403845449089134 -0.043465308249266019 -0.03738255370065801 0.030822460446466211 0.037742130678285218 -0.04409145537935226 0.049523029582411081 -0.034964192250383143 -0.038436683532746589 -0.043666332807720254 0.054724125626806397 -0.040301840955272568 -0.039145663168236318 0.024784169889763744 -0.0033315625535233423
leaf_weight=17.904158296994872 12.540591384284197 14.806819838471709 32.378558790311224 21.534167819656432 7.4242406506091347 1.0813245922327031 2.9858869221061459 4.3938611606135956 6.3638317752629501 7.8073675725608984 4.8116099443286648 3.5634296685457221 3.0797148589044809 14.266648484393953
leaf_count=155 247 213 198 140 101 3 67 80 78 22 53 43 20 127
internal_value=0.00256933 -0.00430814 0.00146606 0.0168684 0.000247193 -0.0332017 0.0172993 0.00797405 0.0112817 0.0164046 0.0100873 0.0156089 -0.0211077 0.0205256
internal_weight=154.942 105.094 90.2869 49.8485 28.3143 13.6219 20.89 76.665 72.2712 62.8276 55.0202 50.2086 9.44355 46.6452
internal_count=1547 1084 871 463 323 250 222 621 541 443 421 368 98 325
is_linear=0
shrinkage=0.05


Tree=316
num_leaves=15
num_cat=1
split_feature=3 28 24 10 3 8 14 31 13 32 3 15 19 6
split_gain=7.14707 5.79152 5.63591 4.81059 4.20336 4.47583 3.88969 3.63239 3.95366 3.61016 3.5861 3.31019 3.24285 2.82178
threshold=-0.59867820553660911 0.27326127819548879 1.0000000180025095e-35 28.750000000000004 -0.77243990499604276 11.950000000000001 11.998666666666669 0.1702898550724638 27.950000000000003 0.25595238095238099 0.59003219687534991 1.7500000000000002 56.600000000000009 0
decision_type=2 8 2 10 2 8 8 10 8 8 2 10 10 9
left_child=2 7 3 4 5 -1 12 8 13 -7 -9 -11 -4 -2
right_child=1 -3 6 -5 -6 9 -8 10 -10 11 -12 -13 -14 -15
leaf_value=-0.023520918497582515 0.013584516405098898 -0.023981727824400882 -0.018507157276231905 -0.019409079413952035 0.05030052367436192 0.042725762465994438 -0.028517185803058662 0.042949411600111148 -0.042874282402092907 0.023297506674908503 -0.012422646029822244 -0.037442725103137571 0.055449319546385337 -0.0085473643256793966
leaf_weight=5.2206058055162439 12.005114196799694 43.555862789973617 2.0364390444010478 5.6137503180652848 12.38555825315416 10.867172293365003 11.169422459788619 7.3783369529992324 5.3700041249394408 4.4792892821133128 3.9250914938747883 2.799899697303772 2.2342287907376885 27.547909757122397
leaf_count=29 90 570 26 36 74 51 148 43 51 39 34 27 19 310
internal_value=-0.00249265 -0.0105172 0.0115408 0.0210316 0.0277367 0.0142034 -0.013619 0.000149982 -0.00631664 0.0257182 0.0242747 -0.00176646 0.0233633 -0.000418457
internal_weight=156.589 99.7823 56.8064 41.3663 35.7525 23.367 15.4401 56.2265 44.923 18.1464 11.3034 7.27919 4.27067 39.553
internal_count=1547 1098 449 256 220 146 193 528 451 117 77 66 45 400
cat_boundaries=0 1
cat_threshold=81920
is_linear=0
shrinkage=0.05


Tree=317
num_leaves=15
num_cat=0
split_feature=26 17 0 0 8 16 11 4 30 2 8 31 4 2
split_gain=6.19676 10.6844 6.47019 4.57153 3.9012 7.96106 4.56888 6.06009 5.96856 4.72172 4.48428 4.07542 4.76295 4.06394
threshold=0.28402777777777782 15.500000000000002 53.357140000000008 58.002617005000012 8.9500000000000011 20.050000000000004 11.442857142857145 0.074029419450000009 0.38194444444444448 -0.31799228562170639 17.950000000000003 0.052777777777777785 0.16217934516000002 0.24372619187392155
decision_type=8 10 2 2 8 10 8 2 10 2 10 8 2 2
left_child=3 -2 -3 4 5 -1 11 13 9 10 -9 12 -6 -8
right_child=1 2 -4 -5 6 -7 7 8 -10 -11 -12 -13 -14 -15
leaf_value=0.0042914500827898674 -0.026594428660077593 0.048544870439313555 -0.033697901288000813 0.053942045789096719 0.009689781144565349 -0.04323848115659696 0.041906157749127426 0.021775186478102351 0.038693525394032258 -0.045459171480931974 -0.038770719441038284 -0.0057343062778246537 0.080646121021741818 -0.011790122587754552
leaf_weight=43.488127857446671 38.862486999481916 8.109347300603984 2.4453244507312766 3.87022641301155 4.2087267898023093 10.003948659636078 12.032567590475084 7.8096423316746968 4.1558830961585036 9.5308306869119424 3.6846824120730162 3.7217081636190423 5.4762781672179699 4.3206615056842557
leaf_count=353 515 73 39 16 28 130 83 59 22 100 44 33 22 30
internal_value=2.39791e-05 -0.0145587 0.0282234 0.0065127 0.00434238 -0.00522783 0.0135871 0.00504048 -0.0102754 -0.021272 0.000816619 0.037877 0.0536039 0.0278573
internal_weight=161.72 49.4172 10.5547 112.303 108.433 53.4921 54.941 41.5343 25.181 21.0252 11.4943 13.4067 9.685 16.3532
internal_count=1547 627 112 920 904 483 421 338 225 203 103 83 50 113
is_linear=0
shrinkage=0.05


Tree=318
num_leaves=15
num_cat=0
split_feature=32 20 18 25 4 2 28 13 10 9 9 11 4 14
split_gain=4.68616 4.75769 5.81348 4.61386 5.07235 4.41014 4.28637 3.83404 3.59897 5.13275 3.56179 5.53511 5.02715 4.39533
threshold=0.30059523809523819 51.500000000000007 3.5500000000000003 82.500000000000014 0.30774732178000003 1.0000000180025095e-35 0.22897452788757139 4.4500000000000011 9.0500000000000025 1.5500000000000003 13.050000000000002 12.428571428571429 0.12198823612000002 15.979540229885059
decision_type=8 2 10 8 2 2 10 10 10 10 10 10 2 8
left_child=1 2 5 4 -2 -1 -3 -7 -9 -10 11 -5 -13 -14
right_child=3 6 -4 10 -6 7 -8 8 9 -11 -12 12 13 -15
leaf_value=-0.022303628136735434 0.041744110765010244 0.055440510804179659 -0.034662240715064831 -0.0078157524674860122 -0.010166733450488488 0.050137766544280961 -0.028127202406343227 -0.037165158080996512 0.058121815735325981 -0.020811607093192019 -0.037613653482573506 -0.014156331229343353 0.054113857219480324 -0.0012497171895929557
leaf_weight=13.274177377112212 12.76951193995774 3.3999729230999938 27.412558454088867 53.588324526324868 6.6445614509284487 4.4216315830126396 1.5992061365395782 3.4881916437298042 3.0762708839029074 3.388715174049139 5.5442554373294106 6.4036622848361757 10.139139033854004 5.2208445034921178
leaf_count=208 77 25 443 354 52 55 41 53 30 45 37 58 39 30
internal_value=-0.0035155 -0.0144409 -0.0187758 0.00310405 0.0243497 -0.0023651 0.0284753 0.0162999 -0.00193736 0.0195023 -0.00222969 0.000832329 0.0215343 0.0363697
internal_weight=160.371 60.0607 55.0615 100.31 19.4141 27.649 4.99918 14.3748 9.95318 6.46499 80.8962 75.352 21.7636 15.36
internal_count=1547 900 834 647 129 391 66 183 128 75 518 481 127 69
is_linear=0
shrinkage=0.05


Tree=319
num_leaves=15
num_cat=1
split_feature=6 14 15 26 18 25 15 3 17 18 13 17 27 25
split_gain=4.96063 6.1607 10.6008 5.47439 8.27155 4.46892 6.03861 7.92111 7.08838 5.177 5.58023 4.55733 4.51465 4.40274
threshold=0 7.1897126436781624 -4.4499999999999993 0.16074534161490686 0.35000000000000003 353.00000000000006 1.9500000000000002 0.67007489853957602 13.500000000000002 31.900000000000002 28.550000000000004 18.500000000000004 0.10555555555555557 275.00000000000006
decision_type=9 8 8 8 10 8 10 2 8 10 10 8 10 8
left_child=5 -2 -3 -4 -5 9 7 -7 -9 10 12 -10 13 -1
right_child=1 2 3 4 -6 6 -8 8 11 -11 -12 -13 -14 -15
leaf_value=-0.00031632044440752134 -0.03880716189614692 0.059461203511305488 -0.042339026273416611 0.06318130570618137 -0.035977406814197033 -0.029528549273542357 0.021764002356484617 -0.024049445300868156 0.056611696460529916 -0.037043690498655239 -0.016598767514645722 -0.0027284528345942168 0.038068443730540497 0.054750863833052825
leaf_weight=21.744487300515178 15.628114519640802 4.9096237383782864 8.8756601167842746 3.2163634002208719 3.2774697598069906 26.81735603697598 17.091247051954269 7.9293256215751198 7.2795230988413069 3.5016032308340064 8.7774505354464036 5.1662525925785312 28.935596183873713 3.3543556388467541
leaf_count=174 259 35 148 24 62 275 110 78 31 51 66 27 188 19
internal_value=0.00150278 -0.012781 0.00215096 -0.0186703 0.0150128 0.00601172 -0.00291834 -0.0121234 0.0110946 0.0154763 0.0189388 0.0336086 0.0249083 0.00885902
internal_weight=166.504 35.9072 20.2791 15.3695 6.49383 130.597 64.2837 47.1925 20.3751 66.3135 62.8119 12.4458 54.0344 25.0988
internal_count=1547 528 269 234 86 1019 521 411 136 498 447 58 381 193
cat_boundaries=0 1
cat_threshold=84552
is_linear=0
shrinkage=0.05


Tree=320
num_leaves=15
num_cat=0
split_feature=27 12 25 32 18 10 9 13 13 13 17 8 26 9
split_gain=5.5995 5.93733 3.51714 3.19253 3.06159 2.97945 3.63095 3.89863 3.07098 5.03302 4.23438 6.21515 4.184 4.03074
threshold=0.24985224586288418 -20.849999999999998 531.50000000000011 0.15331196581196585 0.95000000000000018 -16.599999999999998 -17.349999999999998 5.3500000000000005 23.550000000000004 18.850000000000005 14.500000000000002 -2.9499999999999997 0.034898721967687493 12.450000000000001
decision_type=8 8 10 10 10 8 8 8 10 10 10 10 10 8
left_child=1 2 -1 -3 -5 -2 7 -7 9 10 12 -12 -8 -10
right_child=5 3 -4 4 -6 6 8 -9 13 -11 11 -13 -14 -15
leaf_value=-0.013371258239838686 -0.031746644017442836 -0.035787401945228475 0.042100239877637988 -0.038189825042394182 0.010390403166195095 0.049335394026041597 0.0026309908333664472 -0.014253726440767035 0.025864057604064791 -0.028504663986930114 -0.024849599394857994 0.038423841912913814 -0.039403829374084536 -0.0095952101225256214
leaf_weight=4.480003943666814 4.162864588201046 21.742503740824759 5.4111156612634659 3.6650773510336867 9.7321217013522965 8.1320981103926879 32.24961799941957 2.7620521783828726 26.387401833198965 13.302769710309802 4.3966384064406183 14.604775843210517 6.2225648863241068 10.712369022890924
leaf_count=43 39 310 30 41 88 60 275 27 208 111 42 100 55 88
internal_value=3.40079e-05 -0.0148576 0.0180546 -0.024365 -0.00462919 0.00556472 0.00712662 0.0333704 0.00419417 -0.00194105 0.00458966 0.0232729 -0.00499383 0.0156423
internal_weight=167.964 45.0308 9.89112 35.1397 13.3972 122.933 118.77 10.8942 107.876 70.7764 57.4736 19.0014 38.4722 37.0998
internal_count=1517 512 73 439 129 1005 966 87 879 583 472 142 330 296
is_linear=0
shrinkage=0.05


Tree=321
num_leaves=15
num_cat=0
split_feature=1 30 28 30 25 0 25 24 25 27 0 0 13 25
split_gain=2.7362 2.64238 4.40841 5.24973 4.12821 2.3762 2.19197 2.20089 2.1959 1.90035 1.78436 3.73759 2.33525 2.93219
threshold=-115.05504988 0.12828947368421054 0.24529914529914534 0.25735294117647062 49.500000000000007 54.389036470000008 342.50000000000006 1.0000000180025095e-35 11.500000000000002 0.11437908496732027 53.547426500000007 53.547402730000009 2.1000000000000005 574.50000000000011
decision_type=2 8 10 10 10 2 10 2 10 10 2 2 8 10
left_child=1 5 9 4 -4 -1 8 -8 -7 -3 11 12 13 -2
right_child=10 2 3 -5 -6 6 7 -9 -10 -11 -12 -13 -14 -15
leaf_value=-0.030810026981185037 0.039753157215311023 0.001264891296254128 0.0078962921639515668 -0.020511823743674412 0.11913181435875198 0.021902766784892912 -0.010965960096561991 0.040458953634168793 -0.021320109567624573 -0.033368703154139888 -0.01301611282758007 0.057588698973637713 0.0023089440102158783 -0.015158362009569468
leaf_weight=14.984735358506439 8.2329760789871234 22.707082491368062 1.5384311117231839 1.6149553563445804 1.3253716565668581 2.6884053163230481 3.3066986352205268 3.4028424359858036 16.463643984869123 3.7809872217476359 11.044809475541113 2.5914794877171508 79.482271157205105 2.6954542547464362
leaf_count=142 67 182 31 21 20 24 33 28 126 35 95 22 672 19
internal_value=4.33373e-05 -0.0074058 0.00356257 0.044432 0.0768854 -0.0156077 -0.00598003 0.0169799 -0.014467 -0.0047129 0.00520628 0.00748579 0.00543538 0.0260741
internal_weight=175.86 71.8132 30.9668 4.47876 2.8638 40.8463 25.8616 6.70954 19.152 26.4881 104.047 93.0022 90.4107 10.9284
internal_count=1517 642 289 72 51 353 211 61 150 217 875 780 758 86
is_linear=0
shrinkage=0.05


Tree=322
num_leaves=15
num_cat=0
split_feature=18 25 4 3 24 18 13 1 11 13 0 25 12 9
split_gain=3.10584 3.02186 4.83302 3.82 4.27978 3.5481 3.47591 2.59009 2.60857 3.11617 6.0467 4.43386 2.4037 2.94534
threshold=20.850000000000005 152.50000000000003 1.0089775083100001 0.77108682076304769 18.500000000000004 0.65000000000000013 4.4500000000000011 -121.28823719999998 -7.4500000000000002 21.050000000000004 51.336044000000008 325.50000000000006 -10.049999999999999 3.7500000000000004
decision_type=10 8 2 2 2 10 8 2 8 8 2 10 10 10
left_child=1 2 3 4 -1 -3 -5 -7 -9 10 -10 -11 -4 -14
right_child=-2 5 12 6 -6 7 -8 8 9 11 -12 -13 13 -15
leaf_value=-0.0099901993839094962 -0.014497449357610673 -0.015840320654466951 0.083967322452514481 -0.0017797142926476448 0.031751451134590152 -0.023484524329565 0.052133018779584719 -0.012013075830528531 0.00070900961746706362 -0.023092663447179907 0.06016165364151782 0.025066058769260255 -0.016367999109734809 0.049972146158536332
leaf_weight=31.10848230868578 30.043645113706589 32.070119224488735 2.0746852979063988 4.9762290287762863 6.5965210832655421 5.8556541912257662 6.2552307322621346 9.9321431014686805 8.3521224185824448 8.5486905537545663 7.8171589486300936 8.5707689728587848 2.376635054126381 2.6808749847114086
leaf_count=242 283 292 20 43 53 45 56 95 94 77 78 96 20 23
internal_value=-0.000207216 0.00300392 0.0118257 0.00576796 -0.0020558 -0.00316129 0.0300537 0.00527496 0.00961432 0.0162293 0.0312818 0.00107049 0.0475696 0.0212418
internal_weight=167.259 137.215 56.0687 48.9365 37.705 81.1467 11.2315 49.0765 43.2209 33.2887 16.1693 17.1195 7.1322 5.05751
internal_count=1517 1234 457 394 295 777 99 485 440 345 172 173 63 43
is_linear=0
shrinkage=0.05


Tree=323
num_leaves=15
num_cat=0
split_feature=18 18 3 18 9 8 20 27 12 13 3 4 12 29
split_gain=8.80058 9.72476 9.51218 8.50631 11.2483 9.7926 9.17779 7.75292 5.55993 8.26372 5.35197 4.80124 4.06312 3.95284
threshold=0.35000000000000003 2.5500000000000007 -0.28519997588938989 3.7000000000000006 4.5500000000000007 17.850000000000005 12.500000000000002 0.26038523765796501 6.7500000000000009 17.550000000000004 0.84199059757024453 0.012825664335000002 -37.249999999999993 0.040064102564102567
decision_type=10 10 2 10 10 8 2 10 10 8 2 2 8 10
left_child=2 -2 7 6 12 8 -3 -1 9 -6 -4 -12 -5 -14
right_child=1 3 10 4 5 -7 -8 -9 -10 -11 11 -13 13 -15
leaf_value=-0.04436746263388025 -0.0447441168355176 -0.022085774579529614 0.034937087650940807 0.036128478946308974 0.048165033034961773 -0.041316333864523012 0.063130203646969738 0.020402000580194854 0.048214590451667927 -0.02703329136102128 0.050331023190564775 -0.038765765836265897 -0.04484204881133174 0.0034407566454931239
leaf_weight=9.2849327828735131 15.140832054428754 4.2120894994586697 35.814343447797 1.3022008202970026 4.9421708025038233 6.1839447757229236 8.0837925253435952 7.575146021321415 11.857586201280354 8.4898768980056065 1.1496485825628031 4.4080990012735128 22.351337363012142 5.0128677366301408
leaf_count=112 234 57 175 5 31 92 23 49 68 112 6 74 431 48
internal_value=0.000333898 -0.00964526 0.0152512 -0.00179937 -0.00965795 0.0108633 0.034473 -0.0157539 0.0247088 0.0020553 0.0279602 -0.015471 -0.0317955 -0.0361876
internal_weight=145.809 87.5767 58.2322 72.4359 60.14 31.4736 12.2959 16.8601 25.2896 13.432 41.3721 5.55775 28.6664 27.3642
internal_count=1517 1101 416 867 787 303 80 161 211 143 255 80 484 479
is_linear=0
shrinkage=0.05


Tree=324
num_leaves=15
num_cat=1
split_feature=6 30 16 31 19 25 19 9 0 16 29 15 25 14
split_gain=5.24598 7.59335 7.01824 6.71064 4.85142 3.80009 6.66041 9.01143 4.8782 3.97089 3.01857 2.66249 2.62436 2.49817
threshold=0 0.44558823529411767 13.15 0.32159090909090915 175.65000000000001 359.50000000000006 30.450000000000003 5.0500000000000007 45.468000000000011 33.250000000000007 0.14434523809523811 5.0500000000000007 3071.5000000000005 -2.7799999999999998
decision_type=9 10 10 10 8 10 10 8 2 8 10 8 10 8
left_child=2 3 -1 10 5 6 -4 -8 -9 11 12 -7 13 -2
right_child=1 -3 4 -5 -6 9 7 8 -10 -11 -12 -13 -14 -15
leaf_value=-0.029190145444259886 -0.0030142885492164951 0.042252733623465197 -0.037390085216824645 0.029726487938703527 0.060539363857943285 0.027232287540555868 0.057313845433113311 0.02936390345201785 -0.028449511420151674 0.073110244439296562 0.018606580325607372 -0.025139026510587265 0.018606281852287493 -0.026295933034693755
leaf_weight=8.1723098061047477 14.648520757444201 5.7227741554379454 7.1154775382019606 7.4843036113306871 5.1224180962890378 8.6561137158423644 7.1778546785935777 4.7104397043585768 9.2554070223122817 3.3763273190706959 4.7546570878475896 2.3745270296931258 3.5291883684694758 58.300860743969679
leaf_count=153 230 29 98 52 30 59 61 26 89 20 35 16 23 596
internal_value=-0.00156379 -0.00833581 0.00959025 -0.0129628 0.0186501 0.0123497 0.00140761 0.0155631 -0.00829091 0.0323282 -0.0172095 0.014806 -0.0196476 -0.0217249
internal_weight=150.401 94.4403 55.9609 88.7175 47.7886 42.6661 28.2592 21.1437 13.9658 14.407 81.2332 11.0306 76.4786 72.9494
internal_count=1517 965 552 936 399 369 274 176 115 95 884 75 849 826
cat_boundaries=0 1
cat_threshold=201768
is_linear=0
shrinkage=0.05


Tree=325
num_leaves=15
num_cat=0
split_feature=16 14 0 33 3 0 3 1 0 26 22 11 16 17
split_gain=5.03396 7.47343 6.37781 6.27517 6.05661 5.60074 6.67169 4.57028 6.35695 5.77838 4.46626 4.32374 3.83219 4.93623
threshold=9.7500000000000018 -5.8516666666666657 51.865352000000009 0.12761111111111115 0.96407344085605606 48.631232500000003 -0.39036009226888674 -79.376951999999974 50.605087265000002 0.50925925925925941 6.5000000000000009 -14.735714285714282 28.350000000000005 2.5000000000000004
decision_type=8 10 2 8 2 2 2 2 2 8 2 8 10 10
left_child=1 2 -1 4 7 6 -5 8 10 -10 -2 -4 -7 -14
right_child=3 -3 11 5 -6 12 -8 -9 9 -11 -12 -13 13 -15
leaf_value=-0.040027810623142944 0.032689594536211418 0.054625510530800225 0.04403090875444958 0.048700983702607795 0.060286055305164503 -0.044479426536918623 -0.035346750957337088 -0.031916923542754549 -0.011055188222848461 0.046733957012924161 -0.0081859434435386999 -0.002115404051258108 -0.029039724411564185 0.037866306132293706
leaf_weight=5.1721051139757064 25.378317661583424 9.9324973262846452 7.9660001005977392 4.8857681080698967 3.8169797528535119 16.102194353006784 3.0362105499953023 7.6577712334692469 43.524984441697598 3.8021915219724169 8.4868693053722364 11.50012747384608 6.5017528822645527 3.3703553155064583
leaf_count=95 161 50 45 45 17 270 48 112 340 16 88 97 101 32
internal_value=0.0035791 0.0201985 0.00473053 -0.00108324 0.00566792 -0.0191734 0.0161372 0.0026767 0.00628806 -0.00554153 0.0225049 0.0179975 -0.0301419 -0.00481596
internal_weight=161.134 34.5707 24.6382 126.563 92.6671 33.8963 7.92198 88.8501 81.1924 47.3272 33.8652 19.4661 25.9743 9.87211
internal_count=1517 287 237 1230 734 496 93 717 605 356 249 142 403 133
is_linear=0
shrinkage=0.05


Tree=326
num_leaves=15
num_cat=1
split_feature=6 3 18 0 31 33 13 3 18 2 4 11 14 3
split_gain=7.35936 3.89841 3.58242 4.533 4.89424 3.10181 4.87508 4.17219 4.12662 3.8889 5.1643 4.48979 3.90281 3.22174
threshold=0 0.97832380634958016 25.350000000000005 49.033315000000009 0.29464285714285715 0.073809523809523811 10.65 0.82293497932636284 17.850000000000005 -0.9954993026558282 0.10222958481500001 -1.6499999999999997 7.1897126436781624 0.85561368268953431
decision_type=9 2 10 2 8 8 8 2 10 2 2 10 8 2
left_child=1 5 -2 -4 -5 6 8 9 -1 -8 -11 -12 -13 -7
right_child=2 -3 3 4 -6 13 7 -9 -10 10 11 12 -14 -15
leaf_value=-0.043037949809668651 -0.026497919807681965 -0.038562301551032428 -0.03634849252572421 -0.014512792289481539 0.068724960355169742 0.01179131122427865 0.050410430519106333 0.059997646514725882 0.025100904768121515 -0.02855999737076232 0.068917137263355605 -0.033720468877304476 0.015757606287418815 0.045276900571063254
leaf_weight=8.6866191420704109 32.08306638430804 3.4499300457537165 2.6662066783756 2.656707214191556 2.9724349100142717 60.204530257731676 2.838334158062934 2.534330938011407 2.1609246656298646 11.297192409634592 1.9936802312731767 4.434415575116871 13.990239370614292 7.4311380498111239
leaf_count=125 495 42 33 62 12 349 16 21 21 126 16 39 109 51
internal_value=0.000735173 0.00698254 -0.0153753 0.00932459 0.0331772 0.00926023 -0.000489197 0.00823381 -0.0284912 0.00285649 -0.00281006 0.0121053 0.00272639 0.0160764
internal_weight=159.4 119.021 40.3784 8.29535 5.62914 115.571 47.9357 37.0882 10.8475 34.5539 31.7155 20.4183 18.4247 67.6357
internal_count=1517 915 602 107 74 873 473 327 146 306 290 164 148 400
cat_boundaries=0 1
cat_threshold=280839
is_linear=0
shrinkage=0.05


Tree=327
num_leaves=15
num_cat=1
split_feature=28 6 9 19 29 1 4 25 25 15 25 25 25 19
split_gain=5.11485 4.32743 7.73218 5.35034 5.43631 3.46469 4.80517 3.74012 7.15366 4.82522 3.27555 14.574 7.02875 6.47343
threshold=0.74038461538461553 0 -9.0499999999999989 70.350000000000023 1.0000000180025095e-35 -120.50352199999999 0.0096261845900000014 502.50000000000006 1959.0000000000002 4.6500000000000012 157.00000000000003 218.00000000000003 47.500000000000007 16.050000000000004
decision_type=10 9 10 10 10 2 2 10 10 8 8 8 10 10
left_child=1 2 -1 4 10 6 -4 9 -9 -7 12 -12 13 -3
right_child=-2 3 5 -5 -6 7 -8 8 -10 -11 11 -13 -14 -15
leaf_value=-0.042338846946652992 0.033234111851245245 -0.039581918785722675 0.040433442044031473 -0.043014526608771385 -0.043349412648821466 0.037320094161021035 -0.026986024244029912 -0.035696915426007385 0.037960698641142404 -0.019724355980640994 0.067902089111155292 -0.0067492707304076917 -0.046366253678561759 0.031548338857273851
leaf_weight=6.2226341553032389 8.1772543601691705 3.8989394353702691 2.6005459688603869 11.383644982241092 8.43075183033943 24.443186227232221 9.242703923955558 6.5995564665645343 4.8300203010439873 3.6955950781702986 6.6420611888170233 44.393492467701435 10.5383423268795 8.3033577082678658
leaf_count=84 61 49 9 231 104 129 100 59 22 28 30 414 118 79
internal_value=-0.00304872 -0.00521609 0.0053957 -0.0111324 -0.00759158 0.0129003 -0.0101865 0.0198913 -0.00402018 0.0294084 -0.00298029 0.00408449 -0.0183396 0.00754384
internal_weight=159.402 151.225 57.6342 93.5906 82.2069 51.4116 11.8432 39.5684 11.4296 28.1388 73.7762 51.0356 22.7406 12.2023
internal_count=1517 1456 431 1025 794 347 109 238 81 157 690 444 246 128
cat_boundaries=0 1
cat_threshold=115264
is_linear=0
shrinkage=0.05


Tree=328
num_leaves=15
num_cat=1
split_feature=6 3 14 8 2 4 9 9 0 17 19 26 2 0
split_gain=5.99378 4.80427 4.3139 3.82423 7.30717 4.73058 4.13093 5.54384 3.49071 5.09468 5.33532 3.3888 3.26715 3.17312
threshold=0 0.99138911339924218 20.045000000000005 8.5500000000000025 -0.98930078251469888 0.58197783338500009 10.250000000000002 11.65 55.031945 19.500000000000004 46.600000000000009 0.051315789473684217 0.90892735371523092 52.376735000000004
decision_type=9 2 10 10 2 2 8 8 2 10 10 8 2 2
left_child=-1 2 3 4 -2 8 11 -8 13 10 -10 -5 -7 -6
right_child=1 -3 -4 6 5 12 7 -9 9 -11 -12 -13 -14 -15
leaf_value=-0.021575972503643792 0.055281649153501956 0.05465258754716134 0.048836353547407757 -0.039979782961939908 0.0056851091705178419 -0.039440839016886137 0.044395121379626167 -0.010582777727469603 -0.02959268052001577 0.04453772445722199 0.02677448523904551 -0.0072301687852546828 0.013435868838776297 0.030242397832730999
leaf_weight=14.027206767350435 6.4617621954530469 3.7241517286747685 4.0621860921382895 11.350597035139797 35.500801266171038 8.6162492558360082 6.3451017420738935 11.445175299420955 16.522182790562518 3.0554033927619448 4.6640463992953292 23.544425887055695 3.6032341979444018 20.481619901955128
leaf_count=296 33 26 34 135 251 102 51 96 149 18 27 173 30 129
internal_value=0.00145954 0.0046634 0.00342381 0.00189481 0.00766709 0.00378286 -0.00888236 0.0103448 0.00825998 -0.007379 -0.0165362 -0.0186999 -0.0240119 0.0150427
internal_weight=173.404 159.377 155.653 151.591 98.9053 92.4435 52.6853 17.7903 80.2241 24.2416 21.1862 34.895 12.2195 55.9824
internal_count=1550 1254 1228 1194 739 706 455 147 574 194 176 308 132 380
cat_boundaries=0 1
cat_threshold=65856
is_linear=0
shrinkage=0.05


Tree=329
num_leaves=15
num_cat=0
split_feature=24 16 10 25 29 4 10 19 25 31 10 28 0 13
split_gain=3.29275 3.6645 4.01476 3.74071 2.81406 2.80721 2.76347 3.12765 7.39893 2.08535 1.99071 1.9483 2.71384 1.96741
threshold=1.0000000180025095e-35 28.550000000000004 22.750000000000004 222.50000000000003 0.028174603174603179 8.8175647643850024 15.950000000000001 91.65000000000002 54.500000000000007 0.19722222222222224 23.450000000000003 0.21944444444444447 49.913548000000006 4.8500000000000005
decision_type=2 8 8 10 8 2 8 10 10 8 10 8 2 8
left_child=4 6 -3 -4 5 -1 7 11 -9 -6 -8 -2 -13 -14
right_child=1 2 3 -5 9 -7 10 8 -10 -11 -12 12 13 -15
leaf_value=-0.019487646917157472 -0.0079500754463626838 0.050204623161768193 -0.012854289924700769 0.033029383226331657 0.032758122267908293 0.030268015492781249 -0.024477506635152978 -0.012027158006294059 0.087001160320299573 -0.001214176041947967 0.018517661276052217 -0.017315008343517711 0.0028688120456894159 0.038256072067832811
leaf_weight=35.149813512340188 22.019789591431618 8.3412723243236524 8.9110495280474478 7.1522108353674403 3.9517555050551882 2.1929100528359404 12.543264161795376 3.3967094141989937 2.7222842425107956 50.824525997042656 2.5777433812618247 4.7809185236692455 7.1356183364987347 8.2394336238503456
leaf_count=380 166 81 71 64 51 25 93 36 27 385 25 36 43 67
internal_value=0.00111474 0.00799643 0.0240445 0.00831394 -0.00546124 -0.0158526 0.00154322 0.00739757 0.038062 0.00178008 -0.0164539 0.00217016 0.0130794 0.0230109
internal_weight=179.939 87.8203 24.4045 16.0633 92.119 37.3427 63.4158 48.2948 6.11899 54.7763 15.121 42.1758 20.156 15.3751
internal_count=1550 709 216 135 841 405 493 375 63 436 118 312 146 110
is_linear=0
shrinkage=0.05


Tree=330
num_leaves=15
num_cat=0
split_feature=27 13 18 27 9 8 13 24 12 15 30 25 15 32
split_gain=3.72056 3.32223 3.88279 2.74488 2.7281 4.16208 4.3296 3.93177 3.1257 2.6488 3.08077 2.24004 2.38784 3.15135
threshold=0.027651515151515153 -5.2999999999999989 12.450000000000001 0.26038523765796501 -16.449999999999996 4.3500000000000005 10.750000000000002 9.5000000000000018 -11.449999999999998 -6.8499999999999988 0.27922077922077926 6.5000000000000009 -0.94999999999999984 0.21825396825396828
decision_type=10 8 10 10 8 8 10 2 8 8 10 10 8 10
left_child=-1 -2 4 -4 -3 6 8 9 -6 -7 11 -11 -13 -14
right_child=1 2 3 -5 5 7 -8 -9 -10 10 -12 12 13 -15
leaf_value=-0.0097671596044821632 -0.03845419240640785 0.044647437322659904 0.010963038563557756 -0.021575121277904872 -0.0058673824150891766 -0.017832180056156034 -0.036408504107559546 0.048715256478907121 0.046411502696581897 -0.016402598483653143 -0.021806154264083041 0.065036879771476014 0.030561519323493314 -0.026288539438996374
leaf_weight=79.446608259342611 3.2120180428028107 5.5509900003671646 9.8345142398029584 15.6028965273872 8.968295753002165 5.7678485400974751 7.2458633668720713 8.0725017599761468 3.0764185562729862 2.129302531480799 3.2891293577849856 3.3915947210043669 10.621453154832126 2.2609005607664576
leaf_count=791 22 55 74 156 74 42 46 64 30 12 25 37 93 29
internal_value=-0.00196305 0.00503263 0.0070846 -0.0090565 0.0139221 0.010067 -0.00835435 0.0200228 0.0100198 0.0101727 0.0180767 0.0259612 0.0321328 0.0194092
internal_weight=168.47 89.0237 85.8117 25.4374 60.3743 54.8233 19.2906 35.5327 12.0447 27.4602 21.6924 18.4033 16.2739 12.8824
internal_count=1550 759 737 230 507 452 150 302 104 238 196 171 159 122
is_linear=0
shrinkage=0.05


Tree=331
num_leaves=15
num_cat=0
split_feature=15 19 9 28 18 18 16 31 15 12 30 8 15 16
split_gain=6.81553 5.2085 6.77274 7.47738 5.04922 5.77879 4.99384 5.51317 4.77992 11.4046 4.41616 4.8391 4.00596 6.88112
threshold=6.5500000000000007 69.850000000000009 4.5500000000000007 0.48125000000000001 21.050000000000004 39.850000000000009 26.050000000000004 0.24679487179487183 -24.549999999999997 -33.349999999999987 0.11237373737373739 18.550000000000004 -9.4499999999999975 25.850000000000005
decision_type=10 10 10 10 8 10 10 10 8 8 10 8 8 8
left_child=1 2 6 10 -3 -6 8 -8 9 -1 11 -4 -10 -14
right_child=-2 4 3 -5 5 -7 7 -9 12 -11 -12 -13 13 -15
leaf_value=0.033982403438130561 -0.04264639977900065 -0.043202811476451101 0.045471443317362643 -0.038486515837468024 0.022463245518442077 -0.038503709999933952 -0.045661465677798635 0.027164555485789318 0.024732421220901399 -0.043446502650273569 -0.013695758317082758 -0.0093448135710507713 -0.042232087970393073 0.019563555436319966
leaf_weight=6.5645750025287271 7.5326592624187461 9.7214760761708039 27.00786112993956 3.416658289730548 10.264121670275925 4.9358477946370831 9.5798150990158302 2.7050816789269438 28.400084580294788 12.101691808551552 4.2577361650764933 4.3442542925477019 6.553315058350563 10.21011056751013
leaf_count=41 112 166 132 42 95 108 115 12 234 239 40 47 83 84
internal_value=0.000752831 0.00337265 0.00787383 0.0245244 -0.016925 0.0015109 -0.000870789 -0.0287878 0.00486339 -0.0158729 0.0314562 0.0378218 0.013592 -0.00561168
internal_weight=147.595 140.063 115.141 39.0265 24.9214 15.2 76.1147 12.2849 63.8298 18.6663 35.6099 31.3521 45.1635 16.7634
internal_count=1550 1438 1069 261 369 203 808 127 681 280 219 179 401 167
is_linear=0
shrinkage=0.05


Tree=332
num_leaves=15
num_cat=1
split_feature=24 6 1 8 13 2 3 0 16 16 15 3 9 4
split_gain=6.50855 6.46844 4.6486 4.51713 4.26188 3.91559 4.02341 3.85128 5.2091 5.00937 6.13241 3.54718 2.91429 3.5141
threshold=3.5000000000000004 0 -79.606716664999979 -5.4499999999999993 29.550000000000004 0.92602006027323147 -0.88620506325989179 52.209149500000009 29.950000000000003 26.050000000000004 -12.149999999999997 -0.45273527932988084 1.5500000000000003 0.32536614605500008
decision_type=2 9 2 8 10 2 2 2 10 8 10 2 8 2
left_child=1 2 3 -1 5 6 -5 -3 9 10 -9 -8 13 -13
right_child=-2 7 -4 4 -6 -7 11 8 -10 -11 -12 12 -14 -15
leaf_value=-0.038126670704112658 -0.037501089259038299 -0.020170367493745407 0.039532878566512761 -0.018704750233714814 -0.021477956275606822 -0.029415548194879144 0.048316147705051084 -0.015105978762369302 0.040019312035685012 -0.031721283074838562 0.038311857921029813 0.041375667339960044 -0.0057916698333020829 -0.013111491009793558
leaf_weight=4.1471144575625658 10.524556320160626 38.118403054773808 12.633696116507052 4.8094905614852896 7.669002976268529 3.3095645979046813 12.036135250702495 11.395389493554832 6.382896088063716 11.300156243145468 8.5596146490424854 11.026357639580974 9.8359225559979624 3.3913818988949052
leaf_count=69 310 387 67 40 60 38 76 137 37 92 55 74 76 32
internal_value=-0.00133664 0.00153474 0.0116234 0.00680211 0.0110308 0.0169942 0.0213413 -0.0081233 0.00218137 -0.006547 0.00854221 0.0270079 0.0149389 0.0285399
internal_weight=155.14 144.615 68.8587 56.225 52.0779 44.4089 41.0993 75.7565 37.6381 31.2552 19.955 36.2898 24.2537 14.4177
internal_count=1550 1240 532 465 396 336 298 708 321 284 192 258 182 106
cat_boundaries=0 1
cat_threshold=463880
is_linear=0
shrinkage=0.05


Tree=333
num_leaves=15
num_cat=0
split_feature=26 26 25 16 18 16 15 12 16 16 25 2 18 16
split_gain=4.05378 4.77101 4.47387 3.98153 8.68862 5.72988 5.80565 5.28217 4.75465 5.02386 3.73773 4.96946 4.18952 4.18775
threshold=0.70833333333333337 0.28402777777777782 26.500000000000004 32.95000000000001 0.8500000000000002 30.350000000000005 6.5500000000000007 3.5500000000000003 27.450000000000003 23.550000000000004 214.50000000000003 0.96687895796550427 35.500000000000007 12.350000000000003
decision_type=10 10 10 10 8 10 10 8 10 8 8 2 8 8
left_child=1 3 -3 5 -5 6 7 8 9 10 12 -12 -1 -14
right_child=-2 2 -4 4 -6 -7 -8 -9 -10 -11 11 -13 13 -15
leaf_value=-0.018102653807316165 0.040430407403135249 0.020563698477598855 -0.044596222692238841 0.062694337838722525 -0.012916338097532905 -0.036185354962121372 0.048451944185024798 -0.022355953233464895 0.034351902140749388 -0.031008417426089719 0.020002889873289895 -0.037163952866805586 0.058001499738304034 -0.013672775629893722
leaf_weight=23.606398958712834 4.937271784991025 2.8145867288112631 9.9488069312646967 6.658649763092396 6.9804495498538026 10.053837101906536 5.2264087200164786 22.370313318446279 10.488158294931052 10.298863858915849 37.409504357725382 3.2976506650447837 3.2292304262518874 3.3392440360039473
leaf_count=261 27 29 114 39 72 141 36 252 81 112 306 38 13 29
internal_value=-0.000124259 -0.00165984 -0.0297771 0.00103988 0.0257581 -0.00174476 0.00143524 -0.00112197 0.00424516 -1.51545e-05 0.00485677 0.0145918 -0.00832301 0.024572
internal_weight=160.659 155.722 12.7634 142.959 13.6391 129.32 119.266 114.039 91.6691 81.1809 70.882 40.7072 30.1749 6.56847
internal_count=1550 1523 143 1380 111 1269 1128 1092 840 759 647 344 303 42
is_linear=0
shrinkage=0.05


Tree=334
num_leaves=15
num_cat=1
split_feature=6 16 0 2 9 18 4 29 14 3 3 8 1 4
split_gain=6.94416 5.00388 4.92684 4.41629 5.40424 5.11373 4.35227 3.52053 3.48156 3.37888 7.14999 3.97061 5.35918 3.24901
threshold=0 29.050000000000004 54.04207000000001 -0.97509794945709805 4.5500000000000007 49.050000000000004 0.50215989785500015 0.0088904694167852068 16.581379310344833 0.91159213926341531 0.81800285027139297 2.6500000000000008 -116.92683049999998 0.080177191215000013
decision_type=9 10 2 2 8 10 2 8 10 2 2 8 2 2
left_child=1 -1 3 4 -2 7 8 -5 9 10 11 -4 13 -13
right_child=2 -3 6 5 -6 -7 -8 -9 -10 -11 -12 12 -14 -15
leaf_value=0.032623638376823381 0.045159797716108264 -0.024132190478661771 -0.023419719928176326 -0.035879483380806314 -0.028080996711158046 0.02150756947324424 -0.027817758382910313 -0.012900552314793963 -0.03642693995270941 -0.024874146738437217 0.076796946790113077 -0.024266070303575443 0.054751330584724027 0.018836244194259624
leaf_weight=22.558945743367079 5.5244589168578369 3.8932480886578551 5.6629806216806209 27.174841024912894 3.248648002743721 6.697615726850926 7.2119852751493445 45.611020719632506 2.489564534276723 3.6602092478424302 3.9853173606097689 5.570661071687943 6.8073305189609519 12.169092267751692
leaf_count=110 48 30 63 429 43 64 86 368 27 56 32 55 28 111
internal_value=-0.0021401 0.0173686 -0.00681066 -0.0142433 0.0179408 -0.0179745 0.00558958 -0.0218498 0.0120898 0.0161358 0.0211075 0.0115357 0.0202009 0.00472856
internal_weight=162.266 26.4522 135.814 88.2566 8.77311 79.4835 47.5571 72.7859 40.3452 37.8556 34.1954 30.2101 24.5471 17.7398
internal_count=1550 140 1410 952 91 861 458 797 372 345 289 257 194 166
cat_boundaries=0 1
cat_threshold=8487
is_linear=0
shrinkage=0.05


Tree=335
num_leaves=15
num_cat=2
split_feature=6 24 1 5 15 16 1 3 1 1 16 25 4 26
split_gain=4.94051 9.00819 6.51021 5.01517 7.95847 5.55711 5.83579 5.74002 5.01715 4.95781 7.6883 5.9554 5.77376 4.14366
threshold=0 21.500000000000004 -122.61013849999999 1 -24.149999999999995 9.4500000000000011 -111.278392305 0.63755505330306683 -101.23873099999999 -120.71616899999998 33.350000000000001 47.500000000000007 0.023103093510000002 0.084523809523809543
decision_type=9 2 2 9 10 10 2 2 2 2 10 8 2 10
left_child=3 2 -2 5 -5 7 -7 13 -8 11 12 -6 -11 -1
right_child=1 -3 -4 4 9 6 8 -9 -10 10 -12 -13 -14 -15
leaf_value=-0.03209140944581565 0.024971243863837422 0.032377758982110115 -0.040075389110211981 -0.039986704641763737 0.02656693089774935 -0.024436402714552836 0.042914907824559423 0.030839361406198099 -0.0060302595426000661 -0.01272476932999473 -0.012395700036587768 -0.039634423327017873 0.059989710261124075 0.033035553667796404
leaf_weight=7.4820857606828231 3.9040738251060274 6.5350549947470418 22.222360351122916 3.8286692118272176 8.0766944903880322 31.664855942130089 6.2282105796039131 19.821721447631717 18.302092405967414 2.7580405324697557 5.419533083215355 4.431155890226365 21.001941819675267 2.5163403823971748
leaf_count=68 41 47 428 47 63 322 36 123 162 20 34 52 98 9
internal_value=0.00207489 -0.0129225 -0.0297932 0.00636332 0.0181416 -0.0012196 -0.0105675 0.0157719 0.00759103 0.0285418 0.0395134 0.00191586 0.051376 -0.0141873
internal_weight=164.193 32.6615 26.1264 131.531 45.516 86.0153 56.1952 29.8201 24.5303 41.6874 29.1795 12.5079 23.76 9.99843
internal_count=1550 516 469 1034 314 720 520 200 198 267 152 115 118 77
cat_boundaries=0 1 2
cat_threshold=117320 69
is_linear=0
shrinkage=0.05


Tree=336
num_leaves=15
num_cat=1
split_feature=7 8 14 15 24 14 10 16 31 20 3 4 27 14
split_gain=4.11367 4.31928 2.69732 2.43585 2.24442 3.06431 2.57012 4.04026 4.32385 3.11907 3.34966 3.60792 3.11208 2.98228
threshold=0 24.800000000000004 -13.433333333333332 -35.949999999999996 1.0000000180025095e-35 17.588333333333335 11.450000000000001 12.550000000000002 0.016856060606060607 28.500000000000004 -0.83375966452616657 0.062394406470000004 0.56344827586206903 -7.8672619047619037
decision_type=1 8 8 10 2 10 8 10 8 2 2 2 10 10
left_child=1 -1 3 -2 -4 6 7 12 -9 10 11 -8 13 -6
right_child=2 -3 4 -5 5 -7 9 8 -10 -11 -12 -13 -14 -15
leaf_value=-0.02414496994207856 -0.0021491803360880702 0.040770124533087981 -0.0042739941082850308 0.046803336957690636 0.031422880033625783 0.040337626380406749 0.052411498892647082 0.051302817390785876 -0.0048774514335580181 0.036943198540975983 -0.027977827837913683 -0.016807615184044219 -0.041652214652792396 -0.021731447248017219
leaf_weight=24.668525782413781 4.0926505997776985 1.9396256841719175 79.656878446228802 5.358034569770096 5.246580582112073 5.7827478647232047 2.3766262270510223 8.9091979293152654 4.9869260117411622 2.3790293261408797 13.754959261976184 3.4665169771760702 3.2543878909200421 3.6584467710927155
leaf_count=498 26 27 561 22 36 35 13 58 29 15 119 42 28 32
internal_value=-0.000430853 -0.0181076 0.00296299 0.0274271 0.0010397 0.00883944 0.00430199 0.0146741 0.0321673 -0.00809836 -0.0150941 0.0148912 -0.00624298 0.00959621
internal_weight=169.531 26.6082 142.923 9.45069 133.472 53.8154 48.0327 26.0555 13.8961 21.9771 19.5981 5.84314 12.1594 8.90503
internal_count=1541 525 1016 48 968 407 372 183 87 189 174 55 96 68
cat_boundaries=0 1
cat_threshold=2
is_linear=0
shrinkage=0.05


Tree=337
num_leaves=15
num_cat=1
split_feature=15 27 6 25 32 9 13 19 13 19 0 13 0 2
split_gain=2.3933 3.90605 2.83964 3.2369 2.70664 3.19774 2.72179 3.21307 2.75264 2.60505 2.75856 3.16059 2.78646 3.0386
threshold=-36.54999999999999 0.16121031746031747 0 24.500000000000004 0.076638878363016305 2.7500000000000004 29.450000000000003 29.050000000000004 11.550000000000002 159.80000000000004 43.575161000000008 2.5500000000000003 49.828075000000005 0.26866988313759588
decision_type=8 10 9 10 8 10 10 10 8 10 2 10 2 2
left_child=1 -1 3 4 5 -2 7 -6 -9 10 -4 12 -12 -14
right_child=2 -3 9 -5 6 -7 -8 8 -10 -11 11 -13 13 -15
leaf_value=0.061926384040710082 -0.03395344826855435 -0.0087461896893860584 0.038408058280532412 0.00083592678602796208 0.061153304754791964 0.029871592714345592 -0.011437741831360222 -0.021573502847599704 0.031825866288202956 0.034702889279821673 0.04066070861301907 -0.014542364740431883 0.017668703871582536 -0.022500832913661329
leaf_weight=3.1613164842128754 3.4491180554032352 3.2795122228562832 2.1934213470667592 54.638047091662884 7.3200588971376481 2.5402195677161217 2.8161732032895079 2.6758870780467907 6.7785159926861587 2.8369146361947051 3.9263117127120521 64.17953410372138 8.6799322143197077 8.1741651929914934
leaf_count=31 28 25 26 419 57 23 18 17 54 49 42 625 66 61
internal_value=0.00184479 0.0296023 0.000627649 0.00695702 0.0221255 -0.00648286 0.0307619 0.0380915 0.0160943 -0.00521978 -0.00749034 -0.00910833 0.00757161 -0.00198243
internal_weight=176.649 6.44083 170.208 80.218 25.58 5.98934 19.5906 16.7745 9.4544 89.9903 87.1534 84.9599 20.7804 16.8541
internal_count=1541 56 1485 616 197 51 146 128 71 869 820 794 169 127
cat_boundaries=0 1
cat_threshold=266602
is_linear=0
shrinkage=0.05


Tree=338
num_leaves=15
num_cat=1
split_feature=6 13 9 4 18 19 28 0 27 0 12 14 9 8
split_gain=4.62836 2.70678 4.09994 2.48853 2.28799 3.71745 2.73733 2.04645 2.02734 2.2103 3.01852 2.68182 2.52954 2.26738
threshold=0 1.0000000180025095e-35 -16.449999999999996 0.26215135480500001 3.1500000000000008 17.950000000000003 0.63194444444444453 57.363965000000007 0.63961038961038963 55.569158000000009 0.45000000000000007 13.645574712643681 -7.7499999999999991 -6.3999999999999995
decision_type=9 10 10 2 10 10 10 2 8 2 10 10 8 10
left_child=8 2 3 7 -3 -6 -7 -2 9 10 12 -12 13 -1
right_child=1 4 -4 -5 5 6 -8 -9 -10 -11 11 -13 -14 -15
leaf_value=0.019587782044202761 -0.036317289614815902 -0.024936771154915906 0.057381446514232562 0.027759869424389572 0.037348133137059224 -0.015490115454251642 0.038513901464425487 0.014804150602436436 -0.0040824543125196587 -0.0062571191630647052 -0.020679404752287259 0.01326648685293517 0.035816380142622145 -0.027042232647668862
leaf_weight=7.1379268914461136 4.9324639867991191 26.570968063548207 2.4864512365311375 3.0010289512574673 3.5138176679611197 27.70253544300795 1.6062424331903447 2.2511459775269032 25.828770013526082 12.822953814640639 7.2228317968547371 19.017730996012688 21.423006307333711 2.8586263656616193
leaf_count=56 49 275 34 28 38 345 14 20 216 117 50 126 158 15
internal_value=0.00022612 -0.00866039 0.0105189 -0.00502944 -0.0142925 -0.00519317 -0.0113574 -0.0204458 0.00706047 0.0121315 0.0162579 0.0035066 0.0264707 0.00500685
internal_weight=168.376 72.0647 12.6711 10.1846 59.3936 32.8226 29.3088 7.18361 96.3118 70.4831 57.6601 26.2406 31.4196 9.99655
internal_count=1541 803 131 97 672 397 359 69 738 522 405 176 229 71
cat_boundaries=0 1
cat_threshold=458824
is_linear=0
shrinkage=0.05


Tree=339
num_leaves=15
num_cat=0
split_feature=14 15 15 2 25 4 2 2 2 31 4 1 14 12
split_gain=5.2255 5.16923 5.80545 5.89226 6.35027 6.12455 6.24995 8.24387 6.86867 6.11295 6.41611 7.02235 8.00791 6.0211
threshold=-10.904999999999999 -33.949999999999996 -24.549999999999997 0.92273069556937592 460.50000000000006 0.03245461923500001 0.63257020223555627 0.55656748448714433 -0.031173458710879235 0.14625850340136057 0.19484184264000004 -114.75921382 15.658333333333335 0.15000000000000005
decision_type=8 8 8 2 8 2 2 2 2 8 2 2 8 10
left_child=-1 -2 -3 5 13 -4 7 8 9 -7 11 -11 -13 -5
right_child=1 2 3 4 -6 6 -8 -9 -10 10 -12 12 -14 -15
leaf_value=-0.040734925945975914 0.045549907805917889 -0.041306342385091871 -0.035499217599265623 -0.041313110960097044 0.049888131101941652 0.018483447849373596 -0.033748571715580732 0.04836810173080678 -0.03253066929740743 -0.039249954880919487 -0.043338666995052823 0.061933419291230668 -0.034248457403940905 0.041712351917214958
leaf_weight=6.5211379025131464 5.5109970569610596 7.0292020626366138 11.142565843183545 4.4024787470698383 11.204611796885727 42.063944322988384 9.7593056894838792 9.4214361868798715 11.821095791645353 3.9689714014530173 9.1282404670491797 6.100994776934388 2.356944676488637 2.6918462701141834
leaf_count=142 33 138 182 47 46 349 137 34 174 54 137 30 31 7
internal_value=-0.000153694 0.00206553 -9.35207e-05 0.00255315 0.0279636 -0.00206404 0.00220336 0.00668283 0.000912265 0.00753357 -0.0137067 0.00966617 0.0343435 -0.0085489
internal_weight=143.124 136.603 131.092 124.062 18.2989 105.763 94.6209 84.8616 75.4402 63.6191 21.5552 12.4269 8.45794 7.09433
internal_count=1541 1399 1366 1228 100 1128 946 809 775 601 252 115 61 54
is_linear=0
shrinkage=0.05


Tree=340
num_leaves=15
num_cat=2
split_feature=5 25 15 10 1 20 17 4 16 16 7 16 1 1
split_gain=4.29176 2.89458 3.57132 4.04961 5.31951 3.29035 3.65654 3.21775 3.00708 7.63197 4.06967 3.94314 3.86298 3.11011
threshold=0 353.00000000000006 5.3500000000000005 22.550000000000004 -115.41331149999998 2.5000000000000004 7.5000000000000009 17.513210641035005 31.950000000000003 31.250000000000004 1 13.15 -122.19070992999998 -122.222760955
decision_type=9 10 8 8 2 2 10 2 10 10 1 8 2 2
left_child=1 7 3 4 -3 6 -6 8 9 10 13 -12 -13 -1
right_child=-2 2 -4 -5 5 -7 -8 -9 -10 -11 11 12 -14 -15
leaf_value=0.020673455957092045 -0.019395106315295594 -0.012796479362425185 -0.012315785837741849 0.0453251522585165 0.0074927976996332357 0.0036185338116112632 0.068708692876854466 0.034400687382563265 -0.03451250733822122 0.074030317065994125 -0.029438399494694095 -0.034157402714368873 0.026945348328301272 -0.021250377194838424
leaf_weight=4.2255263319239011 17.91020810091868 15.259344941005105 12.53022144269198 8.9968950171023589 4.3750918302685076 9.3324070256203395 5.4162628948688507 4.0503189302980891 7.7112428266555062 2.0612141750752917 4.3558300351724029 2.1342182802036467 17.409229541197419 35.642742460593581
leaf_count=43 316 107 75 55 31 65 40 30 72 13 97 32 140 425
internal_value=-0.00199068 0.00178073 0.010489 0.0172051 0.00877405 0.0257663 0.0445845 -0.00432131 -0.00688687 -0.00318277 -0.00678308 0.0092902 0.0189348 -0.0164099
internal_weight=151.411 133.501 55.9102 43.38 34.3831 19.1238 9.79135 77.5903 73.54 65.8288 63.7675 23.8993 19.5434 39.8683
internal_count=1541 1225 373 298 243 136 71 852 822 750 737 269 172 468
cat_boundaries=0 1 2
cat_threshold=195 1
is_linear=0
shrinkage=0.05


Tree=341
num_leaves=15
num_cat=0
split_feature=26 19 15 19 11 11 8 8 1 32 4 10 17 0
split_gain=3.62653 3.72175 6.04069 7.64164 6.25993 4.84163 6.94691 5.81326 9.16481 7.44909 4.76889 7.26154 4.29158 3.74998
threshold=0.70833333333333337 88.950000000000017 -1.1499999999999997 97.65000000000002 8.9928571428571455 -14.735714285714282 10.850000000000003 13.550000000000002 -117.03293649999999 0.077391304347826109 0.41592652948000003 25.450000000000003 12.500000000000002 54.859436390000006
decision_type=10 10 8 8 10 8 10 10 2 8 2 10 10 2
left_child=1 5 4 -4 12 -1 -7 8 -8 10 11 13 -3 -9
right_child=-2 2 3 -5 -6 6 7 9 -10 -11 -12 -13 -14 -15
leaf_value=0.02453046513048554 0.035416592924183435 -0.022269644743274846 0.046744883469996695 -0.035132790539552039 0.068927170427275336 -0.019663542136850287 -0.024562191446362007 -0.039082230525319284 0.060502570689300143 -0.030682874872465671 -0.026802968179252692 0.056024930315753986 0.03306503068214818 0.027785997429380111
leaf_weight=11.142569290474055 5.9417441710829726 5.3889851309359091 3.0042099878191957 9.1669248733669519 6.0483689326792947 61.889352357946336 4.0626749452203503 3.8048756076023009 8.5555401723831874 14.929787589237092 4.3990855813026419 8.5169172901660186 6.8790677916258574 2.793622188270092
leaf_count=86 29 66 22 112 30 742 41 45 58 158 45 50 41 16
internal_value=7.77513e-05 -0.00154111 0.0137848 -0.0129082 0.0312721 -0.0055135 -0.00878127 0.00564078 0.0333219 -0.00515384 0.014921 0.0279738 0.00891172 -0.010841
internal_weight=156.524 150.582 30.4876 12.1711 18.3164 120.094 108.952 47.0625 12.6182 34.4443 19.5145 15.1154 12.2681 6.5985
internal_count=1541 1512 271 134 137 1241 1155 413 99 314 156 111 107 61
is_linear=0
shrinkage=0.05


Tree=342
num_leaves=15
num_cat=1
split_feature=6 20 10 14 14 16 3 8 1 10 11 13 32 10
split_gain=4.87213 5.43602 4.72459 5.80921 5.34111 4.99399 3.7929 3.62536 3.13338 3.97622 5.59694 5.82905 5.13699 3.61621
threshold=0 57.500000000000007 21.050000000000004 19.29666666666667 10.758333333333338 14.450000000000001 -0.64580103137750788 -13.749999999999998 -111.86918999999999 12.450000000000001 8.4916666666666689 18.850000000000005 0.21825396825396828 15.050000000000002
decision_type=9 2 8 8 10 10 2 10 2 10 10 10 8 10
left_child=2 8 4 -4 5 7 -7 -1 9 -2 11 13 -12 -11
right_child=1 -3 3 -5 -6 6 -8 -9 -10 10 12 -13 -14 -15
leaf_value=-0.019842940259274466 -0.015130682899008874 0.050933066242725457 -0.034497357696227353 0.028327187010542168 0.047139904968118554 0.035704891818972649 -0.018466446762293118 0.038340789976216483 -0.024572350039452712 0.034640131952578028 -0.030006901242734297 0.079075295577605398 0.014109545151603821 -0.036153375097759094
leaf_weight=2.6107759587466743 36.729764803312719 2.9149947036057702 9.3183707650750858 4.8113481793552628 11.938058480620382 3.0398588627576819 15.721196223050358 13.839978126808999 23.870745978318155 2.9526339285075647 10.23632270935923 3.8683638833463192 15.038611611351369 2.3224029960110784
leaf_count=25 447 44 71 29 51 14 102 81 332 19 162 22 112 30
internal_value=0.000372287 -0.00634978 0.0103951 -0.0126465 0.0195782 0.00919009 -0.0083264 0.0284989 -0.00928056 -0.00388057 0.0082133 0.0396091 -0.0042196 0.00267786
internal_weight=159.213 97.9338 61.2796 14.1297 47.1499 35.2118 18.7611 16.4508 95.0188 71.1481 34.4183 9.1434 25.2749 5.27504
internal_count=1541 1168 373 100 273 222 116 106 1124 792 345 71 274 49
cat_boundaries=0 1
cat_threshold=29447
is_linear=0
shrinkage=0.05


Tree=343
num_leaves=15
num_cat=1
split_feature=0 0 13 13 24 3 33 25 13 0 3 25 6 18
split_gain=4.05664 4.86871 4.70923 6.03793 7.31626 5.25781 3.77045 3.22806 6.66719 4.10542 3.90102 3.55852 3.09492 4.88135
threshold=55.81177846500001 58.653248000000012 2.9500000000000006 3.6500000000000008 1.0000000180025095e-35 -0.98801846520836312 0.11010101010101012 620.50000000000011 7.2500000000000009 56.222047000000011 0.91511078773075516 157.00000000000003 0 2.1500000000000008
decision_type=2 2 8 10 2 2 8 8 10 2 2 10 9 8
left_child=2 7 -1 4 -4 6 -5 8 11 -9 -11 -2 13 -7
right_child=1 -3 3 5 -6 12 -8 9 -10 10 -12 -13 -14 -15
leaf_value=-0.03537107437319955 -0.023375908050703689 -0.037903771817317203 -0.015878192532979795 -0.0032948145195702324 0.070640086517647166 0.031222890667715469 0.06148904158644411 0.0379849338554962 0.05520261936742045 -0.041954004587752981 0.020586456255214217 0.033081776692127439 -0.012572937730606635 -0.010857697851195627
leaf_weight=10.297253387980161 5.7878976073116082 3.1388447917997828 3.6064325645565969 3.9796690419316283 4.9931406453251839 11.59835688211024 3.8836567383259535 3.7077762428671113 11.631160181015728 5.4849582482129318 3.273470938205719 3.7400115635246038 71.143897603265941 14.401178201660512
leaf_count=157 49 38 40 36 29 62 21 19 62 55 14 20 802 137
internal_value=-0.000240565 0.0141208 -0.00458075 -0.00150564 0.0364823 -0.00493148 0.0320291 0.0199316 0.0313825 -0.000391333 -0.0188652 -0.000177173 -0.00821914 0.00611185
internal_weight=160.668 36.7641 123.904 113.606 8.59957 105.007 7.86333 33.6253 21.1591 12.4662 8.75843 9.52791 97.1434 25.9995
internal_count=1541 257 1284 1127 69 1058 57 219 131 88 69 69 1001 199
cat_boundaries=0 1
cat_threshold=98368
is_linear=0
shrinkage=0.05


Tree=344
num_leaves=15
num_cat=1
split_feature=30 6 10 3 15 11 3 18 24 3 10 16 9 14
split_gain=4.10412 3.57112 4.76025 6.1358 5.47618 5.86382 5.89368 4.70508 5.10491 5.11449 4.41521 3.6851 3.33227 3.18452
threshold=1.0000000180025095e-35 0 13.450000000000001 0.12332734741173625 1.1500000000000001 16.078571428571433 -0.57782411410281842 0.45000000000000007 7.5000000000000009 -0.96466008222729416 29.850000000000005 30.650000000000002 -3.9499999999999997 8.5248809523809559
decision_type=10 9 10 2 10 8 2 8 2 2 8 10 8 8
left_child=1 2 3 -1 -4 6 -6 12 9 -9 11 -7 -3 -5
right_child=-2 7 4 13 5 10 -8 8 -10 -11 -12 -13 -14 -15
leaf_value=0.040077090392782344 -0.020931276863356 0.054179212937704779 -0.024499728723957129 0.011581711102328368 0.075335590909013012 0.011465228023382165 -0.00028658974465005539 0.025534400640937378 0.016338263922124754 -0.037526140607328284 0.044356308301388703 -0.039824057325841149 -0.0035805058547190519 -0.030132891464988529
leaf_weight=20.004972890019417 17.123640606179833 3.3392185587435961 17.382947811856866 42.094341705553234 4.5737588852643967 5.2356315571814793 4.7772318515926582 3.0361028648912933 7.5070435367524615 21.338241636753086 2.3387674130499354 7.7523293886333704 5.6126873847097141 4.155905562452971
leaf_count=133 258 23 150 316 29 46 34 31 54 291 19 61 58 51
internal_value=0.00155624 0.00426021 0.00858617 0.0176278 -0.00374113 0.0112659 0.0404064 -0.00742379 -0.0181324 -0.0289745 -0.00789901 -0.0198071 0.021244 0.00727496
internal_weight=166.273 149.149 108.316 66.2552 42.0607 24.6777 9.35099 40.8333 31.8814 24.3743 15.3267 12.988 8.95191 46.2502
internal_count=1554 1296 839 500 339 189 63 457 376 322 126 107 81 367
cat_boundaries=0 1
cat_threshold=153640
is_linear=0
shrinkage=0.05


Tree=345
num_leaves=15
num_cat=1
split_feature=8 6 4 12 32 15 8 8 12 16 1 9 12 4
split_gain=3.10659 3.09995 2.60536 2.35795 3.7143 2.57302 2.33737 2.26359 4.20091 2.6853 2.33983 5.39058 2.25416 2.48124
threshold=-25.099999999999998 0 1.1121602468050003 -1.0000000180025095e-35 0.20416666666666669 6.0500000000000007 9.3500000000000032 15.950000000000001 2.3500000000000001 15.250000000000002 -79.315713999999986 11.350000000000003 5.6500000000000012 0.085737708015000011
decision_type=8 9 2 8 8 10 10 10 8 8 2 10 10 2
left_child=-1 7 3 -3 6 12 -5 8 9 -2 11 -9 13 -6
right_child=1 2 -4 4 5 -7 -8 10 -10 -11 -12 -13 -14 -15
leaf_value=0.044187454639906046 0.00083000877609288595 -0.0099043645518980209 -0.026118858950554658 0.016590716228040456 -0.0033543691116583044 -0.021010776822235247 -0.017217109456533788 0.051768115459124256 -0.017634852279608003 0.024550332248268858 0.059587421485100191 -0.021455943441309092 0.061052743094967971 0.037945350819151409
leaf_weight=3.1740657985210419 25.291997995227579 47.06244108825922 12.298369938507674 6.3786898292601135 7.1185139250010305 2.2881298512220374 16.135289633646607 3.4841545224189741 14.87195312976837 21.709908448159691 3.0987379103898993 4.835181076079607 3.3329354524612418 6.1315913274884224
leaf_count=25 174 421 121 68 53 19 187 32 115 178 27 40 35 59
internal_value=0.00155956 0.000534113 -0.00498576 -0.00234552 0.00628114 0.0220837 -0.00734042 0.00771876 0.00476285 0.0120695 0.028279 0.0114747 0.0288867 0.017079
internal_weight=177.212 174.038 100.746 88.4476 41.3852 18.8712 22.514 73.2919 61.8739 47.0019 11.4181 8.31934 16.583 13.2501
internal_count=1554 1529 963 842 421 166 255 566 467 352 99 72 147 112
cat_boundaries=0 1
cat_threshold=278882
is_linear=0
shrinkage=0.05


Tree=346
num_leaves=15
num_cat=1
split_feature=6 4 4 25 1 2 4 15 28 4 17 28 25 0
split_gain=2.86052 4.04942 3.45896 4.30582 3.2717 2.91331 3.03378 2.69306 3.08642 4.05152 2.94227 2.77847 2.55634 4.87684
threshold=0 0.010679732270000001 1.0089775083100001 133.50000000000003 -120.66626999999998 -0.57780908558020239 0.32536614605500008 -2.9499999999999997 0.23273809523809524 0.23979874692000003 6.5000000000000009 0.13361823361823363 20.500000000000004 50.659450215000007
decision_type=9 2 2 8 2 2 2 10 10 2 8 10 10 2
left_child=1 -1 7 -4 5 6 -3 8 11 10 -10 -2 -9 -14
right_child=2 4 3 -5 -6 -7 -8 12 9 -11 -12 -13 13 -15
leaf_value=0.035147642896331793 0.010598349812001286 0.050753631558760497 0.04689628943186127 0.0012985656074561028 -0.031801760726628207 -0.015173404987654016 -0.013712818635031191 -0.027528527981237949 0.016605179379302504 0.025721253442634168 -0.031047799481200369 0.056978170299639024 0.017120294298833182 -0.020891410709120935
leaf_weight=3.129270000383257 37.741600524634123 3.2604593560099628 8.6837822198867816 11.251939650624989 18.501049254089594 13.609607379883526 2.5941929258406162 12.305040143430231 3.5314611122012201 5.6214048676192752 12.817242097109554 2.6436631083488455 16.380489150062207 15.405112458392976
leaf_count=41 336 46 62 78 300 130 28 95 25 38 92 19 133 131
internal_value=-0.00021598 -0.0101693 0.00359128 0.0224517 -0.0173205 -0.00267443 0.0243553 0.000217159 0.00686237 -0.00798596 -0.0203905 0.0149378 -0.00912462 -0.00137764
internal_weight=167.476 41.0946 126.382 19.9357 37.9653 19.4643 5.85465 106.446 62.3554 21.9701 16.3487 40.3853 44.0906 31.7856
internal_count=1554 545 1009 140 504 204 74 869 510 155 117 355 359 264
cat_boundaries=0 1
cat_threshold=311584
is_linear=0
shrinkage=0.05


Tree=347
num_leaves=15
num_cat=0
split_feature=3 3 22 21 9 15 12 15 17 31 0 31 26 25
split_gain=6.45636 7.3223 7.56754 6.41922 4.93044 7.4127 5.6579 5.4789 6.29244 5.81856 4.59898 4.49354 3.72702 3.54429
threshold=0.84199059757024453 -0.83375966452616657 40.500000000000007 4.5000000000000009 3.7500000000000004 1.7500000000000002 5.7500000000000009 -11.949999999999998 9.5000000000000018 0.24679487179487183 43.406090000000013 0.12731481481481485 0.49242424242424249 1434.5000000000002
decision_type=2 2 2 2 10 10 10 8 10 10 2 10 10 8
left_child=1 2 12 4 7 -6 -7 8 -3 -9 -2 -5 -1 -10
right_child=10 3 -4 11 5 6 -8 9 13 -11 -12 -13 -14 -15
leaf_value=-0.045058170534150378 0.038801436354588957 -0.036377693705272378 0.046309600829708142 -0.031742655369978216 0.04235477985521495 -0.040925697343668618 0.020183853601618298 -0.029521245886512143 0.0043597264327763672 0.032543655342379012 -0.043364609497145198 0.010467856551327478 0.020987625318257975 0.045167239044986117
leaf_weight=15.499506808817392 1.1718423627316941 3.6835933299735215 2.3056223616003981 14.88337355386466 24.484388913959265 4.9979946017265311 9.2899708580225688 16.573581917211417 9.5106331184506434 3.9223816879093638 12.032450240105389 9.804250789806245 1.8597514778375615 11.79466027766466
leaf_count=249 4 88 7 182 118 67 74 232 101 15 254 76 16 71
internal_value=-0.0018622 0.00165827 -0.0256636 0.00677853 0.0133285 0.0261892 -0.00247128 0.00203815 0.0174438 -0.0166823 -0.0338543 -0.0152246 -0.0372247 0.027963
internal_weight=141.814 128.61 19.6649 108.945 84.2572 38.7724 14.288 45.4849 24.9889 20.496 13.2043 24.6876 17.3593 21.3053
internal_count=1554 1296 272 1024 766 259 141 507 260 247 258 258 265 172
is_linear=0
shrinkage=0.05


Tree=348
num_leaves=15
num_cat=1
split_feature=5 19 27 0 0 19 13 3 2 22 10 12 15 25
split_gain=6.57576 5.3608 4.62421 3.51498 3.83694 3.29085 2.97303 3.36617 2.83473 2.73982 2.61386 2.46994 2.27917 3.83136
threshold=0 85.65000000000002 0.43390313390313395 53.961155000000012 52.925642500000009 36.350000000000001 29.950000000000003 0.45082531555062549 0.78325454425165997 5.5000000000000009 27.850000000000005 9.6500000000000004 -9.9499999999999975 175.50000000000003
decision_type=9 10 8 2 2 8 10 2 2 2 8 10 10 10
left_child=1 2 3 4 6 8 7 12 -5 -7 -3 -4 -1 -14
right_child=-2 10 11 5 -6 9 -8 -9 -10 -11 -12 -13 13 -15
leaf_value=0.059573740854658323 -0.02024327675980743 0.028538163656680268 -0.016463364640802076 0.057700644868408528 -0.032692961300833705 0.024745095612189232 -0.019762317374041605 -0.017330824909463711 0.0012823244078066188 -0.019966968568787404 -0.010550360991278861 0.025854554157485693 -0.020976486087852738 0.028758937771330553
leaf_weight=2.8668415602296617 17.581890936940908 29.708061145618558 35.931027040816844 7.6745472094044107 6.4151981109753242 6.758025009185074 7.1361471721902481 5.5811016410589209 3.0573704671114683 5.1781324604526162 4.4413464460521928 2.9107158463448277 4.546988118439919 12.871749237179754
leaf_count=22 318 208 491 62 76 47 48 56 27 35 31 21 50 62
internal_value=0.00197496 0.00603832 0.000619242 0.00903554 -0.00010706 0.0242666 0.00700229 0.0148469 0.0431072 0.00530409 0.0232989 -0.0127228 0.0240981 0.015342
internal_weight=152.659 135.077 100.928 62.0861 39.418 22.6681 33.0028 25.8667 10.7319 11.9362 34.1494 38.8417 20.2856 17.4187
internal_count=1554 1236 997 485 314 171 238 190 89 82 239 512 134 112
cat_boundaries=0 1
cat_threshold=195
is_linear=0
shrinkage=0.05


Tree=349
num_leaves=15
num_cat=1
split_feature=2 14 28 25 10 8 10 19 13 10 23 2 11 7
split_gain=4.02857 7.53101 8.03454 7.13569 5.49599 5.20373 5.50912 4.85995 4.46006 5.8141 4.35685 3.93443 5.9896 4.36776
threshold=0.039769539193789977 14.410000000000002 0.55277777777777792 62.500000000000007 28.950000000000003 14.250000000000002 19.150000000000002 5.6500000000000012 22.850000000000005 23.450000000000003 1.5000000000000002 0.57782244426053786 -8.0142857142857125 0
decision_type=2 10 10 8 10 10 8 8 8 10 2 2 10 1
left_child=3 2 7 5 -5 6 -1 -2 9 11 -6 12 -9 -14
right_child=1 -3 -4 4 10 -7 -8 8 -10 -11 -12 -13 13 -15
leaf_value=0.0050561801880004897 0.029446783268419575 0.057698704015334792 0.040048547623885815 -0.026663037778412609 0.050857882580128182 -0.026719745122476386 0.064643010235135578 -0.038476677332090689 -0.03281323703517685 0.060901057924188977 -0.019791943305132551 -0.018888814420174982 0.044974861044714966 -0.018880754394980756
leaf_weight=10.626305656507611 7.8147929459810248 5.413170749321579 10.415853360667823 44.814060403034091 3.6609150208532801 5.1053941510617724 5.2862990563735375 3.4880081210285416 15.148265546187757 2.4059368371963492 3.3345562033355236 25.383245777338743 9.0446591433137655 3.0119053907692406
leaf_count=114 53 33 53 562 23 61 33 45 166 11 28 281 53 38
internal_value=-0.00191697 0.00564581 0.00127754 -0.0104063 -0.0202669 0.0137168 0.0275032 -0.00531833 -0.0103809 -0.00197586 0.0189176 -0.00703644 0.0122896 0.0287985
internal_weight=154.953 82.1258 76.7127 72.8275 51.8095 21.018 15.9126 66.2968 58.482 43.3338 6.99547 40.9278 15.5446 12.0566
internal_count=1554 733 700 821 613 208 147 647 594 428 51 417 136 91
cat_boundaries=0 1
cat_threshold=1
is_linear=0
shrinkage=0.05


Tree=350
num_leaves=15
num_cat=0
split_feature=31 4 15 14 9 11 15 12 11 11 15 2 17 4
split_gain=5.24886 8.07923 5.37497 4.3459 3.18361 3.32241 3.48808 3.83084 6.01342 5.90243 3.55299 4.87976 3.93652 4.05853
threshold=1.0000000180025095e-35 0.0096261845900000014 6.7500000000000009 16.993333333333336 -10.149999999999997 -11.314285714285715 -27.349999999999998 -11.649999999999997 2.6000000000000001 3.5642857142857154 2.7500000000000004 -0.97509794945709805 17.500000000000004 0.54384034636500012
decision_type=10 2 10 10 10 10 10 10 10 10 8 2 10 2
left_child=2 -2 3 4 -1 -6 -7 -8 -9 -10 11 -11 -13 -14
right_child=1 -3 -4 -5 5 6 7 8 9 10 -12 12 13 -15
leaf_value=-0.011956960050148725 0.063526330013107063 -0.038971071624743212 0.036242468087736707 -0.031487193098164439 0.04147121056690746 -0.032213098610822888 0.032806189938508409 -0.035880808299780236 0.062056826300794711 0.029624674633390208 0.02888166461838498 -0.017277937053794139 -0.0057928806159861798 0.058834047669579663
leaf_weight=28.857894231565297 1.2860475536435831 14.306486814282833 9.9086065609008056 9.2936760401353222 5.4404514366760841 5.1607992686331263 11.134741842746733 8.0301703391596657 3.6357831265777341 8.8744260100647647 10.260150965303167 33.046126136556296 6.1399884503334743 2.857170358300209
leaf_count=332 16 302 76 103 38 52 66 75 25 61 73 275 44 16
internal_value=-0.000575225 -0.0271981 0.00250412 -0.000266679 0.00231807 0.00675316 0.00419763 0.00678795 0.00242046 0.00763893 0.00345884 -0.00212159 -0.00935512 0.0185625
internal_weight=158.233 15.5925 142.64 132.731 123.438 94.5798 89.1394 83.9786 72.8438 64.8136 61.1779 50.9177 42.0433 8.99716
internal_count=1554 318 1236 1160 1057 725 687 635 569 494 469 396 335 60
is_linear=0
shrinkage=0.05


Tree=351
num_leaves=15
num_cat=0
split_feature=25 2 25 2 2 26 32 1 11 19 0 25 4 13
split_gain=3.20872 11.8941 11.2279 7.4435 6.93633 5.14021 5.05496 5.00695 4.82233 8.98049 5.89807 4.2629 3.79875 3.74717
threshold=142.50000000000003 0.091259403071267925 165.50000000000003 -0.28519255817492867 0.1849296026015865 0.28831168831168835 0.028174603174603179 -122.72323654499998 17.764285714285716 28.550000000000004 54.30991190000001 439.50000000000006 0.19877105474500004 -5.9499999999999993
decision_type=10 2 10 2 2 8 10 2 8 8 2 8 2 10
left_child=1 7 -2 8 -3 -5 13 -1 9 10 -4 -7 -8 -6
right_child=2 4 3 5 6 11 12 -9 -10 -11 -12 -13 -14 -15
leaf_value=0.035169270747564006 0.06202855049739997 0.065110300917084071 0.0010018031536184189 -0.029295384115740255 0.026947816248813684 0.041882215048919195 0.037618071892072245 -0.035026842049413524 0.040373682713103987 -0.034086188563475568 0.064866849044625419 -0.021874925137090852 -0.012240919589631173 -0.018756886366367333
leaf_weight=1.9640194065868843 7.1352547388523808 3.8178783915936938 9.1413679122924822 23.241693584248427 4.5503441467881229 4.8574234228581163 11.72405850980431 31.813819577917457 11.67117442935705 9.3070048084482533 5.0149084813892832 3.8949760869145402 4.8836521850898853 23.891119313426316
leaf_count=19 35 20 80 249 24 34 68 447 71 138 20 50 63 236
internal_value=-0.000942502 -0.00767657 0.00655396 -0.000166477 0.00808182 -0.0173342 0.00193973 -0.0300514 0.0155138 0.00200306 0.0264133 0.0141754 0.023094 -0.0107777
internal_weight=156.909 82.6449 74.2638 67.1285 48.8671 31.9941 45.0492 33.7778 35.1345 23.4633 14.1563 8.7524 16.6077 28.4415
internal_count=1554 877 677 642 411 333 391 466 309 238 100 84 131 260
is_linear=0
shrinkage=0.05


Tree=352
num_leaves=15
num_cat=0
split_feature=9 14 4 13 25 18 8 15 3 4 4 4 25 3
split_gain=5.2911 6.24675 4.9415 3.48732 3.33603 4.0558 3.89464 6.68912 3.33565 3.24736 3.21515 2.88309 3.01293 3.36986
threshold=4.3500000000000005 20.045000000000005 0.58197783338500009 31.350000000000005 595.00000000000011 5.4500000000000011 16.250000000000004 -1.0000000180025095e-35 -0.40613878790836594 0.47112331456000006 0.11528734911000001 0.5019855645500001 112.50000000000001 -0.78858226040708135
decision_type=8 10 2 8 8 8 10 10 2 2 2 2 10 2
left_child=2 4 9 -3 11 -6 7 10 -4 -1 -7 -2 13 -13
right_child=1 3 8 -5 5 6 -8 -9 -10 -11 -12 12 -14 -15
leaf_value=0.006260918322658033 -0.039402612100803668 0.063332570875359193 0.025139912565332691 -0.013772378821969756 -0.030107176006625824 0.021030459024909062 -0.027875666011809665 0.052977801328424591 -0.030914291233081516 0.042577319367687418 -0.039596002692764844 -0.024797642888809052 -0.033770958706926646 0.062682973686075671
leaf_weight=85.321704161353409 20.952578545548025 2.9144657999277106 2.4835152346640834 1.8619853835552929 10.535917390137913 3.1344944443553713 4.7683726996183387 6.7214965373277655 12.880650363862511 5.6982275508344165 3.8334529455751181 1.1184084881097081 2.2883354127407074 1.7798377284780134
leaf_count=643 282 26 25 24 91 33 38 44 167 35 41 25 31 29
internal_value=-0.00218295 -0.0139437 0.00450821 0.0360943 -0.0188446 -0.00678403 0.00739217 0.0207382 -0.0208709 0.00897247 -0.0131069 -0.0314793 0.00172417 0.0312235
internal_weight=166.293 59.9093 106.384 4.77645 55.1329 28.9937 18.4578 13.6894 15.3642 91.0199 6.96795 26.1392 5.18658 2.89825
internal_count=1534 664 870 50 614 247 156 118 192 678 74 367 85 54
is_linear=0
shrinkage=0.05


Tree=353
num_leaves=15
num_cat=0
split_feature=0 27 19 20 32 16 10 24 4 8 2 3 13 25
split_gain=1.95456 2.13427 3.64623 3.32873 3.43006 3.01174 2.93709 3.03334 2.23105 2.70015 3.13899 2.11401 2.28037 2.07067
threshold=57.193717915000001 0.18819444444444447 142.55000000000004 7.5000000000000009 0.0043816137566137572 7.0500000000000007 28.450000000000003 1.0000000180025095e-35 0.029534200600000001 19.050000000000004 0.7090011537757156 0.96633974041180493 3.0500000000000003 165.50000000000003
decision_type=2 10 10 2 10 10 10 2 2 8 2 2 8 10
left_child=1 2 3 5 -5 11 7 -3 9 10 -7 12 -1 -9
right_child=-2 6 -4 4 -6 8 -8 13 -10 -11 -12 -13 -14 -15
leaf_value=0.0068751635509625309 -0.019756516156578013 -0.025435386062721041 0.047927137892386895 0.055092166621600928 0.004292422835298953 0.044061668436346096 0.036089120787490332 -0.0098762796011730852 -0.0086139805335532765 -0.026309447339165706 -0.018302490227476025 -0.014774598849527913 0.054270947922129859 0.010707190465864281
leaf_weight=5.4210911206901065 11.348022753372787 17.507710363715887 3.8441626988351336 4.8600269146263591 8.1074319221079332 6.2663793377578241 2.9837032146751872 29.387593939900398 57.674461444839835 2.1747241206467143 2.1517389137297869 2.600530393421649 4.4014777429401866 19.452056804671884
leaf_count=43 91 184 45 55 88 62 33 224 475 15 17 17 37 148
internal_value=-0.00055997 0.000855718 0.00560123 0.00337601 0.0259127 -0.000518651 -0.00580277 -0.00819458 -0.00471307 0.015437 0.0278701 0.0211645 0.0311654 -0.00162787
internal_weight=178.181 166.833 97.502 93.6579 12.9675 80.6904 69.3311 66.3474 68.2673 10.5928 8.41812 12.4231 9.82257 48.8397
internal_count=1534 1443 854 809 143 666 589 556 569 94 79 97 80 372
is_linear=0
shrinkage=0.05


Tree=354
num_leaves=15
num_cat=0
split_feature=3 1 16 3 32 2 16 13 2 10 15 22 15 1
split_gain=2.52174 2.32974 2.46676 4.069 3.62734 2.44558 4.07167 3.41866 2.76137 2.36788 3.34997 3.09444 2.88118 2.86056
threshold=-0.98212955754013376 -121.48116924999998 10.850000000000003 0.020426410361618356 0.1056547619047619 -0.96463499255812291 29.050000000000004 28.050000000000004 -0.861146256326485 23.750000000000004 -1.7499999999999998 3.5000000000000004 4.0500000000000007 -100.00109599999998
decision_type=2 2 10 2 8 2 8 8 2 8 8 2 8 2
left_child=-1 2 -2 4 -4 6 -3 -8 -7 13 -11 -12 -13 -10
right_child=1 5 3 -5 -6 8 7 -9 9 10 11 12 -14 -15
leaf_value=-0.023650045996113388 -0.0073367930171574398 -0.010140564337652333 0.023828986993851806 0.05131806919451333 -0.029027472585034186 -0.023005674014342337 0.063865062601588904 -0.0043988986365706972 0.0006909149760803171 0.059392804052886619 -0.011854427456956857 -0.013116157591311442 0.048343315783281833 -0.020718254038486657
leaf_weight=10.022408147342501 8.8535216413438338 6.6501977508887631 7.9071372188627729 7.0125953927636138 4.1264316756278285 15.703663284890352 4.4797690417617559 2.5733221266418695 59.432745447382324 2.4056683368980885 10.635509867221122 2.3469680212438098 4.6347203068435192 20.127282885834582
leaf_count=89 66 62 59 58 44 134 44 23 513 30 108 18 41 245
internal_value=-0.000530494 0.00108686 0.0139219 0.0236769 0.00486749 -0.00177502 0.0174566 0.0415054 -0.0041914 -0.00102527 0.0139297 0.00486482 0.0286282 -0.00491517
internal_weight=166.912 156.89 27.8997 19.0462 12.0336 128.99 13.7033 7.05309 115.287 99.5829 20.0229 17.6172 6.98169 79.56
internal_count=1534 1445 227 161 103 1218 129 67 1089 955 197 167 59 758
is_linear=0
shrinkage=0.05


Tree=355
num_leaves=15
num_cat=0
split_feature=19 2 0 32 12 15 15 10 25 26 1 3 29 28
split_gain=7.40313 5.5541 4.67498 4.551 4.02464 6.15693 7.41648 6.06283 5.71376 5.05889 4.9732 4.7646 4.57907 3.90011
threshold=71.300000000000011 -0.85227431625818906 57.341411000000001 1.0000000180025095e-35 0.25000000000000006 1.7500000000000002 3.8500000000000001 14.350000000000003 193.50000000000003 0.28402777777777782 -117.48493624499999 -0.92272482904738262 0.0096880131362889997 0.43992794486215542
decision_type=10 2 2 8 8 10 8 8 10 10 2 2 10 8
left_child=2 3 4 -2 7 11 -7 9 13 10 -1 -6 -13 -8
right_child=1 -3 -4 -5 5 6 8 -9 -10 -11 -12 12 -14 -15
leaf_value=-0.013071282877030736 0.041845699173467928 -0.037207648054434862 -0.037438525310349545 -0.03293675088686783 -0.03120735092490964 -0.041728829046410315 0.049073459944573607 -0.029462762516325649 -0.021179315704310038 -0.038719747277595751 0.023746625071706873 0.047255526431603398 -0.0046006716390954083 -0.0088530639810724451
leaf_weight=11.427491898648439 4.4388446891680386 14.940299030859022 4.0324990879744282 2.3433760665357113 1.8435420673340548 6.0868227928876877 10.190785419195894 10.79756235424429 5.9026439413428298 3.8820863803848615 36.461665313690901 27.088966799899939 4.8196418769657603 3.5564277777448305
leaf_count=142 25 317 75 43 27 70 41 127 66 72 334 131 20 44
internal_value=0.00541113 -0.020932 0.0100785 0.015095 0.0119398 0.0211404 0.00250271 0.00299711 0.0175613 0.0101971 0.0148733 0.0348711 0.0395211 0.0345036
internal_weight=147.813 21.7225 126.09 6.78222 122.058 59.4888 25.7367 62.5688 19.6499 51.7712 47.8892 33.7522 31.9086 13.7472
internal_count=1534 385 1149 68 1074 399 221 675 151 548 476 178 151 85
is_linear=0
shrinkage=0.05


Tree=356
num_leaves=15
num_cat=1
split_feature=2 6 1 0 19 27 4 2 0 14 14 9 3 1
split_gain=4.91828 3.67682 4.21331 6.60219 3.89239 3.60244 4.93154 6.74542 3.89734 7.55354 4.35954 3.14487 4.11262 4.22442
threshold=0.93845596220871974 0 -79.923859419999985 49.38010400000001 124.90000000000002 0.27777777777777785 0.16608521233500004 -0.78326540922535159 53.357140000000008 4.0758620689655176 14.532241379310346 -6.0499999999999989 -0.77243990499604276 -116.54074868999999
decision_type=2 9 2 2 8 8 2 2 2 10 10 10 2 2
left_child=1 2 3 -1 11 6 -3 -8 -7 -10 -11 -5 -13 -14
right_child=-2 5 -4 4 -6 8 7 -9 9 10 -12 12 13 -15
leaf_value=-0.032070739038436706 -0.034274452714588836 -0.010920141241744535 0.03618132381976321 -0.025184705918555816 0.037766058158042341 -0.028243676902451637 -0.012963072622505459 0.047956121880872046 -0.035655351633685176 0.053930066498283927 -0.011562958140885798 -0.018597256580101553 0.033776839711960424 -0.020185579028672806
leaf_weight=8.9326515393331629 8.8689356455579382 20.949897885322571 12.711624230258165 6.3159358822740534 10.750386554747818 24.111630776897073 6.9587800763547447 10.442055283114312 6.3740279274061313 5.8690518178045732 3.5544846504926682 7.4012938207015351 16.35383596457541 3.8657409343868663
leaf_count=94 126 147 78 127 58 334 32 75 101 38 27 84 135 78
internal_value=-0.000116619 0.00219958 0.00994126 0.0049921 0.0129405 -0.00502502 0.00523117 0.0242134 -0.015996 0.00326604 0.0304873 0.00422046 0.0115894 0.0229948
internal_weight=153.46 144.591 66.3315 53.6198 44.6872 78.2599 38.3507 17.4008 39.9092 15.7976 9.42354 33.9368 27.6209 20.2196
internal_count=1534 1408 654 576 482 754 254 107 500 166 65 424 297 213
cat_boundaries=0 1
cat_threshold=459784
is_linear=0
shrinkage=0.05


Tree=357
num_leaves=15
num_cat=1
split_feature=33 19 1 3 3 2 12 4 29 19 19 10 10 7
split_gain=4.67185 9.00169 6.65235 7.38401 5.59535 4.91837 7.25441 4.28721 2.97302 4.18763 4.51509 4.05357 4.38076 3.24565
threshold=0.12761111111111115 52.750000000000007 -94.164537999999979 0.76002003530985496 0.98005052076767474 0.78857998149907527 8.9500000000000011 1.5800276808750005 0.16851851851851854 5.6500000000000012 8.3000000000000025 25.950000000000003 22.950000000000003 0
decision_type=8 10 2 2 2 2 10 2 10 8 8 8 10 1
left_child=2 4 8 -4 -2 6 7 -3 9 -1 -11 12 13 -12
right_child=1 5 3 -5 -6 -7 -8 -9 -10 10 11 -13 -14 -15
leaf_value=0.04601928497811611 -0.036622148216428167 -0.041820488060253264 -0.04330716354728309 0.02949012136064846 0.04512912541850838 0.051759294647174436 0.057664302501970126 0.023279297349132283 -0.02715175218653872 -0.03880768572002976 -0.010427778058130922 0.031379584738075519 -0.033192547769972186 0.016583157536599252
leaf_weight=7.8920344449579707 24.712707506492738 7.2430423349142092 11.148913575336335 4.0739278607070437 1.4398419065400947 5.0257741194218388 2.7403429578989735 2.8881521243602037 3.8835459128022185 3.6030750032514325 13.953222597017884 19.934075556695461 5.5102520417422047 44.562396140769124
leaf_count=46 397 115 187 35 18 32 26 23 39 34 149 117 48 268
internal_value=0.00127643 -0.0123904 0.0065932 -0.0232083 -0.030625 0.0144655 -0.00277765 -0.022838 0.0113458 0.0131773 0.0097311 0.0122464 0.00589839 0.0100753
internal_weight=158.611 44.0499 114.561 15.2228 26.1525 17.8973 12.8715 10.1312 99.3386 95.4551 87.563 83.9599 64.0259 58.5156
internal_count=1534 611 923 222 415 196 164 138 701 662 616 582 465 417
cat_boundaries=0 1
cat_threshold=2
is_linear=0
shrinkage=0.05


Tree=358
num_leaves=15
num_cat=1
split_feature=25 7 18 12 15 13 11 17 18 17 13 3 16 24
split_gain=6.1175 8.49032 6.19639 5.49486 5.04314 4.88081 5.43803 4.3146 4.34972 4.17682 4.51758 4.16105 5.48957 3.49486
threshold=260.50000000000006 0 49.750000000000007 -18.949999999999996 -31.149999999999995 8.9500000000000011 3.5642857142857154 19.500000000000004 5.1500000000000012 19.500000000000004 12.450000000000001 -0.3744658827978154 5.9500000000000011 57.000000000000007
decision_type=10 1 10 8 10 10 10 10 10 8 8 2 8 2
left_child=1 13 3 4 -2 11 -7 8 -8 -5 -11 -3 -13 -1
right_child=2 5 -4 9 -6 6 7 -9 -10 10 -12 12 -14 -15
leaf_value=-0.0328563178376889 -0.033696462256965952 0.033429296196187695 0.049889305983945843 -0.039054771557099174 0.043998700748369195 0.044782781801331828 0.031207105124940068 -0.033726802456730404 0.00059856457532225403 0.056915470458767652 -0.023368096542906804 0.024495521395053756 -0.028645769991371806 0.02407439877629226
leaf_weight=17.917011872865263 2.4815996717661619 4.2414854671806124 2.1642200257629147 28.598081804811954 4.4442042335867882 13.136001372709869 19.710242673754692 4.3006089832633725 26.496807208284736 1.7777165062725533 3.7950852569192648 5.6367789600044462 18.377371067181237 2.4034806452691546
leaf_count=337 41 22 25 351 45 72 119 30 160 13 51 41 192 35
internal_value=-0.00300149 0.00318095 -0.0187484 -0.0234622 0.0154206 0.00968525 0.01728 0.00939652 0.0140395 -0.0315574 0.00700508 -0.00742726 -0.0156915 -0.0253093
internal_weight=155.481 112.22 43.2609 41.0967 6.9258 91.8993 63.6437 50.5077 46.207 34.1709 5.5728 28.2556 24.0142 20.3205
internal_count=1534 1008 526 501 86 636 381 309 279 415 64 255 233 372
cat_boundaries=0 1
cat_threshold=2
is_linear=0
shrinkage=0.05


Tree=359
num_leaves=15
num_cat=1
split_feature=18 14 14 6 27 4 15 4 14 25 25 17 0 17
split_gain=6.80793 5.05606 9.46083 4.28217 5.17239 7.52188 9.39538 6.09011 8.00823 4.54574 3.96232 4.95221 4.3625 4.09814
threshold=25.950000000000003 20.045000000000005 19.183045977011499 0 0.11437908496732027 0.15601539354500002 1.0500000000000003 0.091719658350000011 3.9516666666666671 348.50000000000006 136.00000000000003 1.5000000000000002 50.255532250000009 18.500000000000004
decision_type=10 10 10 9 10 2 10 2 10 10 8 8 2 10
left_child=1 2 3 4 5 6 -1 -6 -9 10 13 -12 -13 -5
right_child=-2 -3 -4 9 7 -7 -8 8 -10 -11 11 12 -14 -15
leaf_value=-0.038913148792331397 -0.032842563931640541 -0.04295928337047536 0.049914203804053994 -0.03129868497041409 0.041366131673101325 0.014930613095997742 0.02553835387258015 0.024978340682160271 -0.042100467709984726 -0.042573404718652168 -0.034959985002289293 -0.029459937667992032 0.045069582922069473 0.024351410620023106
leaf_weight=18.86407629027963 13.214425933547316 4.67057657893747 9.9279223885387164 13.462766164913779 18.750870129093528 30.736441833898425 7.1056875232607117 11.255567722022535 5.9858359061181536 9.0174011643975955 2.7980462079867694 1.7135519795119769 8.8550176266580802 3.4798333663493386
leaf_count=181 226 43 37 240 92 208 42 65 64 148 46 40 71 31
internal_value=0.00020715 0.00338805 0.00520283 0.00149071 0.00710628 -0.00159642 -0.0209853 0.022411 0.000658764 -0.0107023 -0.00358152 0.0161096 0.0314836 -0.0191486
internal_weight=159.838 146.624 141.953 132.025 92.6985 56.7062 25.9698 35.9923 17.2414 39.3266 30.3092 13.3666 10.5686 16.9426
internal_count=1534 1308 1265 1228 652 431 223 221 129 576 428 157 111 271
cat_boundaries=0 1
cat_threshold=117312
is_linear=0
shrinkage=0.05


Tree=360
num_leaves=15
num_cat=0
split_feature=30 19 1 1 4 1 20 9 4 4 27 2 4 27
split_gain=3.57228 3.10198 3.07912 4.68769 4.8386 3.91511 3.56187 3.25638 3.86214 5.57546 4.43796 4.90249 4.54059 4.92128
threshold=1.0000000180025095e-35 220.20000000000002 -121.28823719999998 -121.94475999999999 0.036772867705000011 -120.66916965499998 2.5000000000000004 20.400000000000002 0.11528734911000001 0.045400894735000009 0.15192307692307697 0.95242846126021108 0.33433584587000004 0.30145502645502648
decision_type=10 8 2 2 2 2 2 8 2 2 10 2 2 10
left_child=1 2 3 4 -1 -4 -5 8 9 -7 11 -10 13 -12
right_child=-2 -3 5 6 -6 7 -8 -9 10 -11 12 -13 -14 -15
leaf_value=0.031863679220884809 -0.023320100087459373 -0.033010822087955388 -0.041978820576854252 0.078211121636491132 -0.034127391346902361 -0.00814005278849869 0.014407965537694647 0.040043596196526539 -0.026221711271353004 0.024282049971789781 0.037550075697783375 0.025964517863275784 0.028113028372776863 -0.028737816267139723
leaf_weight=3.9936978537589329 18.651152790524065 6.0489529678598037 4.8111927025020114 3.3036216683685762 5.2907356917858124 25.206963957287371 5.6304460279643536 3.8842966184020034 35.058107413351536 26.118258353322744 2.7761265765875605 4.3297833278775206 11.727808889932929 10.398584245704113
leaf_count=20 267 92 56 19 59 211 44 26 317 199 19 27 115 93
internal_value=-0.0032853 -0.000631233 0.000963374 0.0195933 -0.0054032 -0.00190151 0.043499 4.70231e-05 -0.00162859 0.00850758 -0.00972699 -0.0199842 0.00664185 -0.0131062
internal_weight=167.23 148.579 142.53 18.2185 9.28443 124.311 8.93407 119.5 115.616 51.3252 64.2904 39.3879 24.9025 13.1747
internal_count=1564 1297 1205 142 79 1063 63 1007 981 410 571 344 227 112
is_linear=0
shrinkage=0.05


Tree=361
num_leaves=15
num_cat=0
split_feature=8 3 2 14 9 2 19 12 13 13 13 2 4 19
split_gain=2.47377 2.93289 2.17169 1.77144 2.84071 3.364 2.65562 1.97729 2.74465 2.41609 3.314 2.98989 2.38242 1.93282
threshold=-16.249999999999996 0.98005052076767474 -0.23537230790205757 19.29666666666667 12.550000000000002 0.091259403071267925 92.750000000000014 7.2500000000000009 23.650000000000002 25.650000000000002 25.050000000000004 -0.05695216311707673 0.15710596284000003 6.8500000000000014
decision_type=8 2 2 10 10 2 10 10 10 8 10 2 2 8
left_child=2 3 -1 4 7 6 -6 8 13 10 11 -10 -11 -2
right_child=1 -3 -4 -5 5 -7 -8 -9 9 12 -12 -13 -14 -15
leaf_value=0.049245469178324251 -0.023661752794494402 0.034521713793193867 0.0062589565785099166 -0.022572348232233735 0.061610808566745223 -0.015348502769541257 -0.0068582250768839531 -0.024253831701217421 0.043121092136310657 0.018575656400060921 0.075271915481375476 -0.02089794301097149 -0.01255243157894809 -0.002188393989079726
leaf_weight=3.6789107397198668 10.83471326716244 4.7286938317120066 8.8570711351931077 8.72503714263439 4.3635020889341813 2.9301839172840118 1.6724784635007379 8.60585551522672 2.3489465303719044 11.595216538757091 2.2104832734912634 3.0909718181937933 11.052556494250892 94.097391789779067
leaf_count=31 84 36 68 87 53 27 17 70 27 100 23 28 92 821
internal_value=0.00102501 -0.000644647 0.0215803 -0.00188021 -0.000559605 0.0252654 0.0443607 -0.00233276 -0.000769936 0.0122452 0.0347471 0.00914877 0.00349612 -0.00460805
internal_weight=178.792 166.256 12.536 161.527 152.802 8.96616 6.03598 143.836 135.23 30.2982 7.6504 5.43992 22.6478 104.932
internal_count=1564 1465 99 1429 1342 97 70 1245 1175 270 78 55 192 905
is_linear=0
shrinkage=0.05


Tree=362
num_leaves=15
num_cat=2
split_feature=6 4 13 28 13 20 20 9 13 22 2 13 5 4
split_gain=3.58327 2.90774 4.54759 4.76935 4.6486 3.01009 2.59685 3.18928 2.58876 2.3775 2.35421 2.33899 1.72844 1.83354
threshold=0 0.23346720652000005 18.650000000000002 0.097222222222222224 16.050000000000004 29.500000000000004 4.5000000000000009 10.800000000000002 10.750000000000002 18.500000000000004 -0.96463499255812291 27.850000000000005 1 0.17683623709500004
decision_type=9 2 10 10 8 2 2 8 8 2 2 8 9 2
left_child=1 5 3 4 -3 9 -2 8 -8 12 -4 -12 -1 -14
right_child=6 2 10 -5 -6 -7 7 -9 -10 -11 11 -13 13 -15
leaf_value=-0.0047152931764963173 -0.027549496726639956 -0.0072954738353097738 0.029722581984511304 0.049529868827224335 0.05101222596498789 -0.026736608441498794 0.025083986557837362 0.048170469771612663 -0.029309161871292178 0.034084326593817063 -0.024994786856974538 0.0083313024192037434 0.021175379245463685 -0.017707080056708235
leaf_weight=56.086563602089882 19.136489722877744 12.44286157935858 3.5708363242447403 11.867083191871641 3.6163927447050837 9.3057846240699273 2.3976278929039823 1.9583514165133236 5.4875853778794399 4.377375252544879 10.523268748074766 8.9886085465550458 16.010362494736913 2.8913396224379531
leaf_count=517 273 100 28 97 37 62 34 29 64 32 90 65 120 16
internal_value=0.000420372 0.00390552 0.0135703 0.0267827 0.00805548 -0.00130804 -0.0129356 0.00346616 -0.0118083 0.0019691 -0.0028629 -0.00998463 -0.000329475 0.00974181
internal_weight=168.661 139.68 51.0091 27.9263 16.0593 88.6714 28.9801 9.84356 7.88521 79.3656 23.0827 19.5119 74.9883 18.9017
internal_count=1564 1164 417 234 137 747 400 127 98 685 183 155 653 136
cat_boundaries=0 1 2
cat_threshold=460873 3
is_linear=0
shrinkage=0.05


Tree=363
num_leaves=15
num_cat=0
split_feature=13 11 4 30 16 31 10 12 19 4 13 22 18 21
split_gain=4.8656 4.48526 4.61048 4.73906 4.223 9.8784 7.33756 6.22892 4.82871 5.43967 4.56383 4.09272 4.91083 5.75237
threshold=2.1000000000000005 -12.878571428571425 0.034110115030000006 0.31534090909090912 12.850000000000003 0.24679487179487183 -1.4499999999999997 -5.5499999999999989 67.200000000000031 0.30774732178000003 21.850000000000005 10.500000000000002 17.050000000000004 1.0000000180025095e-35
decision_type=8 8 2 10 8 10 8 8 10 2 8 2 8 2
left_child=-1 -2 3 -3 5 -4 -6 -8 11 -10 -11 12 -9 -14
right_child=1 2 4 -5 6 -7 7 8 9 10 -12 -13 13 -15
leaf_value=-0.039749834970715499 0.048947509813715172 -0.042668194255233653 -0.042811862379797061 0.020796646038003012 0.055150042826029991 0.04314815477919659 -0.032575141354361521 0.015006033183660989 -0.042203456060953833 0.033258051479662508 -0.034745336298496098 0.03307911260518618 0.017220741955736807 -0.043390673967832194
leaf_weight=6.1525564985349774 4.017720015719533 9.8266177615150792 11.255152527242901 3.3455242877826086 6.4890158409252763 3.6942659448832265 9.5920742601156217 41.718467574566603 8.3109048809856194 6.3420411860570294 2.7720461701974273 18.684643937274814 6.0857896879315367 8.1752059664577228
leaf_count=160 28 191 215 20 31 17 110 282 152 45 62 94 42 115
internal_value=0.000487138 0.00252034 0.000805164 -0.026219 0.00388434 -0.0201962 0.00736684 0.00381004 0.00790918 -0.0151876 0.0111845 0.0134289 0.00640474 -0.0180916
internal_weight=146.462 140.309 136.292 13.1721 123.12 14.9494 108.17 101.681 92.0891 17.425 9.11409 74.6641 55.9795 14.261
internal_count=1564 1404 1376 211 1165 232 933 902 792 259 107 533 439 157
is_linear=0
shrinkage=0.05


Tree=364
num_leaves=15
num_cat=1
split_feature=24 6 28 14 13 17 20 9 12 2 16 15 20 18
split_gain=5.88325 4.79083 5.01955 3.8659 4.24758 4.13179 3.65894 3.53827 5.35121 5.10022 3.67469 5.76188 3.78389 3.32532
threshold=3.5000000000000004 0 0.33583959899749377 -7.5649999999999986 30.650000000000002 15.500000000000002 3.5000000000000004 3.4500000000000006 3.3500000000000001 -0.98523971305672675 29.350000000000005 3.1500000000000008 3.5000000000000004 16.450000000000006
decision_type=2 9 8 8 10 8 2 8 8 2 10 10 2 8
left_child=1 3 -3 -1 5 7 -7 9 13 -5 11 -10 -12 -9
right_child=-2 2 -4 4 -6 6 -8 8 10 -11 12 -13 -14 -15
leaf_value=-0.024089475428793861 -0.036495752882549942 0.00032200847464953402 -0.034315496416216396 -0.027193827816034889 -0.020766380254282568 -0.022466987145627892 0.01848666594882337 0.0050810756165675253 0.036466650617272139 0.042426512587330774 0.064442879072553763 -0.028896025079572285 0.012161203648161508 -0.042654653313007558
leaf_weight=7.2180110942572355 9.323688496835528 29.456432051956654 15.202795782126485 2.2688600141555098 8.2293312977999431 11.309496514499189 8.8298208825290185 9.4742293618619406 5.5683485083282012 23.232325455173854 7.09135704487562 5.9368334226310253 7.0489443670958281 4.7541368156671533
leaf_count=106 287 242 229 20 57 128 70 62 35 169 41 32 50 36
internal_value=-1.32147e-05 0.00255564 -0.00981328 0.00822522 0.0118095 0.0151482 -0.00448627 0.0211732 0.0114052 0.0354399 0.0247094 0.00312501 0.0409051 -0.0126225
internal_weight=154.945 145.621 44.6592 100.962 93.7437 85.5144 20.1393 65.375 39.8738 25.5012 25.6455 11.5052 14.1403 14.2284
internal_count=1564 1277 471 806 700 643 198 445 256 189 158 67 91 98
cat_boundaries=0 1
cat_threshold=465920
is_linear=0
shrinkage=0.05


Tree=365
num_leaves=15
num_cat=1
split_feature=1 0 7 4 31 25 1 17 21 19 25 20 1 28
split_gain=5.15031 4.8177 7.22933 6.27584 6.21322 5.19054 4.96434 4.74753 4.38557 5.15618 4.04044 5.75962 5.24071 4.52901
threshold=-79.532160999999988 54.389036470000008 0 0.11528734911000001 0.14625850340136057 36.500000000000007 -118.20847342499998 14.500000000000002 8.5000000000000018 50.550000000000011 149.50000000000003 7.5000000000000009 -120.913090895 0.89272030651341006
decision_type=2 2 1 2 8 8 2 10 2 8 8 2 2 10
left_child=1 2 5 -4 6 -1 8 -5 9 -3 11 -7 -12 -14
right_child=-2 4 3 7 -6 10 -8 -9 -10 -11 12 -13 13 -15
leaf_value=-0.042569469348583973 -0.027266349612928589 -0.0035179970167696878 5.2208543031872994e-05 0.02037379037394103 -0.042843529921648554 0.054155010419987437 -0.04081561098813713 0.060097680268463016 -0.039785017112008214 0.038794595328684671 0.033866401399804888 -0.0098171750813683817 -0.034769912540216739 0.029355411075847371
leaf_weight=6.9207640364766112 13.637856177985666 16.163452552631501 22.117022169753909 25.28571560792625 9.711368674412368 6.2766152750700694 5.1161147654056576 10.963333416730164 3.2040388099849215 11.769493058323858 4.1686431542038909 6.3096254467964172 13.948617532849317 2.5711605884134761
leaf_count=118 215 125 213 188 179 39 55 57 21 61 21 81 176 15
internal_value=0.00101175 0.00384917 0.0100536 0.0211521 -0.00938576 -0.00618426 0.000486285 0.0336789 0.00833148 0.015035 0.00240467 0.0237229 -0.0110606 -0.0236835
internal_weight=158.164 144.526 98.5615 58.3661 45.9645 40.1954 36.2531 36.249 31.137 27.9329 33.2747 12.5862 20.6884 16.5198
internal_count=1564 1349 908 458 441 450 262 245 207 186 332 120 212 191
cat_boundaries=0 1
cat_threshold=2
is_linear=0
shrinkage=0.05


Tree=366
num_leaves=15
num_cat=1
split_feature=6 8 15 4 25 12 19 13 17 13 0 20 13 18
split_gain=9.6502 6.19463 5.14891 4.67181 4.61247 4.36507 5.47047 5.22329 4.62702 4.52505 6.74315 3.89963 3.83052 3.27187
threshold=0 16.450000000000003 6.8500000000000005 6.2654356463650016 1068.0000000000002 4.9500000000000011 11.550000000000002 29.450000000000003 12.500000000000002 18.650000000000002 54.830122110000012 3.5000000000000004 15.450000000000001 17.050000000000004
decision_type=9 8 10 2 10 10 10 8 10 10 2 2 10 8
left_child=1 4 -3 5 11 6 12 -7 -8 10 -10 -1 -2 -13
right_child=3 2 -4 -5 -6 7 8 -9 9 -11 -12 13 -14 -15
leaf_value=0.041576013371738482 0.018641467276590527 -0.039345081022267921 0.024347573175504091 -0.043874539528670452 -0.017698132543887989 0.031332578125576355 -0.03136451796993641 -0.022485900896585278 -0.043611339209623651 0.035608646218382514 0.025678476209944984 -0.017405650050876756 -0.028210905444078723 0.032744468440793123
leaf_weight=28.85695811919868 18.654027983546261 6.7020376268774253 4.5226287133991718 7.8587872795760623 4.5969754625111809 13.454716171137987 32.528398755937815 5.7089589340612319 7.5761320730671304 5.1871169824153176 5.0881057940423489 6.0613807030022118 4.6594265047460786 5.0790929906070241
leaf_count=134 194 54 26 93 48 143 448 97 111 37 44 51 57 27
internal_value=0.000767923 0.0157119 -0.0137897 -0.00831465 0.0267231 -0.00575559 -0.0112761 0.0149797 -0.020416 0.000139594 -0.0159309 0.0321357 0.00850239 0.0062723
internal_weight=156.535 55.8191 11.2247 100.716 44.5944 92.8569 73.6932 19.1637 50.3798 17.8514 12.6642 39.9974 23.3135 11.1405
internal_count=1564 340 80 1224 260 1131 891 240 640 192 155 212 251 78
cat_boundaries=0 1
cat_threshold=24871
is_linear=0
shrinkage=0.05


Tree=367
num_leaves=15
num_cat=1
split_feature=6 0 10 17 13 19 3 16 16 13 19 23 27 12
split_gain=3.89435 11.3955 6.92911 5.33338 7.00799 6.19167 5.05223 4.70125 4.88478 4.67431 5.19689 4.57535 4.47678 4.84295
threshold=0 55.81177846500001 -1.8499999999999999 8.5000000000000018 24.950000000000003 102.65000000000002 -0.21022037796396451 36.300000000000004 9.4500000000000011 3.4500000000000006 30.450000000000003 1.5000000000000002 0.21817815839554974 7.4500000000000011
decision_type=9 2 8 8 8 10 2 10 8 10 10 2 10 10
left_child=2 7 -1 4 -4 12 -3 8 -2 -5 -11 -8 13 -6
right_child=1 6 3 9 5 -7 11 -9 -10 10 -12 -13 -14 -15
leaf_value=-0.04069448456354955 0.0039527118836130094 -0.017845182966263137 -0.029968870880083587 0.067611683642626028 0.033588017785001707 0.059790802068087429 0.036470540901992393 0.031517855139451954 -0.037650018615211278 0.036643014866878564 -0.0075825630464923469 -0.0054003450463824126 -0.031252703028092098 -0.013952417106679358
leaf_weight=5.7697690268978477 8.6337852524593472 9.7900049928575736 12.143761796876786 5.1223209202289608 12.004223253577956 4.8713893406093112 18.318806665018204 2.6284748278558245 33.680192915722728 14.273692198097708 11.241661212407051 9.5007193535566312 6.210265007801353 8.3635028880089504
leaf_count=99 86 104 167 20 68 25 88 11 530 81 88 73 66 58
internal_value=-0.000334483 -0.00746065 0.00706867 0.0122124 0.00085111 0.0133086 0.0117927 -0.0251025 -0.0292661 0.02784 0.0176068 0.0224799 0.00292996 0.0143273
internal_weight=162.553 82.552 80.0006 74.2308 43.5931 31.4494 37.6095 44.9425 42.314 30.6377 25.5154 27.8195 26.578 20.3677
internal_count=1564 892 672 573 384 217 265 627 616 189 169 161 192 126
cat_boundaries=0 1
cat_threshold=115273
is_linear=0
shrinkage=0.05


Tree=368
num_leaves=15
num_cat=1
split_feature=0 6 4 28 11 14 8 25 16 14 21 14 14 16
split_gain=4.41033 3.45898 4.08861 3.69778 3.04534 2.97963 4.46015 4.14528 4.9724 5.21473 3.3193 3.23613 4.08205 3.87793
threshold=45.129073000000012 0 142.00591630506003 0.53259595959595962 21.664285714285715 15.979540229885059 14.550000000000002 79.500000000000014 13.750000000000002 3.0116666666666672 6.5000000000000009 -13.433333333333332 -9.9633333333333329 9.2500000000000018
decision_type=2 9 2 10 10 10 10 8 10 10 2 8 8 8
left_child=4 2 -2 5 -1 6 7 8 -3 -10 11 -9 -13 -14
right_child=1 3 -4 -5 -6 -7 -8 10 9 -11 -12 12 13 -15
leaf_value=-0.040427028172042155 -0.035504604751097173 -0.04075615822735501 0.037260683786800253 -0.037894284501882473 0.021626775337389572 0.022154595082152548 -0.029127413459427418 0.036081532047755362 0.04858539990339842 -0.016430004125616619 0.045998970224787855 -0.028899697597530173 0.036341470092972998 0.0028786966437228927
leaf_weight=9.4346803678199631 12.761935664340855 8.6601610630750674 1.4127104058861721 3.9763271640986195 1.7689949665218581 22.724793281406164 9.103789020329712 7.9215128161013126 3.8238321505486947 7.645007161423564 5.1560619771480551 7.3684834018349648 9.3291363921016472 54.869536699727178
leaf_count=111 245 109 13 69 11 182 88 40 33 82 41 41 58 398
internal_value=-0.000718002 0.00155427 -0.0158379 0.00422748 -0.0296598 0.0060273 0.00264418 0.00565409 -0.0142638 0.00740488 0.0105019 0.00765651 0.00405639 0.00822421
internal_weight=165.957 154.753 14.1746 140.579 11.2037 136.602 113.878 104.774 20.129 11.4688 84.6447 79.4887 71.5672 64.1987
internal_count=1521 1399 258 1141 122 1072 890 802 224 115 578 537 497 456
cat_boundaries=0 1
cat_threshold=69633
is_linear=0
shrinkage=0.05


Tree=369
num_leaves=15
num_cat=1
split_feature=6 17 25 10 12 8 13 8 12 13 21 25 32 18
split_gain=3.66589 3.04646 2.93819 3.30559 4.47212 3.23525 2.26141 3.55645 2.44932 2.43428 2.01613 3.10165 2.75009 2.99363
threshold=0 21.500000000000004 23.500000000000004 23.150000000000002 -5.4499999999999993 -4.4499999999999993 29.850000000000005 19.650000000000002 0.55000000000000016 24.950000000000003 7.5000000000000009 1028.5000000000002 0.1730769230769231 2.3500000000000005
decision_type=9 10 10 10 10 8 10 10 10 10 2 8 8 10
left_child=2 6 -1 4 5 -4 8 -8 9 10 11 12 -2 -14
right_child=1 -3 3 -5 -6 -7 7 -9 -10 -11 -12 -13 13 -15
leaf_value=0.032105333675220053 -0.0009164040590660434 -0.034404254102894695 0.017705664574633601 -0.024493231695489944 0.036340585383534678 -0.025208349494037597 0.041776714422158356 -0.010216650503639431 -0.016803620534463021 0.036524274349914225 -0.024599037688054229 -0.01160652849618226 0.0028420927929441973 0.045858934603518337
leaf_weight=13.465061139315365 24.570656998082995 6.9323129169642916 7.6570258811116219 6.5911508537828913 10.642820060253145 7.9544645771384221 5.9623562488704902 5.6318145506083965 29.149275055155158 3.3048968184739342 7.8271785080432883 28.482361814007163 7.8996954113244993 7.6021228097379208
leaf_count=107 223 56 59 55 88 50 59 58 294 35 79 228 61 69
internal_value=0.000383397 -0.00406297 0.0109776 0.00486701 0.0128661 -0.00436137 -0.00238208 0.0177153 -0.00466483 -7.12612e-05 -0.00210621 0.000778623 0.00964989 0.0254383
internal_weight=173.673 127.363 46.3105 32.8455 26.2543 15.6115 120.43 11.5942 108.836 79.6869 76.382 68.5548 40.0725 15.5018
internal_count=1521 1162 359 252 197 109 1106 117 989 695 660 581 353 130
cat_boundaries=0 1
cat_threshold=4426
is_linear=0
shrinkage=0.05


Tree=370
num_leaves=15
num_cat=0
split_feature=31 10 12 16 11 25 23 25 32 12 18 24 24 8
split_gain=2.3016 2.98488 2.67469 2.47855 4.25424 3.057 2.31931 2.24918 3.76543 4.18677 2.71015 2.49378 2.46633 2.75211
threshold=0.091089466089466109 -9.5499999999999989 -29.049999999999997 27.250000000000004 11.742857142857146 460.50000000000006 11.500000000000002 152.50000000000003 0.34259259259259262 -10.399999999999999 8.0500000000000025 1.0000000180025095e-35 15.500000000000002 -7.0499999999999989
decision_type=8 8 8 8 8 8 2 10 8 10 10 2 2 8
left_child=7 2 -2 6 5 -5 -3 8 9 10 -1 -11 13 -9
right_child=1 3 -4 4 -6 -7 -8 12 -10 11 -12 -13 -14 -15
leaf_value=0.05269614142419729 -0.0086207699361355201 -0.022693588218071631 0.055018065018298971 -0.0040346823612141354 -0.0091234818336111169 0.070024998214638062 0.021913515665632686 -0.025909086396408983 -0.031688764454470789 -0.016292295741051843 0.0032595417435303492 0.014424509100891422 -0.037817932511428121 0.0054999051065468835
leaf_weight=8.8834060132503492 2.7453749775886536 35.185676999390125 2.4165063612163067 2.215047737583518 21.464804055169228 2.337423425167799 2.387700615450739 7.4823626149445772 3.6469363048672667 8.6511109992861766 4.045452192425727 20.211173197254539 3.7847254499793044 38.226774457842112
leaf_count=77 18 336 27 28 215 24 18 75 51 62 34 144 21 391
internal_value=-0.00134643 -0.00825046 0.0252653 -0.0113201 0.000583854 0.0397537 -0.0193643 0.00368756 0.011601 0.016031 0.038572 0.00498026 -0.00366332 -8.62086e-05
internal_weight=163.684 68.7525 5.16188 63.5907 26.0173 4.55247 37.5734 94.9319 45.4381 41.7911 12.9289 28.8623 49.4939 45.7091
internal_count=1521 666 45 621 267 52 354 855 368 317 111 206 487 466
is_linear=0
shrinkage=0.05


Tree=371
num_leaves=15
num_cat=1
split_feature=6 17 19 19 12 1 12 10 4 14 16 16 32 25
split_gain=4.42374 7.53179 8.29519 9.41887 5.40738 7.65404 5.10116 5.70433 4.6531 4.1254 7.65875 4.067 3.82242 3.58133
threshold=0 1.5000000000000002 51.250000000000007 71.300000000000011 2.9500000000000006 -117.48493624499999 0.95000000000000007 4.0500000000000007 0.04107267455 -0.85833333333333328 12.850000000000003 27.750000000000004 0.11324786324786328 667.50000000000011
decision_type=9 10 10 8 8 2 10 10 2 10 10 10 8 10
left_child=4 -2 9 -4 5 12 7 -7 -6 10 -3 -9 -1 -10
right_child=1 2 3 -5 8 6 -8 11 13 -11 -12 -13 -14 -15
leaf_value=-0.039009631674244843 -0.043501464576248275 -0.037452484324229242 0.057539598923826089 -0.03506975531594772 -0.021604124343070089 -0.01432446164835998 -0.039633058466318011 0.039994454455828693 0.032871439901850569 -0.043601872139002587 0.05086864562234425 -0.0084484153933377451 0.0011275375439592484 -0.013158481306555654
leaf_weight=13.804324648343028 12.3033498711884 4.1518433690071133 8.6976072881370747 3.057085012551398 4.7390012834221116 9.0591004518792015 3.2628631200641385 20.39699888788164 34.030764367431402 8.1518928427249211 3.699549175798893 5.0442834869027129 9.8060228619724494 4.2621556594967833
leaf_count=209 252 102 42 75 60 115 31 84 202 114 20 36 132 47
internal_value=0.00253448 -0.0101041 0.00218326 0.0325931 0.00766525 -0.00118114 0.0126835 0.0186084 0.0217634 -0.0207565 0.00520939 0.0304333 -0.0229711 0.0275436
internal_weight=144.467 40.0613 27.758 11.7547 104.406 61.3736 37.7632 34.5004 43.0319 16.0033 7.85139 25.4413 23.6103 38.2929
internal_count=1521 605 353 117 916 607 266 235 309 236 122 120 341 249
cat_boundaries=0 1
cat_threshold=374785
is_linear=0
shrinkage=0.05


Tree=372
num_leaves=15
num_cat=0
split_feature=24 14 14 25 0 25 20 25 15 25 11 15 9 18
split_gain=5.71298 4.16496 3.99447 4.22286 4.62121 4.2616 3.50619 3.42418 3.41192 3.10486 2.78765 2.61247 7.43416 3.98274
threshold=3.5000000000000004 -7.5649999999999986 -5.8516666666666657 1652.0000000000002 57.193717915000001 3071.5000000000005 4.5000000000000009 1028.5000000000002 -1.7499999999999998 58.500000000000007 2.3857142857142861 3.1500000000000008 9.5500000000000025 2.9500000000000006
decision_type=2 8 8 8 2 10 2 8 10 10 10 8 8 8
left_child=1 -1 7 4 6 8 11 -3 -5 10 -8 12 13 -4
right_child=-2 2 3 5 -6 -7 9 -9 -10 -11 -12 -13 -14 -15
leaf_value=-0.026806547026388957 -0.036454316937424021 -0.002189959437312278 -0.02928595192202936 -0.033521892052413703 0.05463865030978813 0.029238588889942616 -0.033031093218765989 0.080308320623157042 -0.00034753972188740603 0.024408551972810742 0.010428429362483361 -0.022618384860451323 0.059974960494614774 0.0089318382271192532
leaf_weight=10.527465946041046 9.3346582110971195 2.0104692708700895 10.482031412422669 16.342043033801023 4.1101291310042134 4.525261875241994 4.2928342614322892 2.1436500400304794 14.051853937096892 29.691591742448509 11.228158498182891 12.78690670523792 3.9300831872969821 15.961023909971116
leaf_count=167 295 31 82 174 26 24 38 21 115 206 88 86 31 137
internal_value=-0.000556293 0.00204044 0.00453367 0.00276551 0.00834502 -0.0118326 0.00560468 0.0477033 -0.0186842 0.015187 -0.00286348 -0.00454993 0.00353527 -0.00673282
internal_weight=151.418 142.084 131.556 127.402 92.4828 34.9192 88.3726 4.15412 30.3939 45.2126 15.521 43.16 30.3731 26.4431
internal_count=1521 1226 1059 1007 694 313 668 52 289 332 126 336 250 219
is_linear=0
shrinkage=0.05


Tree=373
num_leaves=15
num_cat=1
split_feature=13 4 28 6 16 2 11 1 14 12 32 12 16 18
split_gain=3.86927 6.60564 4.26232 4.17302 6.21936 7.39503 6.13166 6.28054 6.15771 5.67296 7.7107 4.48964 3.91293 3.59986
threshold=6.0500000000000007 0.036390551845000008 0.58712121212121227 0 28.050000000000004 -0.031173458710879235 11.442857142857145 -122.31451069499998 19.076666666666664 -3.6499999999999999 1.0000000180025095e-35 1.1500000000000001 12.350000000000003 33.350000000000001
decision_type=8 2 10 9 10 2 10 2 10 8 8 8 8 10
left_child=1 -1 3 6 -5 11 7 -2 -8 10 -9 -6 -3 -13
right_child=2 12 -4 4 5 -7 8 9 -10 -11 -12 13 -14 -15
leaf_value=-0.039678285203079054 -0.038433233412803386 0.032276470449842741 0.029000584152025822 -0.027036777538115692 0.023083607727491223 0.039940210816276828 -0.034170148511004472 0.04096868901009898 0.029067888551011268 0.046447609444748746 -0.030036529632335263 -0.038177593367272805 -0.020660986314706104 0.027351722621268726
leaf_weight=3.6455018268898156 3.325272610411047 23.719694703817368 8.6084670387208444 39.297961624339223 5.1165038356557506 8.4860342033207399 12.772368168458344 6.0205042771995041 4.4767593052238217 15.441531252115967 7.4012767877429733 11.802068965509536 3.3644754439592388 1.7611383292824019
leaf_count=56 37 180 68 476 51 68 133 36 27 84 95 150 46 14
internal_value=0.000900085 0.0164945 -0.00304945 -0.00565765 -0.0126858 0.00379308 0.0053163 0.0190641 -0.0170642 0.0267534 0.002446 -0.0138233 0.0251989 -0.028375
internal_weight=155.24 30.7297 124.51 115.901 66.4637 27.1657 49.4377 32.1886 17.2491 28.8633 13.4218 18.6797 27.0842 13.5632
internal_count=1521 282 1239 1171 759 283 412 252 160 215 131 215 226 164
cat_boundaries=0 1
cat_threshold=315424
is_linear=0
shrinkage=0.05


Tree=374
num_leaves=15
num_cat=1
split_feature=25 12 6 28 1 29 26 25 28 10 15 31 1 9
split_gain=5.92888 5.03517 4.20465 3.7575 3.68849 4.03205 3.54445 4.27117 4.00034 3.64875 3.48923 3.47785 3.37765 3.05951
threshold=1068.0000000000002 -21.949999999999996 0 0.13361823361823363 -121.01816299999997 0.2446581196581197 0.16223316912972088 657.50000000000011 0.057189542483660136 -2.9499999999999997 7.9500000000000011 0.32159090909090915 -122.54164999999999 -2.0499999999999994
decision_type=10 8 9 10 2 8 10 10 10 8 10 10 2 8
left_child=2 -2 4 6 5 -1 7 8 9 -4 -6 12 -5 -11
right_child=1 -3 3 11 10 -7 -8 -9 -10 13 -12 -13 -14 -15
leaf_value=-0.02039679572002244 0.030073145279557817 -0.043857489780820297 -0.024644906080824907 0.035555101361223765 -0.045361551560531489 0.056571620686629943 -0.024203741263706269 0.048058444525210783 0.047905918227080901 0.024979160474137296 0.025361052770379523 0.047089574387997497 -0.032671953440726272 0.0030437935267715608
leaf_weight=3.4873195337131646 2.0695984438061714 11.720712396316229 7.9417469333857298 1.2573109511286009 11.874148050323127 1.7827921630814669 6.4950537411496034 6.4889811705797902 5.0644324216991654 21.015999035909772 1.3637809623032797 0.98670678306371051 12.523929096758362 58.445724232122302
leaf_count=88 21 180 77 20 198 9 99 44 46 122 16 15 239 347
internal_value=-0.00138247 -0.0314791 0.00181318 0.00542216 -0.015526 0.0105102 0.00920167 0.0116144 0.00857017 0.00577481 -0.0368062 -0.0169991 -0.0244631 0.00908359
internal_weight=152.518 13.7903 138.728 120.22 18.508 5.27011 105.452 98.9569 92.4679 87.4035 13.2379 14.7679 13.7812 79.4617
internal_count=1521 201 1320 1009 311 97 735 636 592 546 214 274 259 469
cat_boundaries=0 1
cat_threshold=233536
is_linear=0
shrinkage=0.05


Tree=375
num_leaves=15
num_cat=1
split_feature=3 14 14 12 9 6 9 2 1 10 10 32 18 23
split_gain=4.38554 6.88408 5.87962 4.91036 4.18048 6.35524 6.59536 5.24317 7.92615 4.21193 11.6503 5.35744 4.31604 4.14588
threshold=0.95691861501572195 -8.8680000000000003 -13.166666666666666 -21.099999999999998 -15.249999999999998 0 -4.5499999999999989 -0.94975917145599731 -120.67148049999999 20.050000000000004 20.950000000000003 0.067724867724867729 0.15000000000000005 6.5000000000000009
decision_type=2 8 10 8 8 9 8 2 2 8 8 10 10 2
left_child=1 2 -1 -3 -5 6 -6 8 -7 -9 -11 -12 -13 -8
right_child=-2 3 -4 4 5 7 13 9 -10 10 11 12 -14 -15
leaf_value=-0.012326414452894112 -0.03488014053108645 -0.042369400554809297 0.047938453349821837 0.042131547609558812 -0.033263071379398677 0.05900817561612004 0.020554606233439021 -0.038234150565146757 -0.02348398709614237 0.066128312339615414 -0.039845803337410238 0.031420437453495695 -0.0353093169264544 -0.020040873933908507
leaf_weight=5.2553501864895251 7.3470192505046716 6.0275261867791414 12.667864456772802 4.7769802799448371 6.8175617922097445 4.6410622037947178 50.98535624705255 20.107353231869642 5.1933712447062117 3.5149890836328233 13.925814890302723 5.9152398258447629 2.7670073499903083 6.3481052983552209
leaf_count=58 90 76 81 33 69 27 362 311 82 19 164 35 39 75
internal_value=0.000396432 0.00235755 0.0305503 -0.00170133 0.000580525 -0.00140453 0.00879882 -0.0123983 0.0172989 -0.0215733 -0.00781229 -0.0216223 0.0087035 0.0157933
internal_weight=156.291 148.944 17.9232 131.02 124.993 120.216 64.151 56.0648 9.83443 46.2304 26.1231 22.6081 8.68225 57.3335
internal_count=1521 1431 139 1292 1216 1183 506 677 109 568 257 238 74 437
cat_boundaries=0 1
cat_threshold=115272
is_linear=0
shrinkage=0.05


Tree=376
num_leaves=15
num_cat=1
split_feature=6 24 25 21 32 4 9 24 19 20 27 14 14 12
split_gain=5.04268 4.17389 7.65892 5.00366 4.31808 4.16828 4.00592 3.90428 3.67062 3.45832 2.63563 4.4923 2.46167 5.06017
threshold=0 3.5000000000000004 79.500000000000014 4.5000000000000009 0.050793650793650801 0.028249519735000003 -0.34999999999999992 74.000000000000014 41.050000000000011 1.5000000000000002 0.81666666666666676 1.5750000000000004 16.061666666666671 2.1500000000000008
decision_type=9 2 8 2 8 2 10 2 10 2 8 8 10 10
left_child=1 2 -1 5 -3 9 8 10 -6 -4 -2 -12 13 -7
right_child=7 4 3 -5 6 12 -8 -9 -10 -11 11 -13 -14 -15
leaf_value=-0.037410862764362458 -0.037977993401063538 0.048355137422631582 0.041283682031343444 0.039103178739075838 -0.037114117410313847 -0.0022838798273614714 0.036088283632085973 0.032863394224954733 0.022425693470696267 -0.0047886022145728398 0.034726739450319614 -0.028179673043308762 0.014797356211852547 -0.040911804599797395
leaf_weight=11.43935741484165 17.841588230803616 8.7048373837023991 9.2439513541758043 8.3093234337866289 5.7169664576649648 52.581004431471229 5.2111710384488097 2.1799335125833741 3.3669665902853012 6.4474728219211093 3.4609565977007133 6.8620703686028719 12.798683388158677 9.1402180865406972
leaf_count=125 440 47 48 61 50 357 34 22 13 42 52 110 77 62
internal_value=-0.0011124 0.00343794 -0.000424847 0.0042024 0.0225862 0.000594245 0.00475894 -0.0163915 -0.0150102 0.0232002 -0.0268202 -0.00588501 -0.00441001 -0.00856532
internal_weight=163.305 132.96 109.96 98.5207 22.9999 90.2113 14.2951 30.3445 9.08393 15.6914 28.1646 10.323 74.5199 61.7212
internal_count=1540 916 772 647 144 586 97 624 63 90 602 162 496 419
cat_boundaries=0 1
cat_threshold=325664
is_linear=0
shrinkage=0.05


Tree=377
num_leaves=15
num_cat=0
split_feature=0 10 16 8 15 16 16 14 27 15 24 9 16 4
split_gain=2.31202 2.4269 3.41455 2.66842 2.67772 2.41393 2.14893 2.53315 2.12316 2.98541 2.7472 2.15266 1.94623 1.84112
threshold=45.290330000000004 -4.9499999999999993 27.450000000000003 -11.049999999999999 -25.949999999999996 10.65 11.550000000000002 1.5750000000000004 0.3889566395663957 6.0500000000000007 1.0000000180025095e-35 5.1500000000000012 29.750000000000004 1.1811873983000003
decision_type=2 8 8 10 10 10 8 8 8 10 2 8 10 2
left_child=6 3 -3 4 5 -2 -1 -8 -4 10 11 -10 -12 -13
right_child=1 2 8 -5 -6 -7 7 -9 9 -11 12 13 -14 -15
leaf_value=0.052815983849458882 0.0047749584008489688 -0.011764212343662121 -0.0060588098549191234 0.048164173180518716 -0.019656693926467798 0.051541378291392208 -0.028490754131663992 0.01729811306709465 -0.020961760760817159 -0.025615823887411578 0.015192720235860387 0.024384884373769327 0.059253079205283055 -0.017253775898041956
leaf_weight=2.3628072217106819 11.406304936856033 73.500553417950869 26.739839600399137 3.3129450008273116 6.6700761020183572 2.747752584517003 2.8572328314185143 13.587416984140878 4.6614728383719948 3.594288006424903 6.39149461686611 10.751673037186267 4.4923819825053215 2.6496495790779582
leaf_count=19 86 653 270 29 45 22 15 129 46 28 48 94 39 17
internal_value=5.58665e-05 -0.00196415 -0.004631 0.0123071 0.00465703 0.0166559 0.016158 0.00816521 0.00426171 0.0126702 0.0181207 0.00550384 0.0368346 0.0155259
internal_weight=175.726 156.918 132.781 24.1371 20.8241 14.1541 18.8075 16.4446 59.2808 32.541 28.9467 18.0628 10.8839 13.4013
internal_count=1540 1377 1195 182 153 108 163 144 542 272 244 157 87 111
is_linear=0
shrinkage=0.05


Tree=378
num_leaves=15
num_cat=0
split_feature=18 25 4 4 27 27 2 2 13 18 17 13 33 13
split_gain=2.74708 3.5867 3.35015 3.62041 3.73806 3.33928 2.86982 2.2147 2.04783 1.88482 2.91695 2.24101 2.13875 2.07598
threshold=14.100000000000001 129.50000000000003 1.0089775083100001 0.017485913545000002 0.027651515151515153 0.18302020202020206 -0.48314718476766422 0.51297097409535064 28.850000000000005 0.65000000000000013 19.500000000000004 17.350000000000005 0.056349206349206357 6.7500000000000009
decision_type=10 8 2 2 10 8 2 2 10 8 10 10 10 8
left_child=1 2 3 -1 -5 7 -4 -2 -7 12 -11 -12 13 -3
right_child=5 9 6 4 -6 8 -8 -9 -10 10 11 -13 -14 -15
leaf_value=0.052964763501624802 0.01954523440642281 0.010922567087162369 0.0020554861616979745 -0.020528845642499387 0.014130675658060005 -0.026644735959011418 0.069402859366583164 -0.017491409778521625 0.014217761872902994 -0.00083141611749719684 0.058630426997330246 -0.0027238606877909538 0.019545802976963143 -0.028492686440850287
leaf_weight=3.3092790842056266 10.89613924175501 3.6580154430121192 2.4480207897722721 9.9268279038369638 26.188659347593784 21.681819645687941 3.8188455607742062 5.1929684802889815 2.904764248058199 53.416726445779204 2.8798804283142081 2.276369396597147 3.186893716454505 14.82565078698099
leaf_count=29 101 39 21 97 194 244 36 34 31 503 32 16 28 135
internal_value=0.000955266 0.00460675 0.015627 0.00960102 0.00430761 -0.0101893 0.0469981 0.00726715 -0.0214501 -0.0017834 0.00290923 0.0355013 -0.0140359 -0.020532
internal_weight=166.611 125.935 45.6916 39.4248 36.1155 40.6757 6.26687 16.0891 24.5866 80.2435 58.573 5.15625 21.6706 18.4837
internal_count=1540 1130 377 320 291 410 57 135 275 753 551 48 202 174
is_linear=0
shrinkage=0.05


Tree=379
num_leaves=15
num_cat=2
split_feature=28 3 28 4 4 7 7 4 20 9 15 9 13 23
split_gain=4.4876 6.61871 5.36946 5.22407 5.074 5.51916 4.70007 7.32728 7.09848 4.7704 7.00303 4.51722 4.48889 4.41513
threshold=0.20256410256410259 0.69521084835931835 0.084183673469387765 0.043810125250000005 0.68420983382000011 0 1 0.56128803938000016 2.5000000000000004 1.6500000000000001 -1.2499999999999998 7.2500000000000009 34.350000000000009 2.5000000000000004
decision_type=10 2 10 2 2 1 1 2 2 10 8 10 10 2
left_child=2 4 3 -1 5 13 7 -5 9 -8 -11 -12 -10 -2
right_child=1 -3 -4 6 -6 -7 8 -9 12 10 11 -13 -14 -15
leaf_value=-0.035644247204503231 -0.019774337876980481 -0.038988393888007268 -0.043347377077173205 0.034343827060426609 0.045430374987652594 -0.019230968957653433 -0.014530253039129484 -0.03740255426889489 -0.045123723900234197 0.050915352216684334 0.022020745477793827 -0.039470745371816413 0.034377411906356244 0.033843513337041352
leaf_weight=10.252334134653209 4.2397871911525753 5.032820967026054 8.7753554731607419 16.86464310716838 10.618269717320798 12.026744556613265 16.350621375255287 3.5680047534406176 12.798160800710319 9.026532391086219 5.3821436706930417 4.6621327288448811 1.295517399907111 15.957588480785487
leaf_count=199 48 119 134 128 49 147 222 73 217 41 30 63 4 66
internal_value=-0.00172657 0.0104836 -0.00834001 -0.0040229 0.0170519 0.0066149 0.00104896 0.0206547 -0.00729017 0.00481712 0.0213023 -0.00751059 -0.0360224 0.0221863
internal_weight=136.851 47.8752 88.9754 80.2001 42.8424 32.2241 69.9478 20.4326 49.5151 35.4214 19.0708 10.0443 14.0937 20.1974
internal_count=1540 429 1111 977 310 261 778 201 577 356 134 93 221 114
cat_boundaries=0 1 2
cat_threshold=1 2
is_linear=0
shrinkage=0.05


Tree=380
num_leaves=15
num_cat=1
split_feature=24 5 25 29 4 30 25 4 4 0 9 13 9 9
split_gain=5.37605 3.74432 3.76185 3.49796 3.64483 3.81338 3.29746 2.69503 4.42416 3.95057 3.26695 2.78949 2.50882 2.3093
threshold=3.5000000000000004 0 2515.5000000000005 0.20753588516746413 0.080177191215000013 0.40075757575757581 3071.5000000000005 17.513210641035005 1.0089775083100001 57.193717915000001 -8.7499999999999982 16.450000000000003 18.100000000000005 11.65
decision_type=2 9 10 10 2 10 10 2 2 2 8 8 8 8
left_child=1 3 12 4 5 13 7 8 9 10 -6 -10 -3 -1
right_child=-2 2 -4 -5 6 -7 -8 -9 11 -11 -12 -13 -14 -15
leaf_value=-0.0062979831118722164 -0.035779805642820371 -0.038113875166287114 0.033546583796615903 0.047648947207348191 -0.026738476879867315 0.033704504103432731 0.056176820318644939 0.035640519410662 0.011756292478615754 0.048049197306157775 0.0099613397268075721 -0.038557436182777308 0.030507688597034691 -0.036533060031665031
leaf_weight=24.456346578896046 8.7322851712815446 13.178840935230253 1.6735679283738125 3.8929620776325455 5.8753531761467457 3.7247015014290801 2.7408001013100138 6.9313735626637927 3.4933736231178028 5.1916801733896127 52.239763292483985 7.5720997285097837 0.73351296316832204 7.7978588454425326
leaf_count=221 305 227 11 24 95 19 15 51 40 33 372 55 9 63
internal_value=0.000159055 0.00264733 -0.0149642 0.0057057 0.00443425 -0.00872099 0.0101022 0.00788536 0.00486008 0.0100146 0.00586149 -0.0230155 -0.0326927 -0.0144865
internal_weight=148.235 139.502 15.5859 123.916 120.023 35.9789 84.0444 81.3036 74.3723 63.3068 58.1151 11.0655 13.9124 32.2542
internal_count=1540 1235 247 988 964 303 661 646 595 500 467 95 236 284
cat_boundaries=0 1
cat_threshold=195
is_linear=0
shrinkage=0.05


Tree=381
num_leaves=15
num_cat=1
split_feature=19 31 19 13 13 33 23 1 13 7 3 17 25 21
split_gain=4.16386 7.02115 6.51908 5.35729 5.85618 5.34135 4.80982 4.90529 4.72778 4.6105 4.60503 4.18831 4.67586 7.96165
threshold=51.750000000000007 0.012198347107438017 17.050000000000004 26.450000000000003 25.650000000000002 0.046536796536796543 2.5000000000000004 -119.26015699999998 28.950000000000003 0 -0.9575230291762723 22.500000000000004 1899.5000000000002 4.5000000000000009
decision_type=10 10 8 8 8 8 2 2 10 1 2 8 10 2
left_child=2 3 11 4 6 9 7 -2 -5 -4 -11 12 13 -1
right_child=1 -3 5 8 -6 -7 -8 -9 -10 10 -12 -13 -14 -15
leaf_value=-0.024434268349961409 0.029541645119228344 -0.026627082157048294 -0.018656411377175216 -0.040855378134151361 0.089872607832422444 -0.040427197609436333 0.045297749986998981 -0.015017066420943331 0.018749524401896648 0.06496611112757826 -0.002000330549312999 0.053052936227951368 0.04006018901716013 0.02531967012222195
leaf_weight=20.123983205296099 10.664008505642409 9.9850530307739955 24.922238590195775 5.6079716514796001 2.4463086258620015 17.489158824086189 11.230649326927958 12.210494153201585 5.8385707139968872 2.7439050115644932 7.9874745225533825 3.5362726412713519 5.7406784333288661 12.014512185007332
leaf_count=240 48 116 210 87 12 307 72 151 61 10 95 25 24 82
internal_value=-0.000690841 0.00976025 -0.00713452 0.0177189 0.0268948 -0.0185774 0.0199461 0.00612332 -0.0113888 -0.00704888 0.0192006 0.00764037 0.00214529 -0.0056317
internal_weight=152.541 57.9831 94.5582 47.998 36.5515 53.1428 34.1052 22.8745 11.4465 35.6536 10.7314 41.4154 37.8792 32.1385
internal_count=1540 547 993 431 283 622 271 199 148 315 105 371 346 322
cat_boundaries=0 1
cat_threshold=1
is_linear=0
shrinkage=0.05


Tree=382
num_leaves=15
num_cat=0
split_feature=21 25 13 16 13 2 10 25 1 9 1 13 3 10
split_gain=5.12992 4.07783 3.56142 3.35637 6.4167 6.27552 4.35579 4.96123 4.07376 3.84939 3.83346 3.34008 5.27027 3.24297
threshold=4.5000000000000009 1837.5000000000002 -5.9499999999999993 5.9500000000000011 9.1500000000000004 0.55656748448714433 25.050000000000004 182.50000000000003 -118.64893299999999 13.050000000000002 -121.94360965499997 0.95000000000000007 -0.89404254237865755 22.650000000000002
decision_type=2 10 10 10 10 2 8 8 2 8 2 10 2 8
left_child=1 3 -2 5 -5 11 8 -8 10 13 -6 12 -1 -10
right_child=2 -3 -4 4 6 -7 7 -9 9 -11 -12 -13 -14 -15
leaf_value=0.04416936508987411 0.033832257438140438 -0.031807933700759232 -0.029496432191705071 -0.019718836953525873 0.018040171305446561 0.058459803492032586 0.022274526546986514 -0.0383307189633302 0.017817140962307087 -0.023430955708397809 -0.031088077022654301 0.038691949780407471 -0.04322194684930606 0.052574836939826168
leaf_weight=1.4985476769506938 1.6746876025572444 6.4550886694341889 17.852607610635459 23.328519694507122 6.3196251895278692 7.2052327701821914 4.5196692077442977 8.1849352670833468 46.876008328050382 3.96956225298345 7.8453372959047538 2.5329012665897608 5.0965059725567707 7.4152558334171692
leaf_count=9 27 95 348 249 61 57 41 98 326 26 78 20 66 39
internal_value=0.000577968 0.00418394 -0.0226817 0.00628375 0.00298942 0.0267249 0.00936891 -0.0167183 0.0141104 0.0198951 -0.00942549 -0.00162409 -0.0201636 0.0234295
internal_weight=150.774 131.247 19.5273 124.792 108.459 16.3332 85.1304 12.7046 72.4258 58.2608 14.165 9.12795 6.59505 54.2913
internal_count=1540 1165 375 1070 918 152 669 139 530 391 139 95 75 365
is_linear=0
shrinkage=0.05


Tree=383
num_leaves=15
num_cat=0
split_feature=4 15 15 4 25 4 0 9 12 14 2 30 18 3
split_gain=4.49687 4.4524 5.67613 5.67873 5.04679 5.1495 4.85934 5.37033 6.92987 5.47527 8.00297 6.37309 4.93125 5.43639
threshold=14.890521919465002 4.0500000000000007 2.7500000000000004 6.2654356463650016 1708.0000000000002 0.018794794090000004 53.541850000000004 -5.2499999999999991 -8.9499999999999975 17.448333333333334 0.83376496542330847 0.14550264550264552 0.25000000000000006 0.89309379682046119
decision_type=2 10 10 2 10 2 2 8 10 8 2 8 10 2
left_child=1 2 3 6 5 -3 7 -1 -9 10 -10 -12 13 -8
right_child=-2 4 -4 -5 -6 -7 12 8 9 -11 11 -13 -14 -15
leaf_value=-0.033871339715137637 -0.040728707345289779 0.022491924459179361 0.037578845091849944 0.058437196350913261 0.032949197837893955 -0.040826003763141321 -0.027445604878378656 0.031988552625740428 -0.036712079379778717 0.043044231693903166 -0.035927977511383706 0.043739676213958981 0.022128961390073712 0.025840871659726081
leaf_weight=14.901322160847483 5.0450457483530036 3.3708046069368782 12.399510335177181 3.4731078175827852 3.2409863844513884 14.289983778260646 12.478012636303903 11.378942887298754 19.427845381200331 3.0774191301315978 2.9038451695814702 6.4016769547015437 36.186959608457983 6.4856375865638247
leaf_count=218 84 22 69 14 22 192 129 72 304 14 35 36 296 33
internal_value=0.00157253 0.0032554 0.00674639 0.00317941 -0.0176325 -0.0281832 0.000987974 -0.00902953 0.000113937 -0.0119153 -0.0190513 0.017805 0.0115125 -0.00883991
internal_weight=155.061 150.016 129.114 116.715 20.9018 17.6608 113.242 58.0911 43.1897 31.8108 28.7334 9.30552 55.1506 18.9637
internal_count=1540 1456 1220 1151 236 214 1137 679 461 389 375 71 458 162
is_linear=0
shrinkage=0.05


Tree=384
num_leaves=15
num_cat=0
split_feature=3 28 8 25 8 13 33 4 15 25 3 0 13 15
split_gain=3.08709 4.39206 4.0769 4.27236 3.71412 3.43973 3.26741 5.06376 4.83722 3.46443 4.15764 3.15781 7.2225 3.32051
threshold=0.82293497932636284 1.0000000180025095e-35 -5.6999999999999984 569.50000000000011 8.0500000000000025 23.150000000000002 0.12310606060606062 0.72271739451500017 -11.099999999999998 620.50000000000011 -0.065537083312030994 55.398805820000007 25.850000000000005 -1.0000000180025095e-35
decision_type=2 8 10 10 10 8 8 2 10 10 2 2 10 10
left_child=4 2 3 -2 6 -6 8 -8 -1 10 -10 13 -13 -7
right_child=1 -3 -4 -5 5 11 7 -9 9 -11 -12 12 -14 -15
leaf_value=-0.018056702806506952 0.06356360306605692 -0.031519239298824123 -0.028911047409632948 -0.0092805909051358378 -0.02700001979902605 -0.032711822886140676 0.026716374345344598 -0.024797071654663293 0.034709498434141374 0.044280642014220398 -0.027586886893444088 0.07538758846509229 -0.014481765893883093 0.0012754736218118542
leaf_weight=19.38402097672224 3.3031441122293472 17.331217479892075 3.7089832145720738 3.3646468408405781 15.637720283120869 8.2264176188036782 31.382051239721477 4.7860540058463803 3.5767592396587125 6.2399778850376597 5.4619347071275106 3.0854385774582616 4.3584318254143 32.192076702602208
leaf_count=186 26 209 28 25 180 97 206 50 34 45 74 21 39 313
internal_value=-0.00186732 -0.0167518 0.00851517 0.030389 0.00130395 -0.00741556 0.00911543 0.0194159 -0.00187549 0.0185017 -0.00193328 -0.000595254 0.0272851 -0.00626477
internal_weight=162.039 27.708 10.3768 6.66779 134.331 63.5001 70.8308 36.1681 34.6627 15.2787 9.03869 47.8624 7.44387 40.4185
internal_count=1533 288 79 51 1245 650 595 256 339 153 108 470 60 410
is_linear=0
shrinkage=0.05


Tree=385
num_leaves=15
num_cat=0
split_feature=1 15 13 11 15 28 13 33 11 22 16 4 13 1
split_gain=2.84381 3.22256 2.91897 3.57074 2.8212 2.32527 2.46395 4.32298 3.20683 2.37708 2.0745 2.73682 1.87893 2.23127
threshold=-66.794485499999993 -15.649999999999997 24.550000000000004 11.442857142857145 -16.799999999999994 1.0000000180025095e-35 11.950000000000001 0.030555555555555558 -18.542857142857141 3.5000000000000004 13.550000000000002 0.143799314885 -7.8499999999999988 -111.86918999999999
decision_type=2 10 10 8 10 8 10 8 10 2 8 2 10 2
left_child=1 4 -3 -4 5 9 7 8 -7 12 -9 -12 -1 -14
right_child=-2 2 3 -5 -6 6 -8 10 -10 -11 11 -13 13 -15
leaf_value=0.030490678886414064 0.023524525037323815 -0.014485985972650757 0.052787894367784617 -0.00094519284076037709 0.048791895970628302 -0.0062380964074199149 -0.019167877372920292 -0.0046646633413540972 0.051399162269423398 -0.040634739634460279 -0.0015574729805324164 0.049977607807762649 -0.030134550869638302 0.012950850662240188
leaf_weight=2.9024281371384868 12.446609221398829 50.086050165817142 2.3313921764492989 42.566125594079494 2.9876238070428363 2.8721702843904486 5.1694308221340171 20.737574320286516 9.5130698885768634 3.7339521422982207 5.3825269341468793 3.8405649214982986 5.2198066469281912 4.9937394298613071
leaf_count=27 81 496 27 389 28 19 39 148 90 29 37 32 48 43
internal_value=0.00142726 -0.000400631 -0.00630684 0.00293434 0.00789894 0.00528341 0.0108942 0.0149216 0.0385655 -0.0102624 0.00421763 0.0226917 0.000650372 -0.00979236
internal_weight=174.783 162.336 94.9836 44.8975 67.3529 64.3653 47.5153 42.3459 12.3852 16.8499 29.9607 9.22309 13.116 10.2135
internal_count=1533 1452 912 416 540 512 365 326 109 147 217 69 118 91
is_linear=0
shrinkage=0.05


Tree=386
num_leaves=15
num_cat=1
split_feature=4 19 19 1 18 18 1 7 4 22 32 22 4 15
split_gain=1.77593 3.62654 4.02225 2.93347 2.64773 3.10438 2.55332 2.46169 2.43688 2.09769 2.75621 1.83624 1.7763 1.71894
threshold=0.40551445220999999 41.350000000000009 50.050000000000011 -121.74163494499999 5.0500000000000016 11.700000000000001 -113.35571386999999 0 0.30246048372000006 9.5000000000000018 0.028174603174603179 40.500000000000007 0.58245743486500012 -3.3499999999999992
decision_type=2 8 8 2 8 10 2 1 2 2 10 2 2 8
left_child=8 4 -3 -4 9 12 -5 -8 11 -2 -11 13 -6 -1
right_child=1 2 3 6 5 -7 7 -9 -10 10 -12 -13 -14 -15
leaf_value=0.0067857765651961168 -0.024513815521030838 0.071929746577881412 0.050909138656862044 -0.026153387264079349 0.0027242095324032985 -0.020471534065094558 -0.022245270320325999 0.03267332998250011 -0.025940853650493617 -0.021623128468137132 0.033887699633232307 -0.029299324020106245 0.05924227471484278 -0.0060131164879709924
leaf_weight=58.883700231090188 12.03712484799326 2.8460687138140228 2.9358350038528451 4.3637520782649517 2.2581386119127265 2.4982672035694122 2.0845773704349959 5.896714199334383 9.0795351956039649 3.3039607256650916 3.7436112053692341 4.1812277846038333 3.0911237951368093 45.712064406834543
leaf_count=556 100 27 28 33 25 20 51 46 85 16 30 29 31 456
internal_value=0.000813684 0.00914436 0.0257991 0.0133169 -0.00258756 0.0203027 0.001232 0.0174498 -0.00242146 -0.0125421 0.00841061 -0.000239888 0.0395705 0.00118823
internal_weight=162.916 45.0592 18.1269 15.2809 26.9322 7.84753 12.345 7.98129 117.857 19.0847 7.04757 108.777 5.34926 104.596
internal_count=1533 407 185 158 222 76 130 97 1126 146 46 1041 56 1012
cat_boundaries=0 1
cat_threshold=1
is_linear=0
shrinkage=0.05


Tree=387
num_leaves=15
num_cat=1
split_feature=6 19 18 18 16 9 31 18 31 25 16 10 25 19
split_gain=5.89235 5.79627 6.0119 5.34747 10.6565 6.50429 5.75227 5.25771 4.88117 4.95959 4.63971 3.7712 3.67948 3.53903
threshold=0 56.600000000000009 9.0500000000000025 0.35000000000000003 24.950000000000003 11.850000000000003 0.29464285714285715 2.5500000000000007 0.38750000000000007 17.500000000000004 3.5500000000000003 8.0500000000000025 12.500000000000002 6.4500000000000011
decision_type=9 10 8 8 10 8 10 10 10 8 8 8 10 10
left_child=3 2 8 11 6 7 10 -6 9 -2 -5 -1 -4 -13
right_child=1 -3 12 4 5 -7 -8 -9 -10 -11 -12 13 -14 -15
leaf_value=0.045228272735521692 0.02402287353831431 -0.043969489943730407 0.046232739621514814 0.027539966807463796 -0.022480292148238549 -0.038393092029366138 0.023772317498112368 0.033558074145994397 0.034829137085287322 -0.039969955128218222 -0.044841888571883176 -0.025747391508326764 -0.002885492699625966 0.020958248136403474
leaf_weight=11.346105194650589 2.9428367549553576 12.719071975909172 5.8315384779125443 1.8283006101846702 4.2819539820775416 3.8183757755905381 3.9937757495790711 24.448991447687149 2.5311520509421817 17.032304036431015 18.334690423682339 4.5459188520908418 8.3810256374999863 14.615281486883758
leaf_count=54 25 287 40 28 58 59 23 153 8 264 350 29 89 66
internal_value=-0.00141471 -0.0135262 -0.0056808 0.00634085 -0.00208145 0.0164023 -0.0266489 0.0247311 -0.0214004 -0.0298464 -0.0372874 0.0235777 0.0189825 0.00915005
internal_weight=136.651 49.4379 36.7189 87.2134 56.7061 32.5493 24.1568 28.7309 22.5063 19.9751 20.163 30.5073 14.2126 19.1612
internal_count=1533 713 426 820 671 270 401 211 297 289 378 149 129 95
cat_boundaries=0 1
cat_threshold=108553
is_linear=0
shrinkage=0.05


Tree=388
num_leaves=15
num_cat=1
split_feature=24 23 25 3 0 7 14 9 14 17 14 3 18 10
split_gain=6.42616 6.2271 3.42485 3.58121 3.14049 3.07466 2.47851 3.87566 5.00752 3.10672 3.4394 4.52702 2.37293 2.36102
threshold=1.0000000180025095e-35 12.500000000000002 58.500000000000007 -0.52034141052533245 54.420400000000008 0 -7.796666666666666 3.4500000000000006 11.998666666666669 16.500000000000004 9.305000000000005 -0.62587551141915865 2.850000000000001 22.250000000000004
decision_type=2 2 10 2 2 1 8 10 10 10 8 2 10 10
left_child=2 -2 3 4 5 -1 -4 9 -9 10 -8 -12 -11 -10
right_child=1 -3 6 -5 -6 -7 7 8 13 12 11 -13 -14 -15
leaf_value=-0.031222007311516982 -0.022602523104486783 0.043744905954847327 -0.021426374907741762 -0.019430383679710589 0.04193327726471506 0.019297751348912796 0.052785717487967593 -0.026639184209581279 0.030199608990913479 -0.023426247030759025 0.05267186968682433 -0.014081552563469777 0.028938396578614356 0.00059348082016256673
leaf_weight=4.6034350097179404 39.773102280218154 2.9506402797996989 4.2415782678872347 21.265634040348232 4.5914771798998109 5.5436448119580737 12.778902368620038 9.1478055715560895 11.763182494789364 4.0838165841996661 3.0582752898335457 5.9841350130736863 2.7677945047616959 14.342249941080807
leaf_count=53 695 18 53 260 34 42 88 54 59 32 14 38 20 73
internal_value=-0.00102098 -0.0171247 0.0056836 -0.00667043 0.0118052 -0.00436642 0.0122107 0.0147382 0.00342643 0.0280619 0.0369277 0.0114922 -0.00128137 0.0145561
internal_weight=146.896 42.7237 104.172 36.0042 14.7386 10.1471 68.1677 63.9262 35.2532 28.6729 21.8213 9.04241 6.85161 26.1054
internal_count=1533 713 820 389 129 95 431 378 186 192 140 52 52 132
cat_boundaries=0 1
cat_threshold=1
is_linear=0
shrinkage=0.05


Tree=389
num_leaves=15
num_cat=0
split_feature=4 18 16 32 0 2 1 19 19 26 25 18 27 25
split_gain=5.20823 6.48996 5.68924 4.8619 4.21301 6.60575 7.99446 6.50582 6.73192 4.52229 3.58463 3.33861 5.037 3.16241
threshold=0.68420983382000011 2.9500000000000006 12.450000000000001 0.066347064393939406 53.541850000000004 0.60555468348150676 -107.68806149999999 13.700000000000001 59.150000000000013 0.037268518518518527 18.500000000000004 0.8500000000000002 0.19946236559139788 25.500000000000004
decision_type=2 8 10 8 2 2 2 10 10 10 8 10 10 10
left_child=4 -2 -3 -4 5 6 7 -1 11 -6 -10 -9 -13 -5
right_child=1 2 3 13 9 -7 -8 8 10 -11 -12 12 -14 -15
leaf_value=-0.033642827789560029 -0.015466241906301501 0.066400688243641856 -0.036092271995864879 -0.0104533573152616 -0.026321186979569977 0.025597808169580127 -0.031604772316072831 0.059316145883349408 0.023878405807269049 0.0054027742394585528 -0.029729192950992051 -0.013170229105687343 0.045454191302178412 0.054333413075920323
leaf_weight=6.7669017259031525 7.5376565139740732 8.0900098932907003 2.9491546563804123 2.4891813490539798 28.433602249249816 24.532729079946876 17.974216108210385 7.3408201429992941 3.8549434151500437 17.693505505099893 8.0864287745207548 6.6141554042696935 6.3510077428072691 4.2971856538206339
leaf_count=59 89 52 46 39 365 204 299 36 19 128 75 68 26 28
internal_value=0.00177658 0.0220134 0.0378417 0.0101352 -0.00238425 0.00444735 -0.00494203 0.00782458 0.0172764 -0.014296 -0.0119156 0.0341969 0.0167455 0.0322796
internal_weight=153.011 25.3632 17.8255 9.73552 127.648 81.5212 56.9885 39.0143 32.2474 46.1271 11.9414 20.306 12.9652 6.78637
internal_count=1533 254 165 113 1279 786 582 283 224 493 94 130 94 67
is_linear=0
shrinkage=0.05


Tree=390
num_leaves=15
num_cat=1
split_feature=6 12 0 19 4 4 19 33 13 16 32 3 10 10
split_gain=4.62192 4.83745 4.79563 4.12664 4.65582 5.01187 4.45793 5.23495 3.61134 5.34495 4.8459 4.00302 7.75017 3.10702
threshold=0 -23.249999999999996 49.828075000000005 10.350000000000003 0.035155613695000011 0.12871048972000002 61.95000000000001 0.16836734693877553 19.850000000000005 29.350000000000005 0.026425954997383573 0.87709077819680659 2.2500000000000004 2.7500000000000004
decision_type=9 8 2 8 2 2 10 8 10 10 10 2 10 8
left_child=8 2 -2 -3 -5 6 7 -6 11 10 -10 -1 -13 -7
right_child=1 3 -4 4 5 13 -8 -9 9 -11 -12 12 -14 -15
leaf_value=-0.029501825729863262 -0.0077086117387571403 0.034565265391412525 0.069000147540678805 -0.036298463893911219 -0.038906734879850878 -0.035910016122127235 0.048807549070281564 0.03331437769222368 0.0017579559479294492 -0.020419870618005306 0.056056586273899214 -0.023966450029929767 0.062550495622639271 0.00073341661621776559
leaf_weight=28.97761847358197 2.828110583126545 8.5349501371383649 4.9102226244285703 7.0532833542674771 3.7865089755505332 5.9297830210998681 8.878231054171918 4.2746400572359571 12.467870207503443 13.778291457332669 5.1792248971760264 6.3308091713115555 3.0169428195804358 34.78534640185535
leaf_count=376 26 61 39 72 46 68 46 23 108 211 47 104 32 274
internal_value=-0.000500611 0.00722514 0.0432916 0.00385599 -0.000658958 0.00424559 0.02629 -0.00115946 -0.00917062 0.00210611 0.0198456 -0.0205675 0.00730287 -0.00533627
internal_weight=150.732 80.9811 7.73833 73.2427 64.7078 57.6545 16.9394 8.06115 69.7508 31.4254 17.6471 38.3254 9.34775 40.7151
internal_count=1533 655 65 590 529 457 115 69 878 366 155 512 136 342
cat_boundaries=0 1
cat_threshold=231496
is_linear=0
shrinkage=0.05


Tree=391
num_leaves=15
num_cat=1
split_feature=16 8 13 6 0 16 12 20 14 16 3 33 13 11
split_gain=4.2978 3.0294 6.40444 4.26626 8.3255 5.33563 11.5015 7.16376 5.54522 5.09003 3.79414 3.65648 5.64165 5.0215
threshold=34.850000000000001 -12.549999999999999 1.2000000000000004 0 52.702544990000007 25.950000000000003 4.0500000000000007 6.5000000000000009 -9.810357142857141 28.150000000000002 -0.98212955754013376 0.0089886039886039899 22.550000000000004 9.6857142857142886
decision_type=10 8 10 9 2 10 8 2 8 10 2 8 10 8
left_child=1 2 -1 10 -5 7 9 8 -6 -7 -3 -12 13 -13
right_child=-2 3 -4 4 5 6 -8 -9 -10 -11 11 12 -14 -15
leaf_value=-0.024857600608369931 0.028477792640210078 0.041399912305728648 0.039042495376519791 -0.044507902585696195 0.038982001841561614 0.078760448549571344 -0.038831516156129217 -0.046147973349844044 -0.013119803841197375 0.0041105076367980806 0.013865169450926057 -0.0098919011448044998 -0.043867968690021408 0.044853801008022026
leaf_weight=5.0987265333533278 11.565128257498143 5.5633665192872277 10.592772722244261 16.052846723236144 6.1501414403319359 5.4696083404123765 4.4311000853776923 10.690413942560552 16.885163325816396 3.7074385024607182 28.2803770378232 16.984474187716845 8.0980844954028708 4.4652553275227573
leaf_count=75 54 25 69 334 26 30 67 119 164 41 217 185 97 30
internal_value=0.000440312 -0.00201829 0.0180338 -0.00462187 -0.0125882 -0.00367052 0.0217688 -0.0142664 0.00183384 0.0519698 0.00464868 0.0012596 -0.0108642 0.002995
internal_weight=154.035 142.47 15.6915 126.778 63.3867 47.3339 13.6081 33.7257 23.0353 9.17705 63.3916 57.8282 29.5478 21.4497
internal_count=1533 1479 144 1335 781 447 138 309 190 71 554 529 312 215
cat_boundaries=0 1
cat_threshold=115209
is_linear=0
shrinkage=0.05


Tree=392
num_leaves=15
num_cat=0
split_feature=0 18 1 27 25 27 18 18 3 4 27 32 25 32
split_gain=3.1304 5.48297 3.46456 2.98749 4.45424 3.75267 4.72588 4.18052 3.49888 3.42043 3.74477 3.6076 3.73969 3.364
threshold=55.569158000000009 7.8500000000000014 -122.68482303499998 0.13782051282051286 152.50000000000003 0.45584415584415588 4.1000000000000005 10.65 -0.19337245081799007 0.17683623709500004 0.72777777777777797 0.27430555555555558 279.00000000000006 0.15331196581196585
decision_type=2 10 2 8 10 8 8 10 2 2 10 8 8 10
left_child=3 2 -2 4 -1 6 -5 -8 -9 11 -11 -7 -13 -6
right_child=1 -3 -4 5 13 9 7 8 -10 10 -12 12 -14 -15
leaf_value=-0.041969010968900849 0.016887220117160658 0.014347612921731088 -0.034339585494665939 0.00052820893641690404 -0.016234172284794696 -0.012333232759838417 0.067408445623170846 0.033026940782106329 -0.033450790537750401 -0.017296925427213415 0.02735272483963045 0.049132067359985321 0.0088043934798805092 0.02153355214003139
leaf_weight=7.4773065866902497 3.2653518114238969 11.031428553164004 20.811361375264827 13.135508093982937 12.173211738467218 11.818122774362562 6.7122949352487904 4.9361153692007065 2.0336279300972819 29.630396627821028 4.623877426609396 6.9315300760790732 23.17607675306499 9.6738626323640329
leaf_count=152 26 80 210 127 128 110 63 51 39 284 39 48 152 71
internal_value=-0.000912808 -0.0139675 -0.0269957 0.0026297 -0.0112053 0.00663853 0.0223569 0.0418503 0.0118667 0.000887224 -0.0106649 0.0103541 0.0193698 0.00069987
internal_weight=167.43 35.1081 24.0767 132.322 29.3244 102.998 26.8175 13.682 6.96974 76.18 34.2543 41.9257 30.1076 21.8471
internal_count=1580 316 236 1264 351 913 280 153 90 633 323 310 200 199
is_linear=0
shrinkage=0.05


Tree=393
num_leaves=15
num_cat=1
split_feature=19 19 4 4 5 3 25 3 4 4 27 8 9 3
split_gain=2.29731 2.22727 2.36851 2.56064 2.42015 2.11969 2.2844 1.91516 1.88973 2.01242 3.32977 1.7701 2.3077 2.95104
threshold=17.350000000000005 32.45000000000001 0.042555436950000004 0.01766809142 0 -0.96466008222729416 380.50000000000006 -0.89404254237865755 0.23699454760000002 0.082017841965000005 0.50681818181818195 16.550000000000004 5.3500000000000005 0.70138038092733435
decision_type=8 8 2 2 9 2 8 2 2 2 8 8 10 2
left_child=-1 11 3 -3 8 6 -6 -5 9 -4 -11 12 13 -2
right_child=1 2 4 7 5 -7 -8 -9 -10 10 -12 -13 -14 -15
leaf_value=-0.0089608110643164211 -0.002342410985826941 -0.0016959309550284624 -0.006714336897868909 -0.002795002799890949 -0.015647258172208828 -0.015650001975122421 0.043990191696650284 0.047852906474008722 -0.0040450418297931457 -6.7325245863892691e-05 0.050644999172689699 -0.0091027171152316625 0.058890575095813247 0.03180588853701391
leaf_weight=48.547796363011003 13.02729138359428 10.044278630986812 5.1880552768707302 2.4083875343203545 2.3007437214255324 41.980348402634263 2.4073809590190649 5.9397679883986694 18.118422839790583 5.6561370957642767 6.559424215927721 5.7416865974664679 2.4796186462044707 11.071495249867437
leaf_count=383 106 93 45 23 21 409 22 69 135 49 52 53 27 93
internal_value=0.000238918 0.00364078 -6.94085e-05 0.0156675 -0.00373611 -0.00995691 0.0172112 0.0345054 0.00566431 0.0185208 0.0289355 0.014845 0.0201608 0.0139882
internal_weight=181.471 132.923 100.603 18.3924 82.2105 46.6885 4.70812 8.34816 35.522 17.4036 12.2156 32.3201 26.5784 24.0988
internal_count=1580 1197 918 185 733 452 43 92 281 146 101 279 226 199
cat_boundaries=0 1
cat_threshold=41
is_linear=0
shrinkage=0.05


Tree=394
num_leaves=15
num_cat=0
split_feature=2 0 4 4 3 4 4 1 19 18 4 25 1 12
split_gain=2.49912 4.12026 2.54112 2.30534 1.98161 3.88199 3.30806 2.91451 2.76258 3.36808 2.84373 2.67948 2.47926 2.23508
threshold=-0.9731273977605811 53.545693500000006 0.076745983125000014 0.29940385143500009 0.76002003530985496 0.44523197528500008 0.18709722391000003 -121.68176279999999 41.350000000000009 14.450000000000003 4.1185082919400005 90.500000000000014 -121.28823719999998 -29.599999999999998
decision_type=2 2 2 2 2 2 2 2 8 10 2 8 2 8
left_child=1 2 -1 -4 5 6 7 -2 -7 10 -10 13 -8 -6
right_child=4 -3 3 -5 11 8 12 -9 9 -11 -12 -13 -14 -15
leaf_value=0.06535150220290771 -0.025568729947432985 -0.021383239086016609 -0.010493139243117979 0.042197428663876664 -0.013952844546850621 -0.0021586895879892403 0.010198708613150772 0.0019467381003143197 0.075194267130482426 0.0030271795566186198 0.0065109149680811053 0.00012494799780376283 -0.031926616221276002 0.03769126480603132
leaf_weight=3.5881070829927904 10.754387170076368 3.5329595208168021 3.9084445238113403 2.7917114328593016 2.0545391552150249 16.895074846223 3.7246494088321951 52.470382995903492 3.6376781184226257 7.2388220187276602 2.5368373859673738 25.831011186353862 19.209656715393066 9.6062390496954304
leaf_count=36 75 31 36 27 17 133 37 533 46 70 26 238 179 96
internal_value=0.00140107 0.0210108 0.0361734 0.01409 -0.000483557 -0.00370679 -0.00910396 -0.00305882 0.0114367 0.0275228 0.051816 0.00936552 -0.024945 0.0282086
internal_weight=167.781 13.8212 10.2883 6.70016 153.959 116.467 86.1591 63.2248 30.3084 13.4133 6.17452 37.4918 22.9343 11.6608
internal_count=1580 130 99 63 1450 1099 824 608 275 142 72 351 216 113
is_linear=0
shrinkage=0.05


Tree=395
num_leaves=15
num_cat=0
split_feature=19 18 1 25 1 10 2 19 18 21 18 18 1 4
split_gain=5.36527 7.29284 4.65407 5.12721 4.46663 5.98607 4.22881 4.04264 6.40047 4.89267 4.20432 12.1593 8.32476 4.27171
threshold=69.850000000000009 32.850000000000001 -121.25457754999998 4.5000000000000009 -120.66916915499998 -8.6499999999999968 0.99983759474438971 61.400000000000006 9.4500000000000011 8.5000000000000018 2.5500000000000007 0.25000000000000006 -116.92683049999998 0.12027015171000001
decision_type=10 8 2 8 2 10 2 10 10 2 10 10 2 2
left_child=2 -2 3 -1 -4 6 -6 8 10 -10 11 -7 -12 -14
right_child=1 -3 4 -5 5 7 -8 -9 9 -11 12 -13 13 -15
leaf_value=0.041298887439798926 -0.044260427381200937 0.01080300740736272 0.039563262762224237 -0.032245692291963321 -0.042043428442583713 0.017904690505601131 0.034872200685327058 0.049075330713554716 -0.043253524799495881 0.030167321502842966 -0.036814411651429173 -0.043073120170404808 0.006033341937279009 0.05431822912871747
leaf_weight=2.0148326680064175 11.883603891357781 10.678149776067583 11.02213887311518 11.646163979545236 8.1976848542690259 35.209575240500271 1.4146190285682667 5.6010953560471526 8.3292329981923086 2.2123506218194953 3.2921910062432316 9.5671677715145034 6.7357053570449379 15.391769981011747
leaf_count=15 246 162 57 172 183 204 2 40 137 8 51 154 67 82
internal_value=0.00301889 -0.0188473 0.00722975 -0.0193217 0.010768 0.00708631 -0.0285046 0.0113297 0.0081428 -0.026566 0.013655 0.00421962 0.0294867 0.0405165
internal_weight=143.196 22.5618 120.635 13.661 106.974 95.9514 9.6123 86.3391 80.738 10.5416 70.1964 44.7767 25.4197 22.1275
internal_count=1580 408 1172 187 985 928 185 743 703 145 558 358 200 149
is_linear=0
shrinkage=0.05


Tree=396
num_leaves=15
num_cat=1
split_feature=24 6 2 21 0 1 24 18 19 1 27 12 19 2
split_gain=5.21679 5.02257 4.43133 3.89759 3.08307 3.42733 3.06733 2.83783 3.97147 3.32279 2.82912 2.7304 4.84221 4.37715
threshold=3.5000000000000004 0 0.92602006027323147 4.5000000000000009 45.886600890000004 -85.832005384999988 1.0000000180025095e-35 10.950000000000001 67.200000000000031 -99.99266999999999 0.3287878787878788 -3.9499999999999997 6.0500000000000016 -0.05695216311707673
decision_type=2 9 2 2 2 2 2 10 8 2 10 10 10 2
left_child=1 2 3 6 -3 11 7 8 9 -1 -9 -6 -13 -14
right_child=-2 4 -4 -5 5 -7 -8 10 -10 -11 -12 12 13 -15
leaf_value=-0.008456610959849736 -0.03619325433210565 -0.034441295823658916 -0.038286401420147109 0.030127319300124678 -0.021994974101497061 0.026682118613154018 -0.021107589866114024 -0.024151607939560303 0.04974234708471164 0.048777510188401638 0.025333343784779219 0.049389064479670043 -0.019928009768335163 0.017503771568047385
leaf_weight=10.337082389742134 9.1907899812795204 9.0957235861569625 3.2723814211785784 23.814500190317631 22.237836201675229 6.7784628756344381 8.1077466011047346 7.6235917713493091 7.2491138074547044 2.2770050521940055 3.3984423577785492 3.391364329494535 20.562262482941154 11.317666446790097
leaf_count=100 328 117 41 154 294 68 106 59 41 18 18 19 140 77
internal_value=-0.00165774 0.000859663 0.00997968 0.0146191 -0.00768495 -0.00460687 0.00463112 0.0118379 0.0227339 0.00469887 -0.00805574 -0.00868783 7.71414e-05 -0.00651119
internal_weight=148.654 139.463 66.0799 62.8075 73.3833 64.2876 38.993 30.8852 19.8632 12.6141 11.022 57.5091 35.2713 31.8799
internal_count=1580 1252 537 496 715 598 342 236 159 118 77 530 236 217
cat_boundaries=0 1
cat_threshold=463880
is_linear=0
shrinkage=0.05


Tree=397
num_leaves=15
num_cat=0
split_feature=16 15 15 10 25 11 16 15 1 15 28 30 17 25
split_gain=4.17927 8.46519 4.77846 3.77644 4.18401 7.2895 6.26383 5.22171 6.55962 4.75598 4.6559 3.6406 3.4742 3.15631
threshold=30.350000000000005 6.7500000000000009 2.5500000000000003 18.900000000000002 1899.5000000000002 -3.1928571428571422 12.350000000000003 -17.049999999999997 -111.23865799999999 -25.949999999999996 0.41898148148148157 0.49444444444444452 23.500000000000004 129.50000000000003
decision_type=10 10 10 10 10 8 10 10 2 8 10 10 10 8
left_child=1 2 3 4 6 -6 7 8 9 13 -11 -2 -8 -1
right_child=11 -3 -4 -5 5 -7 12 -9 -10 10 -12 -13 -14 -15
leaf_value=-0.0012433429931305823 -0.023882771597148796 0.05871343107501114 -0.03384698012924197 0.022716647147065946 -0.023543824823485958 0.059727257517977916 -0.02295171265121982 0.044283849030705924 -0.041354564923268722 -0.036332669456799825 0.02037684610084306 0.026503660260349234 0.027270652631793808 0.038327052990426658
leaf_weight=7.7277349345386055 23.540763502940539 5.809460060670971 7.9211741331964722 21.148188106715679 3.515711871907115 5.9920512512326223 35.645235928706825 7.3430957235395899 6.5813217912800601 7.6485483255237323 5.3739350400865078 3.3476981651037923 2.9626359902322283 13.163264309987424
leaf_count=69 295 34 114 139 27 34 442 44 127 102 28 16 28 81
internal_value=0.000705561 0.00442121 0.00145253 0.00410669 -0.000186953 0.0296256 -0.00376719 0.00826372 0.000822228 0.0099572 -0.0131463 -0.0168841 -0.0185066 0.0243015
internal_weight=157.721 130.832 125.023 117.102 95.9535 9.50776 86.4458 47.8379 40.4948 33.9135 13.0225 26.8885 38.6079 20.891
internal_count=1580 1269 1235 1121 982 61 921 451 407 280 130 311 470 150
is_linear=0
shrinkage=0.05


Tree=398
num_leaves=15
num_cat=1
split_feature=25 5 13 11 28 3 18 3 3 22 18 25 33 2
split_gain=4.60949 3.49734 5.00904 4.08659 3.73267 3.71888 3.68689 5.94562 4.17562 4.92154 3.95526 4.55022 5.65993 3.42748
threshold=1778.0000000000002 0 9.1500000000000004 -13.957142857142854 0.13361823361823363 0.86004965528756494 3.7000000000000006 -0.4755978891912595 -0.36648370705903521 2.5000000000000004 50.750000000000007 63.500000000000007 0.073809523809523811 0.80926549319045582
decision_type=10 9 8 10 10 2 8 2 2 2 10 8 8 2
left_child=1 2 3 5 -4 -1 7 -3 -9 -10 11 12 -8 -5
right_child=-2 6 4 13 -6 -7 10 8 9 -11 -12 -13 -14 -15
leaf_value=-0.028788995522758123 -0.040617375321100761 -0.032883893052518029 0.017680185759108576 -0.04563872608179613 -0.017522658797735065 0.05203623343951376 -0.028147301664657627 0.074958761274797212 0.024220662093555181 -0.036764093695207938 0.017373531808869348 -0.034689378931743127 0.043348642151649436 0.0094382370264597254
leaf_weight=1.5298078795895005 6.6628223070874801 6.295351465232673 55.29062082618475 9.0494277179241163 7.8749125786125651 2.6093088984489441 5.0026922598481152 1.974889600649482 12.288451792672271 3.4452852346003047 5.836606638506054 27.102133110165596 4.1548133026808509 3.5115825347602359
leaf_count=28 107 91 346 115 153 29 95 14 82 75 62 303 43 37
internal_value=-0.00281625 -0.000826132 0.00592786 -0.0170099 0.0130867 0.0223743 -0.00856096 0.00566001 0.0203875 0.00946759 -0.0185996 -0.024701 0.00536496 -0.0306807
internal_weight=152.629 145.966 79.8657 16.7001 63.1655 4.13912 66.1002 24.004 17.7086 15.7337 42.0962 36.2596 9.15751 12.561
internal_count=1580 1473 708 209 499 57 765 262 171 157 503 441 138 152
cat_boundaries=0 1
cat_threshold=265
is_linear=0
shrinkage=0.05


Tree=399
num_leaves=15
num_cat=1
split_feature=16 0 6 9 32 25 25 18 19 2 12 29 19 28
split_gain=3.30096 3.97785 5.75876 5.83425 5.70739 5.56704 6.61492 8.19217 5.03381 4.46735 5.05338 7.221 5.02562 5.59844
threshold=34.850000000000001 54.094778025000004 0 -11.549999999999999 0.21825396825396828 136.00000000000003 353.00000000000006 2.0500000000000003 13.450000000000001 0.69056404122701587 -2.5499999999999994 0.0602559205500382 97.65000000000002 0.080128205128205135
decision_type=10 2 9 8 10 8 10 8 10 2 8 8 10 10
left_child=1 2 4 8 9 -3 -7 -8 -4 12 -11 -12 -1 -14
right_child=-2 5 3 -5 -6 6 7 -9 -10 10 11 -13 13 -15
leaf_value=-0.028534623226421665 0.024092152480612826 -0.014034572789931164 0.044050398014268966 -0.045022247580826513 0.032020500483574063 0.037150154527855993 0.034539814705922753 -0.037468778859320692 -0.034833391248376276 -0.0091560392076709581 -0.020650022884790498 0.063184506008323427 0.047158164040406708 -0.034983971439108058
leaf_weight=23.575481606647376 12.087376302108167 17.150646217167377 3.4336036387830973 19.929508447647098 11.495829098857937 21.006775533780456 6.0373459551483366 8.0403486024588346 2.7570713171735406 13.404511178843675 3.2703514881432065 6.6377066038548955 4.5338761769235125 2.4252698048949242
leaf_count=305 56 181 17 369 83 145 39 98 52 110 27 27 29 42
internal_value=4.54025e-05 -0.00212984 -0.0083854 -0.0236492 0.00134291 0.00877534 0.0200056 -0.00634462 0.00896028 -0.00542599 0.0107974 0.0361569 -0.0177619 0.0177328
internal_weight=155.786 143.698 91.4632 26.1202 65.343 52.2351 35.0845 14.0777 6.19067 53.8472 23.3126 9.90806 30.5346 6.95915
internal_count=1580 1524 1061 438 623 463 282 137 69 540 164 54 376 71
cat_boundaries=0 1
cat_threshold=114760
is_linear=0
shrinkage=0.05


Tree=400
num_leaves=15
num_cat=0
split_feature=30 27 1 25 28 18 19 8 3 25 10 17 8 25
split_gain=4.3799 4.4701 4.43795 4.46683 3.30608 2.54621 3.02773 2.63073 2.80675 2.35245 2.11302 4.42458 2.48372 2.35836
threshold=1.0000000180025095e-35 0.64642857142857146 -79.923859419999985 367.50000000000006 0.74038461538461553 33.650000000000006 129.00000000000003 -25.099999999999998 0.95178258287705175 98.500000000000014 30.850000000000005 11.500000000000002 20.250000000000004 1959.0000000000002
decision_type=10 10 2 10 10 10 10 8 2 10 8 8 10 10
left_child=1 4 -2 -4 5 7 -7 -1 10 -10 12 -12 13 -9
right_child=2 -3 3 -5 -6 6 -8 8 9 -11 11 -13 -14 -15
leaf_value=-0.035281537192289956 -0.038121873644243354 -0.023249461032590572 -0.030868094277948229 0.055583656830798613 -0.036745793501608587 -0.043081861770147764 0.016366637243481478 0.0047581341624516032 0.059316522756474012 0.0069958092909852502 0.060005550093267204 -0.0082849778200631691 -0.030788936535987538 0.03646898306206349
leaf_weight=2.3891021255403757 12.54244022164494 14.358706169761716 1.8902607038617123 2.2488706056028605 3.5503402240574351 4.3606819091364732 2.8671700228005648 93.053817933425307 4.0461599947884661 4.2705259453505278 4.3312002047896359 3.8866143394261607 3.6140436399728051 5.3050836212933055
leaf_count=24 210 147 31 17 64 53 40 750 34 35 32 51 37 36
internal_value=-0.000521664 0.00230894 -0.0240304 0.0177787 0.00525023 0.00668951 -0.0203766 0.00846156 0.00963126 0.036085 0.00732808 0.0303126 0.00519942 0.00681832
internal_weight=162.715 146.033 16.6816 4.13913 131.675 128.124 7.22785 120.897 118.507 8.31669 110.191 8.21781 101.973 98.3589
internal_count=1561 1303 258 48 1156 1092 93 999 975 69 906 83 823 786
is_linear=0
shrinkage=0.05


Tree=401
num_leaves=15
num_cat=0
split_feature=4 4 18 29 4 24 2 9 11 21 15 12 26 13
split_gain=1.94286 2.88617 2.97623 2.1855 2.9688 2.31977 3.30978 2.69473 2.58521 2.17529 1.89228 3.378 4.67768 1.93214
threshold=0.029534200600000001 0.01766809142 2.2500000000000004 0.026709401709401712 0.057318737885000005 1.0000000180025095e-35 0.26866988313759588 -16.949999999999996 -10.378571428571425 7.5000000000000009 5.6500000000000012 -1.2499999999999998 1.0000000180025095e-35 28.050000000000004
decision_type=2 2 8 8 2 2 2 10 8 2 10 8 8 8
left_child=1 -1 -3 5 -5 7 9 8 -2 10 11 -7 -13 -14
right_child=3 2 -4 4 -6 6 -8 -9 -10 -11 -12 12 13 -15
leaf_value=0.0024948965182726912 -0.020379385200270439 -0.0020241051088305127 0.061134336771595611 -0.02293488606175062 0.0091588380997903642 0.0024292253304470874 -0.014785071384917076 -0.024242511046266544 0.034894062582267016 -0.016916792167479346 -0.018880581713978929 0.066793808023385012 0.029023076637513023 -0.024064386954709568
leaf_weight=17.776755733415488 3.0253668688237667 2.8069911897182456 4.2148072142153978 7.1731138192117205 62.056507844477892 12.167962081730364 20.826363572850823 24.807131418958306 3.5966317523270872 5.1238156594336024 2.5931056831032029 5.8751026354730209 2.3600893169641504 2.5048188976943493
leaf_count=154 23 24 46 54 511 92 158 298 38 44 25 53 20 21
internal_value=0.00118595 0.0138746 0.0387816 -0.000959785 0.00555428 -0.0064023 0.000195257 -0.0168758 0.0102809 0.010528 0.0164726 0.0210968 0.0402379 0.00224706
internal_weight=176.909 24.7986 7.0218 152.11 69.2296 82.8804 51.4513 31.4291 6.622 30.6249 25.5011 22.908 10.74 4.86491
internal_count=1561 224 70 1337 565 772 413 359 61 255 211 186 94 41
is_linear=0
shrinkage=0.05


Tree=402
num_leaves=15
num_cat=1
split_feature=16 10 15 32 16 25 7 25 15 4 11 15 19 14
split_gain=2.28193 4.20128 2.58364 2.50605 2.63152 2.77575 3.60261 2.7409 2.33249 2.18677 4.58867 2.04639 1.8859 1.85909
threshold=28.950000000000003 13.950000000000001 -3.5499999999999994 0.23065476190476195 33.250000000000007 325.50000000000006 0 108.00000000000001 -6.8499999999999988 0.34296653980000003 16.471428571428579 -1.5999999999999999 233.60000000000005 11.568333333333337
decision_type=10 10 10 8 10 8 1 10 10 2 8 10 8 8
left_child=2 -2 8 4 5 6 -3 -8 -1 11 -11 -5 13 -4
right_child=1 3 12 9 -6 -7 7 -9 -10 10 -12 -13 -14 -15
leaf_value=-0.0023322470837626101 0.054130941766889699 -0.034890144191493271 -0.040790561172581723 0.017422008846252328 -0.0088892781285751631 0.049376463119906941 0.045589226571461028 -0.0094791372543691667 0.021922380202765848 -0.033250999031744187 0.050848644635293309 -0.034249551523501065 0.019738787686257472 -0.010539403535614486
leaf_weight=85.624501336365938 3.8012233506888142 2.6345267631113574 7.4494476448744544 1.7631626315414894 8.003616286441682 5.9943038262426844 4.6583501398563394 3.2752736955881119 10.193403720855711 2.0339474454522124 2.6058543603867292 8.0574184413999301 2.3168814778327933 15.371597448363904
leaf_count=788 43 30 67 19 56 67 36 19 110 17 32 98 23 156
internal_value=0.000169065 0.00995344 -0.00334857 0.00440562 0.0139225 0.0248245 0.00783399 0.0243388 0.000447813 -0.0116169 0.014623 -0.0242198 -0.0172827 -0.0217121
internal_weight=163.784 42.8277 120.956 39.0265 24.5661 16.5625 10.5682 7.93362 95.8179 14.4604 4.6398 9.82058 25.1379 22.821
internal_count=1561 417 1144 374 208 152 85 55 898 166 49 117 246 223
cat_boundaries=0 1
cat_threshold=1
is_linear=0
shrinkage=0.05


Tree=403
num_leaves=15
num_cat=0
split_feature=8 15 15 16 26 13 27 2 27 31 13 13 4 27
split_gain=4.45458 4.83124 3.83465 6.19485 4.04135 4.27287 3.64526 5.00715 5.30745 4.62401 2.89822 4.57439 5.65962 4.76
threshold=18.550000000000004 -5.0499999999999989 -1.9499999999999997 26.750000000000004 0.056623931623931631 22.550000000000004 0.3889566395663957 -0.10088855117215338 0.3287878787878788 0.36397058823529421 0.45000000000000007 3.0500000000000003 0.37851448765500006 0.017700501253132835
decision_type=10 10 10 10 10 8 10 2 10 10 8 8 2 10
left_child=2 -2 3 4 10 -6 7 -4 -9 -8 -1 -12 13 -13
right_child=1 -3 6 -5 5 -7 9 8 -10 -11 11 12 -14 -15
leaf_value=-0.03477923934802428 0.042486451827261761 -0.043060104740921229 0.028915639878044953 -0.043772803184915762 -0.043052019377760077 0.020344810757989586 -0.030224322873006967 -0.040193270136192144 0.040036869588559836 0.040021680612102151 0.046570369265531916 -0.0081190630109112729 -0.024449593574661577 0.027203760852246996
leaf_weight=3.1296980958432004 1.145774774253369 9.0014102384448016 31.166527620516714 7.845748513005673 8.1961012915708107 3.0440402738749972 7.8593207048252207 5.2853107787668732 2.1377357896417379 2.238368034362793 6.0052691586315632 15.417492011561981 12.618866756558416 22.527296757791191
leaf_count=88 3 153 212 116 168 18 106 81 6 4 55 208 180 163
internal_value=-0.000137151 -0.0304557 0.00249458 -0.00431748 0.000594051 -0.0256235 0.0133827 0.020286 -0.0150779 -0.0124496 0.00587115 0.00868522 0.00336983 0.0130117
internal_weight=137.619 10.1472 127.472 78.7845 70.9388 11.2401 48.6873 38.5896 7.42305 10.0977 59.6986 56.5689 50.5637 37.9448
internal_count=1561 156 1405 996 880 186 409 299 87 110 694 606 551 371
is_linear=0
shrinkage=0.05


Tree=404
num_leaves=15
num_cat=1
split_feature=24 20 3 6 9 21 25 27 16 27 13 14 29 0
split_gain=4.83174 3.76415 3.37261 3.30145 4.38877 4.35904 3.89401 3.70013 2.53523 3.25108 3.1587 2.3244 2.11406 1.94543
threshold=1.5000000000000002 1.0000000180025095e-35 0.86439018870140905 0 1.8500000000000003 4.5000000000000009 2408.5000000000005 0.16904761904761909 28.950000000000003 0.12771739130434787 27.950000000000003 16.993333333333336 0.2951388888888889 49.620912645000004
decision_type=2 2 2 9 10 2 10 8 10 8 10 10 10 2
left_child=1 11 3 4 -3 8 7 -5 9 -6 -10 -1 13 -2
right_child=12 2 -4 6 5 -7 -8 -9 10 -11 -12 -13 -14 -15
leaf_value=-0.023929492341181097 -0.0036547019856379131 0.029157548735260032 -0.022493473039365768 0.0031746417173598657 -0.044919356864914328 0.026069262036976754 0.03360994541957521 -0.034400636863651642 0.025852393934682784 0.0046883420630878221 -0.015601476340795631 0.018536343099063855 0.032102864977827043 -0.038825777775084183
leaf_weight=17.32186077255756 5.9334636526182356 30.417295511811972 8.5716020641848427 13.295581802725797 6.4950802326202401 14.233392298221586 3.9290476217865935 11.628692703321574 8.4157665260136145 5.5966216940432796 8.0484016165137273 3.134060885757207 0.76205787435173888 12.125147380866109
leaf_count=247 127 223 113 70 30 83 18 125 48 35 53 29 13 347
internal_value=-0.00112105 0.00234081 0.0060108 0.00859978 0.0131781 0.00442181 -0.00560522 -0.0150072 -0.00688511 -0.0233543 0.00585494 -0.0168626 -0.0241347 -0.0280678
internal_weight=149.908 131.087 110.631 102.06 73.2066 42.7893 28.8533 24.9243 28.5559 12.0917 16.4642 20.4559 18.8207 18.0586
internal_count=1561 1074 798 685 472 249 213 195 166 65 101 276 487 474
cat_boundaries=0 1
cat_threshold=460808
is_linear=0
shrinkage=0.05


Tree=405
num_leaves=15
num_cat=0
split_feature=28 14 23 24 8 16 25 0 21 2 13 13 33 16
split_gain=3.77744 6.03534 4.62453 6.45914 6.31377 5.75393 6.39425 4.00073 5.61334 5.4166 5.33516 5.92434 3.92727 3.3747
threshold=0.034523809523809533 4.0758620689655176 2.5000000000000004 1.5000000000000002 15.15 7.9500000000000011 2278.0000000000005 52.935187400000011 5.5000000000000009 0.76696112484652046 4.5500000000000007 -3.5499999999999994 0.046536796536796543 7.2500000000000009
decision_type=8 10 2 2 10 10 10 2 2 2 10 8 8 10
left_child=2 7 4 -4 5 -1 -7 9 13 10 11 -2 -10 -9
right_child=1 -3 3 -5 -6 6 -8 8 12 -11 -12 -13 -14 -15
leaf_value=0.020862467263043947 0.054255076735362243 -0.01978550499192409 0.046666948325139145 -0.023834351223851764 0.02807381804841326 -0.037458242668418011 0.024902869182021434 -0.00033863300923315056 0.046334619701065616 -0.013022259562652941 0.059984909156759372 -0.038833300473803574 -0.0099322253739266425 -0.044207225006923978
leaf_weight=9.0267011607065815 1.8298758529126642 43.353170414455235 13.091331517323853 3.5398788936436167 13.761528345756231 18.100447407457981 4.4816156271845093 7.9927210044115844 5.4972210004925701 7.0750361494719973 8.921460045501588 3.319261563941839 5.3757451623678216 8.7517115306109172
leaf_count=74 14 571 75 45 87 203 26 98 33 79 57 48 32 119
internal_value=-2.67948e-05 -0.00642406 0.00942878 0.0311603 0.000962533 -0.0113399 -0.0245509 0.00561393 -0.00686367 0.0214844 0.038548 -0.00230862 0.020022 -0.0244663
internal_weight=154.118 92.1162 62.0015 16.6312 45.3703 31.6088 22.5821 48.763 27.6174 21.1456 14.0706 5.14914 10.873 16.7444
internal_count=1561 1051 510 120 390 303 229 480 282 198 119 62 65 217
is_linear=0
shrinkage=0.05


Tree=406
num_leaves=15
num_cat=1
split_feature=6 0 9 0 0 31 10 16 21 0 1 9 18 2
split_gain=4.84517 4.02447 5.488 3.26343 7.3874 6.19725 5.05359 4.66497 4.47946 4.0257 4.36049 4.31654 4.84591 3.64701
threshold=0 45.129073000000012 13.050000000000002 55.569091855000003 56.143935000000006 0.10263157894736843 4.9500000000000011 28.150000000000002 4.5000000000000009 54.830660500000008 -113.14560299999998 6.5500000000000007 0.55000000000000016 0.91596454896554913
decision_type=9 2 8 2 2 8 10 10 2 2 2 8 10 2
left_child=1 -1 -3 6 5 7 -2 -5 9 10 -8 12 -12 -6
right_child=3 2 -4 4 13 -7 8 -9 -10 -11 11 -13 -14 -15
leaf_value=-0.019069341925010766 -0.036349079565568175 0.022594381479486031 -0.033221552983600376 -0.036935700339344096 -0.025108911672246825 0.068139374964404337 0.02012162287692797 0.043483349249629932 -0.039919754096666149 -0.042713814562892735 -0.038365553590114142 -0.043483556896611403 0.026729329596018037 0.028534591961642899
leaf_weight=8.1398902311921102 17.263398331589997 43.738938013091683 4.0012293476611367 3.2475956920534381 13.952900871634485 5.7543847020715484 22.324884574860331 2.1378771718591452 6.9723438676446667 3.7492428440600625 3.2331528365612083 5.9887183820828787 7.8878024136647582 3.1285521127283564
leaf_count=58 286 253 33 50 196 35 184 13 200 36 29 98 65 25
internal_value=-0.000601958 0.010024 0.0173307 -0.00714754 0.00623355 0.0362275 -0.0138027 -0.00320141 -0.00548349 0.000854152 0.0059503 -0.0126306 0.00620065 -0.0142491
internal_weight=151.521 55.8801 47.7402 95.6409 28.2213 11.1399 67.4195 5.38547 50.1561 43.1838 39.4346 17.1097 11.121 17.0815
internal_count=1561 344 286 1217 319 98 898 63 612 412 376 192 94 221
cat_boundaries=0 1
cat_threshold=49927
is_linear=0
shrinkage=0.05


Tree=407
num_leaves=15
num_cat=0
split_feature=25 21 2 25 18 2 18 32 22 9 28 18 2 10
split_gain=6.11505 7.93267 7.36444 6.01538 7.03964 6.46273 6.41393 5.52113 5.42399 5.35539 5.06348 5.5537 4.54739 4.53683
threshold=353.00000000000006 1.5000000000000002 0.40614137006726808 136.00000000000003 1.1500000000000004 1.0000000180025095e-35 1.0000000180025095e-35 0.21825396825396828 23.500000000000004 9.1500000000000004 0.097222222222222224 12.450000000000001 -0.86976336936302323 30.450000000000003
decision_type=10 2 2 10 8 2 8 10 2 8 10 8 2 10
left_child=3 2 12 5 -5 6 -1 9 -8 -7 11 -6 -2 -3
right_child=1 13 -4 4 10 7 8 -9 -10 -11 -12 -13 -14 -15
leaf_value=0.022317881351699112 -0.033003299241001059 -0.042359382084886599 -0.04074793220105688 -0.025680505998952108 0.030986476276215903 -0.0062326428199139016 -0.038847006884053979 0.052450922512684767 0.024316611328153655 0.034945348559781243 0.052751457120940017 -0.038624218435313495 0.0341569000814698 0.02376323882077206
leaf_weight=6.9866025149822262 2.2034117504954382 20.125858709681783 5.0328013468533745 4.9437550920993116 7.4718118580058226 30.591468537226319 20.920759076252583 5.9923027176409951 3.3212110791355363 9.5447705620899779 15.634284525178371 3.3572890986688444 13.912105614319444 2.3081836104392996
leaf_count=60 37 279 60 55 56 304 348 42 29 65 79 48 91 8
internal_value=0.00085237 -0.0147695 0.00712487 0.00718967 0.025274 -0.000381453 -0.0176314 0.0114229 -0.0295729 0.00417132 0.0353816 0.00796466 0.0235826 -0.0348325
internal_weight=152.347 43.5824 21.1483 108.764 31.4071 77.3571 31.2286 46.1285 24.242 40.1362 26.4634 10.8291 16.1155 22.434
internal_count=1561 475 188 1086 238 848 437 411 377 369 183 104 128 287
is_linear=0
shrinkage=0.05


Tree=408
num_leaves=15
num_cat=0
split_feature=18 1 25 27 12 2 2 25 8 8 8 8 32 14
split_gain=4.16381 4.59249 4.09243 3.91008 3.70988 3.58236 3.56427 3.37024 3.33424 4.54016 3.7819 3.4734 2.98857 5.07782
threshold=0.35000000000000003 -116.64455721499998 116.50000000000001 0.21817815839554974 5.8500000000000005 -0.99166060804803513 -0.96235977360714686 62.500000000000007 -15.599999999999998 -7.7499999999999991 -10.249999999999998 -2.7499999999999996 0.048809523809523817 -4.2698809523809516
decision_type=8 2 8 8 8 2 2 10 8 8 10 8 10 10
left_child=1 2 -1 4 7 -5 -7 -2 -8 10 -10 -11 13 -9
right_child=3 -3 -4 5 -6 6 8 12 9 11 -12 -13 -14 -15
leaf_value=-0.026107197756999996 -0.039194871980191545 -0.035009273609257478 0.029135991564158688 0.038679237475573391 -0.042804409707924672 -0.034424753880932517 -0.02611290001206661 0.025023987063463888 0.013364523421256578 -0.023214388609728191 0.071384571829752913 0.0083197994911428531 0.023642708229656226 -0.037524484550632897
leaf_weight=5.0138960685580978 4.3256787024438408 16.494697234593332 6.6164401154965171 7.1235208194702855 6.9022798724472514 4.6983716636896125 6.3589264173060656 4.6702823322266358 8.019800763577221 9.0901303570717555 3.8969745784997931 64.866390626877546 10.16781166475266 6.7757215043529868
leaf_count=54 88 171 50 39 119 44 69 42 62 74 23 551 76 101
internal_value=-0.00163025 -0.0188007 0.00513894 0.00200815 -0.0127901 0.0067561 0.00403903 -0.00351116 0.00634662 0.00902317 0.0363956 0.00418588 0.00504782 -0.012043
internal_weight=165.021 28.125 11.6303 136.896 32.8418 104.054 96.9306 25.9395 92.2322 85.8733 11.9168 73.9565 21.6138 11.446
internal_count=1563 275 104 1288 426 862 823 307 779 710 85 625 219 143
is_linear=0
shrinkage=0.05


Tree=409
num_leaves=15
num_cat=0
split_feature=3 3 3 13 17 8 3 25 3 25 1 33 10 2
split_gain=2.00356 2.03095 2.11046 2.66395 3.02778 2.06977 2.10444 2.01984 1.78362 2.24042 2.49004 2.65484 1.77787 3.60544
threshold=0.98332250088165762 0.95436825032516992 0.86869874770991873 4.4500000000000011 9.5000000000000018 -16.249999999999996 0.81304046271159414 5.5000000000000009 0.61067742788105683 995.00000000000011 -111.30526149999999 1.0000000180025095e-35 28.450000000000003 -0.31799228562170639
decision_type=2 2 2 10 10 8 2 8 2 8 2 8 8 2
left_child=1 2 5 -4 -5 -1 7 -7 12 10 11 -10 -9 -14
right_child=-2 -3 3 4 -6 6 -8 8 9 -11 -12 -13 13 -15
leaf_value=0.025301348263367912 0.025846648653909666 -0.021883278442531778 -0.0023487487467091523 0.070084885617443138 0.0072229470497564676 -0.029567333325459945 -0.02655406247842992 -0.0049190660980737372 -0.020375966435561711 -0.011755465699024654 0.058585725380005151 0.038238098061293163 0.033022164006674966 -0.0087821698465989882
leaf_weight=5.7870170660316944 6.1303269136697045 10.105015989392994 8.431164547801016 2.8196099847555152 4.3672562949359417 5.0681434813886872 7.8708455413579932 95.077121185138822 3.3031961806118479 4.2083857506513604 3.287576420232651 2.546861344948411 8.8968550246208924 10.088884338736532
leaf_count=47 49 57 61 30 34 54 56 886 30 38 30 25 88 78
internal_value=-0.000128124 -0.00119883 0.000219882 0.0171087 0.0374337 -0.00168911 -0.00297314 -0.00138369 -4.10515e-05 0.0165835 0.0295073 0.00699899 -0.00211344 0.0114797
internal_weight=177.988 171.858 161.753 15.618 7.18687 146.135 140.348 132.477 127.409 13.346 9.13763 5.85006 114.063 18.9857
internal_count=1563 1514 1457 125 64 1332 1285 1229 1175 123 85 55 1052 166
is_linear=0
shrinkage=0.05


Tree=410
num_leaves=15
num_cat=1
split_feature=6 1 3 22 25 10 15 30 13 8 14 12 0 0
split_gain=2.87387 2.52718 2.47059 2.1846 2.15583 2.04747 2.0268 2.88786 2.84117 2.16324 2.48735 3.92239 4.04522 2.06677
threshold=0 -112.31966999999999 -0.62587551141915865 3.5000000000000004 17.500000000000004 29.650000000000002 5.4500000000000011 1.0000000180025095e-35 28.850000000000005 1.4500000000000002 -0.43312807881773391 -14.549999999999999 50.879417850000003 50.681776000000006
decision_type=9 2 2 2 8 10 8 8 10 10 10 10 2 2
left_child=5 2 -2 -3 -4 6 8 -8 9 10 11 12 -1 -11
right_child=1 3 4 -5 -6 -7 7 -9 -10 13 -12 -13 -14 -15
leaf_value=0.024011049397714396 -0.018581486088859421 -0.025629745023835856 -0.023293324541512624 0.0022194075224658684 0.0089400301653908849 -0.01976867635385789 0.00082321502289519537 0.05266638997286071 -0.025445813671585146 0.0085911128357390194 -0.025416838873644272 0.046212455819542433 -0.029589019089950576 0.037249042736596696
leaf_weight=5.4052552282810247 13.482926784083245 23.348565710708499 4.9500466417521229 9.6957404995337111 40.972250655293465 5.5169296599924555 4.9005353860557053 5.0325113981962213 5.5330235399305812 19.457108262926344 6.6859482154250136 3.9949371106922635 6.8715981990098953 8.9587903171777707
leaf_count=41 156 340 50 121 379 33 36 37 38 136 39 30 50 77
internal_value=-0.000616524 -0.00611686 -0.00053766 -0.0176332 0.00504316 0.00636498 0.00971989 0.0295039 0.00581671 0.0096053 -0.00182155 0.00878382 -0.00595894 0.0185853
internal_weight=164.806 92.4495 59.4052 33.0443 45.9223 72.3566 66.8397 9.93305 56.9067 51.3736 22.9577 16.2718 12.2769 28.4159
internal_count=1563 1046 585 461 429 517 484 73 411 373 160 121 91 213
cat_boundaries=0 1
cat_threshold=196681
is_linear=0
shrinkage=0.05


Tree=411
num_leaves=15
num_cat=0
split_feature=16 24 10 18 18 18 9 15 1 26 13 0 16 13
split_gain=4.08268 4.52227 4.36017 4.38065 6.0269 5.77432 7.30422 4.97112 4.65614 6.92056 4.71997 4.12558 3.73989 6.7631
threshold=9.7500000000000018 53.500000000000007 -1.4499999999999997 0.25000000000000006 2.5500000000000007 4.1000000000000005 4.5500000000000007 -2.9499999999999997 -118.64893299999999 0.084523809523809543 32.250000000000007 51.550964150000006 26.550000000000004 29.550000000000004
decision_type=8 2 8 8 8 8 8 8 2 8 10 2 8 10
left_child=1 -1 11 12 -5 -6 -7 -8 9 -9 -10 -2 -4 -14
right_child=2 -3 3 4 5 6 7 8 10 -11 -12 -13 13 -15
leaf_value=-0.035713296752081798 0.052073786399991412 0.041937593545528853 0.028568037044453383 -0.043072357274281707 0.029055070053236126 -0.037336021014460249 0.036578613038777893 -0.021263456073848795 -0.036636509852036585 0.042057721776404683 0.029486533368843371 -0.010004145032180584 -0.044292568541086867 0.019512470888945303
leaf_weight=13.047663944773374 6.5300242067314667 1.3092359649017442 16.989138700067997 9.91587803699076 10.725716044194995 15.597211978398269 7.3612470552325249 7.3410074347630045 13.341794972307982 8.0986905433237553 2.5310596767812958 3.7177177416160703 5.6300277980044475 10.151121634989975
leaf_count=286 42 11 76 163 72 298 53 84 235 48 12 64 59 60
internal_value=-0.00211123 -0.0263624 0.00103795 -0.00203782 -0.00868519 -0.00286594 -0.00958611 0.00226446 -0.0066848 0.0124888 -0.02497 0.0306657 0.0129652 -0.00453336
internal_weight=132.288 14.3569 117.931 107.683 74.9126 64.9967 54.271 38.6738 31.3126 15.4397 15.8729 10.2477 32.7703 15.7811
internal_count=1563 297 1266 1160 965 802 730 432 379 132 247 106 195 119
is_linear=0
shrinkage=0.05


Tree=412
num_leaves=15
num_cat=0
split_feature=2 24 30 12 9 29 0 0 27 2 8 12 9 33
split_gain=4.61465 5.62383 4.51084 3.38382 7.02306 3.36052 3.75249 2.9985 2.96558 4.04819 2.59897 2.29056 2.24839 2.21227
threshold=-0.50556189049999822 1.5000000000000002 0.36038961038961043 -3.4499999999999997 0.35000000000000003 0.20753588516746413 44.677578600000011 56.73385050000001 0.50681818181818195 -0.76141707087277943 20.550000000000004 5.0500000000000007 -0.54999999999999993 0.41428571428571431
decision_type=2 2 10 10 10 10 2 2 8 2 8 8 8 10
left_child=1 7 3 13 12 6 -6 8 10 11 -1 -10 -5 -2
right_child=2 -3 -4 4 5 -7 -8 -9 9 -11 -12 -13 -14 -15
leaf_value=0.021430169923179324 -0.028249656011082994 -0.033365176615621224 0.02507559624573788 0.0074813470609617003 0.022028475039326145 0.038396301307269176 -0.022257115090837346 0.042395803559608258 -0.03824723446572665 0.021488604246624944 -0.023478199556733269 0.0076308789243950603 0.072444036159795722 0.023083223549415388
leaf_weight=32.169045319780707 29.837092077359561 6.2117516170255831 7.7730446718633166 2.5492343492805958 4.8373635355383149 2.1873532421886912 29.675438665319234 6.8757343739271155 7.8608249584212908 6.798208479769527 2.7471366710960856 3.5062934169545779 2.5354422386735669 1.5218517277389754
leaf_count=176 536 167 43 26 30 16 286 35 95 65 20 33 22 13
internal_value=-0.00109977 0.00862268 -0.00905842 -0.0129751 -0.00348491 -0.0114529 -0.0156045 0.0134487 0.00898458 -0.00714532 0.0173415 -0.024623 0.0464568 -0.0251221
internal_weight=147.086 66.169 80.9168 73.1438 41.7848 36.7002 34.5128 59.9572 53.0815 18.1653 34.9162 11.3671 5.08468 31.3589
internal_count=1563 591 972 929 380 332 316 424 389 193 196 128 48 549
is_linear=0
shrinkage=0.05


Tree=413
num_leaves=15
num_cat=0
split_feature=10 14 15 2 10 11 10 25 21 3 10 4 29 18
split_gain=3.56358 4.16125 5.09991 2.88608 6.18416 6.61735 5.58621 3.8513 5.40441 4.73112 3.44682 3.73799 4.65992 4.27398
threshold=28.950000000000003 17.448333333333334 6.5500000000000007 -0.65234524191686594 15.950000000000001 10.585714285714287 26.050000000000004 40.500000000000007 5.5000000000000009 0.59003219687534991 22.650000000000002 0.68420983382000011 0.13485251450676985 2.0500000000000003
decision_type=10 10 10 2 8 10 8 8 2 2 10 2 8 10
left_child=1 2 3 4 -1 -6 7 8 -5 -10 11 12 13 -9
right_child=-2 -3 -4 6 5 -7 -8 10 9 -11 -12 -13 -14 -15
leaf_value=-0.037036756338128592 0.027654094402937514 -0.029941841758133764 0.048123011360464041 -0.043037682390603259 0.042236277714780092 -0.023189365826226598 -0.033950316112578947 0.029404392031341681 -0.033767651596659419 0.042774721504513315 0.038631646993521111 0.029691675876606028 -0.024501913262565695 -0.0028570126551320033
leaf_weight=13.394236268009989 11.419794796034692 9.9210823783650977 4.7742941547185174 7.2982927281409484 6.6167269023135322 6.927286496385932 7.8747580843046299 15.580636570230125 2.3091566022485495 4.4250690853223205 9.5517412126064283 14.12994718365371 12.172488383948801 26.54647973831743
leaf_count=229 81 142 23 113 60 84 104 110 32 24 68 105 187 201
internal_value=0.00197428 -0.000277386 0.00216788 7.50017e-05 -0.014147 0.00947974 0.00401264 0.00759167 -0.0157542 0.015556 0.011939 0.00771034 0.00155682 0.00947995
internal_weight=152.942 141.522 131.601 126.827 26.9382 13.544 99.8886 92.0138 14.0325 6.73423 77.9813 68.4296 54.2996 42.1271
internal_count=1563 1482 1340 1317 373 144 944 840 169 56 671 603 498 311
is_linear=0
shrinkage=0.05


Tree=414
num_leaves=15
num_cat=1
split_feature=25 15 21 14 0 0 19 25 14 7 25 19 19 0
split_gain=4.90416 4.1097 5.74354 5.39948 4.30289 4.64642 4.52849 4.14468 4.05353 4.71342 4.56223 4.55052 6.4843 3.51701
threshold=1778.0000000000002 6.2500000000000009 3.5000000000000004 16.993333333333336 45.21741200000001 45.886600890000004 150.90000000000001 44.500000000000007 6.9236781609195415 0 133.50000000000003 23.700000000000006 18.450000000000003 53.242395115000001
decision_type=10 8 2 10 2 2 8 10 8 1 10 10 8 2
left_child=1 3 7 4 -1 -6 8 -3 11 -10 -11 12 -7 -12
right_child=-2 2 -4 -5 5 6 -8 -9 9 10 13 -13 -14 -15
leaf_value=-0.02850031489775829 -0.039610866697249995 0.0073760699592276798 -0.026899955069366183 -0.039251854812278594 0.036346683433302683 -0.0048932750934720867 -0.043953072291787784 0.0576306520390664 -0.024329942846291988 0.034035322937944271 0.017967747878239924 -0.02075246571195077 0.047646044813511562 -0.031034768920037314
leaf_weight=8.9777994258329255 5.8150442382320753 7.521736314520246 3.7112110890448085 7.0622825864702454 10.195907205343245 23.059654313139628 4.0266031292267135 9.0016591763123852 5.5346566648222506 25.294969536364071 8.1272782571613771 23.173080746084452 6.8107118052430442 5.1183196846395722
leaf_count=94 103 45 72 107 63 255 68 72 99 145 62 254 66 58
internal_value=0.00188176 0.00377181 0.0241364 0.000374069 0.00300434 0.00577574 0.00236838 0.0364803 0.00471729 0.0157534 0.0219793 -0.00457469 0.00824153 -0.00181698
internal_weight=153.431 147.616 20.2346 127.381 120.319 111.341 101.145 16.5234 97.1187 44.0752 38.5406 53.0434 29.8704 13.2456
internal_count=1563 1460 189 1271 1164 1070 1007 117 939 364 265 575 321 120
cat_boundaries=0 1
cat_threshold=2
is_linear=0
shrinkage=0.05


Tree=415
num_leaves=15
num_cat=0
split_feature=3 15 25 15 15 14 27 18 32 14 25 11 19 9
split_gain=3.86756 4.35822 6.82855 3.77 5.36244 4.69272 4.21755 6.59359 3.86789 3.75075 8.80955 3.96727 5.54046 7.78478
threshold=0.96407344085605606 4.0500000000000007 1959.0000000000002 2.8500000000000001 -4.3499999999999988 17.588333333333335 0.55873015873015885 7.8500000000000014 0.052638888888888895 7.1897126436781624 479.50000000000006 -6.1928571428571422 15.750000000000002 -8.0499999999999989
decision_type=2 10 10 10 10 10 8 8 8 10 8 10 8 10
left_child=1 3 -3 4 9 6 -6 -8 -5 11 -11 12 -1 -14
right_child=-2 2 -4 8 5 -7 7 -9 -10 10 -12 -13 13 -15
leaf_value=0.041121203908755219 -0.033055306392446034 -0.028956260974263012 0.040668150829122916 -0.008440988615930043 -0.043722951466082856 0.034691340203564153 0.033903409729243626 -0.038977466879670096 0.050429312341227689 0.057795918039814091 -0.034841894696519791 -0.0049721767819056037 -0.011649601336824222 0.059469920136102174
leaf_weight=13.841162947937844 6.6784780127927652 18.420311104506258 3.3855931889265767 3.6665515713393662 11.598274643532937 3.0557022411376229 5.5489340350031826 4.898855021689088 8.0369142899289727 8.8827218543738091 2.7133589666336784 41.700310768559575 19.343801765702665 3.7462919801473644
leaf_count=77 85 236 18 27 189 15 44 87 38 57 39 428 201 22
internal_value=0.00156881 0.00333265 -0.0168371 0.00689937 0.00401455 -0.0160153 -0.0242438 -0.000689324 0.0327733 0.00970142 0.0350744 0.0055661 0.0172826 0.00187896
internal_weight=155.517 148.839 21.8059 127.033 115.329 25.1018 22.0461 10.4478 11.7035 90.2276 11.5961 78.6316 36.9313 23.0901
internal_count=1563 1478 254 1224 1159 335 320 131 65 824 96 728 300 223
is_linear=0
shrinkage=0.05


Tree=416
num_leaves=15
num_cat=0
split_feature=28 10 14 28 17 10 16 8 10 28 20 25 4 9
split_gain=5.14918 3.62603 3.53129 3.32369 3.44308 3.30643 4.44751 5.72993 3.06872 3.14316 2.95938 2.71637 2.68707 2.57882
threshold=0.49184899184899195 27.950000000000003 16.180057471264369 0.32045284780578903 14.500000000000002 19.050000000000004 30.150000000000002 16.750000000000004 17.450000000000003 0.20256410256410259 12.500000000000002 710.50000000000011 0.076745983125000014 -28.049999999999997
decision_type=10 10 10 10 10 8 8 10 10 10 2 8 2 8
left_child=1 2 3 8 10 -4 -7 11 9 13 -5 -8 -9 -1
right_child=-2 -3 5 4 -6 6 7 12 -10 -11 -12 -13 -14 -15
leaf_value=-0.036749988784003505 -0.031225344311454656 -0.027702628255032592 -0.019647420644643785 -0.022387785057341663 0.059874947631222676 0.067064438285345945 0.0019807679802665915 0.017922107561582485 -0.018513050634899188 -0.032555691091152389 0.03732137840759827 0.066684499427773061 -0.040274300212038178 0.0066987400023170406
leaf_weight=2.5678567141294479 10.888325987383721 8.1154826181009394 3.1053708959370852 3.9011283451691252 3.744440820068121 5.045515320263803 2.5573966745287233 2.5438904138281941 19.596421116963029 4.9241532934829584 2.6072832485660911 3.7546744234859943 3.9762888783589005 86.796581842005253
leaf_count=24 178 89 28 41 23 38 25 23 202 74 38 22 36 709
internal_value=0.000484863 0.0029259 0.00481658 0.00153284 0.0274576 0.0232899 0.0313939 0.0135341 -0.0010198 0.00277203 0.00331673 0.0443253 -0.0182047 0.00505739
internal_weight=164.125 153.236 145.121 124.138 10.2529 20.9831 17.8778 12.8323 113.885 94.2886 6.50841 6.31207 6.52018 89.3644
internal_count=1550 1372 1283 1111 102 172 144 106 1009 807 79 47 59 733
is_linear=0
shrinkage=0.05


Tree=417
num_leaves=15
num_cat=0
split_feature=1 15 27 2 11 15 11 28 11 2 13 8 11 27
split_gain=2.41888 1.94452 1.79246 1.68679 2.17957 6.59179 2.61344 2.45175 1.77195 1.60712 3.19521 2.17387 1.55199 2.31897
threshold=-67.028924999999973 -36.249999999999993 0.16121031746031747 0.54219432480460406 -8.0142857142857125 -14.549999999999999 -16.021428571428565 0.36388888888888898 1.0000000180025095e-35 0.63257020223555627 24.950000000000003 -9.4499999999999975 -3.1928571428571422 0.67261904761904778
decision_type=2 8 10 2 8 10 10 8 10 2 10 8 10 8
left_child=1 2 -1 4 6 7 -3 -6 -7 -5 11 -11 -13 -14
right_child=-2 3 -4 9 5 8 -8 -9 -10 10 -12 12 13 -15
leaf_value=0.039147757805793687 0.020938183701454637 0.015034800200715945 -0.0081742915856619826 -0.029442228360132258 0.045359101950607585 -0.024072695142833077 -0.026507551306970103 0.010108541972614835 -6.02054732415729e-05 0.021359384150190022 0.037382332848596836 -0.029075100260736321 -0.018775537285494491 0.013878828857194459
leaf_weight=4.5431254170835018 12.674138106405733 4.5691762492060688 2.6685281619429588 7.7955816630274049 9.9404421076178568 7.7160485573112956 12.100572884082792 10.331983674317597 64.847221493721008 3.9608118645846844 2.9559509288519612 10.759249394759538 12.64351622387767 8.1269221901893598
leaf_count=40 81 35 23 61 92 71 74 78 649 38 33 75 125 75
internal_value=0.000737652 -0.000951565 0.0227741 -0.00218843 0.00120793 0.00423096 -0.0149143 0.0287132 -0.00290611 -0.0100866 -0.00551513 -0.0100145 -0.0144912 -0.00594813
internal_weight=175.633 162.959 7.21165 155.747 109.505 92.8357 16.6697 20.2724 72.5633 46.242 38.4465 35.4905 31.5297 20.7704
internal_count=1550 1469 63 1406 999 890 109 170 720 407 346 313 275 200
is_linear=0
shrinkage=0.05


Tree=418
num_leaves=15
num_cat=0
split_feature=16 16 13 13 25 15 30 13 8 13 3 13 12 14
split_gain=2.37425 2.83962 4.1128 2.74374 2.63627 2.5833 3.04301 2.83931 2.64393 3.05063 2.50175 2.62345 2.13739 2.01469
threshold=34.350000000000001 28.950000000000003 29.050000000000004 30.650000000000002 667.50000000000011 -3.5499999999999994 0.36038961038961043 27.450000000000003 13.750000000000002 21.450000000000003 -0.91249077947840473 20.850000000000005 9.0500000000000025 15.738793103448279
decision_type=10 10 8 8 10 10 10 8 10 10 2 10 10 8
left_child=1 5 10 -4 12 6 8 -7 9 -1 -3 -12 13 -5
right_child=-2 2 3 4 -6 7 -8 -9 -10 -11 11 -13 -14 -15
leaf_value=-0.00031270130181306204 -0.025847505036671922 -0.0033059043286650506 -0.023124685677582909 -0.017212260763037054 0.054338319859082301 -0.023766210524592435 0.046930918571312485 0.028421808359625891 0.042890800070787577 -0.033789342360607051 -0.00050384523297630551 0.050865261256287708 -0.032964088546423499 0.037592142256113667
leaf_weight=87.300995461642742 8.2091493178158981 4.3670972138643291 8.7354267947375757 2.0771206356585048 1.8998631052672861 21.042889356613159 2.3676763139665118 2.1041519735008505 2.2580749616026869 6.3824291117489329 3.1877319011837235 9.9775353223085386 2.4348218888044357 3.0731662455946203
leaf_count=805 69 41 76 19 22 206 27 22 22 52 30 110 17 32
internal_value=-0.00117209 0.000271642 0.0124588 -0.00419481 0.0137819 -0.00338831 0.000208745 -0.0180416 -0.0014165 -0.00292616 0.0290585 0.0392697 -0.00152251 0.0162846
internal_weight=165.418 157.209 35.7528 18.2204 9.48497 121.456 98.3092 23.147 95.9415 93.6834 17.5324 13.1653 7.58511 5.15029
internal_count=1550 1481 347 166 90 1134 906 228 879 857 181 140 68 51
is_linear=0
shrinkage=0.05


Tree=419
num_leaves=15
num_cat=0
split_feature=14 16 24 22 20 25 2 25 23 8 10 2 14 25
split_gain=4.62557 4.52 4.03858 3.12101 5.54943 9.88153 5.577 4.84311 4.59606 3.59175 8.99894 4.28516 3.9351 3.76036
threshold=-10.904999999999999 5.7500000000000009 22.500000000000004 9.5000000000000018 4.5000000000000009 136.00000000000003 0.20180702842483325 243.00000000000003 9.5000000000000018 5.9500000000000011 14.550000000000002 0.55656748448714433 10.665000000000003 1501.5000000000002
decision_type=8 8 2 2 2 8 2 10 2 8 8 2 8 10
left_child=-1 -2 3 4 5 -3 -6 -8 -5 13 -11 -12 -13 -7
right_child=1 2 -4 8 6 9 7 -9 -10 10 11 12 -14 -15
leaf_value=-0.039241894434978226 0.050805161257313929 0.039061825698192346 -0.039675276573475887 0.026823908172617331 -0.044879041259152402 -0.036031382087312012 -0.025271436692678541 0.035094872578950935 -0.021574502889672387 0.042150159739624278 -0.024154724796752562 -0.018782722490282053 0.038817538673483462 0.016027435955766021
leaf_weight=5.3402869440615177 4.0685265120118856 16.828728691674769 4.4158436134457579 25.217789086513225 11.107611776329579 12.103382224217059 6.0143909808248264 5.3248894261196256 5.2401619516313067 10.435696504078805 18.293353807181123 4.3823128473013622 5.9111088067293167 4.0589687433093777
leaf_count=134 30 122 75 169 193 204 89 41 60 51 271 54 20 37
internal_value=0.00252129 0.00447266 0.00263653 0.00443545 -0.000106117 0.00669109 -0.0212681 0.00362318 0.018076 -0.00369997 0.00457664 -0.0101007 0.0148031 -0.0227854
internal_weight=138.743 133.403 129.334 124.918 94.4604 72.0136 22.4469 11.3393 30.458 55.1848 39.0225 28.5868 10.2934 16.1624
internal_count=1550 1416 1386 1311 1082 759 323 130 229 637 396 345 74 241
is_linear=0
shrinkage=0.05


Tree=420
num_leaves=15
num_cat=0
split_feature=24 33 33 14 2 1 1 29 0 19 2 19 2 25
split_gain=5.11435 3.27356 2.69083 4.09741 2.93701 3.16348 4.00487 2.81226 3.56758 3.76791 3.1395 2.99535 3.58468 3.50865
threshold=3.5000000000000004 0.41428571428571431 0.30625000000000008 19.730000000000004 0.93237596376505805 -99.288682039999983 -75.33375199999999 0.12632978723404256 53.747097000000004 83.600000000000023 -0.98664820696349753 40.550000000000004 0.36648264796514479 226.00000000000003
decision_type=2 10 8 10 2 2 2 8 2 10 2 10 2 10
left_child=1 2 3 4 5 7 -7 8 9 10 -1 12 -10 -13
right_child=-2 -3 -4 -5 -6 6 -8 -9 11 -11 -12 13 -14 -15
leaf_value=0.021610980969412556 -0.039862864225061467 0.033060874505650553 -0.013626059847551764 -0.033598528861252197 -0.027766979989865083 0.03471359897567601 -0.014767134808053126 0.035480592920289017 0.041164830410838481 0.0098203008648091363 -0.031848587115849446 0.018982724428356655 -0.0049934741510580275 -0.033073719622368859
leaf_weight=2.4863432124257043 7.5768832848407319 6.0782440453767768 34.528716901317239 6.3328505065292111 5.330256273970007 16.790665030479435 4.6874906485900274 4.7099847402423611 10.454560556449001 11.713957984000443 18.209684371016927 5.4054440073668939 6.3354696109890929 5.6363867800682783
leaf_count=22 295 38 471 44 61 102 62 35 69 68 172 35 45 31
internal_value=-0.00239392 -7.63753e-05 -0.00183116 0.00241625 0.00523723 0.00756696 0.0237382 0.00194064 -0.0012182 -0.0123198 -0.0247261 0.0116884 0.024446 -0.00812976
internal_weight=146.277 138.7 132.622 98.0931 91.7602 86.43 21.4782 64.9518 60.2418 32.41 20.696 27.8319 16.79 11.0418
internal_count=1550 1255 1217 746 702 641 164 477 442 262 194 180 114 66
is_linear=0
shrinkage=0.05


Tree=421
num_leaves=15
num_cat=1
split_feature=24 28 2 25 32 2 2 19 10 2 10 3 1 7
split_gain=2.88856 7.6284 8.47701 4.10442 3.37006 3.32146 3.33968 5.22476 5.11618 4.06177 3.43583 6.89553 6.26813 4.59049
threshold=1.5000000000000002 0.19946514837819188 0.51297097409535064 279.00000000000006 0.016628672745694028 0.98372640911059162 0.75014288946266361 6.4500000000000011 7.4500000000000011 0.57782244426053786 16.650000000000002 0.65720762023595369 -81.658867499999985 0
decision_type=2 10 2 10 8 2 2 10 8 2 8 2 2 1
left_child=5 3 -3 -2 -4 6 9 -8 -9 10 11 -1 -12 -13
right_child=1 2 4 -5 -6 -7 7 8 -10 -11 12 13 -14 -15
leaf_value=-0.042139739853562092 -0.042466651719871441 -0.024728466603288854 0.054871834058413421 0.0013426510889038756 0.0019345655645033333 -0.037168710674280285 0.063752522577726095 0.034402919123925603 -0.019026349549405863 -0.029001587033848666 0.021414069143743688 -0.029516110517047112 -0.037767209571454186 0.020366363189029832
leaf_weight=8.4653126839548403 15.706462334841492 8.5215412965044397 7.9720987714827034 7.77447794843465 4.6347921732813129 3.3942967616021624 5.1684526940807727 8.2549651209264958 7.7837191950529858 8.0761957168579084 40.162465396337211 5.1671133758500218 4.1013265382498494 17.721727431751791
leaf_count=152 224 114 39 77 33 41 32 52 86 77 327 67 76 153
internal_value=0.00115165 -0.0094262 0.0121004 -0.0284992 0.0369825 0.00555528 0.00727562 0.0245205 0.00887837 0.00266804 0.00638482 -0.00616927 0.0152173 0.00834131
internal_weight=152.905 44.6094 21.1284 23.4809 12.6069 108.296 104.901 21.2071 16.0387 83.6941 75.6179 31.3542 44.2638 22.8888
internal_count=1550 487 186 301 72 1063 1022 170 138 852 775 372 403 220
cat_boundaries=0 1
cat_threshold=2
is_linear=0
shrinkage=0.05


Tree=422
num_leaves=15
num_cat=1
split_feature=28 19 12 28 12 12 6 11 4 25 2 3 19 0
split_gain=4.43067 4.35891 6.19798 3.25927 2.91939 5.36614 3.5533 2.76079 4.80394 3.52543 4.73006 3.00332 2.59375 3.70072
threshold=0.12574404761904764 91.65000000000002 6.4500000000000011 0.084183673469387765 -26.449999999999996 -13.949999999999998 0 19.457142857142859 0.14227735120000004 44.500000000000007 -0.89015004145349408 -0.8611288361322974 34.400000000000013 49.290624195000007
decision_type=10 8 10 10 8 8 9 8 2 10 2 2 10 2
left_child=3 -2 -3 4 -1 -6 7 9 11 10 -7 -9 -8 -14
right_child=1 2 -4 -5 5 6 12 8 -10 -11 -12 -13 13 -15
leaf_value=-0.03118366516265976 -0.03486388352633165 -0.021348265038540436 0.075109914025476995 0.038913934642038746 0.024557313489986712 0.04696508770996588 -0.035886300332275231 0.076458298499910871 -0.011651212696190195 -0.013896014182190464 0.00033911883942500782 0.014229182249794839 -0.034148386738463342 0.010437543836733601
leaf_weight=5.754561822861433 15.339440934360029 3.7484296048060051 1.6144082881510256 4.8781746877357355 21.590967519208789 6.1103145554661777 11.780211440753193 3.4634077213704586 5.1939931623637676 24.667664052918553 23.209300171583891 4.4417147412896139 6.3403502339497235 11.849763472564517
leaf_count=85 364 105 22 57 161 24 143 16 43 193 106 32 83 116
internal_value=-0.000960071 -0.0218714 0.01493 0.00253073 0.000805106 0.00260426 -0.00247999 0.00425165 0.024578 -0.000264277 0.0112847 0.0470174 -0.0140388 -0.00607298
internal_weight=149.983 20.7023 5.36284 129.28 124.402 118.648 97.0567 67.0864 13.0991 53.9873 29.3196 7.90512 29.9703 18.1901
internal_count=1550 491 127 1059 1002 917 756 414 91 323 130 48 342 199
cat_boundaries=0 1
cat_threshold=18722
is_linear=0
shrinkage=0.05


Tree=423
num_leaves=15
num_cat=0
split_feature=18 16 14 14 25 25 18 25 3 18 2 12 25 12
split_gain=3.565 6.91884 4.3704 4.715 4.01732 4.97079 5.39515 4.8057 4.73771 5.16474 4.4655 4.45089 4.30342 4.00401
threshold=26.100000000000005 33.45000000000001 20.045000000000005 19.183045977011499 353.00000000000006 136.00000000000003 1.1500000000000004 175.50000000000003 0.84199059757024453 2.1500000000000008 -0.861146256326485 -18.549999999999997 2515.5000000000005 -14.549999999999999
decision_type=10 10 10 10 10 10 8 10 2 8 2 8 10 8
left_child=2 -2 3 4 5 10 -7 -8 9 -6 -1 -12 -10 -13
right_child=1 -3 -4 -5 8 6 7 -9 12 -11 11 13 -14 -15
leaf_value=-0.034032849518178032 -0.043031554780761504 0.042018939857561277 -0.042197584418361807 0.037229005750295766 -0.0010050865646052877 -0.022249184293467974 0.058570535131451273 0.012496238515315516 -0.012142164346114892 -0.045128937752951924 -0.020151494115989804 0.046017862494791728 0.053755345623841093 0.0050462889746372679
leaf_weight=7.9155450100079099 9.8002792131155712 2.2087500207126132 4.3932294752448788 8.7416351549327356 12.894888092763724 4.5711260009557035 9.7273767329752463 13.494028102606533 4.9396348223090154 12.757047498598693 13.683163210749624 6.1149511691182852 3.4479914829134941 38.9744550138712
leaf_count=124 208 13 40 33 123 51 38 107 58 190 157 43 9 356
internal_value=-0.000306168 -0.0253612 0.0019808 0.00368976 0.00113867 0.00644428 0.0238074 0.0334179 -0.0133513 -0.0238184 -0.00103669 0.00390229 0.0177876 0.0114807
internal_weight=153.664 12.009 141.655 137.262 128.52 94.4806 27.7925 23.2214 34.0396 25.6519 66.6881 58.7726 8.38763 45.0894
internal_count=1550 221 1329 1289 1256 876 196 145 380 313 680 556 67 399
is_linear=0
shrinkage=0.05


Tree=424
num_leaves=15
num_cat=0
split_feature=9 9 9 8 24 8 3 25 9 8 2 25 13 1
split_gain=2.4543 6.71566 4.9274 3.58468 3.57633 4.9176 3.28755 5.2601 3.19988 4.24226 6.86451 5.10236 4.52255 4.26642
threshold=10.450000000000001 10.950000000000001 2.4500000000000006 24.800000000000004 1.0000000180025095e-35 19.950000000000003 -0.46800559042974538 170.50000000000003 -1.7499999999999998 1.8500000000000003 0.94138322595482449 165.50000000000003 11.450000000000001 -93.390853999999976
decision_type=10 8 10 8 2 10 2 10 8 8 2 8 8 2
left_child=2 -2 6 4 -3 -6 7 -1 9 12 11 -11 13 -8
right_child=1 3 -4 -5 5 -7 8 -9 -10 10 -12 -13 -14 -15
leaf_value=0.047133311654594424 0.070110966813438647 -0.022388728727024867 -0.017735883261476165 0.05609360214687048 0.045461684888439595 -0.027064658638589631 -0.0025750035744067333 -0.021323300546362018 -0.017495618892428861 0.000758992116004328 -0.027748574415135147 0.078791824506393549 -0.033510756492001553 0.031670695295750055
leaf_weight=8.3320742771029455 3.5188669450581074 11.0347609622404 35.825393795967102 1.7589729204773963 5.1801318908110243 2.9246258959174156 39.432947920635335 3.3248966764658681 18.891445722430944 3.1562993116676781 2.9255673084408036 5.3466066820546994 7.8233508318662635 10.772549621760851
leaf_count=52 26 114 405 12 55 41 343 34 219 25 21 32 77 79
internal_value=0.000562523 0.0148277 -0.00209144 0.00274258 -0.00470232 0.0191922 0.00363303 0.0274655 0.000216298 0.00521364 0.0317244 0.0529538 -0.000456511 0.00524807
internal_weight=160.248 24.4174 135.831 20.8985 19.1395 8.10476 100.006 11.657 88.3488 69.4573 11.4285 8.50291 58.0288 50.2055
internal_count=1535 248 1287 222 210 96 882 86 796 577 78 57 499 422
is_linear=0
shrinkage=0.05


Tree=425
num_leaves=15
num_cat=1
split_feature=15 27 0 19 17 0 6 8 32 19 4 20 19 26
split_gain=1.99349 2.18885 1.8679 1.47078 2.09172 2.31721 1.98422 2.2503 1.81863 2.53884 2.36877 1.81149 2.26725 5.86521
threshold=-36.249999999999993 0.16121031746031747 43.575161000000008 16.850000000000005 18.500000000000004 52.209149500000009 0 -14.649999999999997 0.27430555555555558 46.250000000000007 0.18709722391000003 51.500000000000007 30.850000000000005 0.051315789473684217
decision_type=8 10 2 10 10 2 9 8 8 10 2 2 10 8
left_child=1 -1 -2 4 -4 -6 11 -8 -9 -10 -11 12 13 -5
right_child=2 -3 3 6 5 -7 7 8 9 10 -12 -13 -14 -15
leaf_value=0.044090075468715198 0.030469441626450218 -0.0070771842536543079 -0.013021823934724831 0.054384984611994813 -0.015579606962838451 0.037044764336677923 0.026403049851764462 -0.026550007364079822 -0.018103067692018006 0.04156029890832353 -0.0095428734736771464 -0.023379974586987692 0.0029922963666535263 -0.0031238108687508081
leaf_weight=4.1451419480144978 3.5288452934473744 3.1121735982596874 44.177490944042802 7.2442785482853678 2.9153915978968135 3.8507468272000551 2.9900081679224968 13.960465054959061 10.34532103687525 3.7832579445093861 3.7334131859242916 3.9644991960376492 56.340548880398273 9.3712547197937948
leaf_count=36 40 26 346 75 19 41 25 160 81 41 34 29 508 74
internal_value=-3.43746e-05 0.0239481 -0.00121853 -0.00208787 -0.00904055 0.0152836 0.00113421 -0.00750045 -0.0136785 -0.00274424 0.0180379 0.00536253 0.00794454 0.0236137
internal_weight=173.463 7.25732 166.206 162.677 50.9436 6.76614 111.733 34.8125 31.8225 17.862 7.51667 76.9206 72.9561 16.6155
internal_count=1535 62 1473 1433 406 60 1027 341 316 156 75 686 657 149
cat_boundaries=0 1
cat_threshold=344331
is_linear=0
shrinkage=0.05


Tree=426
num_leaves=15
num_cat=0
split_feature=25 4 27 4 3 25 1 19 19 10 12 31 4 19
split_gain=2.75586 4.35827 4.39594 3.24072 3.81725 2.93384 3.5229 2.65646 2.35349 2.5104 2.25869 2.07834 1.87592 3.76669
threshold=152.50000000000003 0.76676619716500005 0.027651515151515153 0.045400894735000009 -0.022575793296316496 20.500000000000004 -120.913090895 51.750000000000007 21.450000000000003 11.550000000000002 -18.549999999999997 0.38750000000000007 0.11528734911000001 11.250000000000002
decision_type=8 2 10 2 2 10 2 10 8 10 10 10 2 8
left_child=1 2 3 4 -1 -4 8 -8 -7 -10 -3 12 13 -2
right_child=11 10 5 -5 -6 6 7 -9 9 -11 -12 -13 -14 -15
leaf_value=-0.022563867669423112 0.038893341249637017 0.077025799428529079 -0.0063810371807095758 -0.028312561696399105 0.051196971677895269 0.077460894924886739 0.019729023708916573 -0.019162586631511689 0.051328659113501075 -0.0023684301097748389 0.021019090472652855 0.036273247062518804 -0.011626656358496093 -0.0038995599228789611
leaf_weight=2.682025633752346 5.1193310543894759 1.8882175050675858 13.693880443461238 13.741940109059213 2.491112673655155 2.7194322906434509 12.178662333637481 5.654479853808879 3.1347438618540773 4.4193291738629341 8.356102720834313 2.0593689028173676 53.030027830973268 31.392649713903666
leaf_count=20 53 17 113 135 23 21 97 50 27 31 72 24 514 338
internal_value=0.0013334 0.00866628 0.0033136 -0.016155 0.0154951 0.0122949 0.0213007 0.00703468 0.0432435 0.02331 0.0372743 -0.00437932 -0.00570458 0.00297729
internal_weight=162.561 70.9599 60.7156 18.9151 5.17314 41.8005 28.1066 17.8331 10.2735 7.55407 10.2443 91.6014 89.542 36.512
internal_count=1535 606 517 178 43 339 226 147 79 58 89 929 905 391
is_linear=0
shrinkage=0.05


Tree=427
num_leaves=15
num_cat=0
split_feature=19 1 30 15 10 2 0 0 19 1 32 18 25 25
split_gain=4.9898 5.32915 4.03751 6.95577 6.61802 6.12186 5.44492 4.53487 4.14388 6.00594 3.8332 3.15129 2.6577 2.4975
threshold=67.200000000000031 -122.42507654999999 0.11237373737373739 -24.549999999999997 -3.6499999999999999 0.98372640911059162 44.997992980000006 56.851882500000009 13.950000000000001 -114.60101849999998 0.31101190476190482 2.0500000000000003 1682.5000000000002 18.500000000000004
decision_type=10 2 8 8 8 2 2 2 10 2 10 8 10 10
left_child=2 -2 3 13 -4 6 -6 8 11 -10 -11 -5 -8 -1
right_child=1 -3 4 7 5 -7 12 -9 9 10 -12 -13 -14 -15
leaf_value=0.019749766121357065 0.021477166165413439 -0.037098487586302846 0.031099112144953114 0.017036770846493538 0.025403875877277889 0.028622400488881206 -0.042173628560606385 -0.036835189151338037 0.02470954562339139 -0.033054910502540745 0.016513370952040286 0.058840448145804886 0.019667951516286693 -0.041680448073414762
leaf_weight=1.4414626769721488 4.3271981505677131 15.794610864482818 6.8431110577657819 10.865519573912026 3.2276213504374089 4.5831362772732964 21.801648808643225 2.9556015310809007 22.811062872409817 9.4714932651259023 5.4390680622309437 8.4778010593727213 1.3126902431249607 7.0765934591181576
leaf_count=23 33 375 77 66 26 22 356 53 136 135 43 34 7 149
internal_value=-0.00187876 -0.0240813 0.00250901 0.00969623 -0.0104474 -0.020327 -0.0295789 0.0157763 0.0190887 0.00900161 -0.015072 0.0373503 -0.0379916 -0.0303022
internal_weight=126.429 20.1218 106.307 68.5386 37.7682 30.9251 26.342 60.0205 57.0649 37.7216 14.9106 19.3433 23.1143 8.51806
internal_count=1535 408 1127 639 488 411 389 467 414 314 178 100 363 172
is_linear=0
shrinkage=0.05


Tree=428
num_leaves=15
num_cat=0
split_feature=25 4 3 19 12 19 17 0 2 19 21 12 30 19
split_gain=3.13752 3.02139 3.25916 3.91845 3.19348 4.01692 2.74927 2.73776 5.95461 3.03256 2.79846 4.03016 2.61589 3.94116
threshold=583.50000000000011 0.56982836887500021 0.46611290379786346 14.950000000000001 6.6500000000000012 33.050000000000004 9.5000000000000018 56.37539979000001 -0.48314718476766422 25.250000000000004 3.5000000000000004 -29.599999999999998 1.0000000180025095e-35 59.150000000000013
decision_type=10 2 2 10 8 10 10 2 2 10 2 10 10 8
left_child=7 2 3 -2 5 -5 -4 9 -9 -1 11 -11 13 -12
right_child=1 -3 6 4 -6 -7 -8 8 -10 10 12 -13 -14 -15
leaf_value=-0.02504071782229857 0.057717824905819018 -0.024249409161538504 -0.039844430532994649 -0.0078389590447056918 -0.01198009263767022 0.04274056758667804 0.010043471796643902 0.035530448490117571 -0.030398205188863648 0.042183646065027815 0.047630360635820712 -0.018874788239266874 -0.0084699933125172138 -0.0019084783371149977
leaf_weight=22.920219713822007 5.3040947485715177 4.9466545097529879 3.5488257594406587 5.6664255298674098 8.1332618091255444 10.052521320991216 6.2722834385931492 9.0693306569010002 4.2839774638414374 2.0214071045629707 6.4714881433174023 29.920655916910619 13.233883447013794 8.518927191849798
leaf_count=388 40 37 46 48 51 59 51 58 72 28 74 383 103 97
internal_value=-0.00154703 0.00939731 0.0141672 0.0223693 0.0125025 0.0251292 -0.00999957 -0.00657698 0.0137351 -0.00996597 -0.00390778 -0.0138475 0.00743019 0.0211191
internal_weight=140.364 43.9241 38.9774 29.1563 23.8522 15.7189 9.82111 96.4399 13.3533 83.0866 60.1664 31.9421 28.2243 14.9904
internal_count=1535 332 295 198 158 107 97 1203 130 1073 685 411 274 171
is_linear=0
shrinkage=0.05


Tree=429
num_leaves=15
num_cat=1
split_feature=25 21 31 3 10 7 19 19 11 3 16 10 26 19
split_gain=3.05977 4.97628 5.53447 3.94938 4.3612 4.74194 5.48933 5.6752 3.79809 6.56726 3.75777 4.03401 3.51415 5.1638
threshold=319.50000000000006 3.5000000000000004 0.0044515669515669517 0.97648852793709995 15.950000000000001 0 9.4500000000000011 56.000000000000007 -3.0357142857142851 0.6174544326165855 2.6500000000000004 29.350000000000005 0.26666666666666672 91.65000000000002
decision_type=8 2 8 2 10 1 8 10 10 2 8 10 8 10
left_child=1 10 -3 4 5 -2 -7 -8 9 -4 -1 -12 -6 -14
right_child=3 2 8 -5 12 6 7 -9 -10 -11 11 -13 13 -15
leaf_value=0.03213927498304478 0.047210810387735197 0.021054914167791799 0.055626967332761658 0.05067654785303663 0.028226738321616065 0.029339724412243362 -0.035786768760360736 0.010406915991541477 -0.030221290299378908 -0.026555833123163841 -0.033710476948449419 0.028307024605610371 -0.021806622705317202 0.043710122763000521
leaf_weight=2.0778644746169448 2.7017308585345745 22.635717299766839 3.5152634587138918 4.0901937894523135 23.517625711858273 5.6358540542423716 19.718531382270161 9.2393492618575674 12.570213097147642 4.3605941757559776 23.744365042541183 2.1747399084269992 9.7576886769384128 3.1803639121353617
leaf_count=18 21 180 17 27 153 48 275 87 162 38 347 11 124 27
internal_value=0.00122536 -0.00622933 0.00445431 0.00802508 0.00501336 -0.0069312 -0.0123672 -0.0211927 -0.0140489 0.0122597 -0.022256 -0.0276486 0.0170919 -0.00372108
internal_weight=148.92 71.0788 43.0818 77.8413 73.7511 37.2955 34.5937 28.9579 20.4461 7.87586 27.997 25.9191 36.4557 12.9381
internal_count=1535 773 397 762 735 431 410 362 217 55 376 358 304 151
cat_boundaries=0 1
cat_threshold=4
is_linear=0
shrinkage=0.05


Tree=430
num_leaves=15
num_cat=0
split_feature=4 28 3 2 25 18 0 18 1 3 15 4 11 11
split_gain=4.38204 4.08846 5.16378 5.29878 4.58352 3.85651 3.57639 4.48245 3.96983 4.83182 4.30204 3.52802 3.18313 4.5867
threshold=3.6937516419150005 0.12574404761904764 -0.39036009226888674 0.878110924644389 142.50000000000003 27.500000000000004 49.076738595000002 2.4500000000000006 -116.44402099999998 0.52583933546504591 6.2500000000000009 0.72271739451500017 -10.378571428571425 -12.514285714285712
decision_type=2 10 2 2 8 10 2 8 2 2 8 2 10 8
left_child=1 4 3 5 -1 -3 7 -6 9 -8 11 12 13 -10
right_child=-2 2 -4 -5 6 -7 8 -9 10 -11 -12 -13 -14 -15
leaf_value=0.019559475526256382 -0.029367051653909439 -0.028724517731388972 -0.041734794842883144 0.082317577489995436 0.013283253987627959 0.041193728390330808 -0.033460257421099183 -0.035563533549401796 -0.011259292122077805 0.017421440955367098 0.050477714308224064 0.047131385506762997 -0.007917542298471374 0.06239139503023048
leaf_weight=35.884373662061989 11.63438518065959 5.7210272299125808 10.339995859656481 0.96475464664399613 6.3777315057814148 1.8210622537881134 11.405785856768491 13.178681022487579 3.569206397049129 6.6851812228560439 5.4275075457990161 3.5620452910661689 26.211979413405064 3.4034595191478685
leaf_count=307 129 140 294 9 40 25 117 116 37 57 26 18 200 20
internal_value=-0.00121029 0.00142303 -0.0195692 0.0089289 0.00498075 -0.00899642 -0.00173414 -0.0197624 0.00434321 -0.0147302 0.0126766 0.00590397 0.000229341 0.0280072
internal_weight=146.187 134.553 18.8468 8.50684 115.706 7.54209 79.8216 19.5564 60.2652 18.091 42.1742 36.7467 33.1846 6.97267
internal_count=1535 1406 468 174 938 165 631 156 475 174 301 275 257 57
is_linear=0
shrinkage=0.05


Tree=431
num_leaves=15
num_cat=0
split_feature=12 18 4 4 20 24 31 31 18 2 25 2 30 2
split_gain=3.42891 4.02795 3.98763 3.97467 2.85349 4.18208 2.32916 2.97469 5.08739 4.03733 4.43148 4.33635 3.74697 3.90474
threshold=7.5500000000000007 30.550000000000004 0.11807527233000002 0.087939025920000011 53.500000000000007 34.500000000000007 0.34379084967320267 0.091089466089466109 0.65000000000000013 0.91596454896554913 98.500000000000014 0.44505654568748165 0.15831244778613204 0.94138322595482449
decision_type=10 10 2 2 2 2 10 10 8 2 8 2 10 2
left_child=1 4 3 -2 5 6 7 9 -9 10 11 -1 13 -10
right_child=2 -3 -4 -5 -6 -7 -8 8 12 -11 -12 -13 -14 -15
leaf_value=-0.036490544928027481 -0.020500822047694149 -0.037921793477790365 -0.044199291828142452 0.041528141063789346 -0.036336703381721479 0.052743530632511429 -0.034370398119389786 -0.034940131577184001 -0.015361360208761242 -0.025800330170489879 0.01158820293852361 0.010233732070943986 0.05642590319945992 0.048658536317944874
leaf_weight=9.8224170012399572 5.8731419267132896 4.586477974895387 7.5739819249138227 3.142934950068593 2.9819485526531926 3.765268111601471 2.6857238849624983 2.3454825095832375 5.6213784879073518 10.205745614133773 72.056412003468722 8.5331765068694931 7.9487704792991272 2.7603678982704878
leaf_count=161 64 129 115 15 46 15 35 25 58 105 659 72 27 9
internal_value=0.000992243 0.00370443 -0.0197737 0.00310933 0.00546844 0.00673869 0.00490128 0.00606379 0.023852 0.00255983 0.00600836 -0.0153628 0.0338249 0.00866157
internal_weight=149.903 133.313 16.5901 9.01608 128.727 125.745 121.979 119.294 18.676 100.618 90.412 18.3556 16.3305 8.38175
internal_count=1535 1341 194 79 1212 1166 1151 1116 119 997 892 233 94 67
is_linear=0
shrinkage=0.05


Tree=432
num_leaves=15
num_cat=1
split_feature=6 9 11 10 8 11 33 10 11 8 17 19 8 1
split_gain=3.44153 2.91521 3.86682 3.3944 3.1631 3.34596 2.73065 3.06525 4.05372 2.9047 2.71296 2.60599 4.06493 3.47636
threshold=0 -29.499999999999996 -7.8785714285714272 5.0500000000000007 -7.4499999999999993 -10.064285714285715 0.0037457912457912463 7.5500000000000007 3.5642857142857154 4.1500000000000012 20.500000000000004 8.3000000000000025 24.800000000000004 -119.73291999999999
decision_type=9 8 8 8 10 10 10 8 8 8 10 10 8 2
left_child=-1 -2 4 10 -3 -6 7 -5 -9 -10 -4 -11 13 -13
right_child=1 2 3 6 5 -7 -8 8 9 11 -12 12 -14 -15
leaf_value=-0.018619238015455501 -0.038247452754644216 0.030621926269689494 -0.02377450435495438 0.036120067437615866 -0.026672745943305556 0.027626621515730421 -0.017926829712783348 -0.037564859252970859 0.039759382750309644 -0.020994333201663332 0.021837029083030153 0.026218993949143832 0.045603700149281959 -0.0035819117860203457
leaf_weight=11.393490078859029 3.2895551063120365 19.605106899514798 20.257164714857939 7.1285128416493571 5.6402254104614258 3.9668671265244466 11.770596936345099 4.5392232723534107 5.1458510421216488 8.2742737503722292 3.0419220775365821 11.577405548654495 5.2797918841242781 43.305010881274939
leaf_count=290 34 134 191 47 31 18 157 42 24 109 22 95 32 360
internal_value=-0.000262509 0.0022804 0.00357163 -0.000440398 0.019564 -0.00376119 0.0037103 0.00687098 0.00377925 0.0067992 -0.0171659 0.00378396 0.00747932 0.00306125
internal_weight=164.215 152.822 149.532 120.32 29.2122 9.60709 97.0207 85.2501 78.1216 73.5823 23.2991 68.4365 60.1622 54.8824
internal_count=1586 1296 1262 1079 183 49 866 709 662 620 213 596 487 455
cat_boundaries=0 1
cat_threshold=65856
is_linear=0
shrinkage=0.05


Tree=433
num_leaves=15
num_cat=1
split_feature=6 32 25 3 14 9 24 0 19 19 3 10 27 27
split_gain=2.48923 2.37767 3.40288 2.3404 2.56593 2.59257 2.22057 2.18793 2.02172 2.0039 2.17185 1.94007 3.69616 3.2833
threshold=0 0.085317460317460334 31.500000000000004 0.95691861501572195 18.191309523809526 10.250000000000002 1.5000000000000002 53.547426500000007 13.450000000000001 15.250000000000002 0.97648852793709995 28.450000000000003 0.084677419354838718 0.23273809523809527
decision_type=9 8 8 2 10 8 2 2 8 8 2 10 10 10
left_child=1 -1 7 4 5 6 -4 -3 -2 -10 11 13 -13 -11
right_child=8 2 3 -5 -6 -7 -8 -9 9 10 -12 12 -14 -15
leaf_value=-0.0016762693137512543 -0.019868657684440908 0.058990563429881494 0.0010465858380773357 -0.028446058556675969 -0.022567989557724127 0.048974637913331127 0.031707911108959319 0.011925996122393008 0.031426313751414491 -0.0010458375686690816 0.0267421834506745 -0.012722476686184345 0.063145895226218954 -0.026973980952885002
leaf_weight=35.81972330249846 16.13039124943316 5.3742127195000631 20.476152431219823 3.0792923644185057 3.9476941153407088 4.234234575182195 7.3395497053861609 5.0627443548291922 3.5340974777936927 47.847628623247147 4.7583290562033644 3.0021693035960189 1.8942658379673956 15.433110933750866
leaf_count=308 145 43 145 16 29 37 53 41 34 485 32 32 23 163
internal_value=0.00165295 0.00728878 0.0151221 0.00787365 0.0116654 0.0164373 0.0099566 0.0391995 -0.00392266 -0.000852326 -0.00282029 -0.00524031 0.0223599 -0.00769053
internal_weight=177.934 85.3336 49.5139 39.0769 35.9976 32.0499 27.8157 10.437 92.6 76.4696 72.9355 68.1772 4.89644 63.2807
internal_count=1586 672 364 280 264 235 198 84 914 769 735 703 55 648
cat_boundaries=0 1
cat_threshold=266602
is_linear=0
shrinkage=0.05


Tree=434
num_leaves=15
num_cat=0
split_feature=2 0 8 26 33 8 8 4 25 25 4 4 9 9
split_gain=2.22879 2.52909 3.06735 1.81701 1.78231 2.06289 2.64844 1.7819 1.78005 3.72708 4.00633 2.77416 2.74779 2.18785
threshold=-0.96463499255812291 53.545693500000006 7.4500000000000011 0.056623931623931631 0.26458333333333339 1.2500000000000002 15.750000000000002 0.23979874692000003 139.50000000000003 77.500000000000014 0.190016059855 0.23699454760000002 -14.199999999999998 7.8500000000000005
decision_type=2 2 8 8 10 10 10 2 8 10 2 2 10 8
left_child=1 2 -1 7 8 -6 -7 -4 9 11 -11 -2 -13 -10
right_child=4 -3 3 -5 5 6 -8 -9 13 10 -12 12 -14 -15
leaf_value=0.062535929768108955 -0.013406189894010725 -0.01633998247413912 0.054437901617595721 -0.011794239985431365 0.044599467414489655 -0.029679481416670414 0.030499900035329066 -0.0016595838561681031 -0.0024580988825801311 0.056393708023591997 -0.0026075699765193486 0.050039552267432189 0.0023935668508110615 -0.019844329622588777
leaf_weight=3.2859641704708329 26.28365380037576 3.6392369531095019 2.1008129231631729 4.4713157219812283 3.2997874468564969 2.893656063824892 2.4488255977630615 2.4992442112416029 56.530056764371693 5.1445614993572217 5.2518671695142984 2.6676335576921728 17.960593339055777 25.854444663971663
leaf_count=32 213 36 19 44 28 30 21 22 569 50 54 27 162 279
internal_value=-5.3763e-05 0.0171026 0.0274374 0.00977667 -0.00200606 0.0188125 -0.00163546 0.0291059 -0.00341858 0.00331604 0.0289751 -0.00285649 0.0105839 -0.00808691
internal_weight=164.332 15.9966 12.3573 9.07137 148.335 8.64227 5.34248 4.60006 139.693 57.3083 10.3964 46.9119 20.6282 82.3845
internal_count=1586 153 117 85 1433 79 51 41 1354 506 104 402 189 848
is_linear=0
shrinkage=0.05


Tree=435
num_leaves=15
num_cat=1
split_feature=6 2 12 25 33 0 28 12 9 1 20 4 19 12
split_gain=4.84232 6.23452 9.13902 6.35199 6.02028 4.52246 5.18352 5.53104 5.43738 4.51038 4.22021 3.04001 4.37176 5.07337
threshold=0 0.55656748448714433 2.8500000000000001 18.500000000000004 0.0059431977559607297 51.381349500000006 0.11237373737373739 -34.849999999999987 -5.0499999999999989 -64.144029999999987 14.500000000000002 0.17683623709500004 3.5500000000000007 7.0500000000000007
decision_type=9 2 8 8 10 2 10 10 10 2 2 2 10 8
left_child=5 4 3 -3 -2 11 7 -7 -8 -5 -6 12 -1 -14
right_child=1 2 -4 9 10 6 8 -9 -10 -11 -12 -13 13 -15
leaf_value=0.050515279546304984 -0.038615289953105196 0.035265609342259259 0.047910216181731372 -0.04375018593699731 -0.035660481679880618 0.021185826317566658 -0.036171643611341321 -0.033907199697741662 0.029223114794815399 0.038053945700865441 0.030561227685536749 0.032793231786807604 -0.03638354969695877 0.020674861750971801
leaf_weight=3.0115956347435739 22.9856520597823 3.7949507902376327 8.0662483964115399 10.280835621058939 2.6693220622837526 5.5012315241619971 3.0851397830992964 15.609487973153589 14.643208530731497 1.1909608840942389 6.1264557568356395 22.05440757330507 6.845401763916013 6.8197889290750036
leaf_count=7 526 29 30 190 47 60 61 240 75 8 58 124 96 35
internal_value=0.000545044 -0.00977049 0.0079439 -0.0148196 -0.025602 0.00811598 -0.00291348 -0.0192417 0.0165192 -0.0328873 0.0088756 0.0210138 0.00446214 -0.00843975
internal_weight=132.685 55.1144 23.333 15.2667 31.7814 77.5703 38.8391 21.1107 17.7283 11.4718 8.79578 38.7312 16.6768 13.6652
internal_count=1586 888 257 227 631 698 436 300 136 198 105 262 138 131
cat_boundaries=0 1
cat_threshold=112705
is_linear=0
shrinkage=0.05


Tree=436
num_leaves=15
num_cat=0
split_feature=24 1 28 0 1 13 3 27 3 25 25 3 18 16
split_gain=3.97464 3.2856 2.56479 4.01096 4.5969 3.60874 4.95361 3.82931 2.97152 2.64428 3.6034 3.58328 3.48486 2.5929
threshold=3.5000000000000004 -73.997887859999992 0.67424242424242442 56.176290000000002 -113.14560299999998 27.950000000000003 -0.68432604233786842 0.16904761904761909 -0.60555643346685839 57.500000000000007 8.5000000000000018 -0.7444366621422277 15.350000000000003 32.95000000000001
decision_type=2 2 8 2 2 8 2 10 2 10 10 2 10 10
left_child=1 2 5 -4 8 9 7 13 -5 10 -1 12 -11 -7
right_child=-2 -3 3 4 -6 6 -8 -9 -10 11 -12 -13 -14 -15
leaf_value=0.022583534607296223 -0.034235525174847764 -0.028093432338397006 -0.018889883318282022 0.026035011578059326 0.072234893312265777 0.041272449993792669 -0.03250879126226993 -0.024378762861564193 -0.035258337406342925 -0.027071172783761695 -0.027893779518084971 0.024393437639405158 0.019844690518417408 -0.0075649185998175024
leaf_weight=5.1074060779064876 7.5091593589168033 8.0900729857385141 24.406879987567663 3.1008332762867212 1.8836878575384606 7.1684199534356612 11.074885559268294 4.7782746925950041 2.8333334345370531 7.1159058399498445 7.5066924896091223 43.55540238134563 6.7578022629022598 3.6652220673859119
leaf_count=39 315 115 383 23 14 36 93 34 43 32 71 326 35 27
internal_value=-0.00107541 0.000976385 0.00300225 -0.00903007 0.0204031 0.00706209 -0.00836386 0.00969012 -0.00409447 0.0129744 -0.0072981 0.0174759 -0.00442095 0.0255068
internal_weight=144.554 137.045 128.955 32.2247 7.81785 96.73 26.6868 15.6119 5.93417 70.0432 12.6141 57.4291 13.8737 10.8336
internal_count=1586 1271 1156 463 80 693 190 97 66 503 110 393 67 63
is_linear=0
shrinkage=0.05


Tree=437
num_leaves=15
num_cat=1
split_feature=10 16 15 12 0 0 15 7 29 10 13 16 2 1
split_gain=2.83532 6.90389 4.17549 6.88029 4.80317 6.38397 6.43515 5.01744 6.0035 3.63932 4.067 4.34105 5.66811 6.0321
threshold=16.400000000000002 20.050000000000004 -18.149999999999995 -12.449999999999998 51.794200000000011 54.389036470000008 -25.049999999999997 0 0.015512265512265514 16.950000000000003 19.450000000000003 27.050000000000004 -0.20180236284700911 -97.934993499999976
decision_type=10 10 10 8 2 2 8 1 10 10 10 10 2 2
left_child=1 2 4 -4 -1 6 -6 8 -7 -2 -11 12 -12 -14
right_child=9 -3 3 -5 5 7 -8 -9 -10 10 11 -13 13 -15
leaf_value=-0.035137355096616321 0.054383996038520004 -0.032070682110617331 0.057888904117855106 0.0012325890884517033 0.038774807322194002 -0.037492700319699555 -0.035751640371763697 0.039372518163434768 0.035928894625550677 -0.038893987084513276 0.072453660872602119 0.0012539454054773386 -0.013700034925877564 0.052583714023453736
leaf_weight=9.5033571068197471 3.3666923306882373 16.075900675728917 7.0835141027346253 16.029710138216618 13.976959640160201 14.964188422076406 2.7584584178403047 2.6349911801517036 2.5412554591894141 3.5427086884155861 4.6306376252323416 41.431174573488533 8.4934731172397733 4.4417645949870321
leaf_count=155 24 288 40 172 83 191 40 13 17 47 21 410 62 23
internal_value=0.00241652 -0.00357625 0.00337689 0.0202767 -0.00529538 0.00311991 0.0251676 -0.0155242 -0.0254686 0.0101343 0.00693377 0.0102881 0.0303809 0.0112009
internal_weight=151.475 85.5683 69.4924 23.1132 46.3792 36.8759 16.7354 20.1404 17.5054 65.9065 62.5398 58.997 17.5659 12.9352
internal_count=1586 999 711 212 499 344 123 221 208 587 563 516 106 85
cat_boundaries=0 1
cat_threshold=1
is_linear=0
shrinkage=0.05


Tree=438
num_leaves=15
num_cat=0
split_feature=27 15 14 18 3 13 13 10 13 16 18 18 16 11
split_gain=6.44963 4.87286 3.51278 3.16906 3.90833 3.56886 2.84186 5.31187 4.55989 3.22074 3.07149 3.19446 3.45606 3.39939
threshold=0.52857142857142869 6.7500000000000009 16.993333333333336 27.500000000000004 -0.92272482904738262 -7.8499999999999988 26.050000000000004 18.050000000000004 17.750000000000004 13.450000000000001 8.8500000000000032 0.65000000000000013 11.550000000000002 -8.0142857142857125
decision_type=8 10 10 10 2 8 10 10 10 10 10 10 10 10
left_child=3 2 6 5 -5 -1 7 8 9 10 11 13 -13 -2
right_child=1 -3 -4 4 -6 -7 -8 -9 -10 -11 -12 12 -14 -15
leaf_value=0.04384361453121801 -0.0047180143048028145 0.038194782680248035 -0.040864161882965856 0.041034644004778908 -0.019838446324461738 -0.026620731069562489 0.024187722019145666 -0.033653961413474112 0.026788788918830242 -0.019908077274046972 0.030986125573946283 -0.038082397574992835 0.024595866643248643 0.043455798542639923
leaf_weight=1.0033317469060419 10.574949016794552 8.3696765508502704 3.9030840545892707 3.8483403492718935 4.8663839362561685 39.491029627621174 12.027670787647365 9.7766915168613178 15.741085305809973 17.651267999783158 8.0209929905831796 7.8607456106692535 2.1593514122068882 4.4705428490415331
leaf_count=13 77 41 44 26 95 763 71 67 76 145 47 78 17 26
internal_value=-0.00343237 0.0038404 0.000344939 -0.0180744 0.00849947 -0.0238603 0.00260412 -0.00106925 0.00415052 -0.00325488 0.00595279 -0.00293933 -0.0235689 0.0114123
internal_weight=149.765 100.556 92.1864 49.2091 8.71472 40.4944 88.2833 76.2556 66.4789 50.7378 33.0866 25.0656 10.0201 15.0455
internal_count=1586 689 648 897 121 776 604 533 466 390 245 198 95 103
is_linear=0
shrinkage=0.05


Tree=439
num_leaves=15
num_cat=0
split_feature=28 21 3 3 3 31 13 13 19 0 19 0 3 0
split_gain=3.73498 2.77551 2.47145 5.35288 5.16898 4.09572 3.40484 4.08403 5.88638 2.62919 3.05721 2.96212 2.29698 2.9433
threshold=0.74038461538461553 10.500000000000002 -0.68432604233786842 -0.6391983530350368 -0.83375966452616657 0.012198347107438017 22.550000000000004 32.550000000000004 104.25000000000001 50.393167350000006 4.0500000000000007 49.285255500000005 0.96407344085605606 56.176290000000002
decision_type=10 2 2 2 2 10 10 8 8 2 10 2 2 2
left_child=1 2 4 -4 5 9 12 8 -8 11 -11 -1 13 -5
right_child=-2 -3 3 6 -6 -7 7 -9 -10 10 -12 -13 -14 -15
leaf_value=-0.021051875787062836 0.032236078048147286 -0.038182693916638803 0.04998008686605146 0.0016126180098444496 -0.043358248267173473 0.032750098590878747 -0.041222030923194146 0.027202975594910739 0.042624237629630461 0.017884682824848643 -0.043048453247329935 0.034185582635282472 -0.021020810106312779 0.024037105204883957
leaf_weight=3.6981085427105524 7.4554124400019637 4.0996359903365365 4.7413010383024803 60.741089120041579 8.6711668726056796 5.9669467993080607 13.040105611085888 3.0959859732538488 1.6256575379520661 2.1168158613145334 7.2732172887772322 4.1152007356286049 7.0486628068611017 18.346194093115628
leaf_count=62 58 78 31 668 108 40 179 11 12 12 107 24 85 111
internal_value=-7.0692e-05 -0.00194661 -0.000626729 0.00298188 -0.0126548 0.000154089 0.000381132 -0.018944 -0.0298003 -0.0123298 -0.0289129 0.00861902 0.00453776 0.0070497
internal_weight=152.036 144.58 140.48 108.639 31.8415 23.1703 103.898 17.7617 14.6658 17.2033 9.39003 7.81331 86.1359 79.0873
internal_count=1586 1528 1450 1097 353 245 1066 202 191 205 119 86 864 779
is_linear=0
shrinkage=0.05


Tree=440
num_leaves=15
num_cat=1
split_feature=4 3 7 4 19 8 18 9 26 11 0 19 3 13
split_gain=3.79197 4.84237 4.18006 3.22494 2.98443 2.70507 2.64453 3.94485 5.0949 4.67144 4.61886 3.63292 3.21462 4.25
threshold=0.050929117390000007 0.99138911339924218 0 0.058189497835000006 101.60000000000001 25.250000000000004 22.300000000000001 -1.7499999999999998 0.051315789473684217 0.20714285714285707 54.63871000000001 39.550000000000004 -0.45273527932988084 25.850000000000005
decision_type=2 2 1 2 8 8 8 8 8 8 2 10 2 10
left_child=2 3 -1 -2 5 6 7 8 9 -5 -9 -8 13 -12
right_child=1 -3 -4 4 -6 -7 11 10 -10 -11 12 -13 -14 -15
leaf_value=0.018957253336546288 -0.041961721907143451 0.04667277125224463 -0.024277228437018166 0.0030619917527933182 -0.026188460196158631 0.031608962484038321 -0.027552644660726423 -0.032058460606447035 -0.010977859772905394 0.053597803341751071 0.047585203845468382 0.027497257358973654 -0.029825797047810465 -0.014420770996407631
leaf_weight=35.616960279643536 5.1371683767065397 3.4301224425435057 5.7129638390615574 12.389899238012729 13.170011390931903 4.7714855941012493 3.0375728830695143 23.396495994180441 27.495612354949117 6.3720734529197243 4.9666840434074384 11.785833506844936 3.8092171624302855 4.474484795704484
leaf_count=217 61 26 135 119 221 34 25 287 205 45 34 106 32 36
internal_value=-0.000391274 -0.00476185 0.0125487 -0.00659344 -0.00467645 -0.00168607 -0.00361537 -0.00711842 0.00260923 0.022069 -0.0191403 0.0151882 0.00431854 0.0196319
internal_weight=165.567 124.237 41.3299 120.807 115.669 102.499 97.7279 82.9045 46.2576 18.762 36.6469 14.8234 13.2504 9.44117
internal_count=1583 1231 352 1205 1144 923 889 758 369 164 389 131 102 70
cat_boundaries=0 1
cat_threshold=1
is_linear=0
shrinkage=0.05


Tree=441
num_leaves=15
num_cat=1
split_feature=6 18 2 8 16 16 15 15 27 20 24 1 1 14
split_gain=1.956 2.08132 1.62666 2.62563 2.14406 1.48842 2.37199 1.96707 2.84657 2.20048 2.40199 1.78551 2.46873 1.71701
threshold=0 0.25000000000000006 -0.77245553105869302 -6.3999999999999995 30.950000000000003 7.9500000000000011 -31.649999999999995 -16.349999999999998 0.45584415584415588 46.500000000000007 2.5000000000000004 -120.67148049999999 -101.23873099999999 6.9236781609195415
decision_type=9 10 2 8 8 8 10 8 10 2 2 2 2 10
left_child=5 2 4 -4 -2 6 -1 8 -7 10 13 -12 -13 -9
right_child=1 -3 3 -5 -6 7 -8 9 -10 -11 11 12 -14 -15
leaf_value=0.018856673523620394 -0.0042605937753327225 -0.0096724479861275605 0.0345240311220395 -0.008722163117468899 0.052203852187508538 0.039137796568482208 -0.021655025921175394 0.014219991855840648 -0.0013153326300981778 -0.026713345888093227 -0.0034325393258072597 0.051936486851608746 0.0016050621267186763 -0.0080603790872180413
leaf_weight=4.5175034664571276 2.7191106099635389 68.885583941824734 3.3646988421678543 16.919348254799846 2.8818455375730991 9.8920118194073456 9.8231033850461227 12.507590748369692 7.1336171105504027 4.3551659248769274 4.121537171304225 6.0703044533729544 3.8171540014445773 23.030314471572638
leaf_count=38 28 689 28 143 31 79 66 101 49 29 28 51 34 189
internal_value=1.75395e-05 -0.00467778 0.00673956 -0.000263506 0.0282992 0.00517249 -0.00849594 0.00873488 0.0230556 0.00387397 0.00703788 0.0238096 0.0344377 -4.42175e-05
internal_weight=180.039 94.7706 25.885 20.284 5.60096 85.2683 14.3406 70.9277 17.0256 53.9021 49.5469 14.009 9.88746 35.5379
internal_count=1583 919 230 171 59 664 104 560 128 432 403 113 85 290
cat_boundaries=0 1
cat_threshold=266602
is_linear=0
shrinkage=0.05


Tree=442
num_leaves=15
num_cat=2
split_feature=6 5 4 4 19 17 17 12 14 14 11 9 17 21
split_gain=2.26541 1.95825 2.29442 2.0714 4.73819 2.4337 4.44991 1.91156 2.17759 2.93614 3.19329 1.98665 3.15286 2.19952
threshold=0 1 0.19877105474500004 0.76676619716500005 42.150000000000013 9.5000000000000018 2.5000000000000004 12.15 6.3730459770114951 3.2579629629629632 6.2785714285714294 1.5500000000000003 5.5000000000000009 6.5000000000000009
decision_type=9 9 2 2 10 8 10 8 10 10 10 10 8 2
left_child=-1 3 -3 7 5 6 -5 8 9 -2 -11 -10 13 -13
right_child=1 2 -4 4 -6 -7 -8 -9 11 10 -12 12 -14 -15
leaf_value=-0.010688891677139562 -0.0035822435595333061 0.030139460473356628 7.3540277174079943e-05 -0.021799330727540492 0.050767851958984145 -0.021397127286600821 0.049525379381255195 0.016458052095829925 -0.034009664228498299 0.050928741758150736 -0.013381222760440781 -0.019367130036361795 0.0329154868379797 0.016894761123220546
leaf_weight=24.198089434765279 39.253243437036872 15.555604763329031 10.297038290649651 3.24111556634307 5.2788561061024657 6.7601531520485887 3.760253831744194 10.333740400150417 8.5124056302010995 4.5411310978233805 2.4311441294848919 22.967860799282796 3.2790171653032294 4.2575440108776084
leaf_count=370 318 137 79 22 50 52 33 94 63 47 21 228 33 36
internal_value=0.00084622 0.0034094 0.0135623 0.000132242 0.0147711 -0.00154084 0.0179094 -0.00289313 -0.00540267 0.00195007 0.029639 -0.0139449 -0.00744396 -0.0132988
internal_weight=164.667 140.469 25.8526 114.616 19.0404 13.7615 7.00137 95.5761 85.2423 46.2255 6.97228 39.0168 30.5044 27.2254
internal_count=1583 1213 216 997 157 107 55 840 746 386 68 360 297 264
cat_boundaries=0 1 2
cat_threshold=61728 7
is_linear=0
shrinkage=0.05


Tree=443
num_leaves=15
num_cat=0
split_feature=4 0 18 19 1 21 33 9 11 1 22 27 2 26
split_gain=4.97184 5.42592 5.3942 5.25742 5.05579 4.96361 4.8993 4.93703 4.76464 5.03753 3.97748 4.83168 3.89811 3.02074
threshold=0.056370412945000004 51.969104500000007 0.35000000000000003 41.750000000000007 -113.36445005499999 1.5000000000000002 0.062916666666666676 13.15 -8.0142857142857125 -68.325454499999992 11.500000000000002 0.30145502645502648 0.38243310158943505 0.017232645075638476
decision_type=2 2 8 10 2 2 10 8 10 2 2 8 2 8
left_child=2 6 5 4 10 -1 7 8 -2 -10 11 -3 -13 -12
right_child=1 3 -4 -5 -6 -7 -8 -9 9 -11 13 12 -14 -15
leaf_value=0.035503226557672116 -0.034396338912154864 -0.041121746194444468 -0.043146318745725123 -0.042298251573566925 -0.04122232553052195 -0.036731967983817081 -0.026334390919281553 -0.036298154536639121 0.028264301999542964 -0.035729675402749038 0.05201154281164793 -0.020263584743030239 0.031161050692973719 0.0022233388315913457
leaf_weight=5.0897199837490934 2.8144692322239271 5.8665960514917996 12.23922513052821 8.9789983788505179 5.5446798899211016 2.9314373359084129 6.418652916327118 3.1606214968487611 48.192298958078027 2.4449943774379781 5.6805142369121286 5.4546970566734654 7.7843107460066676 5.7720291353762159
leaf_count=32 66 91 316 170 104 38 87 71 330 62 15 89 61 51
internal_value=-0.00137986 0.00294109 -0.023491 -0.0101731 -0.00125866 0.00795854 0.0123332 0.0170982 0.0208642 0.0245423 0.00706908 -0.00693505 0.0100381 0.0291122
internal_weight=128.373 108.113 20.2604 45.0818 36.1028 8.02116 63.031 56.6124 53.4518 50.6373 30.5581 19.1056 13.239 11.4525
internal_count=1583 1197 386 581 411 70 616 529 458 392 307 241 150 66
is_linear=0
shrinkage=0.05


Tree=444
num_leaves=15
num_cat=0
split_feature=3 3 10 17 25 12 25 16 19 16 9 25 24 19
split_gain=3.27216 3.99769 3.46032 3.34454 2.94084 4.07958 3.97343 2.70973 3.32314 2.84127 3.348 3.03495 2.67453 2.59453
threshold=-0.53495380374625956 -0.77243990499604276 17.050000000000004 18.500000000000004 6.5000000000000009 -9.3499999999999996 58.500000000000007 30.950000000000003 111.35000000000001 31.950000000000003 11.050000000000002 376.50000000000006 1.0000000180025095e-35 75.850000000000009
decision_type=2 2 10 8 8 10 8 8 10 8 8 10 2 10
left_child=1 7 -3 4 5 -2 -6 8 -1 -9 -11 -12 -4 -5
right_child=3 2 12 13 6 -7 -8 9 -10 10 11 -13 -14 -15
leaf_value=-0.024568431285152421 -0.028394826764083437 0.050212511301687114 0.019218002089708086 -0.038363246796094097 -0.034043849953299558 0.051846416229634019 -0.0015199051651010897 0.037732294668833939 0.019571082296709161 -0.038619529898004934 -0.016489355940633759 0.046730769962478547 -0.026027005219960677 0.019635778163314355
leaf_weight=17.177749954164032 1.5721491081640122 6.715015847701582 12.540671007707713 11.936698264908044 10.405018904712049 3.9284739042632273 53.771283259149641 5.5130498036742193 4.7505631279200307 3.3917851317673922 2.9237852366641146 2.9332092152908444 3.3650158289819947 1.6323665818199504
leaf_count=156 34 57 77 173 190 35 627 39 42 33 33 19 49 19
internal_value=-0.00235752 0.00655268 0.0226076 -0.00870825 -0.00408945 0.0280724 -0.0072345 -0.00368291 -0.0145695 0.0123872 -0.00492815 0.0173693 0.00867261 -0.0305171
internal_weight=142.557 59.3108 22.6207 83.246 69.6769 5.50062 64.1763 36.6901 21.9283 14.7618 9.24878 5.85699 15.9057 13.5691
internal_count=1583 505 183 1078 886 69 817 322 198 124 85 52 126 192
is_linear=0
shrinkage=0.05


Tree=445
num_leaves=15
num_cat=1
split_feature=6 16 9 19 19 16 13 14 11 16 9 16 4 19
split_gain=2.84113 3.13478 6.11435 4.92847 5.37576 4.41288 4.30998 4.27101 3.70106 3.41336 3.31891 2.99598 5.77952 4.4041
threshold=0 30.150000000000002 4.5500000000000007 17.050000000000004 9.1000000000000014 27.050000000000004 28.950000000000003 11.122777777777779 -15.071428571428569 32.95000000000001 9.1500000000000004 9.5500000000000025 0.21829576048000005 107.59999999999999
decision_type=9 8 10 8 10 8 10 10 8 10 10 10 2 10
left_child=1 2 3 4 8 -4 -7 -5 -1 -3 -11 -2 -13 -14
right_child=11 9 5 7 -6 6 -8 -9 -10 10 -12 12 13 -15
leaf_value=0.022547899969283844 0.025898938840341709 -0.037828142054659897 0.043739388744854044 -0.034577711493052797 0.027211875210570204 -0.038395453154373919 0.029756244469752377 0.022601295875039361 -0.041339491541100365 -0.034856882624549626 0.028587351022861997 0.016559182536444575 -0.030691686383930217 0.014689336182500498
leaf_weight=2.5875388104468584 18.75353036262095 11.849657111801209 10.408561612479387 19.014929776079956 12.635249757207928 3.7167954919859794 3.586659349501133 3.1837051995098582 5.9990776795893925 2.3178835576400152 4.485953944735229 31.851872870698571 15.128679601475598 7.2657458884641519
leaf_count=15 121 201 64 290 107 57 23 33 80 34 34 261 202 61
internal_value=0.00166829 -0.00468617 0.000313239 -0.00979096 0.00731684 0.0242829 -0.00537388 -0.0257564 -0.0217435 -0.0226372 0.00527661 0.00811904 0.00308441 -0.0159695
internal_weight=152.786 79.786 61.1325 43.4205 21.2219 17.712 7.30345 22.1986 8.58662 18.6535 6.80384 72.9998 54.2463 22.3944
internal_count=1583 938 669 525 202 144 80 323 95 269 68 645 524 263
cat_boundaries=0 1
cat_threshold=157769
is_linear=0
shrinkage=0.05


Tree=446
num_leaves=15
num_cat=1
split_feature=6 33 13 11 17 18 4 18 18 23 10 10 13 13
split_gain=4.2727 6.07628 4.37698 5.57709 3.81875 3.97625 3.36293 3.6674 4.74265 3.25988 3.12789 2.83637 4.42243 4.40328
threshold=0 0.073809523809523811 14.950000000000001 2.6000000000000001 7.5000000000000009 0.65000000000000013 0.020157463695000006 56.300000000000011 23.650000000000002 1.5000000000000002 25.050000000000004 22.950000000000003 23.900000000000002 26.050000000000004
decision_type=9 10 10 10 10 8 2 10 8 2 8 8 10 10
left_child=1 6 4 -4 5 -2 -1 8 -8 -10 11 12 -5 -13
right_child=2 -3 3 10 -6 -7 7 -9 9 -11 -12 13 -14 -15
leaf_value=-0.028836433604619523 0.038931107718871233 0.05781670232380081 0.065569688827036635 0.011659225906154102 -0.037903921061763837 -0.016555793761627257 0.012479452941655386 0.048954763155658373 -0.036654113520784952 0.013029525005772169 -0.028809102813300198 -0.019057813535324944 -0.029994782528020753 0.052627966314741585
leaf_weight=5.6415004357695571 3.1919852793216732 4.9811159782111636 2.2147186268120995 16.025853909552104 16.69017353001982 13.149455668870358 46.545815031044185 4.1884183250367633 8.8279532007873041 4.3417047327384344 8.067511292640118 2.651610703207548 9.2073814743198437 5.1188536854460835
leaf_count=63 34 50 16 151 255 195 349 23 63 46 137 29 131 41
internal_value=0.000419828 0.00831321 -0.00741262 0.00213008 -0.021791 -0.00409752 0.00517669 0.00857743 0.00498573 -0.0205111 -0.00276806 0.00425751 -0.00410395 0.028782
internal_weight=150.844 74.5265 76.3175 43.2859 33.0316 16.3414 69.5454 63.9039 59.7155 13.1697 41.0712 33.0037 25.2332 7.77046
internal_count=1583 594 989 505 484 229 544 481 458 109 489 352 282 70
cat_boundaries=0 1
cat_threshold=286983
is_linear=0
shrinkage=0.05


Tree=447
num_leaves=15
num_cat=2
split_feature=14 20 20 14 6 14 10 13 25 11 31 0 14 5
split_gain=4.73235 3.19549 4.59807 3.27485 3.464 4.48821 7.2994 4.46391 4.32432 3.57627 4.22036 2.77619 3.27873 4.1352
threshold=20.045000000000005 53.500000000000007 41.500000000000007 19.29666666666667 0 12.374814814814815 11.050000000000002 20.450000000000003 98.500000000000014 -9.2714285714285705 0.25320512820512825 44.107446000000003 -8.8680000000000003 1
decision_type=10 2 2 10 9 8 8 10 10 8 8 2 10 9
left_child=1 2 3 4 11 6 9 8 -8 10 -6 -1 -13 -14
right_child=-2 -3 -4 -5 5 -7 7 -9 -10 -11 -12 12 13 -15
leaf_value=0.037295303301391129 -0.042487992207005283 -0.03792790531476057 0.046842592504764344 0.032314357549100496 -0.033791503696047172 -0.042559075051812556 -0.012489162563860108 -0.018002074452118676 0.059211097298602001 -0.042752379282402768 0.042278910986308961 0.017231796376985811 0.01087821111332837 -0.012048737902882136
leaf_weight=5.4949982464313498 5.0737636936828485 3.7300305012613526 4.9650901760905972 7.3658177107572547 2.5557974940165877 9.0629867706447822 2.470355016179381 4.0685405447147778 6.7319055255502462 9.9445827864110488 2.7662588395178318 27.795250754803412 23.452490219846368 36.571417302824564
leaf_count=25 53 60 27 30 49 204 42 75 41 223 31 172 168 383
internal_value=0.000773964 0.00254445 0.00385396 0.00198518 4.67007e-05 -0.0109849 -0.00357515 0.0226496 0.0406256 -0.0263625 0.00618115 0.00517698 0.00335288 -0.00325109
internal_weight=152.049 146.976 143.245 138.28 130.915 37.6004 28.5374 13.2708 9.20226 15.2666 5.32206 93.3142 87.8192 60.0239
internal_count=1583 1530 1470 1443 1413 665 461 158 83 303 80 748 723 551
cat_boundaries=0 1 2
cat_threshold=84481 386
is_linear=0
shrinkage=0.05


Tree=448
num_leaves=15
num_cat=0
split_feature=31 9 9 25 27 19 10 25 18 3 32 3 18 31
split_gain=3.22341 2.99452 4.71752 4.43296 4.0096 3.9486 4.48032 5.93125 3.02135 4.57509 3.91353 4.53665 2.94846 2.68616
threshold=0.19722222222222224 -1.4499999999999997 -4.9499999999999993 620.50000000000011 0.26038523765796501 12.050000000000002 31.800000000000001 1434.5000000000002 65.40000000000002 -0.6905596507703472 0.14930555555555561 -0.49812626372919411 4.3500000000000005 0.089898989898989909
decision_type=10 8 10 10 8 10 8 8 8 2 10 2 10 10
left_child=1 2 13 4 -4 -3 8 -8 10 -10 -7 12 -12 -1
right_child=-2 5 3 -5 -6 6 7 -9 9 -11 11 -13 -14 -15
leaf_value=-0.0033400211065389342 -0.028538460883880581 -0.03411972191770523 -0.035887623170953946 0.066998131462006574 0.024811677416867878 -0.016309116975614123 -0.018271472318848941 0.067581201365639915 -0.020948661511166186 0.059271163054419457 -0.010324351717272971 -0.028661864377644581 0.045737697533953965 0.043642573303714696
leaf_weight=45.389405818656087 9.0804827976971847 9.6922532962635142 2.4634912833571443 4.5231663770973674 12.743925659917295 44.862124350853264 2.793605293147265 3.9836500324308872 2.4122955072671175 3.1507230135612181 2.8440333437174541 3.7324644001200786 7.1624044897034764 2.2558209914714089
leaf_count=384 138 141 29 28 89 477 30 18 29 35 32 44 51 16
internal_value=-0.00117996 0.000678757 0.00839341 0.0283038 0.0133712 -0.00579131 -0.0015005 0.0343934 -0.00576137 0.0265937 -0.00922752 0.0134339 0.0303134 -0.000264141
internal_weight=157.09 148.009 67.3758 19.7306 15.2074 80.6336 70.9413 6.77726 64.164 5.56302 58.601 13.7389 10.0064 47.6452
internal_count=1541 1403 546 146 118 857 716 48 668 64 604 127 83 400
is_linear=0
shrinkage=0.05


Tree=449
num_leaves=15
num_cat=1
split_feature=1 3 10 6 33 10 0 3 18 19 33 4 18 19
split_gain=1.91403 2.32659 2.96349 1.79267 2.78385 3.3082 2.30542 2.37106 2.29275 2.27083 2.21581 2.46639 2.44346 2.16559
threshold=-72.601499499999989 0.89309379682046119 4.0500000000000007 0 0.19485930735930737 19.050000000000004 49.753999000000007 0.85561368268953431 0.25000000000000006 29.450000000000003 0.2022727272727273 0.054937350705000006 1.3500000000000003 44.550000000000004
decision_type=2 2 10 9 10 8 2 2 10 10 8 2 10 8
left_child=3 2 -2 6 8 -6 7 -1 9 -5 11 -8 -12 -14
right_child=1 -3 -4 4 5 -7 10 -9 -10 -11 12 -13 13 -15
leaf_value=-0.015870646372865786 0.059964901891124071 -0.020949992447079124 0.0082515347410073037 -0.0088488550366477379 0.040045581299029451 -0.025541800247637199 0.022675109213955526 0.018045401963198159 -0.020437746219112832 0.029276375555092798 0.0010835045845565005 -0.0055408420450200847 0.051327932972495022 0.0057670512303471724
leaf_weight=24.78756078705192 3.0047287791967419 2.919018827378749 10.339953577145932 14.557509591802956 4.5640814751386634 2.1088201999664307 8.9382419474422914 5.5538768135011187 38.343314897269011 4.2155709620565167 9.3342041522264498 34.103998780250549 6.6823349595069859 4.3732345439493665
leaf_count=225 24 13 71 117 51 27 73 46 427 49 60 271 54 33
internal_value=-0.00124516 0.0145746 0.023264 -0.00295971 -0.00863292 0.0186907 0.00168316 -0.00928477 -0.0135773 0.000759966 0.00725335 0.000700351 0.0204071 0.0352788
internal_weight=173.826 16.2637 13.3447 157.563 63.7893 6.6729 93.7735 30.3414 57.1164 18.7731 63.432 43.0422 20.3898 11.0556
internal_count=1541 108 95 1433 671 78 762 271 593 166 491 344 147 87
cat_boundaries=0 1
cat_threshold=282728
is_linear=0
shrinkage=0.05


Tree=450
num_leaves=15
num_cat=1
split_feature=6 20 16 16 3 27 27 2 25 25 31 16 12 2
split_gain=2.22769 3.34855 2.03047 2.87644 2.12255 3.05472 2.93598 2.6237 3.27192 2.7787 2.49223 2.36856 2.28423 2.0507
threshold=0 3.5000000000000004 31.050000000000004 30.150000000000002 0.011826144619637555 0.72777777777777797 0.15870927318295744 0.79904096188274243 152.50000000000003 21.500000000000004 1.0000000180025095e-35 11.250000000000002 -9.7499999999999982 -0.78326540922535159
decision_type=9 2 10 10 2 10 8 2 10 10 8 8 10 2
left_child=2 -2 3 4 5 -1 -6 8 10 -9 12 -12 -8 -5
right_child=1 -3 -4 13 6 -7 7 9 -10 -11 11 -13 -14 -15
leaf_value=-0.0092656345412808119 -0.026560155788649814 0.0060049087721628439 -0.010667432221708831 -0.00040627235150012052 0.025457321289676489 0.039136586607318204 0.04214765425229821 -0.0051013962978211274 -0.023360697429932045 0.047735033067391824 -0.0220672689494491 0.014133535421422301 -0.0094617961567509488 0.05513717436536645
leaf_weight=36.463168419897556 17.797554989345375 13.075641614384947 20.452281860634685 2.4942513220012188 18.985456496477127 2.5837260149419299 6.0400306470692158 4.0573222525417787 12.521507661789654 4.7871153205633163 8.3266196325421351 7.825432399287819 2.6288422159850615 3.8936815671622744
leaf_count=327 267 173 155 27 153 27 51 31 103 38 58 69 25 37
internal_value=0.000261551 -0.00990474 0.00321948 0.00614834 0.00397071 -0.00516557 0.0094399 0.00245585 -0.00350956 0.0254406 0.00702171 -0.00472704 0.0271371 0.0363301
internal_weight=161.933 30.8732 131.059 110.607 104.219 39.0469 65.1723 46.1869 37.3424 8.84444 24.8209 16.1521 8.66887 6.38793
internal_count=1541 440 1101 946 882 354 528 375 306 69 203 127 76 64
cat_boundaries=0 1
cat_threshold=460809
is_linear=0
shrinkage=0.05


Tree=451
num_leaves=15
num_cat=0
split_feature=18 12 10 18 4 18 20 10 12 15 16 20 23 16
split_gain=3.89115 5.12435 5.14618 4.93284 4.59684 3.91591 4.21497 4.14232 7.55324 5.83153 4.50822 3.99637 3.76487 3.60171
threshold=2.5500000000000007 -4.9499999999999993 -24.749999999999996 0.25000000000000006 0.04107267455 3.7000000000000006 12.500000000000002 -1.4499999999999997 2.7500000000000004 -21.949999999999996 29.950000000000003 6.5000000000000009 7.5000000000000009 26.550000000000004
decision_type=8 10 8 10 2 8 2 8 8 10 8 2 2 8
left_child=1 2 -1 13 -2 6 -6 9 -9 -7 11 -10 -12 -3
right_child=4 3 -4 -5 5 7 -8 8 10 -11 12 -13 -14 -15
leaf_value=0.040714012248624337 -0.029350032803221987 0.033636814629406424 -0.045435697596694559 -0.032680081867172271 -0.0056524460547896331 -0.013447571084932511 0.0557489264067118 -0.025409351188114427 0.043219083760800941 0.055242356224926716 -0.021603562172261403 -0.016346873620811806 0.026614079189048501 -0.0054002900056006557
leaf_weight=1.1922812014818192 7.4893184676766387 9.2356389164924639 13.151183172129091 7.75180685147643 3.9615602334961277 4.4329558894969523 7.280685537494719 19.75208344869316 12.580308733042324 7.1973177250474674 10.864014316350227 2.9828812652267507 5.1726638432592145 13.432106713764371
leaf_count=5 195 32 241 125 45 100 21 329 78 35 162 48 20 105
internal_value=-0.000836662 -0.012529 -0.0360878 -0.000625503 0.00564247 0.00951648 0.0354179 0.00441182 -0.00186242 0.030069 0.013184 0.0315049 -0.00540159 0.011254
internal_weight=126.477 44.763 14.3435 30.4196 81.7138 74.2245 11.2422 62.9822 51.352 11.6303 31.5999 15.5632 16.0367 22.6677
internal_count=1541 508 246 262 1033 838 66 772 637 135 308 126 182 137
is_linear=0
shrinkage=0.05


Tree=452
num_leaves=15
num_cat=1
split_feature=24 6 1 0 20 25 31 14 27 25 19 12 24 14
split_gain=5.30073 3.69547 2.56192 3.31081 4.14945 3.73579 3.80734 3.00532 2.4124 2.34263 2.21692 3.14244 2.425 3.66915
threshold=3.5000000000000004 0 -83.796290014999997 52.110402500000006 4.5000000000000009 175.50000000000003 0.21130952380952384 14.99331034482759 0.33454106280193241 218.00000000000003 111.35000000000001 0.15000000000000005 1.0000000180025095e-35 -7.5649999999999986
decision_type=2 9 2 2 2 10 10 10 8 10 10 10 2 10
left_child=1 2 3 4 -1 6 -6 10 -9 -4 11 12 13 -5
right_child=-2 -3 9 7 5 -7 -8 8 -10 -11 -12 -13 -14 -15
leaf_value=-0.021384290298011782 -0.039364544097360725 -0.014431058080105877 9.6104949617462423e-05 -0.010962746845882934 -0.027471392925853096 0.035745357083139133 0.034301633071601383 0.053861540872827664 0.0063929115062840271 0.032952098279225531 0.04198436308439997 -0.024557252809970377 -0.016365495543799655 0.028736015603202037
leaf_weight=23.326155980117619 6.9898967831395558 16.705596441868693 8.4922257754951733 8.105570391751824 7.2376041412353533 7.0799774993211022 2.6215214431285858 5.4301117006689283 5.1071411687880763 14.050449242815374 2.6082658078521481 8.3353429827839118 6.8144199578091493 16.33722545020283
leaf_count=251 299 217 79 97 83 46 19 28 39 85 17 50 96 135
internal_value=0.000193798 0.0025643 0.00585967 0.0026027 -0.00808065 0.0104101 -0.00939987 0.010758 0.0334029 0.0211045 0.00446136 0.00101604 0.00838553 0.0156579
internal_weight=139.242 132.252 115.546 93.0033 40.2653 16.9391 9.85913 52.7381 10.5373 22.5427 42.2008 39.5926 31.2572 24.4428
internal_count=1541 1242 1025 861 399 148 102 462 67 164 395 378 328 232
cat_boundaries=0 1
cat_threshold=478216
is_linear=0
shrinkage=0.05


Tree=453
num_leaves=15
num_cat=0
split_feature=0 10 24 3 25 25 0 12 12 8 0 33 0 9
split_gain=3.89091 8.20035 4.32069 4.48773 6.27172 3.33454 4.35375 3.4013 3.40554 4.55298 3.56109 5.07708 3.43344 3.31118
threshold=53.357140000000008 -14.35 12.500000000000002 -0.80417042486635371 523.50000000000011 4.5000000000000009 45.468000000000011 9.0500000000000025 -18.299999999999994 -2.4499999999999997 49.001369925000013 0.18402777777777782 51.969104500000007 8.7500000000000018
decision_type=2 10 2 2 10 10 2 8 10 8 2 8 2 10
left_child=5 -2 3 4 -3 6 -1 8 12 -10 11 -11 -7 -12
right_child=1 2 -4 -5 -6 7 -8 -9 9 10 13 -13 -14 -15
leaf_value=-0.031918459547032048 0.022674850918229975 -0.033109211295177861 0.0061558080837449715 -0.043592320666776124 0.044262145392778528 -0.041331904723027196 0.0338242198075068 -0.023831252333286035 0.044314530500218927 -0.041204061742506189 0.0021857785209854572 0.032188899425143573 0.014677864927611806 0.03281660803028618
leaf_weight=2.0988132776692536 14.351150919683276 5.2235252074897272 10.691573715768753 19.057566595263783 3.5226520784199238 5.6235173679888231 18.049512839410454 9.1120494040660542 8.1848852485418302 6.9077189164236161 26.70820828108117 2.5024607768282303 3.9738918337970972 12.292744997888802
leaf_count=37 122 52 111 258 16 83 181 118 62 116 253 26 28 78
internal_value=0.00223867 -0.00854603 -0.0204647 -0.0305596 -0.00060267 0.00823614 0.0257905 0.00326296 0.00729185 0.0119925 0.00574156 -0.0204694 -0.0189439 0.0124194
internal_weight=148.3 52.8465 38.4953 27.8037 8.74618 95.4538 20.1483 75.3055 66.1934 56.596 48.4111 9.41018 9.59741 39.001
internal_count=1541 559 437 326 68 982 218 764 646 535 473 142 111 331
is_linear=0
shrinkage=0.05


Tree=454
num_leaves=15
num_cat=0
split_feature=28 3 25 4 33 0 2 11 3 4 14 2 18 11
split_gain=4.2191 4.23123 3.37135 4.40459 4.04686 3.19773 3.16848 3.21788 3.1418 3.10903 5.17409 4.09744 3.67964 3.58969
threshold=0.22270114942528738 -0.80417042486635371 205.50000000000003 0.72271739451500017 0.0048440065681444999 53.54295422500001 0.89017062131308955 4.3428571428571434 -0.38243420677835349 0.38837367744500001 -2.2083333333333326 -0.97509794945709805 0.55000000000000016 -11.657142857142857
decision_type=10 2 8 2 10 2 2 10 2 2 8 2 10 10
left_child=2 5 3 4 -1 -2 9 -8 -6 11 -11 -4 -12 -13
right_child=1 -3 6 -5 8 -7 7 -9 -10 10 12 13 -14 -15
leaf_value=0.012013117997603823 0.044832686204823315 -0.041381009665560381 0.020281178131957393 -0.025750254278358545 0.085704200406556921 -0.028868301490681904 0.032671675346062468 -0.017469969252537791 0.01278973700410348 -0.038601796236045149 -0.019203581413308277 0.0095431647990746916 0.032110767192628356 -0.025403471991114368
leaf_weight=34.333832303993404 2.4497447414323679 10.028311313595621 6.9534402452409259 5.3261166336014858 2.7797993840649724 1.675670428201556 9.8130637072026712 3.8038142379373303 3.1066588340327135 3.6830629892647266 3.8489036308601561 8.5238144192844612 13.656606544740496 37.458433032035828
leaf_count=287 42 313 47 67 24 32 49 27 57 45 34 89 80 348
internal_value=2.77447e-06 -0.0250066 0.00282495 0.0137076 0.0194307 0.015105 -0.00291503 0.0184279 0.0546678 -0.00702891 0.0088669 -0.013438 0.0204003 -0.0188601
internal_weight=147.441 14.1537 133.288 45.5464 40.2203 4.12542 87.7411 13.6169 5.88646 74.1243 21.1886 52.9357 17.5055 45.9822
internal_count=1541 387 1154 435 368 74 719 76 81 643 159 484 114 437
is_linear=0
shrinkage=0.05


Tree=455
num_leaves=15
num_cat=0
split_feature=25 2 25 25 26 0 18 20 14 29 32 18 2 17
split_gain=3.49618 5.53447 4.30223 5.3226 5.37568 4.48153 4.17981 5.73658 4.0574 3.84411 4.30278 6.69216 6.10781 5.40673
threshold=353.00000000000006 0.54219432480460406 142.50000000000003 38.500000000000007 0.16223316912972088 49.197786235000002 1.6500000000000001 4.5000000000000009 19.413563218390809 0.028174603174603179 0.25595238095238099 0.75000000000000011 0.10837544681456425 1.5000000000000002
decision_type=10 2 8 10 8 2 10 2 10 10 8 8 2 10
left_child=2 6 3 4 5 -1 7 -2 -8 10 -4 -12 -13 -14
right_child=1 -3 9 -5 -6 -7 8 -9 -10 -11 11 12 13 -15
leaf_value=-0.033530032900150795 0.027664603622940917 -0.04369071176713752 0.035634328107256391 -0.022408165837864393 -0.03178582870442178 0.029519340772969128 -0.035562743122910738 -0.039603161561376166 0.021177795738698681 -0.035590603964107438 0.037774416495021251 -0.04215586566223322 0.03962414110155954 -0.015484084649996281
leaf_weight=2.4342164313420716 14.662847760133451 9.1435236181132478 20.03723456338048 22.955014945473522 5.1922418177127829 18.747612139210105 10.546942838001995 3.04400461167097 3.5738038476556531 2.677671135403215 10.668396923691033 7.6694517452269819 7.0399158764630583 9.1107652951031906
leaf_count=55 92 130 127 285 92 146 181 42 18 34 63 143 36 97
internal_value=0.000716775 -0.0115271 0.00548902 -0.00528176 0.00989848 0.0210888 -0.00123758 0.0146017 -0.0207515 0.0147083 0.0177749 0.00668716 -0.00819695 0.00944679
internal_weight=147.504 40.9711 106.533 49.3291 26.3741 21.1818 31.8276 17.7069 14.1207 57.2034 54.5258 34.4885 23.8201 16.1507
internal_count=1541 463 1078 578 293 201 333 134 199 500 466 339 276 133
is_linear=0
shrinkage=0.05


Tree=456
num_leaves=15
num_cat=0
split_feature=14 27 10 24 25 4 4 25 27 2 0 17 27 17
split_gain=3.07521 3.36929 3.3545 2.26558 2.21715 2.17615 3.23762 3.70182 3.13303 3.40842 4.11061 3.40005 3.0658 3.67522
threshold=20.570000000000004 0.21817815839554974 2.2500000000000004 1.5000000000000002 2054.5000000000005 0.62461575324000007 0.33433584587000004 16.500000000000004 0.45584415584415588 0.21862473630160603 55.155137220000007 8.5000000000000018 0.47420634920634924 6.5000000000000009
decision_type=10 8 8 2 10 2 2 10 10 2 2 10 10 10
left_child=1 2 -1 4 -4 6 8 -8 9 11 -11 -3 -7 -14
right_child=-2 5 3 -5 -6 12 7 -9 -10 10 -12 -13 13 -15
leaf_value=0.0089379613646893043 0.039004470851584705 0.0054289711825513086 -0.040370610138441454 0.0001569751250264541 0.0019903829326406303 -0.027934285993532884 -0.0060360446238035652 0.038674960070938055 -0.01440035979187786 0.028718607479926862 -0.012092146934541765 -0.02967730836241915 -0.029708809633412006 0.04913259772688916
leaf_weight=10.869995073415337 4.0033582309260956 25.115337644703686 14.870761088095611 7.4463408812880507 3.7222405085340133 10.495307653211055 6.6365266013890531 12.662675032392142 21.883574011735618 23.606098964810375 7.602430321276187 8.395025850273667 1.6461409293115128 2.6028401227667928
leaf_count=102 41 186 243 107 41 126 59 98 229 150 54 69 26 26
internal_value=0.000411656 -0.000808772 -0.0138197 -0.0232989 -0.0322214 0.00325254 0.00578446 0.02376 0.00155315 0.00708459 0.0187103 -0.00397097 -0.0141454 0.0187471
internal_weight=161.559 157.555 36.9093 26.0393 18.593 120.646 105.902 19.2992 86.6025 64.7189 31.2085 33.5104 14.7443 4.24898
internal_count=1557 1516 493 391 284 1023 845 157 688 459 204 255 178 52
is_linear=0
shrinkage=0.05


Tree=457
num_leaves=15
num_cat=0
split_feature=3 2 4 19 15 11 3 25 9 1 11 12 15 25
split_gain=1.40377 1.66832 1.48451 2.80224 4.10614 1.63156 2.15393 1.75706 1.5074 2.36589 2.90239 2.00305 1.49789 1.52038
threshold=0.98332250088165762 0.06553689391773225 0.052702928960000006 5.0500000000000016 -26.649999999999995 -11.314285714285715 0.86869874770991873 82.500000000000014 10.050000000000002 -104.56737449999999 5.8357142857142863 8.7500000000000018 0.35000000000000003 260.50000000000006
decision_type=2 2 2 8 8 8 2 8 8 2 10 8 8 8
left_child=2 -2 3 -1 -5 7 -7 -4 9 10 -6 -10 13 -12
right_child=1 -3 5 4 8 6 -8 -9 11 -11 12 -13 -14 -15
leaf_value=-0.03660628099913045 0.037089349732942097 -0.0077389835130744176 0.0090058864583741592 0.046896355227770706 -0.0090032781253691525 -0.006053881666741142 0.015430310383887614 -0.030022658482707645 -0.036495668944771853 -0.012791180501311856 0.014032070679508124 0.0072377563323216378 0.0098303769441090705 0.078333660187182491
leaf_weight=2.5901306681334963 3.7622513864189377 3.1657467819750309 3.2758550290018293 5.1559198647737503 4.3787787910550851 105.72126877866685 12.135812720283864 11.088247012346983 4.0481719002127665 6.7957698293030253 2.0242171920835954 4.8747417088598013 3.3569559846073407 2.2291167750954628
leaf_count=18 31 21 25 46 44 979 99 69 32 67 18 48 33 27
internal_value=-0.00237916 0.0182127 -0.00333291 0.00564067 0.009953 -0.00576336 -0.00373043 -0.021115 0.00168438 0.00960692 0.0223102 -0.0142817 0.0392803 0.056228
internal_weight=174.603 6.928 167.675 35.4538 32.8637 132.221 117.857 14.3641 27.7078 18.7848 11.9891 8.92291 7.61029 4.25333
internal_count=1557 52 1505 333 315 1172 1078 94 269 189 122 80 78 45
is_linear=0
shrinkage=0.05


Tree=458
num_leaves=15
num_cat=0
split_feature=19 13 28 2 13 11 27 19 11 28 1 10 15 14
split_gain=2.47832 2.11117 2.25495 2.94193 2.07191 1.84846 2.05909 1.73217 1.56108 4.30445 3.75406 3.0816 1.75466 3.03544
threshold=118.00000000000001 -4.8999999999999995 0.65833333333333344 0.52766072109828632 -1.0499999999999998 7.0309523809523826 0.33454106280193241 111.35000000000001 20.807142857142864 0.41898148148148157 -119.02355999999999 29.750000000000004 -1.9499999999999997 15.209629629629632
decision_type=10 8 10 2 8 8 8 10 8 10 2 8 10 10
left_child=1 -1 4 -4 -3 6 -2 8 12 10 -10 -12 -6 -14
right_child=5 2 3 -5 7 -7 -8 -9 9 -11 11 -13 13 -15
leaf_value=-0.025827763268785744 0.028029070438563099 0.036069508146665825 0.04444557603597895 -0.01323566585217216 0.0017547224180217771 -0.02948783480148498 -0.02897006253405476 0.036657112981712918 0.062810675500790891 -0.022769911520945152 0.039004582213879646 -0.018894023051658215 -0.027710434987053768 0.00035869296057247998
leaf_weight=5.6331491768360138 3.046655164100228 3.1654556859284639 5.7905193492770177 2.7178998738527298 73.63728013727814 10.63569534383714 1.6343492018058894 2.1879564654082051 4.0284026488661775 4.9367501176893702 2.9739016741514206 4.5045320633798847 15.439369295723735 23.198295086622238
leaf_count=45 30 35 44 19 683 103 36 22 44 26 35 57 152 226
internal_value=-0.000254398 0.00177027 0.00303292 0.0265659 0.00135386 -0.0187541 0.00653172 0.000247314 -0.000649398 0.0132803 0.0293308 0.00601498 -0.00278874 -0.0112737
internal_weight=163.53 148.214 142.58 8.50842 134.072 15.3167 4.681 130.906 128.719 16.4436 11.5068 7.47843 112.275 38.6377
internal_count=1557 1388 1343 63 1280 169 66 1245 1223 162 136 92 1061 378
is_linear=0
shrinkage=0.05


Tree=459
num_leaves=15
num_cat=0
split_feature=16 13 22 19 20 18 16 4 32 16 25 13 19 29
split_gain=3.19534 4.78835 4.30973 4.99095 4.41746 7.21175 6.61087 5.66346 6.93737 3.96562 3.80823 3.51475 3.25256 4.66367
threshold=28.350000000000005 30.250000000000004 15.500000000000002 5.3500000000000014 14.500000000000002 21.050000000000004 9.7500000000000018 0.24481985816000001 0.87500000000000011 25.950000000000003 19.500000000000004 30.550000000000004 39.050000000000018 0.11815619967793882
decision_type=10 10 2 8 2 10 8 2 10 10 8 10 8 10
left_child=2 -2 4 -4 5 6 -1 -8 -9 12 -3 -12 -7 -14
right_child=1 10 3 -5 -6 9 7 8 -10 -11 11 -13 13 -15
leaf_value=-0.041198402715152738 -0.02732463588440728 0.04388132201458067 0.032424022899975861 -0.042886451786676667 0.0368342066811621 0.050788042626202561 0.015018476325810126 -0.035798643117036823 0.048093550087463736 0.058283103517440586 0.033579507484910009 -0.022392539777380233 -0.037734176680387671 0.040161145381472613
leaf_weight=8.5957486117258721 19.185577033087611 4.3491810103878406 2.1738114319741699 7.2678045644424865 12.026966838166116 2.11209671385586 34.609094074927263 12.35904069105163 2.1126723187044254 7.4202413111925116 2.9707923037931314 8.7032408909872156 4.2886901106685409 2.0573368864133954
leaf_count=221 308 14 5 141 86 5 326 182 7 28 17 107 102 8
internal_value=0.00160294 -0.0110685 0.00636443 -0.0241025 0.00996517 0.00513669 -0.00322226 0.00411851 -0.0212346 0.0338917 0.00885768 -0.00662322 0.00859357 -0.0104517
internal_weight=130.232 35.2088 95.0235 9.44162 85.5819 73.5549 57.6766 49.0808 14.4717 15.8784 16.0232 11.674 8.45812 6.34603
internal_count=1557 446 1111 146 965 879 736 515 189 143 138 124 115 110
is_linear=0
shrinkage=0.05


Tree=460
num_leaves=15
num_cat=1
split_feature=19 0 18 6 15 11 25 14 1 9 9 26 19 4
split_gain=2.74289 2.6659 5.79518 2.82255 4.12866 4.49272 5.2042 3.88568 3.83358 3.51333 5.32136 3.33993 3.56302 2.74632
threshold=169.40000000000003 56.37539979000001 4.3500000000000005 0 5.0500000000000007 11.630952380952381 175.50000000000003 12.1777380952381 -111.54009139499998 -0.6499999999999998 0.65000000000000002 0.16223316912972088 19.050000000000004 0.090451652055000012
decision_type=10 2 8 9 10 10 10 10 2 8 8 8 10 2
left_child=1 3 -3 4 5 -1 7 -7 9 -5 -11 -12 -13 -14
right_child=-2 2 -4 8 -6 6 -8 -9 -10 10 11 12 13 -15
leaf_value=-0.001552025305843025 0.025725478726630266 0.054310618649099286 -0.0042235352690414537 -0.026574636268653046 -0.020031233010965079 0.038113731817222857 0.049927243140765333 -0.029185858458378053 -0.038634791194334717 0.057222748275034575 -0.019217980213644091 -0.02323252777736905 -0.0064764517787444693 0.05002808964414323
leaf_weight=30.082164186984301 8.5761275202967209 5.3781295381486443 12.165627765469251 13.97607863601297 13.465638692025093 2.4825002178549793 10.767919104546307 4.6028539887629449 11.151907209306954 2.9514307919889724 15.80450683180243 3.5099075352773061 2.9318132512271387 5.3723363280296326
leaf_count=406 75 43 126 215 125 21 69 59 179 22 119 32 28 38
internal_value=-0.000137743 -0.00196262 0.0156815 -0.00471647 0.00302125 0.0103914 0.0295305 -0.00380849 -0.0116308 -0.00672431 0.00290523 -0.00469603 0.0147147 0.031527
internal_weight=143.219 134.643 17.5438 117.099 61.4011 47.9354 17.8533 7.08535 55.698 44.5461 30.57 27.6186 11.8141 8.30415
internal_count=1557 1482 169 1313 680 555 149 80 633 454 239 217 98 66
cat_boundaries=0 1
cat_threshold=218120
is_linear=0
shrinkage=0.05


Tree=461
num_leaves=15
num_cat=0
split_feature=2 1 17 1 10 33 19 12 19 25 19 31 3 11
split_gain=2.49337 3.83374 4.23894 3.48841 3.61825 3.8876 3.43858 4.68041 4.63474 4.39783 3.28234 3.18287 3.15154 3.10393
threshold=0.75014288946266361 -121.93079499999997 18.500000000000004 -103.25454399999998 29.350000000000005 0.13412698412698415 36.350000000000001 3.2500000000000004 17.050000000000004 319.50000000000006 14.550000000000002 0.013392857142857146 -0.24372464231556024 -5.5928571428571408
decision_type=2 2 10 2 10 10 10 8 10 10 10 10 2 8
left_child=3 -2 -3 4 5 6 8 11 10 12 -1 -8 -9 -5
right_child=1 2 -4 13 -6 -7 7 9 -10 -11 -12 -13 -14 -15
leaf_value=-0.0064193974295358655 -0.03539362887157959 0.026907442402362498 -0.014384033633030011 0.017812873364810525 0.031676693216941602 -0.039928557131543162 0.034038521946621957 -0.042950964157766773 -0.031692273379936152 0.017248479514474033 0.03335678234462483 -0.011447146793925242 0.015668889832301799 -0.029595482963938248
leaf_weight=19.348326700739566 2.7963513247668734 26.946976979263127 7.2996469652280203 3.6202663173899055 8.4780588056892139 4.9365264056250444 19.673469472676519 7.5720817847177386 13.182302685454486 9.3365665096789581 5.9772485941648474 4.2040568478405467 2.5380471590906399 15.904427483677866
leaf_count=202 41 212 83 58 46 79 115 100 172 58 44 44 15 288
internal_value=0.0020008 0.0130966 0.0179478 -0.0016626 0.00234307 -0.000851339 0.00195958 0.0114987 -0.00879204 -0.00657573 0.00387891 0.0258918 -0.0281493 -0.0203654
internal_weight=151.814 37.043 34.2466 114.771 95.2467 86.7686 81.8321 43.3242 38.5079 19.4467 25.3256 23.8775 10.1101 19.5247
internal_count=1557 336 295 1221 875 829 750 332 418 173 246 159 115 346
is_linear=0
shrinkage=0.05


Tree=462
num_leaves=15
num_cat=0
split_feature=14 16 2 4 10 14 0 33 19 32 0 2 16 14
split_gain=2.91633 3.64883 6.15207 4.72597 2.30317 2.96927 3.33212 2.63075 4.17687 3.86374 3.69496 3.64738 3.19594 6.92419
threshold=-13.433333333333332 5.9500000000000011 -0.23537230790205757 0.68420983382000011 28.100000000000005 20.264333333333337 45.192009950000006 0.062916666666666676 35.050000000000004 0.30059523809523819 46.112856500000007 -0.99815974739704505 9.2500000000000018 0.19666666666666652
decision_type=8 10 2 2 10 8 2 10 8 8 2 2 10 10
left_child=-1 2 -2 -4 5 6 -3 9 -9 10 -8 -12 -11 -14
right_child=1 4 3 -5 -6 -7 7 8 -10 12 11 -13 13 -15
leaf_value=-0.038154307911239367 -0.036685203354400939 -0.031671292481858064 0.050203278578780298 -0.019097728009761353 -0.031234693848076586 0.043695185494542127 0.029371243155997342 0.053759228388269534 -0.007756383001813476 -0.029117222114422633 0.031071920504770659 -0.028952233300108307 0.037863166486393943 -0.0008804448525243664
leaf_weight=3.9124821876175702 2.7226366298273232 7.6117670899257055 10.789608216844497 2.5370701178908339 5.3517701812088481 2.7125670611858359 2.9386161165311959 4.6576390028931174 4.9581952849403033 5.5666458271443835 2.0010284110903767 23.708590827416629 13.683558904565869 53.531303418800235
leaf_count=70 42 96 83 19 100 23 29 71 101 54 16 437 74 342
internal_value=-0.000273167 0.00102309 0.0227435 0.0365979 -0.00188434 -0.000345474 -0.00170902 0.000609117 0.0242973 -0.00185188 -0.0170816 -0.023292 0.0042931 0.00744639
internal_weight=146.683 142.771 16.0493 13.3267 126.722 121.37 118.657 111.046 9.61583 101.43 28.6482 25.7096 72.7815 67.2149
internal_count=1557 1487 144 102 1343 1243 1220 1124 172 952 482 453 470 416
is_linear=0
shrinkage=0.05


Tree=463
num_leaves=15
num_cat=0
split_feature=25 20 3 15 25 1 1 1 2 18 11 20 14 15
split_gain=4.45765 5.1234 4.30167 4.5598 3.95445 4.05993 3.08321 4.89561 3.51655 3.30311 3.11082 5.24971 5.19295 4.31147
threshold=342.50000000000006 2.5000000000000004 0.84199059757024453 3.4500000000000006 308.00000000000006 -89.385641499999977 -111.07369499999999 -112.65665549999999 -0.80924678377697201 4.6500000000000012 1.7428571428571431 10.500000000000002 14.99331034482759 -20.449999999999996
decision_type=10 2 2 10 10 2 2 2 2 8 10 2 10 10
left_child=4 2 3 -2 5 6 7 10 -8 -10 11 13 -12 -1
right_child=1 -3 -4 -5 -6 -7 8 -9 9 -11 12 -13 -14 -15
leaf_value=0.013944707839633766 -0.030928293032360551 -0.034838794750186725 0.033087728735428278 0.017499101747799835 0.047606422665384021 -0.026883874769612938 -0.02077362187194744 -0.035109626030200423 0.044584710693452823 -0.0056828874755265992 0.025993090272670813 -0.042131364957056251 -0.016907872926548877 -0.039629787308131485
leaf_weight=21.478064339607961 11.134601054713135 16.565997700206935 6.3249002229422322 7.2695928374305359 4.1762845758348695 9.4215175383724254 3.0765466289594796 7.2516466528177252 12.146649177186193 4.0718375351279965 27.333186140283942 6.6007554987445465 8.6194609524682146 3.5214690677821627
leaf_count=139 154 240 37 48 27 193 35 79 62 57 229 104 107 46
internal_value=-0.000421187 -0.0141909 0.000457547 -0.0118836 0.00494061 0.00278036 0.00600189 0.00129471 0.0232881 0.0323674 0.00565778 -0.0057044 0.0155286 0.00516414
internal_weight=148.993 41.2951 24.7291 18.4042 107.697 103.521 94.0996 74.8046 19.295 16.2185 67.5529 31.6003 35.9526 24.9995
internal_count=1557 479 239 202 1078 1051 858 704 154 119 625 289 336 185
is_linear=0
shrinkage=0.05


Tree=464
num_leaves=15
num_cat=1
split_feature=3 6 1 24 10 15 10 16 4 1 32 16 16 12
split_gain=2.89875 3.59584 2.87991 3.81734 5.49415 3.6158 2.83292 2.66787 2.6264 2.71012 3.19458 2.69223 4.1791 2.58025
threshold=0.99138911339924218 0 -113.35408832999998 3.5000000000000004 -7.0499999999999989 -11.099999999999998 -16.599999999999998 10.15 0.014595831070000001 -110.05637549999999 0.70833333333333337 32.550000000000004 32.050000000000004 -31.799999999999994
decision_type=2 9 2 2 10 10 8 10 2 2 8 8 8 8
left_child=1 6 -3 4 -4 -5 -1 -6 9 10 -8 12 13 -10
right_child=-2 2 3 5 7 -7 8 -9 11 -11 -12 -13 -14 -15
leaf_value=-0.032713033570164286 0.037313855354041879 -0.037318798546586707 0.051302166395505923 -0.017008726666394827 0.015256078543910069 0.058104636120735603 0.010392678098536279 -0.038677962582610054 -0.033861096936434042 -0.0048840241584446522 0.068657051588332962 -0.020159250407170978 0.05892988883043862 0.005286702046732969
leaf_weight=4.0144082363694906 4.3638609927147618 10.328825185075404 1.5584608800709272 2.1099854204803705 2.2574080200865856 2.8926382502540937 5.2586576063185904 11.074340695515273 3.4229613430798054 4.778397628106176 3.9932823851704606 10.380587261170147 2.5389207862317553 89.555967040359974
leaf_count=39 35 263 19 37 37 50 28 212 19 36 18 113 12 629
internal_value=0.00118036 -7.63422e-05 -0.0129921 -0.00539791 -0.0180023 0.0288679 0.00388097 -0.0291183 0.0056872 0.0252587 0.0397845 0.00288218 0.00556917 0.00350053
internal_weight=158.529 154.165 30.2217 19.8928 14.8902 5.00262 123.943 13.3317 119.929 14.0303 9.25194 105.898 95.5178 92.9789
internal_count=1547 1512 618 355 268 87 894 249 855 82 46 773 660 648
cat_boundaries=0 1
cat_threshold=411680
is_linear=0
shrinkage=0.05


Tree=465
num_leaves=15
num_cat=0
split_feature=19 2 18 24 16 16 31 10 0 10 19 4 4 13
split_gain=1.44586 3.03637 2.69066 2.64574 2.2655 2.29478 1.51268 3.50774 2.25678 1.85856 2.13366 2.12966 2.12809 2.12223
threshold=13.450000000000001 -0.99630266176052629 0.15000000000000005 5.5000000000000009 23.750000000000004 12.550000000000002 0.037980769230769242 22.550000000000004 52.754215000000009 28.450000000000003 30.850000000000005 0.082521902389999999 0.053728770740000008 29.850000000000005
decision_type=8 2 8 2 10 10 10 8 2 10 10 2 2 8
left_child=2 -2 4 -4 5 -1 9 8 -8 10 11 13 -12 -3
right_child=1 6 3 -5 -6 -7 7 -9 -10 -11 12 -13 -14 -15
leaf_value=0.016095337407739465 -0.033689770367901231 0.012682657429028112 -0.02839071708145088 0.014616741448909143 0.033043648001523894 -0.03878951142383541 0.024853805392207971 -0.031735830942135203 -0.014835450931443403 0.032744710041623271 0.015626489365666806 0.021801163578700981 -0.0050323688268334972 -0.023683266176403272
leaf_weight=3.2987810913473385 4.4125036168843499 9.428678732365368 15.569649206474425 3.8840966094285241 4.8211527727544308 2.5107103176414967 7.5139037761837226 7.9765660455450442 5.3120943736284971 5.517622008919715 15.147323524579404 27.614032253623009 53.67825180478394 5.5236835721880189
leaf_count=27 42 91 132 26 45 23 94 80 54 58 145 220 475 35
internal_value=0.000977012 0.00309449 -0.00880413 -0.0195091 0.0107787 -0.00983751 0.00450749 -0.00765592 0.00853176 0.00671839 0.00514935 0.0138084 -0.000327031 -0.00139407
internal_weight=172.209 142.125 30.0844 19.4537 10.6306 5.80949 137.712 20.8026 12.826 116.91 111.392 42.5664 68.8256 14.9524
internal_count=1547 1294 253 158 95 50 1252 228 148 1024 966 346 620 126
is_linear=0
shrinkage=0.05


Tree=466
num_leaves=15
num_cat=0
split_feature=2 14 13 15 0 12 32 32 19 2 19 17 10 20
split_gain=1.8338 1.6253 1.85043 1.34719 2.4622 1.38016 1.34168 1.75999 3.31062 2.37577 2.14586 2.61852 2.44608 2.81477
threshold=-0.9731273977605811 13.935000000000002 28.050000000000004 -34.899999999999991 54.859436390000006 -24.349999999999998 0.43095238095238103 0.092708333333333351 21.950000000000006 -0.74441730022405961 39.050000000000018 9.5000000000000018 22.650000000000002 26.500000000000004
decision_type=2 8 8 8 2 8 8 10 10 2 8 8 8 2
left_child=1 -1 -3 4 5 -2 7 9 -9 -5 -11 12 13 -12
right_child=3 2 -4 6 -6 -7 -8 8 -10 10 11 -13 -14 -15
leaf_value=-0.00042089007976876374 -0.016844286910735213 0.049425952182788821 -0.0046139150555855974 0.013605140483126339 0.047385694497080973 0.025429202114922986 -0.0097130927651278409 0.035789490417845481 -0.0053769696552895593 -0.016102023234515313 0.038729128447606662 -0.017701336649937623 -0.0078123427432602397 -0.013635955615084752
leaf_weight=6.3595957420766336 4.5230032131075859 4.3609796799719334 2.0223182216286659 17.064046594314277 2.9553143382072449 1.974842295050619 41.79539196472615 8.3692603856325167 9.7323019728064519 30.70150064677 9.1482856962829882 9.7828957047313434 8.3171202689409238 2.8630648441612712
leaf_count=63 48 41 18 138 27 15 523 66 105 240 89 76 74 24
internal_value=0.000570992 0.0180405 0.0339993 -0.00105255 0.0162671 -0.00231842 -0.00234957 0.00092409 0.0145336 -0.00238342 -0.00701732 0.00246526 0.0125452 0.0261585
internal_weight=159.97 12.7429 6.3833 147.227 9.45316 6.49785 137.774 95.9785 18.1016 77.8769 60.8129 30.1114 20.3285 12.0114
internal_count=1547 122 59 1425 90 63 1335 812 171 641 503 263 187 113
is_linear=0
shrinkage=0.05


Tree=467
num_leaves=15
num_cat=0
split_feature=12 15 3 26 27 22 4 4 12 25 12 32 13 2
split_gain=3.72313 3.75482 4.71924 6.99233 4.71099 4.67637 4.25801 4.90899 4.12376 3.45311 4.77844 3.24388 2.87111 2.66279
threshold=-33.349999999999987 -1.9499999999999997 -0.52765736634565841 0.30384615384615393 0.65714798850574729 40.500000000000007 0.37851448765500006 0.26215135480500001 -2.7499999999999996 1682.5000000000002 -9.7499999999999982 0.1384943181818182 21.850000000000005 -0.97113884758256674
decision_type=8 8 2 10 10 2 2 2 8 8 8 10 8 2
left_child=-1 4 3 5 6 12 7 9 -9 -2 -11 13 -3 -4
right_child=1 2 11 -5 -6 -7 -8 8 -10 10 -12 -13 -14 -15
leaf_value=0.034112654464348045 -0.034480722956616715 0.011161172737421092 -0.004079843306220075 0.03559549414191316 0.01872911551499316 0.034808506602862964 -0.044667443411553126 0.035892492445046977 -0.033223591156125047 0.027615654023261389 -0.037331568338123948 -0.019999502061111316 -0.039147078285571957 0.031773354605387251
leaf_weight=5.9455550787970424 16.345542469061915 2.9357085423544067 6.4203234808519509 5.6037405263632527 9.092728737741707 2.2434590402990571 11.251223160885273 7.4674220765009522 2.027043689042328 6.2202682998031378 3.6630422454327327 4.1632276671007267 16.240083643700935 21.897899131290615
leaf_count=45 339 33 70 41 93 10 235 52 30 56 64 53 293 133
internal_value=-0.00146672 -0.00357402 0.0051401 -0.0100992 -0.0127504 -0.0231083 -0.0191071 -0.0100597 0.0193767 -0.0210355 0.00232592 0.0177414 -0.0312737 0.0237828
internal_weight=121.517 115.572 59.5044 27.023 56.0673 21.4193 46.9745 35.7233 9.49447 26.2289 9.88331 32.4815 19.1758 28.3182
internal_count=1547 1502 633 377 869 336 776 541 82 459 120 256 326 203
is_linear=0
shrinkage=0.05


Tree=468
num_leaves=15
num_cat=1
split_feature=24 0 4 2 6 15 1 11 13 4 2 3 15 29
split_gain=4.30201 3.57134 4.04786 3.71933 3.44508 5.29773 3.80364 2.82082 3.22637 2.77245 2.60232 2.58572 4.17226 4.55922
threshold=3.5000000000000004 57.191605000000003 14.890521919465002 -0.50556189049999822 0 -10.549999999999999 -122.15299062999999 21.528571428571436 29.550000000000004 0.16448487148000004 0.26037272046371446 0.68274389090025245 -24.149999999999995 0.19022556390977446
decision_type=2 2 2 2 9 8 2 8 8 2 2 2 8 10
left_child=1 2 4 -3 5 -1 -7 8 9 -8 -4 12 -6 -14
right_child=-2 3 10 -5 11 6 7 -9 -10 -11 -12 -13 13 -15
leaf_value=-0.033880261211526867 -0.038799758124638074 0.053366912610003397 0.051780567818773972 -0.010662609615123702 0.033387359094390855 -0.029501702250384482 0.03991091125511511 0.056752579368879397 -0.021288545213480878 0.0047094725859834312 -0.0035465131611490176 -0.029706798225037495 -0.013922389495104871 0.040199303411481827
leaf_weight=5.1981397327035666 6.3046930741984388 5.1374996211379766 4.5773416776210061 3.1427581999450904 5.068855726160109 3.1651116069406262 10.483901226893069 4.0688765197992351 4.3142395522445467 11.499593997374175 3.2383821532130241 13.717065597884355 54.248598080128431 3.226897630840539
leaf_count=86 296 32 37 35 62 31 69 23 41 76 28 220 497 14
internal_value=-0.00145434 0.00062195 -0.00162523 0.0305344 -0.00409498 0.00721632 0.0164736 0.0220533 0.0148022 0.0225031 0.0310543 -0.00955575 -0.00624211 -0.0102483
internal_weight=137.392 131.087 122.807 8.28026 114.991 38.7299 33.5317 30.3666 26.2977 21.9835 7.81572 76.2614 62.5444 57.4755
internal_count=1547 1251 1184 67 1119 326 240 209 186 145 65 793 573 511
cat_boundaries=0 1
cat_threshold=197640
is_linear=0
shrinkage=0.05


Tree=469
num_leaves=15
num_cat=1
split_feature=21 31 18 17 0 7 0 12 14 8 8 12 25 16
split_gain=3.05775 5.97899 5.62099 3.80125 3.1304 4.2306 3.03961 3.2361 3.37478 3.61316 2.86301 4.66383 3.90763 3.19368
threshold=4.5000000000000009 0.089898989898989909 1.0000000180025095e-35 23.500000000000004 49.477329000000005 0 45.468000000000011 -15.85 4.0758620689655176 13.050000000000002 11.050000000000002 2.5500000000000003 279.00000000000006 9.0500000000000025
decision_type=2 8 10 10 2 1 2 10 8 10 10 8 10 10
left_child=3 -2 -3 4 6 -6 -1 -8 -9 -10 13 -12 -13 -7
right_child=1 2 -4 -5 5 10 7 8 9 -11 11 12 -14 -15
leaf_value=-0.015549172879684658 0.027105979766512214 0.024488074568214137 -0.034464376397786288 0.044986662711603898 0.04153074407070835 -0.0060574926341879325 -0.031104565530271855 0.06423024955821241 -0.022525298472078056 0.029513983476835617 0.020940681549044472 -0.042148345242198265 0.0028659036474171125 -0.034716146768829143
leaf_weight=7.7801570454612401 25.816454188898206 5.7761375159025183 9.257281997241078 2.9584592133760443 2.7926929537206888 18.462868546135724 1.9039347786456406 3.6414367835968644 4.0675736404955449 9.2929031010717136 12.666295594535766 7.6729377596639159 10.590392895042894 20.796639668755233
leaf_count=122 229 37 112 25 15 224 41 21 61 61 87 116 77 319
internal_value=0.00148858 0.0128868 -0.0116991 -0.00312898 -0.0049899 -0.0103164 0.00942378 0.0199655 0.0270947 0.0132054 -0.0129338 -0.00144541 -0.0172521 -0.0217239
internal_weight=143.476 40.8499 15.0334 102.626 99.6678 72.9818 26.686 18.9058 17.0019 13.3605 70.1891 30.9296 18.2633 39.2595
internal_count=1547 378 149 1169 1144 838 306 184 143 122 823 280 193 543
cat_boundaries=0 1
cat_threshold=4
is_linear=0
shrinkage=0.05


Tree=470
num_leaves=15
num_cat=0
split_feature=0 3 28 17 24 25 2 17 1 4 1 25 2 4
split_gain=5.01568 3.48231 2.74387 3.33061 2.92788 4.32322 4.39643 3.43908 3.60581 3.15817 2.31934 3.56453 2.91003 2.82564
threshold=56.558040000000013 -0.97315270831292444 0.13361823361823363 22.500000000000004 1.5000000000000002 201.00000000000003 0.89017062131308955 18.500000000000004 -113.67994899999998 0.38837367744500001 -66.618070999999986 657.50000000000011 -0.96463499255812291 0.15601539354500002
decision_type=2 2 10 10 2 10 2 8 2 2 2 8 2 2
left_child=2 -2 4 -4 7 6 -6 10 9 -9 11 13 -13 -1
right_child=1 -3 3 -5 5 -7 -8 8 -10 -11 -12 12 -14 -15
leaf_value=-0.0065143522645898528 0.029304693994638604 -0.044489625463187014 -0.025887542256899695 0.043349197672251427 0.036674257722945268 -0.014900533385006218 -0.027392669671267179 -0.040916806053837816 0.037532399494481457 0.023872985036229311 0.017708353033554232 0.027829272987752542 -0.0064202507293988301 -0.042829077965205797
leaf_weight=10.796342312358322 1.1782393269240845 9.3066953159868699 14.592272059526293 1.0445244312286366 17.877973926253624 7.2751812273636451 2.3750166390091172 2.9180317837744942 9.142758369445799 2.7084338273853064 8.1409625187516195 6.3455125782638708 38.880356646142907 10.529831853695212
leaf_count=110 9 141 417 16 143 76 28 28 43 16 41 39 313 127
internal_value=-0.00266912 -0.0343675 7.52506e-05 -0.018935 0.00275508 0.0167056 0.0282259 -0.00167482 0.0195888 -0.0108326 -0.00608257 -0.00921185 -0.00111673 -0.02556
internal_weight=143.112 10.4849 132.627 15.6368 116.99 27.5282 20.253 89.4622 14.7692 5.62647 74.693 66.552 45.2259 21.3262
internal_count=1547 150 1397 433 964 247 171 717 87 44 630 589 352 237
is_linear=0
shrinkage=0.05


Tree=471
num_leaves=15
num_cat=0
split_feature=20 20 2 18 25 24 18 25 13 13 3 0 0 24
split_gain=3.01617 5.64027 3.69413 3.26631 6.10658 4.72527 4.08107 3.02277 6.18695 3.62953 3.73712 5.53488 3.63601 3.43704
threshold=53.500000000000007 41.500000000000007 -0.63921128368950708 1.0500000000000003 289.50000000000006 2.5000000000000004 0.15000000000000005 626.50000000000011 3.4500000000000006 10.450000000000001 0.40418040343369127 53.563335000000002 53.545693500000006 5.5000000000000009
decision_type=2 2 2 8 8 2 10 10 8 8 2 2 2 2
left_child=1 2 3 4 -1 -5 -6 9 -9 12 11 -11 13 -4
right_child=-2 -3 7 5 6 -7 -8 8 -10 10 -12 -13 -14 -15
leaf_value=-0.040084725323146268 -0.037918745368849857 0.046977511611962036 -0.035143904984303427 -0.039804873446904109 -0.0084322663880911104 0.013572205667950966 0.053763834814592938 0.031812796539720016 -0.027938761441449852 0.019878889961558104 0.041206188795476092 -0.019763960795175142 0.011268226200683254 0.026792069780415879
leaf_weight=4.1460612155497047 3.8879602532833806 5.6513307578861705 10.800788627006119 15.176346051972361 4.3250258099287748 5.0107329222373655 4.9294181764125824 4.9986083880066872 15.133306438568981 31.251977777574211 10.957109573297201 11.21090145409107 14.160432957112787 1.9863027120009054
leaf_count=60 59 25 162 282 48 68 22 36 174 275 64 129 113 30
internal_value=0.00069914 0.0020354 -0.000192495 -0.0143031 0.00469482 -0.0265406 0.026709 0.00461783 -0.0122995 0.00895467 0.0164003 0.0091986 -0.00586404 -0.0242775
internal_weight=143.626 139.738 134.087 33.5876 13.4005 20.1871 9.25444 100.499 20.1319 80.3675 53.42 42.4629 26.9475 12.7871
internal_count=1547 1488 1463 480 130 350 70 983 210 773 468 404 305 192
is_linear=0
shrinkage=0.05


Tree=472
num_leaves=15
num_cat=1
split_feature=6 18 9 26 25 4 18 10 15 25 8 3 25 9
split_gain=2.647 2.68646 3.12887 5.35573 4.52995 3.8253 3.30101 3.28636 2.63022 2.36474 3.49093 5.07192 4.55626 3.86696
threshold=0 4.7500000000000009 10.250000000000002 0.50925925925925941 29.500000000000004 0.105651366255 13.65 6.3500000000000005 -12.549999999999999 79.500000000000014 4.9500000000000011 0.70138038092733435 165.50000000000003 -17.949999999999996
decision_type=9 8 10 8 10 2 10 10 10 10 10 2 10 8
left_child=-1 9 4 -4 5 8 7 -7 -3 -2 11 -11 -12 -13
right_child=1 2 3 -5 -6 6 -8 -9 -10 10 12 13 -14 -15
leaf_value=-0.015973405081022841 -0.015605949760525968 0.063460063507857087 0.051570551433685857 -0.0072313445163826543 -0.0068552934812097996 -0.041479729303778745 0.030177572152299062 0.010297746208990599 0.0081741878153145583 0.036986219905175928 0.035262105258287775 -0.044083665766473899 -0.02927153589324635 0.010859394456019803
leaf_weight=11.186622069217263 27.897900950163603 5.4017056366428733 8.7929423367604578 6.0412706211209306 39.556945705786347 4.2774225678294915 6.7365267891436806 6.5902192611247301 3.742879540659489 11.64552782289684 2.5925420494750133 3.7319812597706914 11.526861684396861 9.0626137088984233
leaf_count=297 236 44 63 39 383 44 61 44 28 68 32 34 141 62
internal_value=0.00023052 0.00246681 0.00869038 0.028679 0.00385878 0.0193792 0.00498413 -0.0118595 0.0438679 -0.00478225 0.00324527 0.0144803 -0.0158736 -0.00720059
internal_weight=158.784 147.597 81.1399 14.8342 66.3057 26.7488 17.6042 10.8676 9.14459 66.4574 38.5595 24.4401 14.1194 12.7946
internal_count=1576 1279 706 102 604 221 149 88 72 573 337 164 173 96
cat_boundaries=0 1
cat_threshold=65793
is_linear=0
shrinkage=0.05


Tree=473
num_leaves=15
num_cat=1
split_feature=26 6 19 10 2 32 2 12 19 2 25 3 12 2
split_gain=1.84308 1.84887 3.07319 2.18189 1.8832 2.07185 2.24431 2.27968 1.78898 2.93366 4.16094 1.8928 1.44399 2.4638
threshold=0.50925925925925941 0 28.550000000000004 -20.199999999999999 -0.78326540922535159 0.085317460317460334 0.14250626876356556 -2.0499999999999994 159.80000000000004 0.26037272046371446 90.500000000000014 -0.40613878790836594 8.5500000000000025 -0.80924678377697201
decision_type=10 9 8 8 2 8 2 8 8 2 8 2 8 2
left_child=1 2 -1 -3 -4 -6 -7 -8 12 10 -10 -12 -5 -14
right_child=-2 3 4 8 5 6 7 -9 9 -11 11 -13 13 -15
leaf_value=0.03836467216462433 0.029841455843647304 0.034009543516985812 -0.019842412536265352 -0.0080735784532190366 -0.013275337551948983 0.043477932123498805 0.024322697748791991 -0.021174870604462 -0.023499966896521191 -0.011714533470069623 0.0084383687044199181 0.071292964042806536 -0.025789619678494982 0.02119050370844211
leaf_weight=6.9807645995169869 4.2011292800307265 2.8380067273974419 5.9823379460722235 108.30725205782801 5.90094986278564 5.1323359981179228 5.0388304702937603 4.0826472565531713 1.865274315699933 6.3060898035764694 2.0737971235066652 3.3075423166155815 2.8506693486124268 9.6432323772460204
leaf_count=59 44 22 54 965 59 41 36 28 30 53 21 33 28 103
internal_value=0.000521208 -0.000372025 0.00865631 -0.00300711 0.00279023 0.0101285 0.0200525 0.00387851 -0.00425668 0.0123767 0.0322195 0.0521889 -0.00620908 0.00935446
internal_weight=174.511 170.31 33.1179 137.192 26.1371 20.1548 14.2538 9.12148 134.354 13.5527 7.24661 5.38134 120.801 12.4939
internal_count=1576 1532 277 1255 218 164 105 64 1233 137 84 54 1096 131
cat_boundaries=0 1
cat_threshold=135523
is_linear=0
shrinkage=0.05


Tree=474
num_leaves=15
num_cat=0
split_feature=25 11 12 13 18 27 11 12 16 30 27 15 19 4
split_gain=2.1289 4.38128 3.18368 2.30555 1.98918 2.27399 3.08971 3.37935 3.33035 2.25364 2.17268 2.15742 1.99641 1.94134
threshold=1434.5000000000002 11.00714285714286 -1.4499999999999997 1.0000000180025095e-35 31.400000000000006 0.29027777777777786 15.264285714285716 1.1500000000000001 16.050000000000004 0.20714285714285716 0.25320512820512825 5.7500000000000009 35.500000000000007 0.053728770740000008
decision_type=8 8 10 8 10 10 10 10 8 10 10 10 10 2
left_child=4 2 3 -2 5 10 7 8 13 -6 11 -1 -8 -7
right_child=1 -3 -4 -5 9 6 12 -9 -10 -11 -12 -13 -14 -15
leaf_value=-0.001531117098785317 0.036033799043691354 -0.028025007073890607 0.048640495234614695 -0.0090920772572565377 -0.023625325380710556 0.027892619293291839 -8.6830931416531203e-06 -0.023509746233243076 0.034397847478379859 0.023954995201366312 -0.037999588094503614 0.02614411644577741 0.056521798739016971 -0.006753495799945353
leaf_weight=54.414718765765429 2.3168691396713266 16.905805851332843 2.5269889123737803 18.455945005640395 10.687536830082534 4.3493690155446592 2.090374667197465 6.0898553971201173 11.987720606848596 2.2955033071339122 2.5860889703035346 7.0739799141883841 5.1728938557207584 15.601909847930072
leaf_count=521 24 202 28 182 122 42 16 52 117 17 15 58 54 126
internal_value=0.000435286 -0.00940725 0.00469876 -0.00263519 0.0037197 0.00594384 0.0143876 0.00812619 0.0146889 -0.0141012 -0.000154119 0.00202022 0.0422201 0.00177015
internal_weight=162.556 40.2056 23.2998 20.7728 122.35 109.367 45.2921 38.0289 31.939 12.983 64.0748 61.4887 7.26327 19.9513
internal_count=1576 436 234 206 1140 1001 407 337 285 139 594 579 70 168
is_linear=0
shrinkage=0.05


Tree=475
num_leaves=15
num_cat=0
split_feature=3 22 13 9 33 14 14 2 10 17 18 18 14 0
split_gain=3.90936 4.10225 3.1005 3.11017 3.10847 4.85833 4.70951 4.63636 3.90337 3.19597 3.4034 3.7713 3.32679 3.89638
threshold=-0.83375966452616657 40.500000000000007 0.45000000000000007 13.15 0.052777777777777785 -10.664310344827589 -8.8680000000000003 -0.97113884758256674 29.850000000000005 12.500000000000002 0.35000000000000003 8.0500000000000025 15.658333333333335 50.769356000000009
decision_type=2 2 8 10 10 8 8 2 10 8 8 8 10 2
left_child=1 -1 -2 4 6 -6 -4 -8 -7 12 -11 -12 -9 -14
right_child=2 -3 3 -5 5 8 7 9 -10 10 11 -13 13 -15
leaf_value=-0.028303870731857333 -0.03494971680997179 0.035216481862720923 -0.03602659512132874 -0.035509697133811038 0.042208012055321792 -0.034676699258422435 -0.019633590956569993 0.033952535264328329 0.031224808741248129 0.027294875543745822 -0.039054069026003474 0.0075508420876417657 0.022816659570150524 -0.036440495328166164
leaf_weight=14.377091644331815 3.2935165138915181 2.1606464684009543 3.6434169155545533 2.922180598601698 2.6156044248491526 10.890739266294984 7.4998392229899755 38.714619095437229 1.9474526159465302 11.198231650516393 5.1344729382544783 14.047343277838079 6.6897510755807144 3.3411581590771675
leaf_count=266 119 8 100 63 19 175 105 270 6 57 113 176 44 55
internal_value=0.00353385 -0.0184701 0.00691947 0.0084959 0.0100335 -0.0101916 0.0135698 0.0160431 -0.0231459 0.0196275 0.00659633 -0.00624106 0.0274532 0.00156474
internal_weight=128.476 16.5377 111.938 108.645 105.723 15.4538 90.2688 86.6254 12.8382 79.1256 30.38 19.1818 48.7455 10.0309
internal_count=1576 274 1302 1183 1120 200 920 820 181 715 346 289 369 99
is_linear=0
shrinkage=0.05


Tree=476
num_leaves=15
num_cat=1
split_feature=5 19 12 18 1 18 8 3 30 9 29 25 18 8
split_gain=3.45308 2.27899 3.17308 2.78716 4.40859 3.14602 2.67268 2.66687 3.21711 2.45434 2.31711 1.71145 1.60957 1.60948
threshold=0 171.30000000000004 2.9500000000000006 10.950000000000001 -79.923859419999985 9.9500000000000011 17.950000000000003 -0.54940789553007929 1.0000000180025095e-35 12.550000000000002 0.20753588516746413 2515.5000000000005 31.400000000000006 10.750000000000002
decision_type=9 10 10 10 2 10 10 2 8 10 8 10 10 10
left_child=1 3 -3 4 5 9 7 10 12 -1 -5 -2 13 -9
right_child=11 2 -4 6 -6 -7 -8 8 -10 -11 -12 -13 -14 -15
leaf_value=0.0020404330481110945 -0.03360208142519408 -0.0067472912344008476 0.055535144562969319 -0.0007938099445436728 0.032684918155950683 0.052574462654855048 -0.041089920046270378 -0.032306052826282079 -0.03704202833988636 -0.033485108582968805 0.04159564405190519 0.013579101086645205 0.020175083588609134 0.012191933576258829
leaf_weight=63.074356757570058 13.139761135447769 3.2825382929295293 3.6884424574673176 10.411905961111184 12.597575464285908 1.8931442312896241 4.7190368613228193 3.7106372010894138 8.4645858053117973 4.2613405566662541 3.6462502521462747 1.6722456775605667 5.3937706742435694 2.8499847501516342
leaf_count=695 313 38 20 73 91 17 46 60 93 42 30 11 32 15
internal_value=-0.000235615 0.00291349 0.0290401 0.00142169 0.00665372 0.00151887 -0.00939457 -0.00402037 -0.0152592 -0.000664911 0.0122329 -0.0170013 0.00183347 -0.0139199
internal_weight=142.806 127.994 6.97098 121.023 81.8264 69.2288 39.1962 34.4771 20.419 67.3357 14.0582 14.812 11.9544 6.56062
internal_count=1576 1252 58 1194 845 754 349 303 200 737 103 324 107 75
cat_boundaries=0 1
cat_threshold=195
is_linear=0
shrinkage=0.05


Tree=477
num_leaves=15
num_cat=0
split_feature=19 25 18 32 13 18 0 1 16 14 8 16 21 13
split_gain=3.14064 4.21932 4.00636 3.80622 3.49753 3.2298 3.15245 4.82217 3.09372 4.17118 3.5725 5.8085 5.80782 5.05002
threshold=40.050000000000004 818.00000000000011 2.0500000000000003 0.091287878787878807 8.1500000000000004 0.55000000000000016 51.591297850000011 -120.66936499999998 9.7500000000000018 -9.5284615384615368 14.550000000000002 27.050000000000004 2.5000000000000004 21.150000000000002
decision_type=8 10 8 8 10 8 2 2 8 10 10 8 2 10
left_child=1 2 3 5 -3 -1 -5 -8 9 -2 12 -12 -10 -14
right_child=8 4 -4 6 -6 -7 7 -9 10 -11 11 -13 13 -15
leaf_value=-0.043357864878187567 -0.019027116797008178 -0.022191586253347707 -0.031894830404070686 -0.016259098252416462 0.022017161024692665 0.0076358454201814951 -0.031508527211350251 0.045263274151483339 -0.028977429957784587 0.045836846226734063 0.05220129208016501 -0.00021441341959668378 0.017422914541885104 -0.03901400639647027
leaf_weight=7.0056464001536378 2.7906843516975641 5.3701265212148455 23.245137208141387 5.3325109761208287 14.550447301007805 4.6458994047716269 1.8888633903115977 7.7729226835072032 17.597149637993425 7.9110961314290744 6.6609091144055128 17.019358102697883 21.327967263758186 3.8454117793589822
leaf_count=80 33 54 332 73 92 43 31 61 275 36 33 194 181 58
internal_value=-0.00189041 -0.00950652 -0.0171776 -0.00364938 0.00960841 -0.0240284 0.0126987 0.028707 0.00503449 0.0287418 0.000846951 0.0160471 -0.00774307 0.00764056
internal_weight=146.964 69.8116 49.891 26.6458 19.9206 11.6515 14.9943 9.66179 77.1526 10.7018 66.4508 23.6803 42.7705 25.1734
internal_count=1576 766 620 288 146 123 165 92 810 69 741 227 514 239
is_linear=0
shrinkage=0.05


Tree=478
num_leaves=15
num_cat=0
split_feature=0 17 25 11 11 10 27 24 25 27 15 28 25 8
split_gain=3.50589 4.37485 4.73793 3.62622 3.11909 3.6231 3.67123 3.10896 2.72942 3.35072 3.26972 2.63283 3.03867 4.50319
threshold=57.193717915000001 17.500000000000004 125.50000000000001 -11.657142857142857 11.832142857142861 16.400000000000002 0.51940476190476204 2.5000000000000004 71.500000000000014 0.25320512820512825 -15.649999999999997 0.18217893217893219 37.500000000000007 14.65
decision_type=2 8 10 10 10 8 8 2 10 8 10 10 10 8
left_child=1 2 11 -4 -5 -6 -7 8 10 -10 -3 12 13 -1
right_child=-2 7 3 4 5 6 -8 -9 9 -11 -12 -13 -14 -15
leaf_value=0.010925690000284061 -0.034080990589975366 0.030955590236046934 0.020225524062814377 -0.034674885669183697 0.037695392800594682 -0.036849874217490579 0.0079064634219671599 -0.020047985427082263 0.072307194302328903 0.01634096739475243 -0.017240233455904815 -0.026613719679011296 0.02714795590553969 -0.023060358550676199
leaf_weight=36.301393118221313 6.1884274277836075 6.4033068306744099 5.4620411507785311 18.898034043144435 2.9157364461570978 8.4939647004939669 8.2921758480370027 3.5592565089464179 4.4841692848131034 6.7616241350770006 5.8121164627373272 4.8881807457655659 15.193971345201133 12.201130745932458
leaf_count=260 86 39 76 267 25 171 60 51 52 52 38 170 128 101
internal_value=-2.23239e-05 0.00171831 -0.00265731 -0.0152688 -0.0206753 -0.00622059 -0.0155392 0.0194038 0.0259639 0.0427394 0.00845461 0.00554788 0.00838923 0.00208314
internal_weight=145.856 139.667 112.647 44.062 38.5999 19.7019 16.7861 27.0205 23.4612 11.2458 12.2154 68.5847 63.6965 48.5025
internal_count=1576 1490 1258 599 523 256 231 232 181 104 77 659 489 361
is_linear=0
shrinkage=0.05


Tree=479
num_leaves=15
num_cat=1
split_feature=6 1 15 15 3 19 18 9 9 9 3 4 31 19
split_gain=4.9153 6.53016 3.65071 6.63977 3.26847 3.26841 4.53331 2.75554 3.8417 2.9101 2.61837 2.6053 2.5536 4.01694
threshold=0 -122.61013849999999 1.0500000000000003 -4.0499999999999989 -0.67168186667784702 38.650000000000013 5.3500000000000014 -0.6499999999999998 -3.0499999999999994 3.7500000000000004 -0.074115882986646633 0.18041693051500005 0.0094347826086956538 14.950000000000001
decision_type=9 2 10 10 2 10 10 10 10 8 2 2 8 8
left_child=2 -2 3 4 -1 -4 -7 8 10 11 -6 -9 -3 -14
right_child=1 12 5 -5 7 6 -8 9 -10 -11 -12 -13 13 -15
leaf_value=-0.038299272898772996 0.031011964852133485 -0.039716963459941468 0.035861044342622987 -0.041964981152162573 -0.035401406322876576 -0.030192486222699651 0.020161376169691544 0.0053527842101575469 -0.039905056161881593 -0.013087472150960741 0.0089693786430912262 0.058878521597566069 0.019066153039677722 -0.027424666722920099
leaf_weight=3.3751329351216546 4.9743899144232264 16.780737734399736 13.365322360768916 8.1581832971423847 2.6284007467329422 5.6764280498027828 12.572295687161384 3.8449969338253123 4.1837755572050872 2.9937593266367903 41.066217049024999 5.4553453614935279 6.0925345718860653 13.058873861096798
leaf_count=35 47 403 68 129 33 50 91 28 49 30 284 24 61 244
internal_value=-0.00234241 -0.0148585 0.00377075 -0.00214758 0.00353508 0.0180049 0.00374353 0.00646934 0.000859244 0.0266093 0.00556795 0.0394177 -0.0258996 -0.0124226
internal_weight=144.226 40.9065 103.32 71.7058 63.5476 31.614 18.2487 60.1725 47.8784 12.2941 43.6946 9.30034 35.9321 19.1514
internal_count=1576 755 821 612 483 209 141 448 366 82 317 52 708 305
cat_boundaries=0 1
cat_threshold=84544
is_linear=0
shrinkage=0.05


Tree=480
num_leaves=15
num_cat=0
split_feature=9 9 1 11 9 3 30 9 4 9 3 14 12 32
split_gain=2.8681 4.51065 5.38274 3.29318 2.79992 4.13772 5.56591 3.9279 3.46729 3.16086 3.01153 2.79073 2.81762 2.97818
threshold=10.250000000000002 12.450000000000001 -113.35169699999999 21.664285714285715 2.4500000000000006 0.14888728888808328 0.11237373737373739 0.90000000000000013 5.6482298008950016 -2.3499999999999992 0.99138911339924218 14.731666666666669 7.6500000000000012 0.23065476190476195
decision_type=10 8 2 10 10 2 8 10 2 8 2 10 8 8
left_child=4 2 -2 -3 5 6 9 10 11 -1 -7 -6 13 -13
right_child=1 3 -4 -5 8 7 -8 -9 -10 -11 -12 12 -14 -15
leaf_value=0.016360725084959123 -0.0030978488619648695 -0.016907477439970741 0.064078371589467192 0.040351038638020947 -0.033552813286733513 -0.013350222892964066 0.032379225482220317 0.04253420076684096 0.036023821221313097 -0.025646130836100997 0.028293460252929545 -0.021282132996166724 -0.03745719939627646 0.028876195812828843
leaf_weight=7.1065706200897694 5.0341806723736227 11.585273100994529 6.0136021915823203 2.1521764481440178 18.247500945813954 60.114914521574974 17.394615244120359 2.7121414523571721 1.9768305364996184 9.1530802296474594 3.7461269078776231 3.9974214704707238 3.4373369663953772 6.4591796379536399
leaf_count=44 49 142 47 20 248 581 116 31 21 96 33 54 40 51
internal_value=-0.00191396 0.013385 0.0357516 -0.00580776 -0.00481448 -0.000551973 0.0135004 -0.00775042 -0.0169639 -0.00740211 -0.0105088 -0.0212115 -0.00383869 0.00951739
internal_weight=159.131 24.7852 11.0478 13.7374 134.346 100.227 33.6543 66.5732 34.1183 16.2597 63.861 32.1414 13.8939 10.4566
internal_count=1573 258 96 162 1315 901 256 645 414 140 614 393 145 105
is_linear=0
shrinkage=0.05


Tree=481
num_leaves=15
num_cat=1
split_feature=6 18 4 1 13 29 1 2 1 13 25 18 14 9
split_gain=2.01147 1.80166 2.18636 3.0781 1.97304 1.88219 2.40816 1.78266 1.74858 1.72028 1.59849 2.93957 2.4265 2.46121
threshold=0 0.15000000000000005 0.078404639370000015 -113.88444999999997 16.150000000000002 0.028174603174603179 -66.053018999999992 0.1849296026015865 -66.794485499999993 14.950000000000001 34.500000000000007 6.0500000000000016 -6.8983333333333325 -7.5999999999999988
decision_type=9 10 2 2 10 10 2 2 2 10 8 8 8 10
left_child=8 2 4 9 -2 6 -3 -7 10 -4 11 -1 -12 -14
right_child=1 5 3 -5 -6 7 -8 -9 -10 -11 12 -13 13 -15
leaf_value=0.034500425521193971 -0.028543184709217403 -0.016797660570113684 0.048838841317667303 -0.011170700035763278 0.019408791073307154 -0.010920058699125771 0.017749872051767489 0.036268503161351148 0.039918567439431785 -9.7563029630184375e-05 -0.015314080728084543 -0.0068286144524694796 0.024876607252096793 0.00056356156674623726
leaf_weight=9.6094879172742385 5.3846221715211895 46.791479787789285 5.7755509000271559 4.9691687524318668 2.3892182223498821 3.2139677181839934 4.8216653764247885 3.1052808444947004 2.6097243577241889 2.4381202440708876 16.359831288456917 6.7610010877251616 12.322012726217507 47.826965525746346
leaf_count=79 41 474 53 44 24 41 30 45 19 28 113 64 96 422
internal_value=0.000576275 -0.00499658 0.00671495 0.0186066 -0.0132732 -0.0101231 -0.0132942 0.0140555 0.00516676 0.0358787 0.00432586 0.0180211 0.00120081 0.00586966
internal_weight=174.378 78.8891 20.9567 13.1828 7.77384 57.9324 51.6131 6.31925 95.489 8.21367 92.8793 16.3705 76.5088 60.149
internal_count=1573 780 190 125 65 590 504 86 793 81 774 143 631 518
cat_boundaries=0 1
cat_threshold=282667
is_linear=0
shrinkage=0.05


Tree=482
num_leaves=15
num_cat=1
split_feature=6 1 25 32 4 25 2 25 24 32 2 11 15 2
split_gain=1.67585 2.64966 3.85025 2.51934 2.98061 2.57237 2.85795 2.07588 2.30378 2.00484 2.66781 2.01157 2.5681 3.34477
threshold=0 -121.94466081999998 23.500000000000004 0.52777777777777779 0.0096261845900000014 7.5000000000000009 -0.78856175031405207 113.50000000000001 1.5000000000000002 0.21825396825396828 0.48314048284850658 16.178571428571434 6.2500000000000009 -0.73866753694953124
decision_type=9 2 10 10 2 10 2 10 2 10 2 8 10 2
left_child=9 2 -2 4 -3 6 -6 -4 -9 11 -11 -1 -13 -14
right_child=1 3 7 -5 5 -7 -8 8 -10 10 -12 12 13 -15
leaf_value=0.0019472577296600917 -0.026809613730676092 0.032345594692771422 0.056110965220891575 0.035049823923128186 0.046154392909479029 -0.028601192873625749 -0.01383977337582851 0.033604285934436547 -0.025490401404254431 -0.031431700028191255 0.015047476077574229 0.029301509718302005 0.032363115884878994 -0.019485738961414794
leaf_weight=75.188446259126067 3.4188290983438474 1.9404051024466742 3.2457779031246901 1.5316582638770331 1.7903291229158638 25.309486317448318 5.9217059109359971 2.4580366685986519 2.1872817203402519 7.3891344200819713 4.1277372725307941 16.830339167267088 3.8563735485076904 7.6543849632143957
leaf_count=591 37 31 31 28 28 340 96 28 18 75 38 157 27 48
internal_value=0.00056087 -0.00647786 0.0125693 -0.0142864 -0.0173623 -0.0211481 0.00378684 0.0307267 0.0061927 0.00375115 -0.0149019 0.00630774 0.0174154 -0.000916787
internal_weight=162.85 47.8035 11.3099 36.4936 34.9619 33.0215 7.71204 7.8911 4.64532 115.046 11.5169 103.53 28.3411 11.5108
internal_count=1573 637 114 523 495 464 124 77 46 936 113 823 232 75
cat_boundaries=0 1
cat_threshold=202824
is_linear=0
shrinkage=0.05


Tree=483
num_leaves=15
num_cat=0
split_feature=4 9 3 33 3 4 19 14 33 16 13 17 32 19
split_gain=2.98922 4.39215 2.78604 6.40851 3.06051 3.59986 3.94128 3.20791 2.77131 2.75071 3.66155 3.60447 5.97535 3.88416
threshold=0.024450391700000001 -38.899999999999991 0.84199059757024453 0.14950525664811382 -0.83375966452616657 0.190016059855 44.850000000000009 -8.8680000000000003 0.062916666666666676 28.350000000000005 29.050000000000004 12.500000000000002 0.040382205513784471 10.850000000000003
decision_type=2 8 2 10 2 2 8 8 10 10 10 8 10 10
left_child=1 -1 4 -4 5 -2 -7 -6 9 11 -11 -9 13 -13
right_child=2 -3 3 -5 7 6 -8 8 -10 10 -12 12 -14 -15
leaf_value=0.043968795714633691 -0.040405883956634303 -0.040577085340151628 -0.041090653818181312 0.037492508142538059 -0.034357867271019422 0.030685905346219962 -0.033825964898857065 0.030195684363621435 -0.013235174809255255 -0.023396361504524114 0.016187516707151805 0.0082015832603042783 0.033377734799365434 -0.04113325135862312
leaf_weight=1.0358507391065359 6.1489611258730283 6.9515770468860856 7.925305000972001 2.768769905436784 3.0124968704767525 5.3967409282922718 2.7888447148725399 34.794226282276213 9.2849872359074634 9.1170659754425305 12.826867826282976 7.9651364609599131 9.7827407540753466 6.4819154660217464
leaf_count=2 126 190 217 29 83 32 77 231 117 136 81 60 72 120
internal_value=0.00188816 -0.0259404 0.00396889 -0.0192787 0.00643565 -0.0143944 0.00741689 0.00975589 0.0115887 0.0145621 -0.000561363 0.0201004 0.00498126 -0.0151632
internal_weight=126.281 7.98743 118.294 10.6941 107.6 14.3345 8.18559 93.2654 90.2529 80.968 21.9439 59.024 24.2298 14.4471
internal_count=1573 192 1381 246 1135 235 109 900 817 700 217 483 252 180
is_linear=0
shrinkage=0.05


Tree=484
num_leaves=15
num_cat=0
split_feature=24 23 2 2 32 19 11 25 16 15 19 31 1 2
split_gain=3.96845 4.07933 3.53886 3.12832 3.34985 2.97165 3.65212 2.91354 2.86383 2.63952 3.79134 2.62312 2.44682 3.68595
threshold=1.0000000180025095e-35 12.500000000000002 0.31799963745711152 0.16799745313369893 0.70833333333333337 49.500000000000007 5.2452380952380961 83.500000000000014 30.150000000000002 2.9500000000000006 17.350000000000005 0.12731481481481485 -89.385641499999977 0.39827038710620805
decision_type=2 2 2 2 8 8 10 8 10 10 8 8 2 2
left_child=2 12 3 4 9 6 -4 -6 -9 10 -1 -8 -2 -14
right_child=1 -3 5 -5 7 -7 11 8 -10 -11 -12 -13 13 -15
leaf_value=-0.010575096522229507 -0.025526665498696678 0.035749544184131697 -0.019196931703930598 0.048760108151665343 0.03560291655760215 -0.026064470359859968 -0.0048041795073492412 -0.030680854706649077 0.0096469128534434571 0.0017982827544022453 0.03547787850217738 0.040801178464236157 -0.024814362532156162 0.030975443759294053
leaf_weight=5.1028669048100737 25.428811032092199 3.0440917313098899 8.4934979826211947 4.542915826663374 2.3338714987039593 11.977301435545085 5.1170068290084574 10.446532608009877 6.5302194822579613 18.166700368747115 21.230532018467784 6.4884457662701616 4.9298955984413606 4.9257538793608546
leaf_count=35 551 21 131 46 16 107 32 159 60 105 118 45 82 65
internal_value=0.000937636 -0.0125522 0.00615895 0.0125306 0.00923875 -0.00738724 0.00445066 -0.00787029 -0.0154948 0.0166729 0.0264934 0.0219072 -0.0175897 0.00335367
internal_weight=138.758 38.3286 100.43 68.3536 63.8107 32.0763 20.099 19.3106 16.9768 44.5001 26.3334 11.6055 35.2845 9.85565
internal_count=1573 719 854 539 493 315 208 235 219 258 153 77 698 147
is_linear=0
shrinkage=0.05


Tree=485
num_leaves=15
num_cat=0
split_feature=0 12 12 10 0 8 1 1 0 13 2 25 25 28
split_gain=4.2437 3.91107 4.50439 3.35975 4.57981 3.93561 2.81183 4.89223 4.84457 2.77017 2.69777 3.71641 3.3306 2.69633
threshold=56.176290000000002 -0.24999999999999997 -0.74999999999999989 23.950000000000003 54.859436390000006 16.650000000000002 -106.67119299999999 -111.26605249999999 50.255532250000009 21.750000000000004 -0.26866367175705824 40.500000000000007 1301.0000000000002 0.17283549783549787
decision_type=2 8 8 10 2 8 2 2 2 8 2 10 8 8
left_child=1 2 9 4 -3 -5 7 8 -7 10 11 -1 -13 -6
right_child=-2 3 -4 5 13 6 -8 -9 -10 -11 -12 12 -14 -15
leaf_value=0.017750743099208863 -0.025052699185380941 -0.029930719037178297 0.049575787690048612 0.048464467152998569 0.034614024673726124 0.022901740511927646 -0.030289721418829959 0.054110944638049031 -0.034697598696343084 -0.023298038546274772 0.01556775374362453 -0.042849123235809222 0.012196028819137499 -0.018995507313892563
leaf_weight=8.1375415520742553 14.539034837856887 22.053506279829893 5.5328081976622334 3.4849952436052263 4.6226692982017985 6.1521645644679701 5.6692066779360166 3.3175741340965041 6.5156684946268797 6.3199200546368948 46.516928732860833 7.113275192677972 3.6018324196338662 3.1839361237362027
leaf_count=104 191 331 30 21 24 38 94 17 56 73 416 118 28 32
internal_value=-0.000327657 0.00255873 0.00976367 -0.00755105 -0.018628 0.00581508 -0.00288502 0.0080451 -0.00709539 0.00605132 0.0091971 -0.00651422 -0.0248843 0.0130751
internal_weight=146.761 132.222 77.2223 54.9997 29.8601 25.1396 21.6546 15.9854 12.6678 71.6895 65.3696 18.8526 10.7151 7.80661
internal_count=1573 1382 769 613 387 226 205 111 94 739 666 250 146 56
is_linear=0
shrinkage=0.05


Tree=486
num_leaves=15
num_cat=1
split_feature=16 0 4 13 16 18 17 25 7 25 4 14 25 15
split_gain=3.67935 4.38371 3.84993 3.99574 3.44624 3.42093 3.61448 5.1534 3.86335 4.64234 3.26863 4.60064 3.43085 3.25548
threshold=5.9500000000000011 56.107204500000009 1.7004072075100003 2.7500000000000004 5.5500000000000007 49.050000000000004 16.500000000000004 201.00000000000003 0 56.500000000000007 0.38837367744500001 0.50540229885057508 71.500000000000014 0.95000000000000007
decision_type=10 2 2 10 8 10 10 10 1 10 2 10 10 10
left_child=2 5 3 4 -1 6 7 8 -2 -10 11 -8 -12 -11
right_child=1 -3 -4 -5 -6 -7 10 -9 9 13 12 -13 -14 -15
leaf_value=-0.019603724167757908 0.0070042640835247562 -0.037374437691656125 -0.034293175769407346 0.062777196228072152 0.028677291187034427 0.027385745075081066 0.024718019299706896 -0.026686969207843237 -0.039361256067010485 -0.02861780652521817 0.0027986389033882258 -0.030913697160111692 0.062752654065736144 0.046381432366111926
leaf_weight=5.0241889669559914 45.137340133078396 8.0485158674418908 2.1641747606918207 4.4402107736095777 8.9031762294471282 8.6045081345364434 6.6825949484482425 25.634602253325284 10.054780057631431 1.5273705273866642 4.4785399287939054 6.2047692099586129 4.3578437920659781 2.6932670194655657
leaf_count=71 291 132 22 26 82 86 52 400 189 48 37 67 28 42
internal_value=-0.000560991 -0.00385962 0.0185267 0.0261995 0.0111138 -0.00122059 -0.00375865 -0.00841162 -0.000215198 -0.0220065 0.014026 -0.00236384 0.0357399 0.0189577
internal_weight=143.956 123.424 20.5318 18.3676 13.9274 115.376 106.771 85.0474 59.4128 14.2754 21.7237 12.8874 8.83638 4.22064
internal_count=1573 1372 201 179 153 1240 1154 970 570 279 184 119 65 90
cat_boundaries=0 1
cat_threshold=1
is_linear=0
shrinkage=0.05


Tree=487
num_leaves=15
num_cat=1
split_feature=18 6 1 19 19 1 26 25 25 19 9 13 14 27
split_gain=4.85629 4.12984 6.51172 5.2107 8.17961 4.8362 4.22496 4.04778 4.70779 3.97234 3.97221 3.82768 2.81929 3.09668
threshold=26.100000000000005 0 -111.07369499999999 37.650000000000006 47.400000000000013 -117.48493624499999 0.025462962962962968 170.50000000000003 73.500000000000014 12.850000000000003 5.0500000000000007 2.9500000000000006 14.99331034482759 0.13782051282051286
decision_type=10 9 2 10 10 2 10 8 10 10 8 10 10 8
left_child=1 2 5 7 -5 11 -6 8 -3 -7 -8 -1 -13 -14
right_child=-2 3 -4 4 6 9 10 -9 -10 -11 -12 12 13 -15
leaf_value=-0.01140880098549675 -0.033816588578623928 -0.036673917961981738 0.043654064389459207 0.046360119131420352 -0.035182258069002506 0.0054771057217821439 0.048454518503803043 -0.044870318583161255 0.03337096312354719 -0.031934383328440459 -0.030707954286356122 0.025556755614868972 0.015104043978925286 -0.038181142666602948
leaf_weight=13.239712256006895 9.3941778447478992 3.5632102107629207 10.272104669362305 6.8891342310234931 9.1778911929577571 13.253885734826328 3.0124430628493419 13.408541752025483 4.0576423024758697 13.673224300146101 1.75628369115293 32.654693342745304 6.598736711777744 3.2679620180279025
leaf_count=125 215 81 42 60 168 87 17 197 29 176 36 254 41 45
internal_value=-0.00088223 0.0016446 0.00722416 -0.009981 0.00537839 0.00309425 -0.0166125 -0.0292831 0.000165598 -0.0139832 0.0190304 0.011442 0.0186557 -0.0044341
internal_weight=144.22 134.825 92.9603 41.8651 20.8358 82.6882 13.9466 21.0294 7.62085 26.9271 4.76873 55.7611 42.5214 9.8667
internal_count=1573 1358 770 588 281 728 221 307 110 263 53 465 340 86
cat_boundaries=0 1
cat_threshold=363072
is_linear=0
shrinkage=0.05


Tree=488
num_leaves=15
num_cat=0
split_feature=1 1 1 27 20 4 18 27 24 18 32 27 18 11
split_gain=2.40407 3.3004 4.39941 3.59124 3.33414 3.12615 3.44504 3.06038 3.0571 3.41114 2.82724 2.74687 2.39128 3.53958
threshold=-121.94475999999999 -121.28823719999998 -120.66916965499998 0.21817815839554974 2.5000000000000004 0.045400894735000009 4.3500000000000005 0.33454106280193241 2.5000000000000004 23.000000000000004 0.073593073593073599 0.40098039215686282 22.450000000000003 10.78571428571429
decision_type=2 2 2 10 2 2 10 10 2 10 8 10 8 8
left_child=-1 4 -3 12 -2 7 -7 -5 9 -8 -10 -6 -4 -14
right_child=1 2 3 5 11 6 8 -9 10 -11 -12 -13 13 -15
leaf_value=-0.023659969762821705 0.063194037977364059 -0.041976087765102796 -0.010550229338245105 0.017631064446212444 -0.033846884550922593 -0.001456514364562306 0.029920288307955224 -0.035862603754564196 0.072572984442633909 -0.022707866027419581 0.012199768726891021 0.022852484674261875 0.031909963923857587 -0.0098520369378220073
leaf_weight=11.00348860491067 2.8574795946478826 5.7347545595839611 69.518728216178715 3.8480592463165504 2.1168792764656246 13.677223974838851 7.8324467139318603 5.2699466487392783 5.0961066093295786 3.844439534470439 3.5409135157242426 5.8829876407980919 8.2381736142560822 10.485700094141068
leaf_count=158 18 86 625 46 42 153 67 67 35 38 30 45 58 119
internal_value=-0.0021393 -0.000390572 -0.00256173 -0.000536759 0.0249269 0.0111386 0.0180244 -0.0137755 0.0305938 0.0121688 0.0516561 0.00575528 -0.00630144 0.00920875
internal_weight=158.947 147.944 137.086 131.352 10.8573 43.1091 33.9911 9.11801 20.3139 11.6769 8.63702 7.99987 88.2426 18.7239
internal_count=1587 1429 1324 1238 105 436 323 113 170 105 65 87 802 177
is_linear=0
shrinkage=0.05


Tree=489
num_leaves=15
num_cat=0
split_feature=8 27 3 0 0 12 24 16 27 0 1 1 20 30
split_gain=1.49814 3.17028 2.72697 1.97665 1.45276 2.0278 1.93794 2.59986 3.16123 1.80365 1.94175 1.76991 3.11289 2.35238
threshold=-16.249999999999996 0.63961038961038963 0.75438814418115718 55.869086500000009 45.290330000000004 12.050000000000002 2.5000000000000004 30.950000000000003 0.07417582417582419 51.865352000000009 -112.31966999999999 -66.551284699999982 8.5000000000000018 0.52450980392156865
decision_type=10 10 2 2 2 8 2 8 10 2 2 2 2 8
left_child=1 2 -1 -4 5 11 -6 8 -8 -10 -11 12 13 -2
right_child=4 -3 3 -5 6 -7 7 -9 9 10 -12 -13 -14 -15
leaf_value=0.021911176853408758 0.047792171525273805 0.05387351905521124 0.0043378938641646094 -0.032207227085432159 -0.0067542211135074694 -0.026668094399341948 0.031899995328896945 0.036956264830972196 -0.027533060097828101 -0.0057696426974859234 0.034555283595108101 0.037496843077279102 -0.032436443187691476 -0.0047051009961468632
leaf_weight=11.54034229740501 3.1920546069741285 2.8171150498092166 9.2920018900185806 4.9372114092111579 92.433891185559332 2.0743574220687178 5.5677229613065746 4.9882863350212565 6.5425639897584942 16.000388571992524 2.6228207424282983 5.9515182003378841 2.9744273805990815 4.0171641483902931
leaf_count=98 41 25 62 37 901 21 49 45 67 120 20 42 26 33
internal_value=0.00102023 0.0112834 0.00478895 -0.00962463 -0.00104726 0.0117909 -0.00294859 0.00681466 0.00091203 -0.00690094 0.00138109 0.018003 0.00427632 0.0215296
internal_weight=174.952 28.5867 25.7696 14.2292 146.365 18.2095 128.156 35.7218 30.7335 25.1658 18.6232 16.1352 10.1836 7.20922
internal_count=1587 222 197 99 1365 163 1202 301 256 207 140 142 100 74
is_linear=0
shrinkage=0.05


Tree=490
num_leaves=15
num_cat=1
split_feature=28 3 2 18 4 13 3 16 19 1 4 7 16 9
split_gain=1.40454 5.12264 3.14027 2.54654 2.42023 3.04537 4.49578 2.39668 3.01133 3.54877 2.22288 2.13917 2.34935 2.02453
threshold=0.24010025062656645 0.88117331841669433 -0.76694339346796603 13.550000000000002 0.085737708015000011 13.050000000000002 0.6174544326165855 9.9500000000000011 19.850000000000005 -112.27863499999998 0.93382592206000015 0 29.650000000000002 -20.449999999999996
decision_type=10 2 2 10 2 8 2 10 10 2 2 1 10 8
left_child=4 2 3 -2 5 6 -1 13 9 -9 -10 -12 -13 -6
right_child=1 -3 -4 -5 7 -7 -8 8 10 -11 11 12 -14 -15
leaf_value=0.073873361064059381 -0.0070314278101118012 0.030317438730620622 -0.021278203518048214 0.036993611155426924 0.013683032717160199 0.0017599510578528502 0.011648643731218253 0.038619287742918652 -0.010867970351878652 -0.011103734161329232 0.038227813892587642 -0.023848282139941696 0.036113649522124029 -0.024932717132517827
leaf_weight=3.3782733716070643 9.8965713717043382 6.9970682673156253 32.582647075876594 3.7474204376339904 3.6030096672475338 22.370715239085257 10.092292173765598 9.4078785721212608 29.727264055982232 4.9143727589398614 4.3140981122851372 4.1226348085328919 1.4133459664881227 15.171890601515772
leaf_count=39 74 58 243 29 33 262 95 88 349 52 30 64 20 151
internal_value=-0.000301731 -0.00688116 -0.0130344 0.00676085 0.00295865 0.0134029 0.0312806 -0.0023042 0.00310504 0.0219467 -0.00408622 0.0154962 -0.0053567 -0.0172049
internal_weight=161.739 53.2237 46.2266 13.644 108.516 35.8413 13.4706 72.6745 53.8996 14.3223 39.5773 9.85008 5.53598 18.7749
internal_count=1587 404 346 103 1183 396 134 787 603 140 463 114 84 184
cat_boundaries=0 1
cat_threshold=2
is_linear=0
shrinkage=0.05


Tree=491
num_leaves=15
num_cat=0
split_feature=12 26 8 18 11 1 15 18 18 18 18 17 17 11
split_gain=3.36217 4.18268 9.01854 3.32246 4.0026 3.21781 2.70905 2.6038 4.71513 5.47682 4.5175 2.76704 2.72844 3.98663
threshold=-33.349999999999987 0.13484848484848486 16.950000000000003 25.950000000000003 5.7428571428571438 -111.30526149999999 -4.1499999999999995 3.7000000000000006 2.5500000000000007 0.25000000000000006 32.100000000000009 16.500000000000004 1.0000000180025095e-35 4.5928571428571443
decision_type=8 8 10 10 8 2 10 10 10 10 10 10 8 8
left_child=-1 7 3 -3 -5 -4 -7 8 9 12 11 -9 -2 -14
right_child=1 2 5 4 -6 6 -8 10 -10 -11 -12 -13 13 -15
leaf_value=0.030833591888920254 -0.02114261632976348 -0.03750666191375962 0.040260932899033493 0.044779532857047763 -0.032754218569783576 0.035391302342597929 -0.035361757183469553 -0.030463326101571854 0.038790267503117704 -0.040398039460191472 0.019828808906307907 0.014018097137240738 -0.019378314773899299 0.028298206258522252
leaf_weight=5.912457812577486 4.7961512263864305 26.412091577425603 6.6044700387865305 2.319899693131446 2.3645564895123243 1.1287835948169229 2.9152364172041398 16.296641674824066 9.7379484800621849 5.6058939839713267 8.4928215430118126 3.750640374608337 4.9601626675575972 17.585185591131452
leaf_count=44 59 539 34 17 57 3 67 301 47 115 111 37 62 94
internal_value=-0.00306988 -0.00509924 -0.0174669 -0.0308343 0.00676584 0.0208657 -0.0125117 0.00229088 0.0100159 0.00061915 -0.00921077 -0.0218707 0.0101577 0.0174314
internal_weight=118.883 112.97 41.745 31.0965 4.68446 10.6485 4.04402 71.2254 42.6853 32.9474 28.5401 20.0473 27.3415 22.5453
internal_count=1587 1543 717 613 74 104 70 826 377 330 449 338 215 156
is_linear=0
shrinkage=0.05


Tree=492
num_leaves=15
num_cat=0
split_feature=24 21 10 14 25 9 14 1 25 0 10 20 25 11
split_gain=5.03137 3.36864 2.65989 6.09318 3.50676 4.22324 2.97148 2.90211 2.79644 2.68121 2.60787 2.49663 2.4932 2.43007
threshold=1.0000000180025095e-35 11.500000000000002 26.850000000000005 16.993333333333336 1778.0000000000002 2.8500000000000001 8.8349999999999991 -111.75886953999999 398.50000000000006 49.091015100000007 1.5500000000000003 8.5000000000000018 3071.5000000000005 -10.064285714285715
decision_type=2 2 10 10 8 10 8 2 10 2 8 2 10 8
left_child=2 -2 3 4 5 7 -7 10 11 -9 13 -8 -6 -1
right_child=1 -3 -4 -5 12 6 8 9 -10 -11 -12 -13 -14 -15
leaf_value=0.032182509032325869 -0.021811565306431059 0.021202953138726461 -0.017992260797507872 0.039114837755907197 -0.018013278249145597 -0.038081805278625487 0.0404740691383026 0.02176138890550653 -0.016726990201225485 -0.027682522235441216 0.037070054204554469 -0.010424392031112274 0.024162872957950023 -0.029654388255005909
leaf_weight=1.7648914810270069 32.626837801188231 4.4505267050117245 10.319429219700394 12.273796156048773 23.11941389460117 4.8192943390458822 5.3301251959055715 4.4817741345614213 8.1977454423904401 4.501967522315681 19.507375176995989 3.3425723873078823 3.2100358624011269 2.7551762219518441
leaf_count=20 675 45 72 79 304 28 32 38 44 48 124 22 19 37
internal_value=-0.000668988 -0.0162271 0.00499974 0.00770647 0.00253016 0.0096999 -0.00725097 0.0207231 0.00319447 -0.00330711 0.029481 0.0218075 -0.0121753 -0.00405363
internal_weight=140.701 37.0774 103.624 93.3042 81.0304 54.7009 21.6897 33.0112 16.8704 8.98374 24.0274 8.6727 26.3294 4.52007
internal_count=1587 720 867 795 716 393 126 267 98 86 181 54 323 57
is_linear=0
shrinkage=0.05


Tree=493
num_leaves=15
num_cat=0
split_feature=0 26 32 11 1 25 10 9 16 1 18 18 19 25
split_gain=2.39344 5.39362 3.85399 5.49202 3.45536 4.9831 4.31244 3.48442 3.21852 3.18749 3.14123 3.54271 6.51721 3.1249
threshold=53.541850000000004 0.036149825783972127 0.048809523809523817 13.921428571428573 -111.23865799999999 554.50000000000011 22.650000000000002 -3.4499999999999997 26.550000000000004 -108.71547499999998 0.15000000000000005 6.9500000000000011 118.00000000000001 1652.0000000000002
decision_type=2 10 10 10 2 8 10 8 10 2 10 10 10 8
left_child=4 -2 3 -3 7 6 -6 -1 -9 -7 -11 13 -13 -12
right_child=1 2 -4 -5 5 9 -8 8 -10 10 11 12 -14 -15
leaf_value=0.032324117052264366 -0.019874749349685542 -0.035334150367885286 0.02923784069160125 0.037308076043919253 -0.042776330592441403 -0.035506445508915171 0.0069886977970130132 -0.01341886250446526 0.016841318386110245 -0.021300000403084125 0.005205873262489346 -0.028701392742059829 0.054510411298259176 0.064926719336091884
leaf_weight=17.365216567181051 31.568421508185565 6.634934678673746 12.416990410536526 2.9985271766781807 10.581681091338398 2.4093538876622942 6.5772302490659049 13.394069760106502 21.753718662075698 3.6604928867891458 3.5166357411071667 5.6280036717653257 2.6485163941979408 5.7615091558545837
leaf_count=106 432 70 75 16 237 33 85 127 155 48 39 90 26 48
internal_value=0.00146343 -0.00687678 0.0117866 -0.0113412 0.00627877 -0.00458614 -0.0243664 0.0146449 0.0052576 0.0101867 0.0167407 0.0253933 0.000932375 0.0449999
internal_weight=146.915 53.6189 22.0505 9.63346 93.2964 40.7834 17.1589 52.513 35.1478 23.6245 21.2152 17.5547 8.27652 9.27814
internal_count=1587 593 161 86 994 606 322 388 282 284 251 203 116 87
is_linear=0
shrinkage=0.05


Tree=494
num_leaves=15
num_cat=0
split_feature=25 3 16 16 3 20 10 0 12 25 12 8 15 14
split_gain=3.6972 3.00721 3.57679 3.55091 3.5996 3.48843 3.43967 3.7527 3.67649 3.39692 3.37938 3.29893 3.22258 2.6273
threshold=1837.5000000000002 0.97832380634958016 24.450000000000003 22.750000000000004 -0.80417042486635371 51.500000000000007 13.450000000000001 56.325084000000011 -5.5499999999999989 9.5000000000000018 -1.8499999999999999 17.950000000000003 6.2500000000000009 -1.6433333333333333
decision_type=10 2 10 10 2 2 10 2 10 8 10 8 8 8
left_child=1 2 3 4 -1 9 7 13 -8 -4 -11 12 -12 -6
right_child=-2 -3 5 -5 6 -7 8 -9 -10 10 11 -13 -14 -15
leaf_value=0.054562058423331145 -0.038044404798358925 -0.037499100308168942 0.035507679084546849 0.040324052761869456 0.0036052830448472933 0.045433483068321595 0.020681970145885246 -0.024327280786950803 -0.04551862059760229 -0.037639222941045804 -0.0040885459831081 -0.025992098277847958 0.032939323613757336 0.02662944407315368
leaf_weight=2.8458022344857445 4.6540993712842456 3.4128367891535154 3.4125423124060026 8.5477464818395656 28.764045810792595 2.3515441082417956 2.4328939747065306 6.4945615520700803 5.3015849515795699 8.3810625919140858 29.840025099460043 12.318279044702647 6.2692959047853867 21.270215143449605
leaf_count=18 102 61 35 62 319 27 17 97 55 100 270 172 44 208
internal_value=0.00162586 0.00318692 0.00445356 0.0117019 0.00751769 -0.00435658 0.0046303 0.00900469 -0.0247113 -0.00701116 -0.0101354 -0.00471023 0.00305462 0.0137232
internal_weight=146.297 141.642 138.23 75.6569 67.1091 62.5727 64.2633 56.5288 7.73448 60.2212 56.8087 48.4276 36.1093 50.0343
internal_count=1587 1485 1424 776 714 648 696 624 72 621 586 486 314 527
is_linear=0
shrinkage=0.05


Tree=495
num_leaves=15
num_cat=0
split_feature=19 4 26 19 22 29 13 13 28 9 4 25 1 19
split_gain=2.60233 3.29325 3.02853 2.96756 3.68431 3.3055 2.45308 6.21084 3.51337 4.17136 4.20744 5.5034 4.22672 6.80282
threshold=72.500000000000014 0.01766809142 0.49242424242424249 70.050000000000026 7.5000000000000009 0.19022556390977446 2.1000000000000005 3.6500000000000008 0.55277777777777792 -1.1499999999999997 0.17324844380500001 488.50000000000006 -102.29688311499999 16.850000000000005
decision_type=10 2 10 10 2 8 8 8 10 8 2 10 2 10
left_child=3 -2 -3 4 6 -6 -1 -8 9 -9 12 -12 13 -11
right_child=1 2 -4 -5 5 -7 7 8 -10 10 11 -13 -14 -15
leaf_value=-0.016108186354604398 0.018381725765209772 -0.03103630627565759 0.0237969674770813 0.041870783000815891 -0.021589920424797359 0.029657475262480172 0.05232236651182734 -0.015602980242187118 0.035970856655148153 0.010305046604931452 0.03898927172475411 -0.02046887362555655 0.026372415093679553 -0.045423957374297844
leaf_weight=9.2715906193479896 5.424569004680964 15.852215369232001 2.203609417192637 4.0769520518369964 20.714211495593194 2.7861582059413186 6.842487403191627 22.284606210887432 7.4963140860199919 11.771787697449328 16.68641356006265 4.3044961709529153 7.9499319875612882 8.7867127526551467
leaf_count=125 43 325 23 22 262 15 40 250 42 77 144 53 58 108
internal_value=0.00148282 -0.0134271 -0.0234466 0.00441508 0.00279219 -0.0145516 0.00717146 0.00983377 0.00556062 0.00193433 0.00998225 0.0264202 -0.00260624 -0.0145157
internal_weight=146.452 23.4804 18.0558 122.972 118.895 23.5004 95.3943 86.1227 79.2803 71.7839 49.4993 20.9909 28.5084 20.5585
internal_count=1587 391 348 1196 1174 277 897 772 732 690 440 197 243 185
is_linear=0
shrinkage=0.05


Tree=496
num_leaves=15
num_cat=0
split_feature=3 3 25 27 10 15 33 25 15 10 11 27 12 16
split_gain=3.10987 3.25927 2.97839 3.85634 3.3223 5.48796 2.72031 3.74497 3.57598 6.23751 2.58448 3.07771 3.73573 2.54386
threshold=0.99138911339924218 0.82293497932636284 554.50000000000011 0.21392063492063493 12.750000000000002 -1.0000000180025095e-35 0.13412698412698415 182.50000000000003 3.0500000000000003 20.750000000000004 6.5785714285714292 0.33454106280193241 -9.7499999999999982 19.250000000000004
decision_type=2 2 8 8 10 10 10 10 10 10 8 8 10 10
left_child=1 2 3 -1 10 -6 7 8 9 13 11 -4 -13 -5
right_child=-2 -3 4 6 5 -7 -8 -9 -10 -11 -12 12 -14 -15
leaf_value=-0.02682734137632601 0.039261212451103075 -0.017880958340307795 0.033969763042504444 0.017813094308835938 -0.027221672208594158 0.013676025225889852 0.038170525231870041 -0.023009523926443492 -0.030194361893750906 0.063914703323434394 0.039161051794782568 0.014550511188546805 -0.03173638192642729 -0.015239128002191458
leaf_weight=14.618572168983517 4.114596306346356 21.675398538820446 8.004291135817768 11.849739227443942 12.165931524708865 20.771851422265172 3.6490415306761852 13.461006267927585 4.2737886719405642 4.2436395324766627 11.059201011434196 11.224022582173349 5.7797677405178538 9.6687390785664302
leaf_count=271 30 252 49 115 113 165 34 130 57 32 80 64 48 94
internal_value=0.000910483 -0.00037375 0.00264179 -0.00529074 0.00971614 -0.00178698 0.00180563 -0.00203436 0.00780445 0.0150009 0.019986 0.0103266 -0.00207176 0.00294475
internal_weight=156.56 152.445 130.77 61.7645 69.0051 32.9378 47.146 43.4969 30.0359 25.7621 36.0673 25.0081 17.0038 21.5185
internal_count=1534 1504 1252 733 519 278 462 428 298 241 241 161 112 209
is_linear=0
shrinkage=0.05


Tree=497
num_leaves=15
num_cat=0
split_feature=19 16 10 20 10 23 19 25 0 10 4 0 0 8
split_gain=2.00884 2.47239 2.18922 1.94233 3.03141 2.37586 1.3316 2.74273 3.01913 3.11331 2.70415 1.97622 1.93943 3.75548
threshold=16.850000000000005 33.45000000000001 -20.199999999999999 6.5000000000000009 0.8500000000000002 3.5000000000000004 32.45000000000001 2408.5000000000005 52.702544990000007 26.050000000000004 0.20784871593500001 58.235994500000004 49.144532100000006 -13.35
decision_type=8 10 8 2 8 2 8 8 2 8 2 2 2 10
left_child=1 3 -2 -1 5 -5 7 8 9 12 -10 -8 -4 -14
right_child=2 -3 6 4 -6 -7 11 -9 10 -11 -12 -13 13 -15
leaf_value=-0.023619146888038935 0.041688155369393215 0.024554925424732223 0.006770545074178686 0.054041308595597776 -0.018266707783499581 -0.0041602409201200547 -0.0047083428916541697 -0.016674582583769484 -0.018879036065923529 -0.010739521395561995 0.023714340757609632 0.031111455396685174 -0.0070556606952853346 0.078682411810963859
leaf_weight=24.444738067686558 2.202611081302166 3.4193238615989676 2.5385532844811696 2.4726746901869756 8.9216084377840144 3.2760373614728451 89.607773165218532 7.4023839421570292 7.5078640356659871 2.6076249275356558 5.6305737607181072 3.0302075520157805 1.4409205988049523 4.7749507725238782
leaf_count=195 17 34 24 24 79 22 855 59 56 27 45 26 14 57
internal_value=-0.00230592 -0.011573 0.000870305 -0.0152646 -0.000724719 0.025172 -0.000177911 0.00847621 0.016431 0.0341674 -0.000239106 -0.00321693 0.0472732 0.0605838
internal_weight=169.278 42.5344 126.743 39.1151 14.6703 5.74871 124.541 31.9029 24.5005 11.362 13.1384 92.638 8.75442 6.21587
internal_count=1534 354 1180 320 125 46 1163 282 223 122 101 881 95 71
is_linear=0
shrinkage=0.05


Tree=498
num_leaves=15
num_cat=1
split_feature=18 6 31 11 8 32 3 0 0 31 18 32 1 2
split_gain=2.18226 1.83607 2.42112 2.2592 2.55979 2.43295 2.37081 2.12133 2.16278 1.50895 2.12583 1.53597 2.30934 3.8101
threshold=30.300000000000004 0 0.38750000000000007 -7.4500000000000002 -1.0000000180025095e-35 0.12867647058823531 -0.80417042486635371 46.379810000000006 45.313807510000011 0.091089466089466109 0.45000000000000007 0.014065016103059583 -118.82834649999999 0.54219432480460406
decision_type=10 9 10 10 10 8 2 2 2 10 8 8 2 2
left_child=1 2 9 -3 5 -5 -6 8 -8 11 -11 -1 13 -13
right_child=-2 3 -4 4 6 -7 7 -9 -10 10 -12 12 -14 -15
leaf_value=0.014513000507233469 -0.01726127619912339 -0.039478000267638716 0.046701548947092129 -0.010052807153372728 0.022498274007656669 0.057381510450033091 -0.016372415131640013 -0.034148264262420895 0.044430954836256767 0.022237738634863072 -0.01564970695032979 0.027158205848386748 -0.0061328873396564393 -0.01415803649130121
leaf_weight=35.952199015766382 14.992068849038331 4.6024585133418467 2.4054534807801238 1.9679854046553438 3.0640796115621987 1.9770211530849335 3.129842771217219 8.9387171454727632 1.2859865706413982 3.7309613823890713 16.999082267284393 15.644855916500093 37.25980613194406 7.6312866173684588
leaf_count=301 174 71 24 22 52 37 44 104 27 31 119 139 333 56
internal_value=0.000272895 0.00219703 0.00470093 -0.00817955 -0.00341762 0.0285115 -0.0122858 -0.0212781 0.00626923 0.00384892 -0.00812122 0.00647757 0.00154705 0.0135871
internal_weight=159.582 144.59 119.624 24.9661 20.3636 3.94501 16.4186 13.3545 4.41583 117.218 20.73 96.4881 60.5359 23.2761
internal_count=1534 1360 1003 357 286 59 227 175 71 979 150 829 528 195
cat_boundaries=0 1
cat_threshold=460872
is_linear=0
shrinkage=0.05


Tree=499
num_leaves=15
num_cat=0
split_feature=2 2 33 15 9 8 9 2 2 14 21 1 22 15
split_gain=2.99561 3.40039 4.89817 5.18355 3.87358 3.23667 3.49172 3.81619 3.12336 2.81641 2.6576 2.55073 2.37773 2.48327
threshold=-0.97113884758256674 -0.96235977360714686 0.22063492063492066 -33.949999999999996 11.750000000000002 -11.35 11.850000000000003 0.98802474685579866 0.99818282439137029 14.628333333333336 15.500000000000002 -120.66626999999998 16.500000000000004 -24.549999999999997
decision_type=2 2 8 8 8 8 10 2 2 8 2 2 2 10
left_child=-1 -2 5 -4 8 -3 7 12 -5 -6 -8 -11 13 -7
right_child=1 2 3 4 9 6 10 -9 -10 11 -12 -13 -14 -15
leaf_value=-0.026285715097947127 0.04131785126061685 -0.034989843350440863 0.029090120953637163 -0.044061800475845028 0.039352733789560231 -0.0081742629758200826 -0.039209423812413852 -0.037204744328670616 0.022758814212339537 0.030734767503013967 0.027731952287364393 -0.037153296501979856 -0.0079217710351393283 0.022991674040398716
leaf_weight=8.5035157380625588 4.4930729130282989 3.3024674416519701 4.3845637133345008 15.707747383974494 2.552648760378367 6.785311050247393 4.8862643167376509 2.6762105878442517 1.3401393741369236 1.1383117046207187 1.1890598535537718 3.4230016721412539 8.7879778640344721 50.676970938220627
leaf_count=131 24 112 43 362 15 108 109 33 8 5 3 72 117 392
internal_value=0.000675511 0.00295023 0.000968731 -0.0164175 -0.0255036 0.00743412 0.00973793 0.0130164 -0.037839 0.0050774 -0.0240399 -0.0177312 0.0155682 0.0192346
internal_weight=119.847 111.344 106.851 28.5464 24.1618 78.3043 75.0018 68.9265 17.0479 7.11396 6.07532 4.56131 66.2503 57.4623
internal_count=1534 1403 1379 505 462 874 762 650 370 92 112 77 617 500
is_linear=0
shrinkage=0.05


Tree=500
num_leaves=15
num_cat=0
split_feature=24 11 11 2 33 25 30 4 14 8 11 3 18 32
split_gain=3.35783 3.34896 4.00223 2.95348 3.4073 2.95198 2.78331 2.52554 2.83797 2.50829 4.44404 2.57809 2.53242 2.26939
threshold=1.0000000180025095e-35 21.292857142857148 19.271428571428576 0.83849049182116964 0.12761111111111115 18.500000000000004 0.44558823529411767 0.080177191215000013 3.8293103448275869 -5.4499999999999993 -1.1714285714285713 0.76002003530985496 0.15000000000000005 0.15331196581196585
decision_type=2 10 10 2 10 10 10 2 8 8 8 2 10 10
left_child=1 2 3 9 -5 7 -7 -2 -9 13 12 -12 -11 -1
right_child=5 -3 -4 4 -6 6 -8 8 -10 10 11 -13 -14 -15
leaf_value=-0.03231694075901103 -0.027459174915111018 0.046665225821525595 -0.035253747376153881 -0.032216282211961149 0.029424909138207774 -0.023346010873433076 0.026781444472671747 -0.023185488316338067 0.053320861944312514 -0.0039010580345030634 0.0096623838688260372 -0.028112942190575536 0.061560131127911082 0.028446284676609219
leaf_weight=5.3553399555385113 1.4728249926120032 3.5861588995903722 5.4453591220080844 8.3618500120937806 2.090967494994401 28.088438874576244 2.230081219226121 1.0185873005539181 3.4278313624672587 1.7832766044884918 63.990700453519821 3.8944920338690272 5.2744427938014269 1.1799650341272352
leaf_count=105 46 20 39 100 14 565 12 36 46 15 434 42 51 9
internal_value=0.000197749 0.00488934 0.00289211 0.00550665 -0.0183931 -0.0126538 -0.0189215 0.0175441 0.0347557 0.00875857 0.0114002 0.00711861 0.0465886 -0.0190269
internal_weight=137.2 100.963 97.3764 91.931 10.4528 36.2378 30.3185 5.91924 4.44642 81.4782 74.9429 67.8852 7.05772 6.5353
internal_count=1534 829 809 770 114 705 577 128 82 656 542 476 66 114
is_linear=0
shrinkage=0.05


Tree=501
num_leaves=15
num_cat=1
split_feature=2 2 32 2 33 10 1 8 0 32 7 4 4 26
split_gain=2.69072 3.56928 5.17018 4.82064 2.971 2.34588 3.29528 3.65426 3.58449 5.11899 4.00225 3.94996 3.18578 2.51265
threshold=0.79383249484937135 0.98372640911059162 0.029056956115779648 0.86548282553247169 0.25125000000000003 28.950000000000003 -113.48784549999998 -12.899999999999999 53.242395115000001 0.055050505050505051 0 0.10425742613500001 0.11528734911000001 0.041103603603603607
decision_type=2 2 8 2 10 10 2 8 2 10 1 2 2 10
left_child=4 2 -2 -4 5 6 8 -8 10 -10 11 -1 -12 -11
right_child=1 -3 3 -5 -6 -7 7 -9 9 13 12 -13 -14 -15
leaf_value=0.019599773205135784 0.04009885913873118 -0.024114575655925376 0.026076329693150564 -0.031286965072717929 -0.039021725339757694 0.021674339711388015 0.023354908206456162 -0.022417902736672254 -0.02324977283413714 -0.006194672669513325 -0.0021637602942569233 -0.033898256001053437 0.04555448172057841 0.031074180446983807
leaf_weight=6.5079489285126328 14.112777126953011 4.5158816939219824 6.2828543614596111 6.3778936648741364 4.4452623808756462 9.2178393229842168 4.2657383000478148 29.00957455765456 20.5047003980726 8.2573935864493269 4.7850061263889083 5.4171625105664134 11.17277070507407 8.3076218515634519
leaf_count=47 86 59 53 88 83 64 53 491 244 78 35 61 47 45
internal_value=0.000657592 0.0133812 0.0203461 -0.00299557 -0.00298747 -0.00115057 -0.00348934 -0.0160399 0.00308602 -0.00704232 0.0163291 -0.00544495 0.0319621 0.0132013
internal_weight=143.18 31.2894 26.7735 12.6607 111.891 107.446 98.2279 33.2753 64.9526 37.0697 27.8829 11.9251 15.9578 16.565
internal_count=1534 286 227 141 1248 1165 1101 544 557 367 190 108 82 123
cat_boundaries=0 1
cat_threshold=2
is_linear=0
shrinkage=0.05


Tree=502
num_leaves=15
num_cat=1
split_feature=6 2 30 18 1 15 9 13 16 10 1 13 0 2
split_gain=3.01058 3.1698 3.01149 2.88406 2.99336 2.74834 4.43187 3.81244 3.54222 3.77627 3.13632 2.48672 2.50116 2.2279
threshold=0 -0.62588817255938378 1.0000000180025095e-35 49.050000000000004 -118.64893299999999 6.7500000000000009 3.0500000000000003 11.950000000000001 5.9500000000000011 2.2500000000000004 -113.36664174999999 24.450000000000003 51.381349500000006 -0.35846811432664222
decision_type=9 2 10 10 2 8 8 8 10 10 2 10 2 2
left_child=1 -1 3 4 -2 6 7 8 9 -6 -7 12 -9 -3
right_child=2 13 -4 -5 5 10 -8 11 -10 -11 -12 -13 -14 -15
leaf_value=-0.009553658364425819 -0.03290606390581035 0.036661755498555659 -0.039049062830787927 0.032953720892673115 -0.018622214422371674 -0.013649002865876636 -0.028378304725864906 -0.0071876047965402107 -0.029589810218347858 0.062908936741143645 0.046051925590294834 -0.021166798041796237 0.037647954520096415 0.0087811154070085145
leaf_weight=18.833115847781301 8.8836855636909586 8.1420616004616004 6.1836726395413271 3.7293341150507322 2.2988635133952005 3.0477710291743279 15.706435106229032 3.8138838806189588 10.492861741222439 1.6782743893563745 4.520362000912427 2.5435025617480269 11.007835583761333 38.490161061286926
leaf_count=168 131 56 204 35 43 25 207 36 158 11 39 31 76 314
internal_value=-0.000877118 0.00644021 -0.00725004 -0.00487553 -0.0075532 -0.00295271 -0.00751213 0.00333329 -0.0150625 0.0215094 0.0232227 0.0186475 0.0263859 0.0143166
internal_weight=139.372 65.4653 73.9065 67.7228 63.9935 55.1098 47.5417 31.8352 14.47 3.97714 7.56813 17.3652 14.8217 46.6322
internal_count=1534 538 996 792 757 626 562 355 212 54 64 143 112 370
cat_boundaries=0 1
cat_threshold=286978
is_linear=0
shrinkage=0.05


Tree=503
num_leaves=15
num_cat=0
split_feature=3 8 19 25 27 9 1 16 2 2 18 1 24 9
split_gain=2.67346 2.88104 4.92991 5.17453 2.53283 4.82659 3.1139 2.97741 2.57319 4.80598 5.37377 5.23012 4.29194 2.71343
threshold=0.96407344085605606 -12.549999999999999 13.450000000000001 33.500000000000007 1.0000000180025095e-35 -4.5499999999999989 -119.19425 31.950000000000003 0.64579916509010216 0.87397152483179585 4.5500000000000016 -119.75266276499998 4.5000000000000009 11.850000000000003
decision_type=2 8 8 8 8 10 2 10 2 2 10 2 2 8
left_child=1 2 -1 -4 5 -3 -7 -8 13 11 -11 -10 -12 -6
right_child=-2 4 3 -5 8 6 7 -9 9 10 12 -13 -14 -15
leaf_value=0.053904716824168003 -0.029159131523113769 -0.025470065159685418 0.036435881805256053 -0.038786730998389675 -0.018098183961533978 0.038068019243733348 -0.012148037066282572 0.029332349598804881 -0.034608919344384308 -0.042559386277072779 -0.026204453862571253 0.034966923769705616 0.042245310795076679 0.0044403867819594774
leaf_weight=5.9315328197553727 6.063023518305271 6.3403576472774139 3.2514902474358687 3.9611127665266395 38.948669418692589 12.248597776517274 9.7094490574672836 6.2955440152436486 2.41444147191942 7.0377189572900516 3.0481681171804667 14.986210263799878 4.4994818344712257 19.555524447932839
leaf_count=29 86 71 26 66 562 65 121 33 33 86 47 98 17 194
internal_value=0.000858405 0.00237502 0.0237642 -0.00456841 -4.32518e-05 0.011274 0.0201085 0.00493365 -0.00444571 0.00682063 -0.0138484 0.0239567 0.0147698 -0.0106165
internal_weight=144.291 138.228 13.1441 7.2126 125.084 34.5939 28.2536 16.005 90.4902 31.986 14.5854 17.4007 7.54765 58.5042
internal_count=1534 1448 121 92 1327 290 219 154 1037 281 150 131 64 756
is_linear=0
shrinkage=0.05


Tree=504
num_leaves=15
num_cat=0
split_feature=28 14 13 20 8 8 2 0 28 27 8 13 17 0
split_gain=3.54386 2.56064 2.78301 2.81498 3.76763 4.39486 3.56934 3.24367 3.22516 3.18648 2.92881 3.07722 4.0288 3.09964
threshold=0.58712121212121227 -13.433333333333332 32.250000000000007 8.5000000000000018 8.5500000000000025 1.8500000000000003 0.97696484778429815 56.325084000000011 0.051785714285714289 0.60158730158730167 19.950000000000003 23.150000000000002 4.5000000000000009 53.54295422500001
decision_type=10 8 10 2 10 8 2 2 8 8 8 10 10 2
left_child=1 -1 3 4 5 8 -7 -6 -3 10 11 12 -5 -14
right_child=-2 2 -4 9 7 6 -8 -9 -10 -11 -12 -13 13 -15
leaf_value=0.026170867575132251 -0.038530292167474549 0.0076182068172949511 0.034767881347983969 -0.035847070045987223 -0.020472952348668687 0.021330895098039107 -0.028659166563755015 0.029086422428759029 -0.021496116146219817 -0.027968725739339284 -0.024903134031982976 0.048433421378077018 -0.01300648144998069 0.03478582258723547
leaf_weight=9.8020299747586233 4.3976579667069009 16.089291083626449 4.8356382697820655 2.8334134286269608 36.793295352719724 29.670315647497773 3.1660879608243695 2.746312358416616 20.930185866542161 3.3893223265185943 2.7130446364171865 7.5382273932918897 4.1446340647526076 10.816205717623232
leaf_count=66 92 120 51 57 366 244 24 26 182 59 43 81 78 77
internal_value=0.00131452 0.00268064 0.000932292 -0.000466454 -0.00426801 0.00273237 0.0158063 -0.0163981 -0.00897498 0.0124869 0.0181706 0.0235542 0.0109984 0.0215604
internal_weight=159.866 155.468 145.666 140.83 109.395 69.8559 32.8364 39.5396 37.0195 31.4348 28.0455 25.3325 17.7943 14.9608
internal_count=1566 1474 1408 1357 962 570 268 392 302 395 336 293 212 155
is_linear=0
shrinkage=0.05


Tree=505
num_leaves=15
num_cat=0
split_feature=1 19 24 18 2 19 4 28 29 29 28 4 4 18
split_gain=1.56058 2.69953 1.54198 2.56351 2.15835 2.79431 1.90111 1.96724 1.83723 3.78057 1.84006 2.47269 2.35767 3.08811
threshold=-66.794485499999993 77.350000000000023 1.0000000180025095e-35 18.550000000000004 -0.0053757284505435614 40.050000000000004 0.024450391700000001 0.41898148148148157 0.028174603174603179 0.11815619967793882 0.63194444444444453 8.8175647643850024 0.52062380794500007 2.2500000000000004
decision_type=2 10 2 10 2 10 2 8 10 10 8 2 2 8
left_child=2 -2 8 4 6 -6 -4 -8 10 -10 11 -1 13 -12
right_child=1 -3 3 -5 5 -7 7 -9 9 -11 12 -13 -14 -15
leaf_value=-0.019848666899035715 -0.00999823336661434 0.033369790970118128 -0.010236880694670082 -0.013838819264260831 0.0085117931353388982 -0.025032619867863287 0.032347625258770718 0.0038715161083812039 0.068494389878304682 -0.012290446157598313 -0.013428269193031812 0.028759536233667768 -0.018463964338500553 0.016450942541937144
leaf_weight=28.380428915843371 5.2058460637927046 8.3853904381394369 4.4123894888907698 13.511372407898305 23.366187475621704 7.3309854082763186 18.195191185921434 9.3057079482823593 1.545857137069105 2.7868537046015263 12.366128860041497 1.9965541325509537 12.165537454187868 23.830375149846077
leaf_count=353 30 56 38 127 190 64 156 74 20 35 94 28 87 214
internal_value=0.00156141 0.0172118 0.000126147 0.00523127 0.00949946 -3.61686e-05 0.0183941 0.0231858 -0.00455845 0.0239718 -0.00640931 -0.0158391 -0.00028542 0.00615647
internal_weight=172.785 13.5912 159.194 76.1218 62.6105 30.6972 31.9133 27.5009 83.0717 4.33271 78.739 30.377 48.362 36.1965
internal_count=1566 86 1480 649 522 254 268 230 831 55 776 381 395 308
is_linear=0
shrinkage=0.05


Tree=506
num_leaves=15
num_cat=0
split_feature=3 14 33 11 11 1 9 27 11 14 1 14 8 18
split_gain=2.77471 2.57036 2.0363 2.02744 2.21914 2.18402 2.49476 2.37394 2.04613 3.01657 2.02066 2.80544 2.55424 2.61027
threshold=-0.23537842981696178 13.935000000000002 0.01985060690943044 -4.364285714285713 -2.2928571428571423 -114.13434523499998 -2.9499999999999997 0.15870927318295744 -8.0142857142857125 -10.428928571428569 -119.73291999999999 -7.796666666666666 -2.4499999999999997 34.300000000000004
decision_type=2 10 8 10 8 2 8 8 8 10 2 8 8 8
left_child=-1 2 10 8 -5 7 -7 -6 -4 -10 12 -12 -2 -14
right_child=1 -3 3 4 5 6 -8 -9 9 -11 11 -13 13 -15
leaf_value=-0.0094969101309230093 -0.011663560660954054 0.033051299744929458 0.0040425870640587655 -0.037099069570697828 0.014473798826065441 0.055613937965929963 0.00079277710317109085 -0.030035495276325777 0.0078857222809418145 0.060409990343378572 0.0081112651520059888 -0.023799228751466579 0.046102041814550639 -0.0095525536604306304
leaf_weight=66.494979398325086 7.4741602838039398 5.950024531222879 11.625799803063272 2.7760603856295347 4.7449432276189372 2.5728589929640293 5.0213309964165083 5.4618689976632604 5.9717557709664106 4.6533400239422935 9.668133454397319 19.867393725551668 4.9180600345134717 2.8135909363627434
leaf_count=690 62 59 108 30 32 35 53 46 50 48 90 184 46 33
internal_value=-0.00176275 0.00377876 0.00143908 0.00912632 -0.00220365 0.00492208 0.0236758 -0.00989883 0.0192481 0.0341069 -0.00595806 -0.0134301 0.0084887 0.0270745
internal_weight=160.014 93.5193 87.5693 42.828 20.5771 17.801 7.59419 10.2068 22.2509 10.6251 44.7413 29.5355 15.2058 7.73165
internal_count=1566 876 817 402 196 166 88 78 206 98 415 274 141 79
is_linear=0
shrinkage=0.05


Tree=507
num_leaves=15
num_cat=0
split_feature=13 0 0 13 13 25 14 25 2 2 27 2 13 2
split_gain=3.81806 2.76021 2.53452 2.43978 2.73129 2.10317 6.72029 4.88723 3.57013 4.06168 3.98789 3.74217 3.41096 3.21309
threshold=2.1000000000000005 57.341411000000001 57.308620000000005 3.0500000000000003 5.5500000000000007 19.500000000000004 15.658333333333335 58.500000000000007 -0.77245553105869302 -0.97113884758256674 1.0000000180025095e-35 -0.12546116083924153 29.550000000000004 0.59177612190863982
decision_type=8 2 2 8 8 8 8 8 2 2 8 2 8 2
left_child=-1 2 3 -2 -5 12 7 -7 9 10 -9 -10 13 -6
right_child=1 -3 -4 4 5 6 -8 8 11 -11 -12 -13 -14 -15
leaf_value=-0.037275147959008763 0.038701410651082312 -0.034880660031603943 0.051031692268320133 -0.035265982307983133 -0.03609727077707392 -0.028618359436455888 -0.022332540793314429 0.031968358251260154 -0.037137057639890496 0.038827501638950407 -0.038317413963457531 0.0097174724890899331 0.047700424909176052 0.023441028739880725
leaf_weight=4.4203270878642797 4.365815204568209 3.0855845687910906 2.1989681608974925 3.2593279867433012 2.7831055196002108 6.5376434735953799 19.817496618255973 2.7771364636719253 3.816616245545446 19.644930853508413 3.368579862639308 36.667171539273113 6.2204717183485627 4.6512526394799352
leaf_count=168 33 78 6 85 75 110 313 13 84 97 56 391 21 36
internal_value=0.00383553 0.00565757 0.00702352 0.00573726 0.00408527 0.00560949 0.0027927 0.00984103 0.0140039 0.0281795 -0.00652752 0.00451152 0.0232231 -0.000484756
internal_weight=123.614 119.194 116.109 113.91 109.544 106.284 92.6296 72.8121 66.2744 25.7906 6.14572 40.4838 13.6548 7.43436
internal_count=1566 1398 1320 1314 1281 1196 1064 751 641 166 69 475 132 111
is_linear=0
shrinkage=0.05


Tree=508
num_leaves=15
num_cat=1
split_feature=24 23 27 8 13 7 14 1 0 20 11 14 0 3
split_gain=3.01742 3.24873 2.30424 3.13545 3.58625 4.2995 2.57972 2.28654 2.41584 2.90338 2.33581 1.89404 1.77327 1.69833
threshold=1.0000000180025095e-35 12.500000000000002 0.40098039215686282 -5.4499999999999993 4.4500000000000011 0 16.993333333333336 -119.19425 55.979731275000006 4.5000000000000009 14.921428571428573 12.7016091954023 55.979731275000006 -0.96234030595689413
decision_type=2 2 8 10 10 1 10 2 2 2 8 10 2 2
left_child=2 -2 7 -4 -5 11 12 8 9 -1 -11 -6 13 -7
right_child=1 -3 3 4 5 6 -8 -9 -10 10 -12 -13 -14 -15
leaf_value=-0.040464284828384739 -0.015926412554261561 0.032952060538393613 -0.030720560333680341 0.048770080158188303 0.038489558283381783 0.0042438176754990885 0.017006113430614717 0.019294201646898729 0.021469642077835274 0.023400396157860458 -0.02645474475949532 -0.0023959009430814925 0.0066993640285979671 -0.036100512156682238
leaf_weight=4.9349542278796461 32.785193475428969 2.8435252141207448 7.3063769303262225 2.8773466311395159 6.442446693778038 2.9859297312796143 4.79801171272993 36.941054414957762 6.390643883496522 5.2525361422449333 2.787803802639246 4.3935999777168036 4.1156027335673562 12.582247944548728
leaf_count=32 685 18 150 30 49 27 37 215 40 36 23 32 27 165
internal_value=0.00109915 -0.0112323 0.00548192 -0.00286188 0.00311505 -0.00184492 -0.013364 0.0121568 -0.00173686 -0.013885 0.00510008 0.0231102 -0.0212311 -0.0285735
internal_weight=137.437 35.6287 101.809 45.5016 38.1952 35.3178 24.4818 56.307 19.3659 12.9753 8.04034 10.836 19.6838 15.5682
internal_count=1566 703 863 517 367 337 256 346 131 91 59 81 219 192
cat_boundaries=0 1
cat_threshold=2
is_linear=0
shrinkage=0.05


Tree=509
num_leaves=15
num_cat=1
split_feature=2 2 32 0 15 6 9 13 19 19 27 15 3 18
split_gain=3.36355 4.50131 3.99438 3.8144 3.59588 3.57493 6.01417 5.09908 4.28443 3.28887 3.06275 3.10139 2.87093 2.60198
threshold=0.98372640911059162 0.51297097409535064 0.029910130718954254 55.569091855000003 -28.449999999999996 0 9.2500000000000018 25.850000000000005 34.400000000000013 94.450000000000017 0.49021464646464652 9.5500000000000025 -0.77788789561442695 0.55000000000000016
decision_type=2 2 10 2 10 9 10 10 10 10 10 8 2 8
left_child=1 3 13 5 -4 7 -7 8 -1 10 11 -8 -6 -3
right_child=-2 2 4 -5 12 6 9 -9 -10 -11 -12 -13 -14 -15
leaf_value=-0.0045011430492166568 -0.039380970213363092 -0.0096072009383448495 0.023414680827088068 -0.028099253762162432 0.019406472497370389 -0.034188711245564933 -0.01298169020670098 -0.017474819355461517 0.035844247939513935 -0.035568355612029874 0.050022084567640623 0.044486731929807989 -0.041028602709606746 0.026488517531099234
leaf_weight=9.9797592647373694 4.7083179177716366 5.4410323072224847 4.34618723578751 16.103888237848878 1.9255709722638119 17.875653408002108 8.4510188931599277 11.154459969140587 17.228168923407793 2.8094368372112504 3.7101765368133774 2.1245699357241383 7.1780702844262114 29.358873134944588
leaf_count=112 67 56 34 216 11 329 102 110 129 43 18 19 85 235
internal_value=-0.0017717 -0.000210938 0.0119534 -0.00683298 -0.0106285 -0.00184774 -0.0115052 0.00793229 0.0214108 0.00643426 0.016481 0.00140915 -0.02759 0.0207342
internal_weight=142.395 137.687 48.2497 89.4371 13.4498 73.3332 34.9709 38.3624 27.2079 17.0952 14.2858 10.5756 9.10364 34.7999
internal_count=1566 1499 421 1078 130 862 511 351 241 182 139 121 96 291
cat_boundaries=0 1
cat_threshold=268576
is_linear=0
shrinkage=0.05


Tree=510
num_leaves=15
num_cat=0
split_feature=23 25 16 2 16 13 2 16 17 12 8 11 2 1
split_gain=4.00916 3.08366 4.53125 3.79886 3.68828 5.01712 3.73502 3.08246 2.80184 2.68008 3.39094 3.06737 3.42473 2.82058
threshold=5.5000000000000009 125.50000000000001 10.250000000000002 0.89017062131308955 15.950000000000001 18.550000000000004 0.40614137006726808 30.950000000000003 15.500000000000002 7.4500000000000011 18.050000000000004 8.4916666666666689 0.46800856592688472 -112.18928135499998
decision_type=2 8 8 2 8 8 2 8 10 10 8 10 2 2
left_child=1 3 -3 7 6 -6 -4 -1 -8 11 -11 12 -7 -14
right_child=-2 2 4 -5 5 9 8 -9 -10 10 -12 -13 13 -15
leaf_value=0.022938301530934367 -0.035016514447097268 -0.029963565856524734 0.046591541802859737 -0.029486854938436211 -0.032063023139183543 -0.013061618259829747 -0.030111584178978579 -0.023841988740417999 0.024498428022518223 0.037742052427900734 -0.012979733935613649 -0.013908933950690703 -8.6871532438297772e-05 0.054747624953367817
leaf_weight=29.580845194403082 7.7263896437361828 14.031574454624206 6.7247802233323455 3.9312140978872767 12.739422526210546 6.5564285684376946 3.6434758165851235 3.1611556005664161 3.7621610723435879 8.5087765483185631 4.416622530668973 28.542405960150063 3.9696788024157286 4.719460202381013
leaf_count=308 219 186 46 59 134 76 32 56 23 50 50 273 30 24
internal_value=-0.00217614 -4.17708e-05 -0.00469004 0.0121268 -0.000143148 -0.00495169 0.0222567 0.017849 -0.00275493 0.00158831 0.0207229 -0.00439644 0.0131726 0.0322727
internal_weight=142.014 134.288 97.6148 36.6732 83.5832 69.4528 14.1304 32.742 7.40564 56.7134 12.9254 43.788 15.2456 8.68914
internal_count=1566 1347 924 423 738 637 101 364 55 503 100 403 130 54
is_linear=0
shrinkage=0.05


Tree=511
num_leaves=15
num_cat=0
split_feature=18 8 9 10 3 13 13 10 2 18 4 25 17 17
split_gain=3.8085 3.02838 3.2985 6.33414 4.97531 4.11792 6.89761 3.93278 3.90037 2.82822 2.99818 2.75564 2.30366 3.11814
threshold=36.550000000000004 20.050000000000004 5.1500000000000012 11.050000000000002 -0.98801846520836312 3.4500000000000006 2.1000000000000005 21.050000000000004 0.98802474685579866 1.4500000000000004 0.30774732178000003 515.00000000000011 12.500000000000002 18.500000000000004
decision_type=10 10 10 10 2 10 10 8 2 10 2 10 10 10
left_child=1 2 3 5 -4 6 9 11 12 10 -1 -5 -7 -14
right_child=-2 -3 4 7 -6 8 -8 -9 -10 -11 -12 -13 13 -15
leaf_value=-0.0089638841783856848 -0.039766349587594049 0.020147784683171809 0.027100550963410165 0.037095658584244816 -0.027948225070131272 -0.038901811830684058 0.045122018993513688 -0.014999111945892566 0.02136852439812301 -0.032281013208487301 0.033420181046431373 -0.011842674068111804 0.0051771447285332067 -0.040572052064876719
leaf_weight=13.326042002532636 5.3320113280788055 15.288492198102174 4.1790066179819432 19.148801681119952 21.539386646822095 14.502362555358561 7.4166739033535114 5.3355598049238351 4.4795318078249684 6.773783058859407 4.9005580320954314 2.8724066074937573 10.471051487140356 4.6244263444095841
leaf_count=121 141 98 34 139 310 227 46 66 32 118 38 35 95 66
internal_value=-0.00186865 -8.85813e-05 -0.0028217 0.00157479 -0.0183238 -0.00677353 0.00591352 0.0213898 -0.018667 -0.00700624 0.00357737 0.0304751 -0.0252265 -0.0104879
internal_weight=140.19 134.858 119.57 93.8512 25.7184 66.4944 32.4171 27.3568 34.0774 25.0004 18.2266 22.0212 29.5978 15.0955
internal_count=1566 1425 1327 983 344 743 323 240 420 277 159 174 388 161
is_linear=0
shrinkage=0.05


Tree=512
num_leaves=15
num_cat=1
split_feature=7 1 8 9 9 8 8 26 32 1 26 2 3 28
split_gain=2.57482 4.34396 4.59281 3.44145 3.6672 3.39908 3.78807 2.78555 2.77537 3.49273 2.6098 2.42016 3.32937 2.92505
threshold=0 -104.33978449999999 -14.649999999999997 14.050000000000002 10.450000000000001 8.0500000000000025 1.8500000000000003 0.036149825783972127 0.20416666666666669 -113.48784549999998 0.16074534161490686 0.7210268013660811 0.93158198870884079 0.36388888888888898
decision_type=1 2 10 8 10 10 8 8 10 2 8 2 2 8
left_child=1 -1 -3 4 5 6 11 -7 9 -6 -9 12 -2 -14
right_child=3 2 -4 -5 8 7 -8 10 -10 -11 -12 -13 13 -15
leaf_value=-0.033311267967174582 -0.021699285650359085 0.067617924341128344 -0.010633830942392807 -0.024596724835599715 -0.022894280700633714 -0.03531796961257893 0.019052401536663224 0.036095249662727744 0.059630765975141033 0.03047348559335435 -0.010750764227182392 0.013353239854148602 0.031894295545108385 -0.019678426756915831
leaf_weight=14.54904852434993 22.174507543444637 1.5865517212077973 6.0802551480010143 11.791404121555386 4.0021549295634022 9.6382707031443733 28.533928598277271 2.5271342396736172 3.3380013052374116 7.1913723386824122 18.16005384363234 13.312554789707063 5.9984411057084772 3.6713018994778404
leaf_count=367 183 19 144 127 33 126 169 20 21 42 141 78 43 34
internal_value=-0.00267896 -0.0180201 0.0114929 5.31717e-05 0.00269022 -0.0006872 0.00511747 -0.0145056 0.0253534 0.0110796 -0.0036276 -0.00390982 -0.0113135 0.0123046
internal_weight=152.555 22.2159 7.66681 130.339 118.548 104.016 73.6907 30.3255 14.5315 11.1935 20.6872 45.1568 31.8443 9.66974
internal_count=1547 530 163 1017 890 794 507 287 96 75 161 338 260 77
cat_boundaries=0 1
cat_threshold=2
is_linear=0
shrinkage=0.05


Tree=513
num_leaves=15
num_cat=0
split_feature=24 13 9 13 11 25 22 32 10 19 14 3 11 1
split_gain=1.3295 1.89117 3.57398 2.10343 2.45575 2.10677 2.61757 2.6866 2.44895 1.59067 1.55725 2.42533 2.38251 2.37214
threshold=1.0000000180025095e-35 25.050000000000004 6.0500000000000007 18.850000000000005 4.3428571428571434 439.50000000000006 22.500000000000004 0.26568627450980398 -1.8499999999999999 34.400000000000013 10.665000000000003 -0.97315270831292444 9.9428571428571448 -115.05504988
decision_type=2 10 10 10 10 10 2 8 10 10 10 2 10 2
left_child=10 3 9 4 5 6 7 -2 -9 -3 12 13 -1 -12
right_child=1 2 -4 -5 -6 -7 -8 8 -10 -11 11 -13 -14 -15
leaf_value=-0.0024036484922674898 -0.024620804576481928 0.067615724451006318 0.0030079859039009288 -0.017688703132204154 0.029990810905408245 0.018403903226908033 0.023126366216630237 0.030870732987278195 -0.01318763124074316 0.014816611172622916 -0.018173581096192954 -0.020723410545437516 0.037883467319225886 0.036170136518941721
leaf_weight=52.201693848706782 17.007748484611515 2.9314203523099449 16.440783817321062 12.859362507238982 6.8559012319892636 10.242194268852471 5.2313716597855082 4.5839879065752029 6.3489390276372415 3.380998756736517 2.8191362842917442 23.834937821142375 2.9417929761111727 3.4502263925969627
leaf_count=473 135 26 140 101 76 79 48 33 44 30 25 269 34 34
internal_value=-0.000260824 0.00410623 0.0161325 -0.000412269 0.00426594 -0.000380268 -0.00654891 -0.0127122 0.00632424 0.0452295 -0.004657 -0.0136028 0.000382068 0.012595
internal_weight=171.13 85.8827 22.7532 63.1295 50.2701 43.4142 33.172 27.9407 10.9329 6.31242 85.2478 30.1043 55.1435 6.26936
internal_count=1547 712 196 516 415 339 260 212 77 56 835 328 507 59
is_linear=0
shrinkage=0.05


Tree=514
num_leaves=15
num_cat=0
split_feature=27 18 8 13 13 12 8 13 15 28 28 14 1 3
split_gain=2.0648 2.8755 2.46119 3.15965 3.31665 3.21318 2.26272 2.40575 2.9168 1.99815 1.5716 2.94156 1.58975 1.71925
threshold=0.29027777777777786 26.700000000000006 6.0500000000000007 19.750000000000004 27.550000000000004 4.2500000000000009 -5.0499999999999989 -5.2999999999999989 -27.549999999999997 0.3320802005012532 0.92467556544308505 3.4833333333333338 -101.24769946499998 0.49626980634301188
decision_type=10 10 8 8 10 10 8 10 10 10 10 10 2 2
left_child=10 2 6 -4 -5 -6 7 -2 -9 -8 12 -12 13 -1
right_child=1 -3 3 4 5 -7 9 8 -10 -11 11 -13 -14 -15
leaf_value=-0.0081451685059040387 -0.024332255873320208 -0.024769438479689543 0.058343944375651303 -0.0046817707737701608 -0.010182068408513245 0.054271199183443988 -0.019063661502568333 0.056134888420648767 0.0014050924842124138 0.023814717409897945 -0.0098163781815214218 0.049141979317242956 -0.018534087630837828 0.0070841346030918713
leaf_weight=51.091259000822902 1.9601621404290188 5.2173579931259146 4.0797178577631712 11.327360350638633 2.3631660100072613 5.4589922726154327 13.028257813304664 3.8062699176371089 5.0401990022510281 2.4691937603056422 4.1556559689342967 2.8094265013933182 19.158753675408661 27.843092771247029
leaf_count=494 19 69 38 106 21 57 104 35 45 19 28 20 257 235
internal_value=-0.000215152 0.00757653 0.0114063 0.0229042 0.012833 0.0358521 0.000785485 0.0174698 0.0282626 -0.0112025 -0.00430891 0.017149 -0.0059902 -0.0027518
internal_weight=159.809 54.7507 49.5333 23.2292 19.1495 7.82216 26.3041 10.8066 8.84647 15.4975 105.058 6.96508 98.0931 78.9344
internal_count=1547 513 444 222 184 78 222 99 80 123 1034 48 986 729
is_linear=0
shrinkage=0.05


Tree=515
num_leaves=15
num_cat=0
split_feature=2 2 0 1 33 24 10 28 29 12 15 4 25 12
split_gain=3.59536 5.58313 3.40337 3.45521 3.28249 3.95717 3.34388 3.20951 3.12529 2.89365 4.98313 2.61435 3.05575 2.65923
threshold=0.95752911693909493 0.77244481603295057 56.851882500000009 -122.31451069499998 0.14950525664811382 1.0000000180025095e-35 29.350000000000005 0.20256410256410259 0.12632978723404256 1.9500000000000002 -9.4499999999999975 0.2664476689200001 502.50000000000006 2.5500000000000003
decision_type=2 2 2 2 10 2 8 8 10 10 8 2 8 10
left_child=1 2 3 -1 5 6 9 -2 -7 10 -5 12 -11 -14
right_child=7 -3 -4 4 -6 8 -8 -9 -10 11 -12 -13 13 -15
leaf_value=0.031611840075315638 -0.016925441029497224 -0.036405590226088268 -0.038868610386418985 0.014246626474255883 0.024755146210307645 -0.027734887231135472 -0.037034461364265817 0.033639149833457678 0.018365049955553141 0.028063630337521191 -0.032751042177015924 0.03481615735071307 0.026202351043032791 -0.038634776756100941
leaf_weight=8.6229243883863074 3.4352121311239872 10.084094940219073 4.0582818426191798 13.069317822344599 10.525081877596675 20.23403118271381 3.4761452069505969 12.199402520433068 3.717280149459838 4.8119488931261012 8.4423246872611433 12.498470481485127 1.4272194094955928 4.407117088790983
leaf_count=57 38 203 104 167 99 405 61 60 25 38 126 70 6 88
internal_value=0.000567323 -0.0028177 0.00107792 0.00325702 -4.54165e-05 -0.00395576 0.00433904 0.0221796 -0.0201308 0.00830025 -0.00483331 0.0202017 0.00152843 -0.0212609
internal_weight=121.009 105.374 95.2901 91.2319 82.6089 72.0839 48.1325 15.6346 23.9513 44.6564 21.5116 23.1448 10.6463 5.83434
internal_count=1547 1449 1246 1142 1085 986 556 98 430 495 293 202 132 94
is_linear=0
shrinkage=0.05


Tree=516
num_leaves=15
num_cat=1
split_feature=6 25 10 11 11 2 9 29 4 14 3 0 16 15
split_gain=3.75967 3.03022 3.75907 2.38819 3.43614 2.3954 3.20623 2.72449 2.63704 2.18394 3.62589 4.49149 4.21338 3.99246
threshold=0 2408.5000000000005 -11.049999999999999 21.528571428571436 19.635714285714283 0.83849049182116964 -2.0499999999999994 0.20753588516746413 17.513210641035005 12.105 0.7487283477006671 50.255532250000009 25.550000000000004 -2.0499999999999994
decision_type=9 10 10 10 10 2 10 10 2 10 2 2 10 10
left_child=3 2 -2 4 5 7 -7 8 9 10 11 -1 13 -13
right_child=1 -3 -4 -5 -6 6 -8 -9 -10 -11 -12 12 -14 -15
leaf_value=0.047290987430692988 0.032938150804468963 0.018877318767886366 -0.029419268385111753 0.04332543074440956 -0.033249889918867175 -0.040491767734320283 0.0087671171990851803 0.04890838113380911 0.037334110800679873 -0.0064827046702136976 -0.012046560494092605 0.0090758427732782563 -0.024775782221722473 0.071816396494169835
leaf_weight=8.8731255976017547 1.8488980080001116 4.1156000681221476 24.123642032500356 2.8476972114294758 5.1260320530273011 5.3019331430550665 6.338783663697539 2.9550979658961287 5.3258125912398091 31.08377190772444 12.526187728391958 17.389119009952989 6.6139218579046419 2.0582525581121542
leaf_count=78 31 23 333 16 48 97 75 25 45 281 239 174 72 10
internal_value=-0.000385851 -0.0133545 -0.0239237 0.00422044 0.00314502 0.00535494 -0.015097 0.00823761 0.00624522 0.00369435 0.0103559 0.0185003 0.00731261 0.0189036
internal_weight=136.528 30.0881 25.9725 106.44 103.592 98.466 11.6407 86.8253 83.8702 78.5444 47.4606 34.9344 26.0613 19.4474
internal_count=1547 387 364 1160 1144 1096 172 924 899 854 573 334 256 184
cat_boundaries=0 1
cat_threshold=465928
is_linear=0
shrinkage=0.05


Tree=517
num_leaves=15
num_cat=1
split_feature=12 12 25 12 26 12 3 6 26 18 9 8 3 25
split_gain=3.11546 4.03973 3.57587 3.49789 4.23114 2.5299 2.7207 3.36276 3.63277 4.02357 3.28834 6.32605 3.03481 2.61766
threshold=0.25000000000000006 7.8500000000000005 2.5000000000000004 4.0500000000000007 0.046514423076923085 -0.74999999999999989 0.96407344085605606 0 0.70833333333333337 4.5500000000000016 -4.9499999999999993 11.450000000000001 0.66367808336324663 1391.0000000000002
decision_type=10 10 10 10 8 10 2 9 10 10 8 10 2 10
left_child=5 3 -3 4 -2 6 7 8 9 10 12 -12 -1 -9
right_child=1 2 -4 -5 -6 -7 -8 13 -10 -11 11 -13 -14 -15
leaf_value=0.036118236805251877 0.0099165099299242977 0.052229529659226337 -0.0020980709357913286 -0.03906648603884165 -0.038043967140663236 0.031469373819118435 0.027009600358190944 0.0049290075663509809 0.043206352785700813 -0.039656956696971814 -0.04290002413425259 0.026214399111805328 -0.010753328272398248 0.038807305061253357
leaf_weight=6.1178036695346218 13.242615609429778 2.8255087621510055 14.209483186714349 13.182250016368924 5.8229536670260122 7.4791036685928693 9.1939770053140801 30.866591449826956 1.841011244803666 11.083371292799709 9.0557985368650424 4.1288872994482508 6.0199092580005527 6.1086479630321255
leaf_count=46 97 26 157 183 89 60 81 341 7 162 165 27 70 36
internal_value=-8.26155e-06 -0.0100331 0.00930934 -0.0202235 -0.00589742 0.00541813 0.00276863 -0.000509696 -0.00958008 -0.0158943 -0.00438213 -0.0209341 0.0138224 0.0090242
internal_weight=141.178 49.2828 17.035 32.2478 19.0656 91.8951 84.416 75.222 38.2468 36.4058 25.3224 13.1847 12.1377 36.9752
internal_count=1547 552 183 369 186 995 935 854 477 470 308 192 116 377
cat_boundaries=0 1
cat_threshold=67657
is_linear=0
shrinkage=0.05


Tree=518
num_leaves=15
num_cat=0
split_feature=18 0 28 4 20 4 27 0 13 0 10 14 16 10
split_gain=3.52128 3.47539 3.4815 3.20303 2.9389 3.25932 2.59222 2.77582 2.55599 4.22773 3.36916 4.10128 2.65504 3.43056
threshold=49.050000000000004 45.176331500000011 0.22270114942528738 18.907889688520005 4.5000000000000009 0.190016059855 0.11437908496732027 49.323516130000009 9.1500000000000004 55.569158000000009 -3.4499999999999997 -10.904999999999999 29.050000000000004 20.550000000000004
decision_type=10 2 10 2 2 2 8 2 10 2 10 10 10 10
left_child=1 -1 3 6 5 -4 7 -3 9 10 -8 -12 -10 -14
right_child=-2 2 4 -5 -6 -7 8 -9 12 -11 11 -13 13 -15
leaf_value=-0.03063420712088117 0.029518535531575869 0.016728231859108635 -0.031557941934988079 -0.037823270958745145 -0.040029738056698488 0.037066151541234715 -0.043443814809795429 -0.029404550782844055 0.021805742829144381 0.019467157493099491 0.0424439175740223 -0.016656125799549268 -0.02636895700317797 0.014764204698521478
leaf_weight=7.9648364740423849 9.4976624236442131 4.1472802897915235 2.1834724266082031 3.3158473810181013 7.6225406667217612 2.8324490091763437 6.4429730568081149 8.592474250122903 42.372266669757664 12.483177892863749 2.9768196074292055 10.217222067527473 6.9791076378896859 12.898599170148371
leaf_count=114 78 38 58 44 263 46 102 153 258 107 21 86 76 103
internal_value=0.00165432 -0.000573703 0.00160308 0.00450931 -0.0222582 0.00691337 0.00615755 -0.0142621 0.00903479 -0.00238271 -0.0165428 -0.00127121 0.0148706 -0.000249021
internal_weight=140.527 131.029 123.064 110.426 12.6385 5.01592 107.11 12.7398 94.3702 32.1202 19.637 13.194 62.25 19.8777
internal_count=1547 1469 1355 988 367 104 944 191 753 316 209 107 437 179
is_linear=0
shrinkage=0.05


Tree=519
num_leaves=15
num_cat=2
split_feature=6 26 2 3 1 5 9 3 2 12 22 4 2 24
split_gain=5.03683 4.70622 2.73771 2.38687 2.2206 2.31998 5.11691 4.05361 3.55898 3.53451 4.22665 3.5084 3.56506 3.44331
threshold=0 0.30384615384615393 -0.9731273977605811 -0.98801846520836312 -121.01816299999997 1 -5.9499999999999993 -0.76696334127844745 -0.82897401153126982 1.9500000000000002 2.5000000000000004 0.44523197528500008 0.69056404122701587 5.5000000000000009
decision_type=9 10 2 2 2 9 10 2 2 10 2 2 2 2
left_child=4 2 -2 -4 -1 7 13 -6 -9 10 11 12 -10 -7
right_child=1 -3 3 -5 5 6 -8 8 9 -11 -12 -13 -14 -15
leaf_value=-0.015725692542303504 0.013753117509302316 0.023658958124824159 0.016673199060487139 -0.0440493694555011 -0.028090273924661891 -0.033273133209520793 0.02508909295788659 -0.023492034612444885 0.018325046445346316 0.0471242009522993 -0.018257503868323022 0.040545513180874612 -0.026324334951658993 0.034755575438472235
leaf_weight=9.4363910509273392 2.3617582544684472 3.8969257101416579 1.2788630300201536 15.691067568492139 9.36373881716281 6.2988056438043705 41.407439320348203 7.5946692759171119 12.149717506021267 5.1088167820125809 11.611509776674209 8.9296756135299784 5.7855164837092152 1.6000500144436953
leaf_count=111 42 31 22 395 126 94 254 128 75 31 119 48 54 17
internal_value=0.00168452 -0.0156344 -0.032019 -0.0388001 0.005963 0.00848911 0.0151141 0.000412904 0.0061453 0.0117206 0.00594517 0.0166858 0.00329254 -0.0171357
internal_weight=142.515 23.2286 19.3317 16.9699 119.286 109.85 49.3063 60.5436 51.1799 43.5852 38.4764 26.8649 17.9352 7.89886
internal_count=1547 490 459 417 1057 946 365 581 455 327 296 177 129 111
cat_boundaries=0 1 2
cat_threshold=84553 5
is_linear=0
shrinkage=0.05


Tree=520
num_leaves=15
num_cat=0
split_feature=30 13 8 26 2 13 13 8 9 12 18 25 8 8
split_gain=3.02042 2.68046 2.50807 2.4822 2.88782 4.97645 2.7087 5.65028 4.51264 4.30322 4.03954 3.39194 3.02901 4.27881
threshold=1.0000000180025095e-35 32.250000000000007 20.750000000000004 0.34848484848484856 -0.99166060804803513 21.750000000000004 23.150000000000002 5.7500000000000009 -4.9499999999999993 -4.4499999999999993 15.15 608.50000000000011 -7.7499999999999991 -10.249999999999998
decision_type=10 10 10 10 2 10 10 10 10 10 10 10 10 10
left_child=1 2 3 4 5 -1 7 8 12 -10 11 -8 13 -6
right_child=-2 -3 -4 -5 6 -7 10 -9 9 -11 -12 -13 -14 -15
leaf_value=0.060500624111462009 -0.022037942061352445 0.038089595043419966 -0.033545877911324296 0.02013296366312187 -0.0097140864085781247 -0.01474833098335787 0.030701379253616979 -0.033759154431586134 0.030522901531603048 -0.018210881943092953 -0.018670998000878285 -0.01591630565205902 -0.026292680279983851 0.036984067439271788
leaf_weight=3.8811590978875747 13.646169779822229 3.9162335367873302 4.2054575821384779 15.265967370010911 21.611549465917044 3.4159200256690383 17.089927745051689 15.455598548986016 15.564660239964725 5.4733067052438917 8.086274912580846 4.2966295015066853 16.477750867605209 5.26435174699873
leaf_count=23 265 36 45 98 236 30 139 190 124 52 80 49 157 38
internal_value=-0.000429039 0.00181852 0.000504512 0.00183458 -0.000711611 0.027743 -0.00284521 -0.00761086 -0.000914328 0.0175931 0.00989186 0.0210431 -0.0100895 0.000431579
internal_weight=153.651 140.005 136.089 131.883 116.617 7.29708 109.32 79.8472 64.3916 21.038 29.4728 21.3866 43.3537 26.8759
internal_count=1562 1297 1261 1216 1118 53 1065 797 607 176 268 188 431 274
is_linear=0
shrinkage=0.05


Tree=521
num_leaves=15
num_cat=0
split_feature=22 16 20 15 1 0 4 18 4 27 8 2 18 0
split_gain=1.96466 2.79481 3.37283 1.8661 1.69093 1.39123 2.36417 1.33919 2.18255 2.15142 3.426 1.72642 1.71539 1.63638
threshold=22.500000000000004 10.950000000000001 44.500000000000007 -1.9499999999999997 -122.70941080499999 43.575161000000008 0.26474320156500003 2.3500000000000005 0.042555436950000004 0.3598710317460318 14.550000000000002 0.06553689391773225 8.9500000000000011 49.38010400000001
decision_type=2 8 2 8 2 2 2 8 2 8 8 2 10 2
left_child=4 -2 3 -3 -1 6 -6 13 9 10 -9 12 -11 -7
right_child=1 2 -4 -5 5 7 -8 8 -10 11 -12 -13 -14 -15
leaf_value=-0.03180626434930383 0.046754908101673175 -0.0050310120613536579 -0.023892680711129294 0.054372626200336054 -0.01426120898703012 -0.02737930233605489 0.053453113350741412 0.055940563844280033 -0.00098099854676288157 -0.0084573702945449965 -0.010135535169710747 -0.014078781346142639 0.042372711766999249 -0.0031405190484812442
leaf_weight=3.23535147961229 4.4806707631796581 1.9705878999084232 5.0774135701358318 2.2396601568907482 1.6335864551365369 7.5213616229593745 2.0807303451001644 5.2517706444487002 82.40848630759865 2.3908793516457063 2.4650007635354996 6.1990402340888977 2.9205706473439932 40.029096675105393
leaf_count=31 37 22 47 30 19 76 25 65 739 19 26 51 28 347
internal_value=0.00100272 0.0184345 0.00155507 0.0309397 -0.000641979 0.000219836 0.0269639 -0.00062112 0.00261973 0.0173381 0.0360923 0.00288506 0.0217775 -0.00745949
internal_weight=169.904 13.7683 9.28766 4.21025 156.136 152.901 3.71432 149.186 101.636 19.2273 7.71677 11.5105 5.31145 47.5505
internal_count=1562 136 99 52 1426 1395 44 1351 928 189 91 98 47 423
is_linear=0
shrinkage=0.05


Tree=522
num_leaves=15
num_cat=0
split_feature=1 1 30 24 18 31 18 16 10 30 4 13 11 25
split_gain=1.68298 3.05235 2.45654 2.11858 1.88955 1.51783 1.84213 1.43525 3.49208 2.72895 2.61058 2.42325 2.60218 2.16486
threshold=-122.54164999999999 -121.59550299999999 0.38194444444444448 1.5000000000000002 6.6500000000000012 0.25320512820512825 8.8500000000000032 27.650000000000002 11.950000000000001 0.40075757575757581 0.087939025920000011 33.600000000000009 20.807142857142864 921.00000000000011
decision_type=2 2 8 2 8 10 8 10 10 10 2 8 8 10
left_child=-1 2 3 -2 -5 7 -7 9 -9 10 13 12 -10 -3
right_child=1 5 -4 4 -6 6 -8 8 11 -11 -12 -13 -14 -15
leaf_value=-0.014627083645372531 0.047660099411036612 0.012486857208733534 -0.015847095646896465 0.027452411854002476 -0.021915838030960019 -0.001836872986156389 0.048102955607368228 0.048021832019503469 0.00063928802403199851 0.042410099265166194 -0.012633120471236235 -0.035148423390046063 0.042581224353395897 -0.022175319296718933
leaf_weight=13.688338009640573 7.4306064061820525 22.910118680447344 2.7456030994653693 3.5971654057502747 2.4094520732760429 3.6477195061743251 2.5989158898591995 3.5830296883359543 29.349945339374248 1.9980094619095314 53.078065062873065 3.0175411421805611 3.2366044670343355 4.5960852205753318
leaf_count=102 68 225 27 31 19 36 25 40 301 24 548 29 37 50
internal_value=0.0015154 0.00313794 0.0229257 0.031397 0.00734767 0.000478212 0.0227114 -0.000838028 0.0069345 -0.0045651 -0.00623536 0.00160069 0.00594887 0.00612033
internal_weight=157.887 144.199 16.1828 13.4372 6.00662 128.016 6.24664 121.769 39.1871 82.5823 80.5843 35.6041 32.5865 27.5062
internal_count=1562 1460 145 118 50 1315 61 1254 407 847 823 367 338 275
is_linear=0
shrinkage=0.05


Tree=523
num_leaves=15
num_cat=0
split_feature=18 18 3 25 30 16 19 12 4 15 30 25 27 25
split_gain=4.54329 3.96776 3.68771 6.20665 2.98948 4.21784 3.80788 3.91063 4.50508 3.04336 4.97001 2.92569 2.31516 2.19173
threshold=0.35000000000000003 2.5500000000000007 -0.28519997588938989 19.500000000000004 1.0000000180025095e-35 29.450000000000003 83.600000000000023 2.7500000000000004 0.13440931511000004 3.1500000000000008 0.12828947368421054 1733.0000000000002 0.46770833333333334 214.50000000000003
decision_type=10 10 2 8 10 8 8 8 2 10 10 10 10 8
left_child=2 -2 3 -1 5 6 7 8 -3 10 -6 -5 -4 -10
right_child=1 4 12 11 9 -7 -8 -9 13 -11 -12 -13 -14 -15
leaf_value=0.037636429270502272 -0.034908131058917241 -0.039621594806328195 0.026185935034821958 -0.042897368031245518 0.031963965508675682 -0.041900440753579543 -0.03823341309011391 0.034370764542403752 -0.018306899547234728 0.037488190899002259 -0.038462830394402056 0.0092430730285838932 -0.0094504534783703461 0.019842256617070314
leaf_weight=4.3545175250619623 9.9910958874970657 5.7590222498402097 30.079385741613805 7.605755440890789 3.8323585051111859 6.9279088871553531 4.8638635464012614 7.5992252556607083 4.4867607885971639 7.282678695395588 4.2221362069249153 3.4677280467003584 4.8170767389237872 11.510086298920214
leaf_count=15 239 156 188 128 19 169 158 51 97 39 101 22 59 121
internal_value=0.00112153 -0.00741621 0.012324 -0.00769076 -0.00203067 -0.00903595 -0.00138147 0.00578293 -0.00527426 0.0161659 -0.00512417 -0.0271561 0.0211405 0.00869472
internal_weight=116.8 66.4751 50.3245 15.428 56.484 41.1469 34.219 29.3551 21.7559 15.3372 8.05449 11.0735 34.8965 15.9968
internal_count=1562 1150 412 165 911 752 583 425 374 159 120 150 247 218
is_linear=0
shrinkage=0.05


Tree=524
num_leaves=15
num_cat=0
split_feature=24 25 4 3 25 13 8 3 25 33 16 14 10 17
split_gain=3.13433 1.97835 3.4828 3.04349 3.03388 2.83841 4.33876 2.74521 2.66448 1.81525 4.08752 3.16819 3.07125 2.72399
threshold=3.5000000000000004 57.500000000000007 0.080177191215000013 -0.52034141052533245 5.5000000000000009 4.4500000000000011 -5.3499999999999988 -0.90161545992537195 62.500000000000007 0.16836734693877553 31.450000000000003 17.908333333333339 19.450000000000003 7.5000000000000009
decision_type=2 10 2 2 8 10 10 2 10 10 8 10 10 10
left_child=1 2 -1 7 -5 6 -6 -4 -3 11 -11 12 13 -10
right_child=-2 8 3 4 5 -7 -8 -9 9 10 -12 -13 -14 -15
leaf_value=-0.032237941246248368 -0.031563058253424932 0.046032976808891402 -0.016729280554286078 0.026796197004543013 -0.019526648393044077 -0.033770761226462602 0.066359391835836432 0.032311112185041263 -0.0063015895856437095 -0.028668326293031388 0.030763865673121223 -0.016535739193467843 0.030062114260778833 0.017464910349610258
leaf_weight=8.7450142893940193 5.9149763402529052 3.2119123814627519 3.1867120685055843 3.4052216755226281 3.4718741727992892 10.554168619215487 1.2194600366055954 9.6586615126580018 23.74076293502003 8.9916859436780197 3.148668970912694 10.265154690481721 16.741832121275365 22.711736299563199
leaf_count=130 311 25 38 28 63 154 17 78 199 69 16 81 118 235
internal_value=0.00125114 0.00298627 -0.00611029 0.00191297 -0.010798 -0.0203276 0.0105355 0.0198155 0.00713011 0.00515568 -0.0120861 0.00812921 0.0123309 0.00544159
internal_weight=134.968 129.053 40.2411 31.4961 18.6507 15.2455 4.69133 12.8454 88.8118 85.5998 12.1404 73.4595 63.1943 46.4525
internal_count=1562 1251 508 378 262 234 80 116 743 718 85 633 552 434
is_linear=0
shrinkage=0.05


Tree=525
num_leaves=15
num_cat=1
split_feature=25 0 0 25 25 18 0 4 31 13 16 18 6 19
split_gain=2.85623 3.38395 4.66183 4.28006 3.17428 3.06514 2.89476 3.49015 2.82096 3.27152 5.14323 2.89033 2.29607 3.4847
threshold=2241.5000000000005 52.293305000000011 51.591297850000011 2976.5000000000005 1682.5000000000002 0.15000000000000005 45.468000000000011 0.11528734911000001 0.28759398496240607 29.250000000000004 28.150000000000002 15.850000000000003 0 107.59999999999999
decision_type=8 2 2 8 8 10 2 2 8 10 10 10 9 10
left_child=4 2 5 -3 8 -2 -7 -8 9 10 12 -10 13 -1
right_child=1 3 -4 -5 -6 6 7 -9 11 -11 -12 -13 -14 -15
leaf_value=0.0027031052158881575 -0.03332976000025021 0.029836243739337739 0.066104682052278138 -0.03030828607862859 -0.040776148247726816 -0.029607191941259908 -0.0051856704767998902 0.048010532239320058 -0.033426560272524178 0.024024019005622402 -0.037066057608650851 0.012198978514134234 -0.009592716111962836 0.036683705987661339
leaf_weight=39.8269311953336 2.3408463075757124 3.7193884775042507 4.2377816289663306 7.0688148075714716 4.4773735636845222 1.6895579211413849 4.5839229971170408 7.4143300149589777 11.076750158332286 13.003574274480341 8.3267661135178042 4.2648527650162569 18.342367012985051 8.3640008848160488
leaf_count=353 39 20 22 139 47 33 49 65 195 106 160 48 241 45
internal_value=0.000192095 0.0133066 0.0249352 -0.00880059 -0.00367765 0.0108077 0.0201112 0.0288516 -0.00169233 0.00183549 -0.00228465 -0.0207726 0.00255271 0.00766783
internal_weight=138.737 31.0546 20.2664 10.7882 107.683 16.0287 13.6878 11.9983 103.205 87.8636 74.8601 15.3416 66.5333 48.1909
internal_count=1562 367 208 159 1195 186 147 114 1148 905 799 243 639 398
cat_boundaries=0 1
cat_threshold=264456
is_linear=0
shrinkage=0.05


Tree=526
num_leaves=15
num_cat=0
split_feature=33 24 3 8 13 4 10 18 14 17 2 15 19 11
split_gain=3.01209 4.19861 4.82421 4.7675 4.60446 2.96229 2.86172 4.48591 3.83482 3.34761 2.78909 2.77933 2.74402 2.60782
threshold=0.0048440065681444999 1.5000000000000002 -0.39036009226888674 13.950000000000001 1.2000000000000004 0.037881117150000011 7.7500000000000009 8.8500000000000032 -2.2083333333333326 9.5000000000000018 0.58481550752069722 5.1500000000000012 85.65000000000002 -10.378571428571425
decision_type=8 2 2 8 8 2 8 10 10 8 2 8 8 10
left_child=13 3 -3 5 -4 10 7 8 -7 -9 -2 -5 -8 -1
right_child=1 2 4 11 -6 6 12 9 -10 -11 -12 -13 -14 -15
leaf_value=0.013007961206922578 -0.044187490267125991 0.051202005369639425 0.05020046791341129 -0.040234550483297389 -0.023389075936127341 -0.044142133379796833 0.029426508446437724 0.048149565897430316 0.0091127272167489861 -0.0091006378417646441 0.011731744911443853 -0.0042517377811603866 -0.015586316456639632 -0.0176612057546424
leaf_weight=7.5300478944554916 4.305769038386642 7.6199633236974469 2.0074043911881736 9.8201009668409807 6.2576522021554402 6.8131495132110986 19.619213219266385 4.6708314232528183 5.4492499767802736 4.1542669595219204 3.2595222052186728 11.17498327419162 3.3963743261992922 41.399942645803094
leaf_count=131 41 72 22 93 119 84 119 29 35 36 23 92 29 637
internal_value=-0.00295083 0.00256006 0.0250271 -0.00262455 -0.00202661 0.00557779 0.0106035 -0.00271547 -0.0215737 0.0230167 -0.0215377 -0.0221462 0.0224116 -0.0127754
internal_weight=137.478 88.5485 15.885 72.6635 8.26506 51.6684 44.1031 21.0875 12.2624 8.8251 7.56529 20.9951 23.0156 48.93
internal_count=1562 794 213 581 141 396 332 184 119 65 64 185 148 768
is_linear=0
shrinkage=0.05


Tree=527
num_leaves=15
num_cat=1
split_feature=13 13 25 13 13 21 5 10 2 27 18 26 14 1
split_gain=2.81948 3.93902 3.5054 2.87259 2.34933 2.14903 2.58802 5.09392 3.44758 4.02194 3.53772 3.16741 3.09602 4.70488
threshold=2.9500000000000006 3.4500000000000006 3.5000000000000004 5.3500000000000005 -4.8999999999999995 10.500000000000002 0 27.850000000000005 0.1849296026015865 0.33454106280193241 6.8500000000000014 0.037268518518518527 19.29666666666667 -115.61679399999998
decision_type=8 8 10 8 10 2 9 8 2 8 10 8 8 2
left_child=2 -2 4 -3 -1 6 7 8 10 -10 -5 -12 13 -8
right_child=1 3 -4 5 -6 -7 12 -9 9 -11 11 -13 -14 -15
leaf_value=0.037971619088876446 0.041505563225238941 -0.040171479588477138 -0.043175648503461728 0.041983007532518983 -0.020897075102774595 -0.035647364470095901 0.011469115904909224 -0.025125155589170941 0.018062312218206412 -0.029223098795213065 -0.035431470423961428 0.025520963623167199 0.013666416215495737 -0.021545134851054817
leaf_weight=2.2867349134758115 4.5723020769655722 3.6169515284709632 7.5193153060972691 16.385790175758306 2.5765289757400733 3.0701539893634608 14.676222665235398 7.3665613867342463 11.3059512777254 6.0873899208381763 2.7294311672449103 3.9747122367843986 14.789483705535529 34.945628643035889
leaf_count=11 19 59 146 111 34 72 133 66 79 90 58 36 106 542
internal_value=-0.00194475 0.000413758 -0.0237445 -0.00149865 0.00853853 4.9081e-05 0.00133144 0.00900045 0.0178358 0.000824126 0.0300843 -0.000672337 -0.00502412 -0.0117471
internal_weight=135.903 123.521 12.3826 118.948 4.86326 115.331 112.261 47.8498 40.4833 17.3933 23.0899 6.70414 64.4113 49.6219
internal_count=1562 1371 191 1352 45 1293 1221 440 374 169 205 94 781 675
cat_boundaries=0 1
cat_threshold=258
is_linear=0
shrinkage=0.05


Tree=528
num_leaves=15
num_cat=0
split_feature=4 28 3 1 18 1 19 8 2 1 31 9 13 16
split_gain=4.47708 2.92648 2.56988 3.08062 3.41394 2.85207 3.65025 3.10839 2.61608 2.53268 3.43895 2.98416 3.38303 2.47944
threshold=0.58221810135500018 0.58712121212121227 -0.97696767110351213 -79.733390999999997 0.25000000000000006 -116.64455721499998 12.550000000000002 1.0500000000000003 -0.63255557784149707 -120.54595966499998 0.19722222222222224 5.3500000000000005 14.950000000000001 29.650000000000002
decision_type=2 10 2 2 8 2 10 8 2 2 10 8 10 8
left_child=1 2 -1 4 5 -4 7 -7 -5 11 13 12 -6 -11
right_child=-2 -3 3 8 9 6 -8 -9 -10 10 -12 -13 -14 -15
leaf_value=-0.019891569812194063 -0.020441250050862555 -0.035810749999964447 0.012588697129623252 0.013329682793223935 -0.008544748973841965 0.044117253189727701 -0.046480975341514914 -0.022872793663767141 -0.033212151715419358 0.015735871844495857 -0.021002280257570793 -0.031802437231875938 0.037384940443688223 0.038496450220881988
leaf_weight=7.9674862334504715 19.210651435423642 3.3192180492915204 8.8611516384407896 4.1507975999265909 9.4050519191659969 2.0990189742296916 6.2534794202074409 2.9804446939378977 6.9855713024735433 51.738641799427576 4.3117080191150299 4.8457616320811239 5.6396177709102622 15.99386831931769
leaf_count=78 281 90 74 43 110 23 55 34 90 346 53 89 37 132
internal_value=0.00152403 0.00478779 0.00607768 0.00790282 0.0104183 -0.00789529 -0.0236337 0.00751321 -0.0161959 0.0144826 0.0187905 -0.00127313 0.00992935 0.0215923
internal_weight=153.762 134.552 131.233 123.265 112.129 20.1941 11.3329 5.07946 11.1364 91.9346 72.0442 19.8904 15.0447 67.7325
internal_count=1535 1254 1164 1086 953 186 112 57 133 767 531 236 147 478
is_linear=0
shrinkage=0.05


Tree=529
num_leaves=15
num_cat=0
split_feature=26 10 20 20 26 11 22 20 3 12 10 10 8 25
split_gain=1.77247 2.10272 1.95691 2.57285 1.95326 1.92092 1.73141 3.89667 3.8385 4.09663 2.91929 2.03543 2.61426 3.18698
threshold=0.4250000000000001 0.55000000000000016 36.500000000000007 21.500000000000004 0.056623931623931631 -0.92857142857142849 3.5000000000000004 3.5000000000000004 -0.78858226040708135 -6.2499999999999991 16.250000000000004 19.150000000000002 15.550000000000002 398.50000000000006
decision_type=10 8 2 2 8 8 2 2 2 8 8 8 8 10
left_child=1 5 3 6 -5 -1 7 10 -9 -10 -3 -12 -13 -14
right_child=-2 2 -4 4 -6 -7 -8 8 9 -11 11 12 13 -15
leaf_value=0.0076217709756090553 -0.019058150647997436 -0.015116070868905419 -0.023010217210093376 0.03972042024233615 -0.0099808141621223929 0.040722404876724128 -0.011626675368727928 -0.015500752553730882 -0.0054005196921374961 0.06493162905729076 0.032604995435654309 -0.020993239957022909 -0.0016203844251249306 0.037993564949244871
leaf_weight=31.208300875499845 9.577690785750745 25.809763119556017 8.3940917300060374 5.8570640375837657 2.2971340380609044 4.2636237591505042 29.052846572361887 3.20578759163618 2.7740901354700327 5.7726020719856006 5.2159441225230694 8.5103472135961038 17.263491179794073 6.1480098050087681
leaf_count=251 96 234 71 72 24 39 305 27 28 64 55 75 126 68
internal_value=0.000757726 0.0020899 -0.00108978 0.00074369 0.0261582 0.0126078 -0.00148435 0.00256176 0.0277735 0.0439287 -0.00250605 0.00642414 0.00128582 0.00991273
internal_weight=165.351 155.773 120.301 111.907 8.1542 35.4719 103.753 74.7 11.7525 8.54669 62.9476 37.1378 31.9218 23.4115
internal_count=1535 1439 1149 1078 96 290 982 677 119 92 558 324 269 194
is_linear=0
shrinkage=0.05


Tree=530
num_leaves=15
num_cat=0
split_feature=15 28 2 18 11 27 21 10 21 17 8 17 12 12
split_gain=1.99987 2.2115 2.34482 2.25147 2.06373 1.88673 1.65623 2.20043 2.42228 1.90297 3.47194 2.30117 2.63576 5.7906
threshold=-34.899999999999991 0.57250506585612981 0.75014288946266361 1.1500000000000004 -16.557142857142853 0.30145502645502648 8.5000000000000018 10.350000000000003 14.500000000000002 1.5000000000000002 14.250000000000002 8.5000000000000018 -6.4499999999999993 -9.3499999999999996
decision_type=8 10 2 10 8 8 2 8 2 10 10 10 10 8
left_child=5 4 3 -3 -2 -1 9 -8 -9 -6 11 -11 13 -13
right_child=1 2 -4 -5 6 -7 7 8 -10 10 -12 12 -14 -15
leaf_value=-0.0033063992852570162 -0.037840848523598369 -0.005546431508127234 -0.014097572867206457 0.043130600713432124 -0.01077176355283113 0.041146597190549569 -0.013299281750366633 0.04165419457895659 -0.010864299161041211 0.012114150650959964 0.042011774585879208 -0.010718764669547569 -0.02156527319115625 0.040311165071503487
leaf_weight=3.780064228922126 2.9160772897303104 3.0375089384615404 3.5296210497617713 7.2884342595934868 45.814022159203887 4.8903041034936914 4.1185267167165858 6.7681049490347487 2.5708923563361168 21.933257921598852 4.087841907516121 20.298107915557921 17.965481763705618 6.5277671059593514
leaf_count=34 28 19 21 58 504 52 38 57 16 207 41 205 187 68
internal_value=0.0014041 -4.58711e-05 0.0182581 0.0295862 -0.00207475 0.0234284 -0.000990428 0.0149892 0.0275442 -0.00294607 0.00219647 -0.000827103 -0.00729029 0.00270121
internal_weight=155.526 146.856 13.8556 10.3259 133 8.67037 130.084 13.4575 9.339 116.626 70.8125 66.7246 44.7914 26.8259
internal_count=1535 1449 98 77 1351 86 1323 111 73 1212 708 667 460 273
is_linear=0
shrinkage=0.05


Tree=531
num_leaves=15
num_cat=0
split_feature=12 12 1 32 18 16 33 11 15 19 32 0 8 15
split_gain=3.85627 5.20982 4.42098 3.54838 3.76211 3.532 3.03579 3.07498 2.99589 4.04106 2.86009 3.41178 2.97419 2.93041
threshold=0.25000000000000006 0.75000000000000011 -116.92683049999998 0.081675906675906698 0.35000000000000003 25.950000000000003 0.14950525664811382 4.5928571428571443 -33.649999999999999 39.550000000000004 0.12867647058823531 57.308620000000005 17.750000000000004 3.9500000000000006
decision_type=8 8 2 10 8 10 10 10 10 10 8 2 10 10
left_child=2 -2 -1 4 8 -6 7 -5 -4 -10 -3 12 -12 -14
right_child=1 10 3 6 5 -7 -8 -9 9 -11 11 -13 13 -15
leaf_value=-0.03495858999100776 0.04639309078684218 0.0097108531147487714 0.042580006910161228 -0.035031740213049861 -0.042608135432288682 0.01184287804681242 0.048023131587819269 0.02390234131637263 -0.031264168830387476 0.035710252285630795 -0.035737898366552771 0.030683105774198052 0.026284468923715561 -0.032791050183063442
leaf_weight=14.200668399222193 6.1245855800807476 34.920437403488904 3.2139274161309004 2.9106427216902357 10.722641488537191 3.4970674389041951 4.2969330679625273 4.1043934132903814 5.4905344494618493 2.4851977471262217 11.502978395670658 2.8834063662216058 4.5720382370054713 2.381224466022104
leaf_count=315 21 325 14 72 299 46 14 35 58 13 209 30 33 51
internal_value=-0.00218715 0.00610966 -0.0122735 -0.00280666 -0.0130733 -0.0293187 0.0194433 -0.00187019 0.00828286 -0.00874178 0.000990691 -0.013075 -0.021137 0.00447416
internal_weight=113.307 62.3847 50.922 36.7213 25.4094 14.2197 11.312 7.01504 11.1897 7.97573 56.2601 21.3396 18.4562 6.95326
internal_count=1535 669 866 551 430 345 121 107 85 71 648 323 293 84
is_linear=0
shrinkage=0.05


Tree=532
num_leaves=15
num_cat=0
split_feature=1 24 23 1 12 25 11 11 33 3 8 9 11 10
split_gain=2.98901 3.01505 4.07336 2.85699 3.20194 2.34163 2.30301 3.44405 3.43522 2.66421 2.45319 3.33146 2.21837 2.41007
threshold=-89.385641499999977 1.0000000180025095e-35 12.500000000000002 -69.886188999999987 -5.5499999999999989 8.5000000000000018 9.9428571428571448 8.4916666666666689 0.13247222222222224 -0.52765736634565841 12.450000000000001 7.0500000000000007 8.4071428571428601 17.250000000000004
decision_type=2 2 2 2 10 10 8 8 8 2 8 10 8 10
left_child=1 6 5 4 -2 -3 7 8 -1 10 -8 -12 -6 -14
right_child=3 2 -4 -5 12 -7 9 -9 -10 -11 11 -13 13 -15
leaf_value=0.01535820531437565 0.047087756856936086 0.014102058385903928 0.031549713440830317 -0.032055430856084373 -0.023224420709092596 -0.032831565714477921 -0.029397879344669392 0.043791557624004863 -0.018650032654580897 -0.024084477414194946 0.037050084964646436 -0.0038631606102564001 0.040107897622084235 0.0028072950143029122
leaf_weight=18.16996691655368 5.8868835913017454 2.4885380582418355 2.5527836158871642 2.3642608514055601 3.8141779685392923 19.282789024990052 4.14830698259175 5.0443685613572589 11.131635428406296 14.843531332910059 6.1804375946521786 15.685623632743953 5.4075000043958523 13.881954251788555
leaf_count=145 70 62 17 89 31 485 33 33 176 118 41 108 35 92
internal_value=-0.000756168 -0.00500491 -0.0199269 0.0124683 0.0170471 -0.0270832 1.96487e-05 0.00941701 0.00224942 -0.00791621 0.00185928 0.00881554 0.00775663 0.0147254
internal_weight=130.883 99.528 24.3241 31.3548 28.9905 21.7713 75.2039 34.346 29.3016 40.8579 26.0144 21.8661 23.1036 19.2895
internal_count=1535 1218 564 317 228 547 654 354 321 300 182 149 158 127
is_linear=0
shrinkage=0.05


Tree=533
num_leaves=15
num_cat=0
split_feature=0 33 15 15 1 3 8 1 26 18 19 1 1 25
split_gain=2.00368 5.29892 3.10759 4.00055 3.15105 2.75096 4.00608 3.16259 2.79777 2.7606 4.29875 4.3277 3.47398 2.42003
threshold=53.541850000000004 0.14834355459355461 6.5500000000000007 -1.1499999999999997 -116.54074868999999 0.96407344085605606 -13.35 -72.601499499999989 0.37731481481481483 0.65000000000000013 76.750000000000014 -121.48116924999998 -102.95152499999999 406.50000000000006
decision_type=2 8 8 8 2 2 10 2 10 8 10 2 2 10
left_child=5 2 3 4 -2 6 -1 8 9 12 -11 -12 -8 -13
right_child=1 -3 -4 -5 -6 -7 7 -9 -10 10 11 13 -14 -15
leaf_value=-0.040187647572045349 0.0084761958884563872 -0.041619245236365822 0.029306199656117679 -0.041794374678604342 -0.036935966966851939 0.035779714869424918 0.035828187944713964 -0.036311607511443682 -0.022582924357495152 -0.008849855511831161 -0.025295316222232762 0.041338302320930956 -0.016595730428776292 -0.0017749478285212146
leaf_weight=4.2983756349422029 24.443526264280081 8.5453412304632348 6.3817166276276103 5.4956371290609232 3.4965864690020707 5.4872748972848049 15.219012597575786 3.4464994687587014 6.2373618371784678 28.011539137456566 3.4108463535085347 12.570501915644856 3.2959733307361594 4.1767143160104743
leaf_count=81 172 221 46 76 55 41 102 83 67 360 44 90 55 42
internal_value=-0.000112788 -0.00816085 -0.000136522 -0.00644396 0.00171314 0.00444681 0.0019034 0.0047613 0.00716747 0.0102427 0.0037314 0.0208062 0.0261237 0.0310918
internal_weight=134.517 48.3628 39.8175 33.4357 27.9401 86.1541 80.6668 76.3684 72.9219 66.6846 48.1696 20.1581 18.515 16.7472
internal_count=1535 570 349 303 227 965 924 843 760 693 536 176 157 132
is_linear=0
shrinkage=0.05


Tree=534
num_leaves=15
num_cat=1
split_feature=16 1 11 16 6 18 8 9 24 8 9 15 0 1
split_gain=5.74012 3.09571 3.06663 5.64406 2.82788 5.83575 3.04665 3.01251 2.96077 4.86064 2.77052 2.65006 2.52885 2.76897
threshold=29.050000000000004 -77.96826999999999 13.335714285714287 25.850000000000005 0 18.050000000000004 -3.0499999999999994 -1.2499999999999998 1.5000000000000002 0.95000000000000007 10.450000000000001 4.3500000000000005 55.569158000000009 -121.01816299999997
decision_type=10 2 8 8 9 8 10 10 2 10 8 8 2 2
left_child=2 -2 4 -4 5 7 -6 -1 12 -10 -5 -12 13 -8
right_child=1 -3 3 10 6 -7 8 -9 9 -11 11 -13 -14 -15
leaf_value=0.02937655409668842 -0.029467367952392964 0.015706640733315614 -0.033337568579724114 0.045317675542313689 -0.031650017474076461 -0.026304121543031668 0.031480329111189254 -0.0056478911056050745 0.062158275863717444 -0.0075839857192946149 -0.027272163143009977 0.02098964373678279 0.021207910417922089 -0.02574318338575279
leaf_weight=20.964711582288146 22.350248767528686 3.8721065744757643 3.8816202278248966 9.8139792168512923 12.063279587775467 7.9944064980372778 1.5332812364213193 8.1246233265846985 3.0804116474464518 5.9648656649515033 2.7138454150408524 12.089878308586778 3.7666773283854118 17.480938936583705
leaf_count=181 357 39 50 58 223 80 28 80 20 91 22 93 30 183
internal_value=-0.00191078 -0.0224648 0.00317139 0.0169763 -0.00183522 0.0074271 -0.00924698 0.0197317 -0.00286687 0.0199905 0.0259013 0.0109764 -0.0124015 -0.0197864
internal_weight=135.695 26.2224 109.473 28.4993 80.9732 37.0837 43.8895 29.0893 31.8262 9.04528 24.6177 14.8037 22.7809 19.0142
internal_count=1535 396 1139 223 916 341 575 261 352 111 173 115 241 211
cat_boundaries=0 1
cat_threshold=286759
is_linear=0
shrinkage=0.05


Tree=535
num_leaves=15
num_cat=0
split_feature=14 31 31 9 8 19 14 25 25 2 4 8 3 21
split_gain=2.91971 2.67162 4.42403 4.15741 5.39394 4.06535 4.57784 3.4957 4.87891 4.63536 4.09777 4.54871 4.52351 3.70228
threshold=-12.571666666666667 0.012198347107438017 0.34120370370370373 1.8500000000000003 16.650000000000002 47.400000000000013 19.730000000000004 308.00000000000006 353.00000000000006 0.30983042691905771 2.2967134848250006 9.8500000000000032 0.49626980634301188 4.5000000000000009
decision_type=8 10 10 10 8 10 10 8 8 2 2 10 2 2
left_child=-1 5 3 -3 -5 7 -7 9 -9 -2 11 12 -10 -11
right_child=1 2 -4 4 -6 6 -8 8 10 13 -12 -13 -14 -15
leaf_value=-0.032084207804556841 -0.032954246458728756 0.035393507978448473 -0.035751933840908197 -0.039755746918360757 0.022116628920419181 -0.026368756677442186 0.032742289584070709 0.063227912787240284 -0.042878045169065113 -0.01134678820385783 0.039864006985397105 0.020117485643467284 0.0041206842913302406 0.034817164343360102
leaf_weight=5.6194880767725408 11.35135353729129 17.259864055551592 3.0897792698815456 4.6878997022286031 8.2566524571739137 23.129191632848237 2.9207142991945139 3.3135992595925918 7.821391697041693 10.033203850500287 6.7424175934866062 14.444327760487793 11.82761922944337 6.2276316154748192
leaf_count=84 181 115 52 77 61 420 21 15 116 107 50 104 106 26
internal_value=0.000323264 0.00194468 0.0139575 0.0200254 -0.0015347 -0.00224427 -0.0187758 0.00393235 0.0125517 -0.00980615 0.00702651 -0.000418439 -0.0157579 0.00732608
internal_weight=136.725 131.106 33.2942 30.2044 12.9446 97.8115 26.0499 71.7615 44.1494 27.6122 40.8358 34.0933 19.649 16.2608
internal_count=1535 1451 305 253 138 1146 441 705 391 314 376 326 222 133
is_linear=0
shrinkage=0.05


end of trees

feature_importances:
ah_days_since_last=458
longitude=439
latitude=411
doy_sin=387
precip_30d=378
dist_pipeline_km=376
precip_7d=374
doy_cos=355
temp_max_7d=297
temp_max_d0=294
temp_max_30d=292
temp_min_d0=287
temp_min_7d=285
temp_min_30d=257
temp_mean_d0=234
temp_mean_30d=233
ah_mix_equipment_failure=211
operator_group=203
temp_mean_7d=201
ah_mix_incorrect_operation=188
ah_same_site_n=172
ah_mix_construction_material_defect=136
freeze_thaw_30d=129
ah_mix_fire_ignition=121
ah_mix_corrosion_cracking=117
ah_n_prior=114
ah_mix_natural_forces_weather=98
ah_n_sites=84
commodity=78
ah_mix_third_party_damage=74
ah_mix_geotechnical=72
ah_n_known=63
ah_n_known_sites=50
province=36

parameters:
[boosting: gbdt]
[objective: multiclass]
[metric: multi_logloss]
[tree_learner: serial]
[device_type: cpu]
[data_sample_strategy: bagging]
[data: ]
[valid: ]
[num_iterations: 67]
[learning_rate: 0.05]
[num_leaves: 15]
[num_threads: 4]
[seed: 7]
[deterministic: 1]
[force_col_wise: 0]
[force_row_wise: 0]
[histogram_pool_size: -1]
[max_depth: -1]
[min_data_in_leaf: 20]
[min_sum_hessian_in_leaf: 0.001]
[bagging_fraction: 0.8]
[pos_bagging_fraction: 1]
[neg_bagging_fraction: 1]
[bagging_freq: 1]
[bagging_seed: 17422]
[bagging_by_query: 0]
[feature_fraction: 0.8]
[feature_fraction_bynode: 1]
[feature_fraction_seed: 7040]
[extra_trees: 0]
[extra_seed: 6516]
[early_stopping_round: 0]
[early_stopping_min_delta: 0]
[first_metric_only: 0]
[max_delta_step: 0]
[lambda_l1: 0]
[lambda_l2: 1]
[linear_lambda: 0]
[min_gain_to_split: 0]
[drop_rate: 0.1]
[max_drop: 50]
[skip_drop: 0.5]
[xgboost_dart_mode: 0]
[uniform_drop: 0]
[drop_seed: 15215]
[top_rate: 0.2]
[other_rate: 0.1]
[min_data_per_group: 100]
[max_cat_threshold: 32]
[cat_l2: 10]
[cat_smooth: 10]
[max_cat_to_onehot: 8]
[top_k: 20]
[monotone_constraints: ]
[monotone_constraints_method: basic]
[monotone_penalty: 0]
[feature_contri: ]
[forcedsplits_filename: ]
[refit_decay_rate: 0.9]
[cegb_tradeoff: 1]
[cegb_penalty_split: 0]
[cegb_penalty_feature_lazy: ]
[cegb_penalty_feature_coupled: ]
[path_smooth: 0]
[interaction_constraints: ]
[verbosity: -1]
[saved_feature_importance_type: 0]
[use_quantized_grad: 0]
[num_grad_quant_bins: 4]
[quant_train_renew_leaf: 0]
[stochastic_rounding: 1]
[linear_tree: 0]
[max_bin: 255]
[max_bin_by_feature: ]
[min_data_in_bin: 3]
[bin_construct_sample_cnt: 200000]
[data_random_seed: 61]
[is_enable_sparse: 1]
[enable_bundle: 1]
[use_missing: 1]
[zero_as_missing: 0]
[feature_pre_filter: 1]
[pre_partition: 0]
[two_round: 0]
[header: 0]
[label_column: ]
[weight_column: ]
[group_column: ]
[ignore_column: ]
[categorical_feature: 5,6,7]
[forcedbins_filename: ]
[precise_float_parser: 0]
[parser_config_file: ]
[objective_seed: 15521]
[num_class: 8]
[is_unbalance: 0]
[scale_pos_weight: 1]
[sigmoid: 1]
[boost_from_average: 1]
[reg_sqrt: 0]
[alpha: 0.9]
[fair_c: 1]
[poisson_max_delta_step: 0.7]
[tweedie_variance_power: 1.5]
[lambdarank_truncation_level: 30]
[lambdarank_norm: 1]
[label_gain: ]
[lambdarank_position_bias_regularization: 0]
[eval_at: ]
[multi_error_top_k: 1]
[auc_mu_weights: ]
[num_machines: 1]
[local_listen_port: 12400]
[time_out: 120]
[machine_list_filename: ]
[machines: ]
[gpu_platform_id: -1]
[gpu_device_id: -1]
[gpu_device_id_list: ]
[gpu_use_dp: 0]
[num_gpu: 1]

end of parameters

pandas_categorical:[["Alberta", "British Columbia", "Manitoba", "New Brunswick", "Northwest Territories", "Nova Scotia", "Ontario", "Quebec", "Saskatchewan"], ["Alliance", "Brunswick", "Cochin", "Enbridge", "Express", "Foothills", "Keystone", "Kingston Midstream", "M&NP", "Many Islands", "Montreal Pipe Line", "NGTL", "Other operator", "Plains Midstream", "TC Mainline", "TQM", "Trans Mountain", "Trans-Northern", "Westcoast"], ["gas", "liquid", "unknown"]]
